bpw34_a_V,bpw34_b_V
0.00575,-0.010625
0.0,0.002375
-0.014,0.013125
0.022125,0.005375
0.014375,0.017875
0.0225,0.017625
0.0015,0.01075
0.027875,0.004875
0.003875,0.01925
0.020125,0.012375
0.020375,0.009625
0.029875,0.016875
0.024875,0.01425
0.020875,0.023
0.033875,0.031
0.047375,0.018125
0.049375,0.03175
0.01625,0.035375
0.016875,0.041875
0.021125,0.026625
0.057875,0.0335
0.02275,0.033125
0.037375,0.034625
0.047625,0.033625
0.059875,0.035875
0.036625,0.05625
0.03375,0.050625
0.035875,0.049375
0.059,0.0445
0.06925,0.061375
0.050375,0.052875
0.060625,0.051875
0.07,0.0525
0.081,0.06325
0.076625,0.055875
0.086125,0.066625
0.087625,0.062
0.061125,0.0705
0.064,0.066
0.058,0.0685
0.091125,0.080375
0.082625,0.071625
0.06575,0.09075
0.0665,0.085625
0.071125,0.0945
0.0965,0.095
0.086375,0.07975
0.090875,0.090625
0.095,0.096375
0.081625,0.0845
0.093375,0.1075
0.102375,0.09775
0.110875,0.10975
0.11425,0.103875
0.094125,0.1
0.125625,0.10275
0.1065,0.112
0.118125,0.113875
0.119125,0.12325
0.1135,0.1175
0.128,0.1205
0.108125,0.11125
0.103625,0.121875
0.13225,0.127375
0.113875,0.113875
0.133375,0.115375
0.1275,0.13625
0.143875,0.137375
0.120125,0.13975
0.138125,0.134375
0.13325,0.145625
0.140875,0.14225
0.1335,0.14625
0.135625,0.1375
0.130625,0.148375
0.159625,0.13525
0.150125,0.15625
0.13275,0.139
0.1475,0.154375
0.168375,0.150125
0.154,0.15875
0.155,0.164375
0.17375,0.15825
0.157375,0.15225
0.154875,0.157625
0.14875,0.168
0.168375,0.176125
0.189875,0.16225
0.173875,0.167125
0.164125,0.1785
0.194125,0.169125
0.165875,0.167625
0.195875,0.169375
0.165375,0.174625
0.184625,0.186125
0.1825,0.173
0.194375,0.18375
0.189875,0.179
0.197625,0.194875
0.183125,0.186
0.200375,0.1905
0.209625,0.203125
0.191875,0.205875
0.195,0.2075
0.2095,0.20275
0.207375,0.1925
0.223125,0.206
0.21275,0.213875
0.230375,0.206
0.22875,0.20925
0.226,0.22075
0.2095,0.218125
0.2195,0.216625
0.221125,0.228875
0.222625,0.230625
0.241375,0.232125
0.237875,0.216
0.24575,0.2235
0.234,0.222875
0.23975,0.228
0.229625,0.22725
0.253625,0.24075
0.244625,0.23925
0.24075,0.2385
0.2465,0.250875
0.239375,0.2485
0.2585,0.240375
0.259,0.2355
0.240875,0.2365
0.264625,0.23825
0.264125,0.257625
0.256375,0.246625
0.250125,0.26275
0.27275,0.2615
0.24825,0.248875
0.261375,0.264375
0.270875,0.25275
0.252375,0.271375
0.258875,0.267375
0.281,0.271
0.282,0.2815
0.273375,0.264
0.2855,0.269875
0.283375,0.286
0.286375,0.2695
0.268375,0.2775
0.274375,0.293125
0.273375,0.294125
0.303875,0.2855
0.291125,0.287125
0.281875,0.288375
0.29025,0.301375
0.31475,0.292125
0.3085,0.29225
0.293,0.29275
0.2985,0.29375
0.313,0.311375
0.2895,0.294625
0.3165,0.31
0.326625,0.30375
0.3095,0.307
0.328875,0.3195
0.33275,0.307875
0.323,0.30375
0.327125,0.310125
0.337625,0.320625
0.310375,0.321625
0.34425,0.315375
0.339875,0.323125
0.340375,0.319
0.332875,0.326375
0.3485,0.331625
0.3235,0.323625
0.331625,0.342
0.345,0.32525
0.331,0.337375
0.355,0.337625
0.347,0.332875
0.33675,0.351625
0.36875,0.353875
0.345375,0.346
0.35425,0.34325
0.356625,0.349375
0.35375,0.345375
0.347625,0.3595
0.344,0.357375
0.375625,0.35275
0.36325,0.352875
0.380625,0.35425
0.357375,0.365375
0.36975,0.3675
0.37175,0.378125
0.360375,0.364625
0.380375,0.37375
0.38975,0.373375
0.37375,0.378125
0.367125,0.381375
0.389875,0.388875
0.385625,0.375875
0.395875,0.3815
0.376875,0.38825
0.37575,0.3945
0.392125,0.38975
0.390625,0.384375
0.3865,0.383375
0.400375,0.39875
0.4155,0.401
0.3985,0.3915
0.413375,0.4095
0.40875,0.3975
0.4265,0.412875
0.42675,0.400375
0.409375,0.40775
0.407125,0.418875
0.429,0.410625
0.436625,0.40525
0.4075,0.42075
0.423125,0.42375
0.413875,0.417875
0.414,0.419875
0.43775,0.422125
0.416375,0.430875
0.42025,0.427
0.447375,0.42075
0.429625,0.44225
0.455625,0.426
0.4295,0.434
0.4515,0.44375
0.4575,0.446375
0.448125,0.44525
0.452625,0.45175
0.468375,0.443875
0.467875,0.45025
0.46175,0.4375
0.465375,0.4535
0.462,0.4555
0.469375,0.448
0.452125,0.46475
0.477125,0.447375
0.4505,0.46175
0.481125,0.457625
0.482,0.4605
0.457,0.45825
0.47825,0.47375
0.464375,0.4735
0.49725,0.476
0.4965,0.4675
0.482125,0.480125
0.477625,0.469
0.48,0.46875
0.470375,0.484375
0.503375,0.49325
0.49025,0.478125
0.480625,0.48125
0.502,0.478625
0.495625,0.49325
0.497,0.497875
0.50825,0.5015
0.508875,0.494625
0.500625,0.491125
0.525375,0.505
0.495,0.4965
0.528625,0.5115
0.505125,0.516375
0.502625,0.501125
0.535625,0.507125
0.51975,0.517875
0.51325,0.503375
0.51925,0.52425
0.541125,0.509125
0.5305,0.528875
0.545,0.519125
0.527375,0.522875
0.53225,0.51475
0.534125,0.522
0.5395,0.525
0.5345,0.539
0.55775,0.5275
0.556,0.52225
0.554,0.524375
0.555125,0.543375
0.530125,0.547625
0.539375,0.549875
0.539875,0.5455
0.5675,0.555
0.563625,0.54875
0.56375,0.539625
0.545625,0.54
0.5555,0.55675
0.559125,0.561875
0.57625,0.565875
0.5685,0.550875
0.577,0.562875
0.57325,0.56125
0.566,0.5565
0.5865,0.569375
0.588125,0.566125
0.5645,0.575625
0.57225,0.5755
0.592,0.568
0.599875,0.573
0.60225,0.56625
0.602,0.570125
0.592375,0.59
0.588375,0.574625
0.581375,0.5765
0.591,0.58
0.604,0.58575
0.592,0.582375
0.611875,0.585875
0.60925,0.60275
0.60575,0.588625
0.6005,0.588875
0.603875,0.60975
0.606,0.607125
0.59575,0.603
0.615375,0.6135
0.630875,0.6135
0.612125,0.619
0.615,0.60225
0.609,0.617125
0.62925,0.61325
0.633,0.606875
0.641875,0.61625
0.638625,0.628125
0.647625,0.632375
0.61675,0.61875
0.644625,0.633375
0.654625,0.637
0.6545,0.6385
0.63675,0.62125
0.631625,0.621875
0.634875,0.6245
0.638875,0.627875
0.66675,0.642375
0.658375,0.629375
0.647375,0.631875
0.660375,0.65325
0.6725,0.646
0.665625,0.653
0.676375,0.655375
0.68075,0.6415
0.676625,0.649125
0.666375,0.665625
0.66325,0.649875
0.685625,0.658375
0.668875,0.6585
0.68025,0.660625
0.6875,0.67325
0.664875,0.663375
0.695625,0.669125
0.67875,0.665875
0.698875,0.672375
0.674125,0.663375
0.691625,0.682125
0.695125,0.686375
0.702125,0.69
0.7075,0.690625
0.682875,0.67225
0.69625,0.683375
0.70125,0.693125
0.70325,0.6815
0.693125,0.685
0.6955,0.701625
0.713375,0.68875
0.693,0.701125
0.71,0.6875
0.69875,0.69725
0.728375,0.70125
0.729875,0.691875
0.70675,0.712
0.70875,0.716375
0.705875,0.703125
0.705375,0.703125
0.724125,0.7115
0.7185,0.7185
0.735125,0.712
0.71325,0.72775
0.733125,0.70975
0.741375,0.71425
0.73975,0.71875
0.74575,0.73325
0.73475,0.734125
0.749125,0.732
0.739,0.7255
0.743125,0.723
0.73175,0.741625
0.7365,0.725375
0.76375,0.739625
0.76825,0.741375
0.75125,0.7465
0.741,0.752625
0.748625,0.741625
0.751875,0.7515
0.770625,0.76
0.7445,0.75325
0.775875,0.746875
0.75925,0.7505
0.754875,0.752875
0.762,0.75975
0.784125,0.77
0.764375,0.7585
0.759125,0.753875
0.78375,0.755625
0.7815,0.766625
0.773125,0.77625
0.783125,0.777
0.7895,0.771125
0.7845,0.773
0.795,0.7715
0.80225,0.777625
0.8025,0.787
0.81325,0.776125
0.79725,0.783625
0.785375,0.77475
0.791625,0.786125
0.808375,0.799125
0.810125,0.79075
0.8145,0.7885
0.815125,0.7905
0.827375,0.786125
0.82825,0.80275
0.810125,0.79025
0.7985,0.800375
0.8315,0.79975
0.812875,0.808875
0.828875,0.818
0.809375,0.802875
0.824625,0.8115
0.828,0.814875
0.845625,0.8145
0.837125,0.819
0.82725,0.812875
0.851,0.82975
0.817,0.81975
0.826625,0.8185
0.857125,0.81525
0.847625,0.833375
0.839875,0.836875
0.839125,0.837375
0.8325,0.83575
0.86325,0.82675
0.86475,0.841125
0.841,0.83
0.85125,0.837
0.848125,0.843125
0.869875,0.836125
0.863625,0.844875
0.85275,0.841375
0.867875,0.859875
0.8545,0.849875
0.862125,0.84175
0.88625,0.853125
0.8675,0.864875
0.882375,0.853
0.866,0.851
0.85975,0.866
0.885375,0.853125
0.8825,0.8555
0.897375,0.856
0.87175,0.8735
0.871875,0.8655
0.893625,0.87225
0.898125,0.872625
0.89625,0.8685
0.90775,0.88
0.89225,0.874875
0.90075,0.87725
0.89625,0.885875
0.90875,0.8925
0.915375,0.897375
0.90225,0.882875
0.92175,0.892375
0.903125,0.8805
0.897375,0.903375
0.927875,0.885125
0.90275,0.889625
0.92925,0.905625
0.90075,0.90975
0.91275,0.911375
0.93675,0.904625
0.924,0.907875
0.90825,0.900375
0.91075,0.91225
0.9255,0.909625
0.920625,0.91
0.941875,0.907125
0.91675,0.92225
0.915875,0.91825
0.937375,0.925
0.948875,0.924875
0.9335,0.924375
0.947625,0.93325
0.924375,0.92075
0.941875,0.924625
0.9535,0.928375
0.945875,0.922625
0.946625,0.924625
0.962625,0.93825
0.9485,0.945
0.965,0.94925
0.944625,0.935
0.95125,0.947125
0.954375,0.937625
0.948125,0.947375
0.977375,0.952375
0.9805,0.9485
0.982,0.9425
0.9715,0.9445
0.966,0.94625
0.95725,0.954125
0.98725,0.960375
0.977375,0.963125
0.99025,0.97075
0.976875,0.9555
0.99,0.973375
0.996,0.971625
0.98925,0.976125
1.003625,0.978625
0.9775,0.978125
0.9845,0.97125
1.00925,0.974
1.01175,0.96875
0.9965,0.9865
0.98025,0.99175
0.987125,0.972625
0.98725,0.996375
1.000625,0.985375
0.9895,0.982
1.01075,0.979375
1.018625,0.992
1.013625,0.982875
1.0035,0.998375
1.013,1.0
1.02525,0.99425
1.00225,0.993875
1.00325,1.001375
1.02275,1.011875
1.0125,1.001
1.018875,1.00625
1.032125,1.017375
1.037625,1.00825
1.04575,1.01175
1.028875,1.00975
1.04625,1.0135
1.040875,1.01325
1.02275,1.0185
1.037875,1.0315
1.02375,1.023875
1.055125,1.0165
1.044,1.036
1.05225,1.02275
1.034875,1.03175
1.038625,1.027125
1.055625,1.02725
1.07,1.028875
1.04775,1.04475
1.03975,1.04425
1.0735,1.032
1.05825,1.04675
1.059875,1.054875
1.0465,1.04875
1.0575,1.040125
1.06425,1.039625
1.076,1.04175
1.064625,1.0495
1.07975,1.051875
1.072125,1.05425
1.06675,1.05525
1.091125,1.06325
1.08225,1.06125
1.093125,1.071875
1.096125,1.059625
1.093,1.066375
1.0825,1.077125
1.079125,1.07775
1.101375,1.060875
1.073125,1.069625
1.096,1.069375
1.088,1.08425
1.081875,1.085375
1.09525,1.070125
1.096125,1.073
1.1195,1.0765
1.091375,1.086875
1.109,1.078125
1.0925,1.088375
1.094625,1.101375
1.09475,1.086375
1.109625,1.1
1.109875,1.092125
1.1025,1.08925
1.10525,1.09325
1.135,1.09225
1.10725,1.1
1.1315,1.097125
1.13725,1.096
1.1165,1.118375
1.120875,1.10875
1.115625,1.1045
1.119875,1.11725
1.1255,1.111
1.124125,1.118875
1.126125,1.11125
1.12975,1.10825
1.14675,1.132
1.1435,1.125875
1.140875,1.12625
1.13175,1.12175
1.15625,1.12475
1.1575,1.135
1.14425,1.136375
1.141125,1.1225
1.16075,1.123125
1.136,1.12875
1.15725,1.1415
1.15325,1.15
1.15275,1.13825
1.15075,1.14075
1.17375,1.1515
1.1705,1.142
1.175875,1.143375
1.18475,1.1545
1.152375,1.14175
1.17325,1.15775
1.17575,1.15625
1.181625,1.163625
1.158,1.166125
1.1805,1.159875
1.1755,1.15875
1.19325,1.152625
1.196,1.1605
1.18625,1.163375
1.169875,1.177875
1.191125,1.166875
1.195,1.168375
1.17425,1.178125
1.192375,1.1795
1.180875,1.173375
1.18475,1.183
1.19125,1.188125
1.208375,1.170625
1.192375,1.1935
1.210375,1.18725
1.203375,1.1825
1.20375,1.187
1.2275,1.194125
1.221875,1.191125
1.212875,1.1875
1.199625,1.199
1.226375,1.206
1.225,1.196375
1.21075,1.2095
1.208,1.2075
1.21925,1.210625
1.22325,1.215
1.20925,1.197875
1.218625,1.205125
1.240875,1.204375
1.23725,1.216875
1.246875,1.215625
1.23625,1.21475
1.2295,1.214
1.234125,1.226125
1.231,1.2185
1.24825,1.211625
1.23325,1.211875
1.242625,1.226
1.2285,1.2335
1.235875,1.222625
1.232375,1.219375
1.26375,1.2385
1.251375,1.237875
1.2515,1.231125
1.25025,1.242375
1.244375,1.238375
1.248,1.23975
1.27525,1.232625
1.272,1.23775
1.24525,1.24525
1.269625,1.2485
1.273,1.254625
1.25975,1.253375
1.269875,1.24575
1.266,1.2615
1.290625,1.247125
1.268375,1.24825
1.277625,1.261
1.29225,1.2675
1.26575,1.249375
1.269125,1.261
1.28475,1.260625
1.288875,1.267
1.27475,1.26125
1.280875,1.274
1.30025,1.264625
1.275625,1.2735
1.296375,1.265125
1.31175,1.284125
1.281,1.267375
1.297125,1.273125
1.31125,1.27525
1.318875,1.27825
1.315,1.272875
1.30575,1.278
1.32075,1.289125
1.311375,1.2905
1.298875,1.281
1.302,1.29
1.305125,1.296125
1.333125,1.282125
1.32525,1.28525
1.301,1.294
1.312375,1.29125
1.33325,1.296
1.308875,1.3095
1.318,1.312625
1.3215,1.2935
1.3285,1.305875
1.335875,1.30075
1.333375,1.31875
1.332625,1.318125
1.33625,1.317125
1.335375,1.314125
1.3465,1.31275
1.32475,1.321125
1.326375,1.312625
1.33725,1.31425
1.343,1.319
1.347875,1.312125
1.337625,1.332
1.338375,1.316375
1.367125,1.32275
1.36975,1.324875
1.344875,1.341
1.357,1.340875
1.3475,1.331
1.349875,1.33475
1.36675,1.343875
1.35,1.342375
1.355125,1.329875
1.37725,1.351875
1.352375,1.352125
1.358875,1.352375
1.35925,1.35625
1.380875,1.35425
1.3705,1.35025
1.382625,1.361375
1.39225,1.36325
1.368375,1.359375
1.390375,1.35775
1.374875,1.349125
1.374,1.34975
1.396375,1.351625
1.38225,1.353125
1.39125,1.35625
1.369375,1.36675
1.388625,1.356375
1.39675,1.370625
1.392625,1.367625
1.404875,1.36775
1.410625,1.3805
1.4115,1.3745
1.41225,1.36975
1.407125,1.3665
1.386,1.369375
1.407875,1.373625
1.418625,1.38025
1.42,1.376125
1.400875,1.391375
1.39475,1.38975
1.41,1.386875
1.428875,1.401125
1.419125,1.393625
1.415625,1.38925
1.416375,1.394875
1.414625,1.38825
1.43025,1.388125
1.416625,1.390625
1.434875,1.4005
1.43375,1.39525
1.41875,1.409125
1.419375,1.409
1.4425,1.411
1.436625,1.409625
1.43,1.416125
1.443375,1.400375
1.429375,1.403875
1.419625,1.41325
1.447125,1.426125
1.458875,1.414625
1.442625,1.408
1.4605,1.42325
1.43725,1.4255
1.44075,1.424125
1.46725,1.433625
1.433875,1.429375
1.44725,1.433625
1.46175,1.44
1.438125,1.42825
1.467625,1.43075
1.4765,1.433
1.45475,1.428375
1.46525,1.43275
1.4695,1.4375
1.454375,1.4495
1.48375,1.451625
1.47475,1.44175
1.47325,1.45575
1.477125,1.44375
1.48025,1.458
1.48675,1.442
1.46775,1.446375
1.480125,1.463375
1.481625,1.463
1.47525,1.450125
1.470625,1.458875
1.47675,1.448625
1.499375,1.452
1.4855,1.468875
1.471625,1.45825
1.49125,1.471625
1.491875,1.454875
1.472375,1.464625
1.4935,1.461
1.488375,1.467
1.50175,1.48075
1.50625,1.475
1.511125,1.476875
1.5095,1.466125
1.517375,1.480375
1.52025,1.4835
1.497125,1.48625
1.51675,1.482625
1.499,1.474375
1.502,1.489625
1.518875,1.486125
1.5225,1.476625
1.528125,1.498625
1.533375,1.496875
1.51325,1.4935
1.516,1.50225
1.521875,1.49875
1.51875,1.497375
1.534625,1.498625
1.532875,1.502
1.523625,1.5055
1.5335,1.507375
1.513875,1.497125
1.518625,1.502
1.542,1.503375
1.522,1.506
1.5335,1.507625
1.53975,1.517
1.536125,1.517625
1.541625,1.50775
1.555,1.52625
1.550375,1.508
1.54275,1.527875
1.54375,1.526125
1.5515,1.51625
1.55575,1.5185
1.547375,1.525375
1.550625,1.530375
1.53875,1.521375
1.538125,1.533125
1.54075,1.522375
1.564,1.534375
1.559625,1.53825
1.56925,1.5305
1.56575,1.53175
1.54675,1.53975
1.557125,1.5345
1.575375,1.540375
1.55175,1.54
1.55625,1.540875
1.583,1.5475
1.582125,1.542625
1.581125,1.548875
1.588375,1.547625
1.5855,1.558125
1.568,1.5495
1.575875,1.544375
1.58825,1.546625
1.595625,1.563
1.591625,1.562625
1.584125,1.55175
1.57975,1.556875
1.596125,1.559375
1.594,1.567875
1.5965,1.559375
1.596375,1.566375
1.5935,1.56925
1.593,1.56
1.598,1.558
1.60125,1.579875
1.5905,1.574
1.61125,1.58375
1.586375,1.568375
1.585,1.57725
1.618625,1.571625
1.613375,1.586375
1.604125,1.571375
1.59225,1.58725
1.616125,1.5945
1.592,1.5855
1.62275,1.58375
1.60375,1.59025
1.61125,1.593875
1.604875,1.593875
1.601875,1.5895
1.602375,1.59175
1.619125,1.595
1.633625,1.593375
1.63,1.605125
1.6415,1.60425
1.639875,1.59125
1.61775,1.595125
1.638,1.610875
1.639875,1.601625
1.648875,1.611625
1.616375,1.602875
1.624625,1.605875
1.646375,1.60375
1.63475,1.609875
1.654875,1.615
1.653875,1.6175
1.62375,1.60675
1.650875,1.61625
1.66225,1.62775
1.634875,1.614375
1.6315,1.6135
1.65425,1.615125
1.65425,1.624
1.64525,1.63175
1.6405,1.63475
1.661125,1.63625
1.655625,1.62425
1.645125,1.631625
1.651,1.639125
1.643625,1.637125
1.671625,1.628375
1.6605,1.6405
1.652625,1.640375
1.662375,1.64225
1.682875,1.63775
1.649,1.650125
1.668875,1.64575
1.65275,1.6365
1.656375,1.636125
1.654625,1.635125
1.668625,1.65675
1.67575,1.651125
1.668375,1.648625
1.688,1.64425
1.675375,1.65225
1.673,1.64825
1.689125,1.6665
1.698875,1.66125
1.699625,1.64675
1.700125,1.661625
1.685375,1.650875
1.704375,1.66825
1.67725,1.659
1.680625,1.66025
1.68375,1.65475
1.697125,1.673
1.68375,1.678125
1.7005,1.67125
1.715375,1.671875
1.716375,1.68375
1.690875,1.674375
1.688125,1.674
1.69475,1.684875
1.6975,1.6665
1.7215,1.675
1.70075,1.6805
1.696,1.68975
1.71425,1.694
1.698375,1.677625
1.712375,1.688375
1.70075,1.694875
1.709125,1.6845
1.73425,1.691125
1.72725,1.683
1.72925,1.682375
1.71275,1.696375
1.72325,1.7
1.72375,1.694
1.739,1.703375
1.732125,1.702125
1.72125,1.69175
1.73875,1.7035
1.74775,1.712625
1.714375,1.7055
1.747875,1.700625
1.721875,1.703625
1.746625,1.715625
1.72975,1.704625
1.739,1.71375
1.752125,1.70025
1.7395,1.714375
1.754375,1.7225
1.735625,1.72275
1.742625,1.715625
1.740875,1.712625
1.75825,1.73025
1.731625,1.723875
1.765625,1.7145
1.741875,1.7275
1.745125,1.72775
1.759,1.719375
1.77125,1.73425
1.771875,1.730375
1.75775,1.725
1.746125,1.731375
1.775875,1.72325
1.748,1.73425
1.7585,1.743625
1.772625,1.733375
1.77525,1.735625
1.783125,1.736125
1.756875,1.73
1.77425,1.72975
1.789,1.734125
1.761125,1.7375
1.768375,1.733375
1.777625,1.74575
1.77975,1.752625
1.766375,1.74775
1.79075,1.741875
1.783875,1.752125
1.7915,1.7485
1.787375,1.749875
1.7865,1.7605
1.782625,1.759125
1.785375,1.749875
1.78525,1.755625
1.774625,1.7685
1.803875,1.757
1.80075,1.764
1.81,1.766375
1.807375,1.773
1.794875,1.75475
1.81225,1.7705
1.79425,1.76125
1.80975,1.760125
1.783125,1.76025
1.814375,1.780375
1.791375,1.782625
1.798625,1.77025
1.806875,1.78025
1.803,1.77125
1.80675,1.78725
1.81725,1.788125
1.7975,1.773625
1.795875,1.788625
1.822,1.776125
1.8055,1.789625
1.825375,1.785
1.829625,1.787875
1.8285,1.793375
1.81,1.7805
1.833875,1.779875
1.803625,1.793
1.826875,1.788125
1.81775,1.792625
1.835875,1.79525
1.807625,1.793125
1.81425,1.790375
1.820875,1.79425
1.8435,1.789
1.8355,1.792625
1.82,1.793375
1.84175,1.796125
1.847875,1.795375
1.828875,1.795875
1.83175,1.809875
1.836625,1.816125
1.83325,1.808125
1.856625,1.801625
1.854625,1.81525
1.847375,1.811375
1.860125,1.80975
1.8545,1.8135
1.85,1.82075
1.8325,1.81775
1.862,1.8195
1.840125,1.822125
1.855,1.824625
1.86975,1.81375
1.8365,1.821125
1.864875,1.834125
1.86375,1.835625
1.86475,1.832375
1.87525,1.837375
1.872,1.834
1.842125,1.82325
1.853625,1.839125
1.845625,1.832875
1.850625,1.829375
1.879375,1.834875
1.8795,1.838625
1.8595,1.84425
1.853,1.8485
1.866875,1.8285
1.865375,1.834125
1.879875,1.837
1.890875,1.837
1.89125,1.842125
1.872,1.8505
1.890875,1.8405
1.879875,1.84725
1.895375,1.85125
1.8615,1.837625
1.862375,1.854875
1.886125,1.858
1.874375,1.8545
1.9,1.854
1.87825,1.859875
1.8955,1.86275
1.879875,1.86625
1.880875,1.86375
1.895625,1.848875
1.87175,1.871
1.897375,1.8665
1.888125,1.8645
1.9095,1.86875
1.898375,1.8725
1.88125,1.865
1.914625,1.857
1.9125,1.865375
1.900625,1.8725
1.898625,1.877625
1.903375,1.8745
1.9065,1.87175
1.9125,1.87725
1.8965,1.871375
1.9075,1.87125
1.894875,1.883375
1.894125,1.873375
1.903,1.878
1.921375,1.88675
1.905375,1.878375
1.9095,1.882875
1.90325,1.879125
1.918,1.884375
1.935,1.889375
1.91075,1.896625
1.90275,1.883375
1.9025,1.88775
1.93275,1.8835
1.94,1.89525
1.911375,1.88225
1.94225,1.90325
1.917875,1.888375
1.92475,1.905125
1.93325,1.902375
1.9285,1.90025
1.922875,1.904125
1.94675,1.89275
1.92525,1.903
1.950625,1.896125
1.932875,1.907
1.951,1.897875
1.9355,1.911625
1.949875,1.911625
1.920375,1.89925
1.954125,1.912875
1.958875,1.902625
1.94725,1.90375
1.946875,1.9185
1.943375,1.90925
1.960125,1.905625
1.937625,1.92325
1.953125,1.90675
1.9565,1.918875
1.933625,1.912
1.936375,1.914875
1.9355,1.92325
1.933625,1.924375
1.971,1.9215
1.965125,1.915625
1.946,1.91975
1.954625,1.9205
1.968375,1.922125
1.971125,1.933375
1.941875,1.933375
1.95775,1.938125
1.973375,1.919875
1.946,1.9265
1.955,1.93975
1.977375,1.93
1.957125,1.94275
1.949375,1.94325
1.952875,1.9315
1.968875,1.947375
1.979125,1.94275
1.973,1.93925
1.956125,1.948625
1.98675,1.93325
1.977,1.950375
1.983,1.947875
1.993,1.945375
1.987125,1.954125
1.968375,1.952375
1.99025,1.94625
1.965125,1.944625
1.963875,1.93975
1.993125,1.94425
1.974875,1.955875
1.982125,1.958
1.9705,1.957625
1.999,1.9435
1.983875,1.95025
2.003625,1.9635
2.001375,1.9635
2.006625,1.952375
2.006875,1.969625
1.982875,1.9665
1.97975,1.97025
2.007,1.953875
1.98275,1.956375
2.002125,1.954
2.0145,1.9545
1.99875,1.963875
2.009375,1.962125
2.00775,1.96325
1.988375,1.970875
1.98675,1.979875
2.00125,1.962625
1.991125,1.969125
2.002625,1.9645
1.998125,1.972
1.998875,1.96825
2.015375,1.97075
2.002125,1.979875
2.00675,1.974375
2.008125,1.979
2.023875,1.98625
2.0105,1.973
2.011375,1.976875
2.0225,1.988125
2.030125,1.990875
2.021625,1.991625
2.03425,1.974875
2.005,1.982375
2.009125,1.9945
2.019125,1.98175
2.01375,1.993
2.012,1.99475
2.03675,1.983875
2.0355,1.983875
2.013375,1.987375
2.023,1.997875
2.01975,1.999125
2.04625,2.00225
2.02825,2.003875
2.013375,1.985875
2.014125,2.0085
2.014875,1.997625
2.036375,2.006125
2.023375,2.0105
2.025,2.012625
2.037625,1.9925
2.049125,1.995625
2.024,2.004875
2.051375,2.014
2.030625,1.998375
2.028875,2.003125
2.031875,2.00375
2.043875,2.014875
2.029125,2.0205
2.056125,2.011375
2.028375,2.012
2.034875,2.018125
2.056875,2.017625
2.050125,2.0205
2.0415,2.01875
2.055125,2.015
2.064875,2.024125
2.0665,2.016
2.037375,2.03
2.048,2.0135
2.0415,2.018875
2.06625,2.014
2.06975,2.029375
2.062375,2.029125
2.05425,2.014875
2.052125,2.03025
2.07725,2.025375
2.073875,2.0215
2.049125,2.034875
2.0795,2.018125
2.047375,2.036125
2.07775,2.02125
2.052375,2.027875
2.058,2.043125
2.082875,2.04275
2.060125,2.0235
2.070125,2.02375
2.08525,2.038125
2.055625,2.026375
2.07525,2.039
2.086625,2.036125
2.091,2.045
2.069375,2.040375
2.0755,2.037
2.088625,2.046125
2.079625,2.03125
2.081625,2.050875
2.077,2.03925
2.075375,2.034125
2.067875,2.04525
2.06825,2.035375
2.071125,2.054125
2.069125,2.040375
2.070125,2.043625
2.07625,2.0605
2.092625,2.046125
2.074,2.051375
2.082125,2.062875
2.088375,2.055875
2.071875,2.047375
2.1075,2.044
2.104625,2.047375
2.09125,2.049875
2.07775,2.061125
2.092125,2.068375
2.07825,2.055625
2.100125,2.05275
2.103875,2.0635
2.088375,2.066875
2.098875,2.052625
2.099125,2.057375
2.109375,2.06625
2.1165,2.059125
2.11275,2.060625
2.107,2.075875
2.086,2.07125
2.0955,2.071
2.089375,2.077125
2.085125,2.0745
2.12125,2.080875
2.10325,2.0735
2.10175,2.070875
2.08925,2.081
2.10725,2.076125
2.111625,2.074875
2.096,2.077
2.101625,2.075125
2.10675,2.073625
2.127125,2.077875
2.0985,2.080875
2.114875,2.073875
2.112,2.086875
2.1225,2.086125
2.13275,2.08775
2.125625,2.0735
2.111125,2.094125
2.124625,2.09475
2.13475,2.08525
2.11675,2.0765
2.115125,2.0875
2.114375,2.098
2.139875,2.096375
2.110875,2.093
2.129125,2.0865
2.121,2.0945
2.107,2.091
2.144625,2.089875
2.126875,2.088625
2.12275,2.096375
2.1145,2.096125
2.1405,2.089625
2.114875,2.087
2.132125,2.097125
2.13525,2.095375
2.123875,2.108
2.13675,2.0895
2.137625,2.105375
2.14975,2.102125
2.1225,2.095875
2.1235,2.105625
2.13575,2.110375
2.14075,2.114
2.13675,2.110375
2.152875,2.115625
2.12325,2.11425
2.123,2.11175
2.153375,2.117625
2.147,2.108125
2.14225,2.1055
2.130375,2.101875
2.140875,2.0985
2.15275,2.10825
2.13475,2.103625
2.14675,2.114375
2.135625,2.108625
2.155625,2.11625
2.160375,2.118875
2.160375,2.115875
2.16375,2.111375
2.14175,2.121375
2.142125,2.118875
2.157625,2.1185
2.134625,2.129125
2.13625,2.116375
2.15625,2.130625
2.149,2.124125
2.1735,2.117625
2.145625,2.11375
2.1485,2.118125
2.167625,2.124875
2.16075,2.13275
2.14175,2.11375
2.175625,2.1295
2.162875,2.13525
2.14575,2.135625
2.180125,2.126875
2.144375,2.125875
2.17825,2.119875
2.178125,2.12725
2.15675,2.11925
2.184,2.128125
2.179875,2.1275
2.164625,2.131875
2.16175,2.132125
2.18625,2.13625
2.178375,2.14475
2.172,2.14525
2.18575,2.12925
2.163,2.135625
2.190375,2.143125
2.172875,2.133875
2.187,2.141625
2.17775,2.13875
2.1695,2.14625
2.18775,2.14525
2.18875,2.1295
2.163125,2.134
2.174375,2.148875
2.18375,2.1335
2.164,2.154125
2.176375,2.13775
2.167125,2.149375
2.166125,2.14325
2.17525,2.147125
2.174625,2.156625
2.174625,2.1415
2.184375,2.137125
2.20025,2.144375
2.19375,2.139125
2.18375,2.1485
2.1955,2.14525
2.20175,2.160875
2.18675,2.149625
2.201,2.156625
2.2045,2.1525
2.193375,2.150625
2.190875,2.158125
2.189875,2.162375
2.205875,2.1655
2.204375,2.1505
2.191,2.15025
2.205125,2.162125
2.200125,2.162125
2.1815,2.155875
2.2055,2.161875
2.211125,2.17
2.21025,2.149375
2.18425,2.15
2.210375,2.16525
2.185875,2.151625
2.212625,2.15575
2.1915,2.162625
2.187375,2.171625
2.182625,2.156875
2.218125,2.157875
2.19275,2.173875
2.197125,2.167875
2.205375,2.175
2.2055,2.16675
2.2035,2.158125
2.203125,2.1575
2.191,2.176375
2.2005,2.166125
2.222375,2.166375
2.192625,2.164
2.195875,2.166375
2.190625,2.163125
2.216875,2.16675
2.21,2.179625
2.21425,2.181875
2.2,2.168375
2.22575,2.164125
2.207625,2.175875
2.197875,2.168875
2.230875,2.17525
2.221625,2.185
2.198875,2.174
2.227,2.1885
2.209375,2.179
2.214625,2.1815
2.222375,2.179
2.206,2.179125
2.205125,2.18375
2.21525,2.176625
2.21425,2.1795
2.21575,2.186
2.236125,2.193375
2.227375,2.194625
2.230625,2.17975
2.220875,2.185625
2.23025,2.18225
2.2055,2.181
2.21325,2.178625
2.22925,2.1935
2.228,2.18225
2.242375,2.178
2.229125,2.183375
2.231625,2.179375
2.24325,2.190375
2.2075,2.18825
2.23525,2.18075
2.228125,2.198625
2.228125,2.1975
2.212375,2.191125
2.22825,2.197625
2.223625,2.18675
2.244875,2.18325
2.222875,2.19075
2.22725,2.186625
2.24125,2.18675
2.240625,2.194
2.22,2.1965
2.238375,2.18675
2.2375,2.190875
2.24,2.201125
2.24825,2.188375
2.2175,2.1875
2.22025,2.193625
2.228875,2.19025
2.22175,2.210625
2.22725,2.205
2.22975,2.21125
2.229625,2.198875
2.225875,2.198875
2.253375,2.19225
2.223875,2.195875
2.257375,2.20175
2.241,2.202625
2.252625,2.212625
2.246125,2.200125
2.257625,2.19575
2.231875,2.206125
2.229625,2.20675
2.253875,2.201
2.244625,2.2035
2.254375,2.201125
2.245375,2.20975
2.258875,2.2125
2.24925,2.204625
2.23325,2.20025
2.2505,2.21225
2.233625,2.20675
2.23,2.2115
2.25775,2.204375
2.23775,2.219
2.242,2.212
2.248375,2.223875
2.248875,2.2205
2.269125,2.211375
2.248375,2.212875
2.2415,2.209
2.23325,2.222125
2.242375,2.213625
2.253625,2.22025
2.264875,2.222375
2.243875,2.2225
2.246,2.2095
2.266375,2.209125
2.245125,2.22
2.27125,2.22325
2.24925,2.213625
2.272625,2.215625
2.268375,2.227
2.273875,2.221625
2.243375,2.224125
2.262625,2.216125
2.261625,2.2165
2.245375,2.22825
2.266375,2.2195
2.26875,2.21275
2.250125,2.224125
2.265875,2.231375
2.254125,2.234875
2.2555,2.228625
2.265,2.21875
2.2635,2.23475
2.258875,2.218625
2.27775,2.227625
2.256625,2.231875
2.250375,2.21575
2.257875,2.23475
2.276,2.23775
2.247125,2.219125
2.28175,2.23875
2.24925,2.223125
2.278125,2.22875
2.2615,2.236375
2.276375,2.23775
2.2765,2.22675
2.270125,2.231375
2.253875,2.236125
2.283375,2.229875
2.271875,2.22425
2.255125,2.23425
2.279625,2.2265
2.262875,2.238125
2.25475,2.223875
2.262375,2.228625
2.2685,2.235125
2.253625,2.2395
2.27175,2.245
2.279875,2.2345
2.2875,2.236375
2.27,2.2315
2.2825,2.234125
2.271375,2.242
2.27225,2.2395
2.26525,2.233375
2.26875,2.230375
2.265,2.249375
2.285625,2.242
2.2685,2.246875
2.291625,2.230875
2.282,2.24025
2.265,2.2415
2.279125,2.25
2.27675,2.248
2.282875,2.23625
2.296875,2.243625
2.28975,2.231125
2.261125,2.253
2.283875,2.245125
2.293,2.24375
2.266625,2.237375
2.2715,2.238
2.261875,2.2435
2.29275,2.243
2.299125,2.239875
2.2845,2.24975
2.286625,2.24175
2.293,2.248875
2.267,2.2435
2.28225,2.236375
2.273375,2.247
2.281125,2.2555
2.296,2.2525
2.28175,2.252875
2.286,2.241375
2.27825,2.257875
2.270375,2.24725
2.27025,2.23725
2.2955,2.253
2.292125,2.24925
2.298,2.26
2.2855,2.2535
2.289875,2.2465
2.293125,2.249625
2.286875,2.25325
2.297125,2.25625
2.3,2.2395
2.29225,2.25025
2.29875,2.24325
2.2845,2.256125
2.305,2.24125
2.281625,2.244875
2.2985,2.253375
2.295625,2.256
2.27725,2.24475
2.290875,2.26075
2.276,2.263625
2.302125,2.264
2.280375,2.248375
2.309125,2.262125
2.276375,2.247125
2.276875,2.260875
2.305,2.244625
2.294,2.262125
2.28025,2.2595
2.3055,2.265
2.30025,2.246375
2.310625,2.25375
2.279625,2.257375
2.293625,2.259875
2.29025,2.267
2.291,2.24825
2.283125,2.26125
2.288375,2.256875
2.29325,2.26875
2.27725,2.2625
2.279375,2.262
2.287625,2.2625
2.282125,2.270125
2.307375,2.252125
2.282625,2.2625
2.30975,2.254375
2.30125,2.265875
2.314875,2.263125
2.28475,2.2655
2.308,2.264375
2.29125,2.26625
2.304125,2.2645
2.282875,2.2515
2.290125,2.2605
2.316125,2.2505
2.29625,2.256375
2.281,2.26325
2.289375,2.255
2.287875,2.26375
2.296125,2.264125
2.28575,2.266875
2.284875,2.2565
2.282875,2.261625
2.29775,2.266125
2.302625,2.264875
2.3085,2.252625
2.28575,2.261
2.30275,2.256625
2.316125,2.27375
2.313875,2.266
2.314625,2.2575
2.29825,2.270375
2.2865,2.256125
2.288875,2.272375
2.293375,2.258
2.296375,2.264375
2.289875,2.254875
2.31775,2.259
2.31075,2.2705
2.29825,2.2685
2.310875,2.2775
2.295375,2.255625
2.28875,2.269625
2.3095,2.26825
2.303,2.264
2.311,2.274375
2.315875,2.272875
2.313,2.26975
2.289125,2.269
2.318625,2.26675
2.28825,2.2635
2.321875,2.259375
2.324,2.268375
2.2975,2.267
2.321875,2.27625
2.316625,2.279125
2.307625,2.279875
2.295625,2.26225
2.29875,2.277875
2.310625,2.266625
2.324375,2.279125
2.2985,2.269875
2.30475,2.2755
2.3165,2.278125
2.2975,2.27275
2.2985,2.2795
2.3235,2.27725
2.322625,2.264875
2.305875,2.2815
2.315375,2.262
2.3255,2.264
2.30875,2.27125
2.32225,2.274125
2.29975,2.272125
2.322125,2.278875
2.31625,2.276625
2.313125,2.271625
2.299,2.271125
2.293875,2.276375
2.309125,2.27425
2.319625,2.27125
2.297375,2.27825
2.309875,2.271875
2.301625,2.274
2.318,2.2685
2.304375,2.2765
2.3155,2.2635
2.300125,2.28325
2.321375,2.2615
2.313,2.283
2.311625,2.270375
2.305625,2.262375
2.300375,2.26825
2.32525,2.272625
2.326875,2.2745
2.308125,2.264625
2.293375,2.28225
2.3255,2.27775
2.32,2.26275
2.30675,2.262625
2.318125,2.269125
2.328375,2.283875
2.315,2.268125
2.3215,2.264375
2.298375,2.27925
2.302875,2.2635
2.29875,2.26875
2.30925,2.277625
2.327625,2.27
2.32025,2.282875
2.313875,2.272125
2.295875,2.268
2.302375,2.2695
2.298375,2.284375
2.327125,2.26825
2.311375,2.285125
2.30625,2.272
2.29325,2.274
2.307625,2.2775
2.307125,2.266
2.32625,2.27075
2.2935,2.269625
2.312375,2.27025
2.302125,2.2835
2.311625,2.266625
2.315875,2.26575
2.2975,2.276875
2.302375,2.272125
2.32725,2.28075
2.30275,2.283125
2.329,2.275375
2.3065,2.268875
2.300375,2.27775
2.30625,2.284375
2.31975,2.26575
2.32175,2.264
2.308,2.2695
2.308,2.27575
2.309625,2.26925
2.315625,2.2735
2.3275,2.265625
2.32275,2.285625
2.316375,2.268625
2.32475,2.26925
2.32925,2.272125
2.29925,2.275375
2.324375,2.27675
2.3055,2.277
2.30925,2.2675
2.33075,2.281
2.328875,2.281875
2.326125,2.272875
2.32725,2.282375
2.327,2.269375
2.323875,2.28025
2.303875,2.26625
2.3165,2.26975
2.3135,2.267125
2.33025,2.274375
2.3225,2.27075
2.3035,2.267375
2.295375,2.265125
2.316375,2.267125
2.326625,2.26975
2.312125,2.284375
2.32125,2.283875
2.32875,2.283125
2.316,2.266625
2.311875,2.278125
2.31525,2.284125
2.318,2.2755
2.308,2.266
2.324125,2.284875
2.298,2.282875
2.3205,2.275875
2.303,2.273625
2.326625,2.27275
2.315375,2.262625
2.316625,2.274
2.325,2.278875
2.318,2.26625
2.323125,2.2625
2.29325,2.2715
2.300875,2.279625
2.306,2.27425
2.307,2.272625
2.328625,2.263125
2.314125,2.26775
2.297875,2.279
2.29925,2.268125
2.311125,2.26425
2.321125,2.271
2.32475,2.270125
2.329,2.277625
2.308625,2.27075
2.317,2.275125
2.293125,2.263625
2.293625,2.278
2.292,2.263125
2.297125,2.2815
2.29125,2.28025
2.291,2.263
2.307875,2.28
2.315875,2.281625
2.3005,2.2825
2.31975,2.263125
2.3185,2.261875
2.2945,2.278875
2.300875,2.268875
2.313625,2.26675
2.302,2.27075
2.2945,2.27475
2.318875,2.270375
2.314125,2.280375
2.309,2.279125
2.316875,2.26525
2.29775,2.277125
2.290375,2.264
2.291625,2.274
2.320875,2.2735
2.32275,2.269625
2.28875,2.270375
2.2975,2.26325
2.315,2.25875
2.29725,2.26775
2.31225,2.275375
2.324875,2.2645
2.31625,2.278375
2.312125,2.2695
2.3135,2.266125
2.30125,2.269
2.314375,2.258125
2.29575,2.26475
2.2895,2.267375
2.305375,2.271
2.2925,2.2725
2.30225,2.26325
2.3035,2.263125
2.305875,2.256875
2.290125,2.268625
2.304,2.25825
2.294875,2.2595
2.296875,2.263875
2.29175,2.267625
2.319625,2.268625
2.3075,2.26775
2.292125,2.2735
2.289,2.263125
2.290875,2.259125
2.314,2.275
2.303875,2.265125
2.30725,2.260375
2.294,2.26375
2.30725,2.266375
2.291625,2.267875
2.282875,2.268375
2.307,2.2625
2.282625,2.259625
2.304375,2.27425
2.297625,2.262
2.287625,2.26625
2.311125,2.27075
2.302,2.256625
2.2915,2.261125
2.296875,2.256875
2.292,2.255875
2.281125,2.26775
2.302625,2.2625
2.294625,2.266125
2.308375,2.2535
2.2875,2.27025
2.303375,2.265125
2.3085,2.259875
2.297125,2.268
2.279125,2.25825
2.30775,2.257875
2.28275,2.268375
2.299875,2.25025
2.28575,2.26875
2.29,2.26525
2.312,2.268
2.309875,2.26925
2.282875,2.2655
2.305375,2.25075
2.3045,2.259875
2.301375,2.26075
2.310125,2.259375
2.302375,2.25275
2.28225,2.2655
2.278375,2.264375
2.289875,2.25275
2.290625,2.25275
2.31225,2.264375
2.307,2.2535
2.278375,2.251875
2.294875,2.248
2.3045,2.264875
2.28525,2.251875
2.29,2.25975
2.28175,2.26025
2.2955,2.245625
2.28775,2.2475
2.295375,2.260875
2.277875,2.247625
2.275,2.255625
2.275625,2.2505
2.295125,2.258125
2.28325,2.245125
2.277,2.2575
2.2815,2.24875
2.28675,2.258125
2.296,2.253875
2.305875,2.260375
2.292125,2.2475
2.27575,2.240125
2.292125,2.243
2.275375,2.241125
2.2695,2.24975
2.304625,2.25375
2.273625,2.24625
2.29225,2.2555
2.300375,2.240875
2.284125,2.25925
2.26975,2.244
2.28225,2.253125
2.294875,2.237875
2.278875,2.255
2.2995,2.2575
2.27575,2.245
2.271375,2.24325
2.28025,2.254875
2.292125,2.24825
2.26925,2.240375
2.2675,2.240375
2.292,2.244
2.279,2.253
2.286625,2.235375
2.275375,2.244625
2.288875,2.240875
2.28075,2.243875
2.29625,2.24375
2.2665,2.23875
2.2775,2.243625
2.27,2.241625
2.28625,2.25025
2.27375,2.247375
2.26225,2.230375
2.287875,2.24375
2.2895,2.240625
2.275625,2.231875
2.284625,2.23175
2.28475,2.24175
2.261375,2.229125
2.264,2.243375
2.257875,2.24075
2.27775,2.2355
2.27725,2.238
2.273625,2.230625
2.291375,2.22725
2.259875,2.239625
2.28225,2.2465
2.268875,2.2275
2.2885,2.229
2.26625,2.239375
2.269875,2.240125
2.276125,2.2445
2.264375,2.23975
2.275125,2.22575
2.270125,2.22175
2.27375,2.22425
2.287375,2.22525
2.275375,2.2205
2.275875,2.227125
2.275,2.2345
2.2765,2.223
2.25175,2.234625
2.25625,2.21875
2.255,2.226625
2.257875,2.2365
2.27725,2.23875
2.250625,2.223875
2.272625,2.238875
2.25725,2.225375
2.257875,2.233875
2.259125,2.220125
2.245875,2.236875
2.257875,2.21475
2.2645,2.225125
2.246,2.219875
2.264125,2.213625
2.265125,2.21875
2.261625,2.21875
2.2705,2.224375
2.275375,2.231375
2.268625,2.21275
2.273,2.219375
2.241625,2.2215
2.270375,2.228
2.2575,2.232125
2.24425,2.231
2.268,2.229
2.270875,2.221
2.261125,2.225
2.26775,2.2095
2.266,2.211125
2.265875,2.227875
2.240625,2.222875
2.239875,2.216875
2.254375,2.224625
2.263875,2.2125
2.235125,2.219375
2.23625,2.225
2.23625,2.209
2.267875,2.2045
2.257625,2.206375
2.25125,2.21575
2.261125,2.211375
2.256125,2.215375
2.265375,2.2055
2.23975,2.203625
2.26425,2.22075
2.251625,2.221125
2.249375,2.216125
2.236875,2.2065
2.238875,2.2205
2.263625,2.2115
2.2565,2.201125
2.263125,2.211875
2.24125,2.203625
2.25675,2.214875
2.234375,2.19725
2.226625,2.215375
2.233,2.209125
2.2385,2.19625
2.234125,2.194625
2.247625,2.193875
2.2315,2.197125
2.228625,2.201
2.249625,2.210375
2.253,2.197875
2.221,2.194875
2.256375,2.1905
2.240375,2.211
2.225625,2.208875
2.21975,2.21075
2.24175,2.199
2.221125,2.19775
2.247875,2.206
2.2425,2.198
2.251125,2.20675
2.222375,2.191625
2.237125,2.205625
2.230375,2.2065
2.2445,2.185875
2.236875,2.18925
2.223875,2.187625
2.219,2.205
2.231875,2.200625
2.247625,2.20025
2.22025,2.188625
2.242125,2.189625
2.234875,2.195625
2.23375,2.18
2.217125,2.2015
2.2365,2.186125
2.2345,2.18875
2.2305,2.191125
2.23125,2.197
2.20925,2.197125
2.212625,2.185875
2.23125,2.1915
2.21225,2.191125
2.228875,2.175625
2.209875,2.1945
2.223375,2.18125
2.201625,2.1855
2.231,2.18775
2.20875,2.18275
2.203,2.173375
2.232,2.17175
2.208,2.179
2.232625,2.180875
2.23325,2.18025
2.212625,2.1755
2.214,2.18825
2.19675,2.1835
2.202,2.179625
2.22525,2.169
2.218625,2.173375
2.228125,2.1805
2.202125,2.176125
2.220875,2.179375
2.216,2.184875
2.21725,2.169375
2.1995,2.179125
2.204125,2.172875
2.205125,2.1785
2.220625,2.1795
2.218125,2.167
2.187875,2.17975
2.1945,2.1595
2.221125,2.158625
2.190625,2.1795
2.1955,2.17275
2.189125,2.16125
2.21325,2.16675
2.20575,2.16975
2.20675,2.159
2.186875,2.166
2.1945,2.156
2.210125,2.170125
2.197375,2.156375
2.21025,2.173
2.2025,2.1605
2.206125,2.15375
2.2055,2.15025
2.180875,2.1495
2.199125,2.163875
2.190375,2.15925
2.206875,2.16025
2.181,2.154375
2.1925,2.153375
2.175875,2.163
2.201875,2.15425
2.179625,2.16
2.184125,2.16475
2.201375,2.158625
2.1825,2.144
2.17125,2.14925
2.193125,2.14375
2.17775,2.155
2.184875,2.1455
2.1815,2.144
2.167125,2.15125
2.19225,2.15825
2.192625,2.14075
2.170125,2.143
2.201125,2.145125
2.1805,2.14075
2.1655,2.141125
2.16525,2.134875
2.192875,2.144375
2.184625,2.14225
2.17125,2.1455
2.1715,2.15325
2.17075,2.13225
2.19225,2.139
2.1665,2.130375
2.171,2.13225
2.1865,2.1445
2.164375,2.14325
2.183125,2.143875
2.184125,2.13425
2.17175,2.144625
2.18975,2.13675
2.187375,2.125125
2.157375,2.143
2.153875,2.141625
2.18575,2.13975
2.16825,2.122125
2.167,2.12275
2.17125,2.12375
2.148,2.1255
2.153,2.140125
2.1665,2.120875
2.175125,2.137125
2.14475,2.1195
2.15325,2.122375
2.153375,2.133125
2.1505,2.1295
2.163375,2.117625
2.1515,2.122
2.16275,2.131625
2.15775,2.1285
2.16825,2.129125
2.16975,2.129125
2.172625,2.113
2.146625,2.12525
2.151375,2.12175
2.1525,2.11425
2.168125,2.113
2.138125,2.108875
2.142125,2.127625
2.143125,2.12
2.14275,2.113125
2.145375,2.108
2.133125,2.10375
2.15,2.118125
2.157,2.11825
2.15325,2.104125
2.151375,2.1175
2.127,2.10325
2.161375,2.09925
2.1505,2.11775
2.14275,2.100375
2.1385,2.09875
2.1585,2.098125
2.125875,2.096375
2.141125,2.09425
2.155625,2.105875
2.120875,2.099125
2.14575,2.10525
2.13225,2.1115
2.135875,2.102125
2.123875,2.093875
2.14375,2.098625
2.131875,2.094
2.15025,2.105375
2.122875,2.08825
2.140375,2.101375
2.141625,2.10675
2.149,2.09
2.14125,2.098125
2.116125,2.091125
2.11925,2.09925
2.121375,2.086625
2.12,2.091125
2.123,2.086875
2.107375,2.081125
2.119375,2.099875
2.138875,2.086125
2.110875,2.078375
2.123375,2.0825
2.127125,2.085125
2.10825,2.091875
2.10375,2.074125
2.13375,2.0735
2.1365,2.093875
2.121,2.09375
2.118,2.074
2.098375,2.08875
2.111125,2.071
2.09525,2.088125
2.13025,2.075375
2.1085,2.079125
2.1015,2.08375
2.098625,2.077125
2.0965,2.070625
2.115625,2.06525
2.10275,2.069875
2.093625,2.078375
2.093375,2.078375
2.088,2.0605
2.09625,2.077375
2.10125,2.061875
2.096125,2.074125
2.099125,2.077
2.10825,2.07725
2.088375,2.057875
2.102125,2.066625
2.095875,2.0755
2.110875,2.07525
2.1085,2.068125
2.084125,2.0615
2.09225,2.068125
2.0855,2.0575
2.09075,2.065125
2.075625,2.0595
2.10475,2.05875
2.10475,2.068625
2.087125,2.053875
2.09775,2.058
2.0905,2.04625
2.103,2.045375
2.101875,2.052
2.10175,2.04225
2.071125,2.063125
2.068125,2.054125
2.083,2.049875
2.080625,2.048875
2.0925,2.048125
2.066375,2.040375
2.084375,2.03575
2.08575,2.048375
2.082625,2.040875
2.094,2.039375
2.078,2.0335
2.064625,2.040125
2.05775,2.0385
2.072375,2.041
2.075625,2.03525
2.073,2.0345
2.071,2.032375
2.086125,2.03
2.062,2.042875
2.054,2.026375
2.068375,2.040875
2.085875,2.035875
2.075125,2.04
2.071,2.039625
2.07925,2.031625
2.051375,2.033125
2.05,2.0315
2.0735,2.033625
2.071,2.021125
2.04925,2.0325
2.07125,2.0255
2.0655,2.017125
2.072375,2.025625
2.045125,2.01975
2.074625,2.023625
2.06075,2.012375
2.062625,2.011125
2.048,2.010625
2.040125,2.009875
2.047625,2.029375
2.05025,2.018
2.036125,2.02725
2.030125,2.0055
2.046,2.0105
2.0325,2.016875
2.045375,2.01025
2.0385,2.0065
2.0435,2.00275
2.057625,2.00925
2.058375,2.0015
2.024875,2.014125
2.055125,1.998375
2.053375,2.0155
2.05325,2.000875
2.036,2.011875
2.055,1.998
2.028375,2.0
2.029375,2.0035
2.018625,2.000375
2.02125,1.992125
2.0355,2.008375
2.02125,1.99275
2.048125,1.98875
2.020875,2.007125
2.0215,1.997625
2.022,1.989
2.043,1.98275
2.022125,1.9875
2.016375,1.9915
2.013625,1.99775
2.008875,1.98825
2.0065,1.981875
2.00825,1.999
2.037125,1.9895
2.03725,1.98225
2.02575,1.994
2.002625,1.994125
2.015,1.9855
2.012625,1.98325
2.015875,1.97175
1.996875,1.98025
2.0275,1.970125
2.022,1.971875
2.01975,1.9795
2.008,1.968875
2.017375,1.985
2.01175,1.975625
1.999125,1.979375
2.011,1.971
1.99325,1.976625
2.005625,1.96725
2.004,1.960625
1.993125,1.965625
1.98875,1.96075
1.992875,1.9715
1.984625,1.9635
1.994125,1.964375
2.002,1.95425
1.998875,1.953375
1.985625,1.958875
1.976625,1.970375
1.987875,1.9655
1.99575,1.95725
1.974625,1.96925
1.97525,1.955375
1.97875,1.9515
1.993875,1.9655
1.98425,1.94325
1.988,1.95025
1.99425,1.963125
1.987,1.948
1.969125,1.9525
1.991375,1.9585
1.9625,1.942625
1.979875,1.939
1.986375,1.938375
1.9835,1.952125
1.978375,1.936875
1.96175,1.937875
1.98375,1.95225
1.955875,1.936375
1.96875,1.941875
1.966625,1.94025
1.97825,1.93375
1.971,1.931625
1.971625,1.925375
1.96225,1.928
1.9475,1.92475
1.95425,1.940875
1.948625,1.932375
1.96075,1.935375
1.950375,1.93775
1.95325,1.923125
1.97425,1.92325
1.951,1.9185
1.953375,1.91775
1.965375,1.918375
1.938375,1.92125
1.94925,1.92325
1.962375,1.9115
1.9685,1.91075
1.96325,1.9285
1.966875,1.9085
1.93025,1.927
1.9555,1.9215
1.936625,1.912375
1.941125,1.922625
1.93725,1.914
1.93825,1.906
1.947625,1.91825
1.95375,1.904875
1.92675,1.904125
1.9535,1.9155
1.94375,1.906375
1.927625,1.911
1.92775,1.905875
1.924875,1.898125
1.942125,1.904625
1.932125,1.909125
1.92125,1.905375
1.91875,1.89925
1.94525,1.89925
1.944125,1.893375
1.94475,1.906
1.909,1.8875
1.922875,1.893625
1.924375,1.883
1.919875,1.902125
1.927875,1.9
1.904875,1.895
1.915625,1.881
1.929375,1.89125
1.92225,1.877875
1.899,1.87575
1.91375,1.87775
1.895875,1.88325
1.932125,1.887
1.90375,1.889375
1.9255,1.884125
1.922625,1.868875
1.91875,1.871375
1.91375,1.876
1.900875,1.873
1.910375,1.867
1.90925,1.8765
1.889,1.87275
1.896375,1.869625
1.88475,1.8645
1.91025,1.863
1.895875,1.875125
1.914125,1.877
1.911375,1.86575
1.89275,1.855125
1.87625,1.85525
1.912,1.872125
1.89725,1.868875
1.901,1.850375
1.88,1.848125
1.901375,1.848875
1.884375,1.847375
1.894375,1.8645
1.888,1.8475
1.882125,1.86
1.88925,1.84325
1.898875,1.858375
1.87775,1.84025
1.8785,1.847875
1.87,1.846625
1.892375,1.8435
1.877125,1.841875
1.890625,1.842875
1.860625,1.836375
1.876875,1.84725
1.873125,1.84975
1.864375,1.850625
1.860625,1.83525
1.86125,1.847875
1.868875,1.8375
1.860625,1.8395
1.861125,1.841875
1.87825,1.83275
1.85075,1.84075
1.86775,1.840625
1.841125,1.8305
1.85075,1.8195
1.86975,1.8245
1.864,1.826875
1.836875,1.827
1.8525,1.821
1.84325,1.826
1.870125,1.817
1.8675,1.82825
1.86075,1.813125
1.865,1.8265
1.84075,1.825375
1.844625,1.821875
1.843375,1.822125
1.858375,1.802625
1.833,1.80125
1.82825,1.815875
1.836375,1.808625
1.856625,1.81025
1.834125,1.808625
1.83275,1.79825
1.825625,1.796125
1.824,1.798875
1.8485,1.807375
1.813625,1.79775
1.828125,1.8105
1.827125,1.8045
1.842875,1.808
1.81425,1.790625
1.818125,1.79175
1.806,1.790125
1.810125,1.794375
1.81175,1.798375
1.82175,1.78725
1.82725,1.791
1.82225,1.797875
1.798625,1.796875
1.807875,1.79475
1.829625,1.78925
1.796,1.78525
1.81825,1.7735
1.82225,1.77475
1.81525,1.784625
1.789875,1.783125
1.80625,1.7825
1.8185,1.76775
1.8015,1.768375
1.8195,1.77575
1.803375,1.773375
1.798375,1.772625
1.814875,1.764875
1.814125,1.779625
1.811875,1.77375
1.805375,1.759125
1.81175,1.764125
1.79,1.763125
1.788625,1.75275
1.80825,1.751
1.782375,1.753375
1.793875,1.7665
1.80025,1.747125
1.789125,1.748875
1.78,1.76525
1.800875,1.74375
1.781125,1.744375
1.797125,1.74575
1.79525,1.7415
1.79725,1.754625
1.77,1.743625
1.787375,1.74175
1.773625,1.73975
1.768,1.740125
1.78575,1.74075
1.762375,1.742125
1.764375,1.7435
1.77575,1.74925
1.78125,1.748375
1.752,1.74425
1.772875,1.745875
1.751125,1.7385
1.750625,1.734125
1.773375,1.73375
1.752875,1.727375
1.769875,1.731625
1.749,1.73125
1.74225,1.7295
1.761125,1.730125
1.74175,1.727875
1.750875,1.733375
1.740125,1.713375
1.73225,1.710875
1.7505,1.714125
1.73925,1.709625
1.741625,1.709125
1.747375,1.71225
1.74775,1.7225
1.756,1.707875
1.749375,1.702
1.741125,1.71925
1.723,1.712
1.74525,1.7075
1.74875,1.717625
1.740375,1.701125
1.714375,1.698875
1.727125,1.708875
1.724125,1.7065
1.716125,1.708125
1.739875,1.69
1.7445,1.70375
1.725375,1.690875
1.728625,1.70175
1.735,1.682625
1.71725,1.6895
1.738,1.69025
1.734,1.683
1.731875,1.6865
1.717625,1.692875
1.707625,1.68075
1.699875,1.676
1.714375,1.67675
1.71625,1.6835
1.70825,1.689
1.70625,1.6785
1.705875,1.687125
1.70275,1.6765
1.695375,1.67075
1.72075,1.673375
1.701125,1.666
1.694625,1.667125
1.688625,1.6805
1.69425,1.66025
1.708875,1.669
1.6935,1.6755
1.67675,1.65875
1.707,1.67325
1.696125,1.653625
1.68975,1.65275
1.68175,1.650375
1.689125,1.668625
1.676125,1.65575
1.693875,1.652875
1.668125,1.66425
1.684375,1.649625
1.67775,1.65725
1.6615,1.646125
1.659125,1.654375
1.666875,1.63725
1.658625,1.641125
1.661625,1.639
1.672,1.644125
1.67025,1.645125
1.672,1.643875
1.671,1.64525
1.673625,1.628125
1.671,1.646625
1.6625,1.646
1.651625,1.626625
1.669875,1.636125
1.667375,1.62275
1.64475,1.632375
1.666375,1.619125
1.66475,1.622875
1.66775,1.6175
1.63375,1.62175
1.6605,1.63125
1.663375,1.621375
1.643625,1.61575
1.65875,1.626125
1.650625,1.616
1.64825,1.624125
1.6455,1.624
1.650375,1.610875
1.654,1.62375
1.6245,1.62175
1.6265,1.60975
1.643875,1.60425
1.64025,1.604625
1.636625,1.598875
1.640875,1.600375
1.640875,1.59975
1.63,1.592125
1.613375,1.605875
1.6115,1.599375
1.621125,1.59325
1.624625,1.587875
1.638375,1.6
1.638,1.59125
1.62025,1.5985
1.59975,1.584875
1.607,1.581
1.6135,1.584375
1.600125,1.592
1.604375,1.593
1.61925,1.582125
1.615,1.5925
1.618,1.587375
1.616375,1.582
1.599125,1.577125
1.594625,1.580625
1.607875,1.583375
1.588625,1.574625
1.587,1.57425
1.587625,1.57525
1.58075,1.573375
1.591,1.559
1.59,1.570625
1.59475,1.55825
1.5715,1.56625
1.5955,1.561
1.572,1.55375
1.589125,1.5645
1.58,1.55525
1.596125,1.556375
1.5785,1.550375
1.56225,1.54375
1.574375,1.54175
1.587375,1.55925
1.59075,1.546375
1.571375,1.541375
1.587875,1.540875
1.582375,1.534625
1.568125,1.554375
1.557875,1.53575
1.5755,1.538125
1.57525,1.538625
1.561125,1.536125
1.562625,1.5265
1.567625,1.525125
1.54625,1.53675
1.554125,1.526875
1.554375,1.542625
1.5735,1.5255
1.540125,1.53775
1.551875,1.531375
1.54475,1.536875
1.545625,1.526875
1.530125,1.52
1.55875,1.512875
1.54025,1.526
1.55575,1.51775
1.540625,1.50775
1.5435,1.508875
1.522125,1.508625
1.542125,1.518
1.524,1.515
1.550375,1.518625
1.550375,1.503625
1.527375,1.50075
1.542,1.512375
1.538,1.50475
1.511125,1.50025
1.541125,1.493375
1.50775,1.507375
1.5155,1.495125
1.509625,1.49725
1.50225,1.489
1.51625,1.4855
1.524,1.486625
1.498,1.494125
1.49775,1.480875
1.524375,1.492
1.501625,1.483375
1.506375,1.493
1.5175,1.479375
1.519,1.471375
1.48825,1.477625
1.48575,1.482125
1.503375,1.470375
1.4835,1.470375
1.4905,1.46725
1.4865,1.4735
1.479875,1.4775
1.4955,1.4735
1.48525,1.468625
1.508375,1.459125
1.473375,1.463625
1.507,1.475625
1.501125,1.4545
1.476125,1.4575
1.486625,1.455875
1.472,1.4655
1.489625,1.447
1.47925,1.459625
1.48625,1.447875
1.47425,1.450125
1.472625,1.449375
1.48325,1.45175
1.461,1.45925
1.484375,1.44475
1.460875,1.440625
1.464375,1.446625
1.474875,1.43325
1.46975,1.435875
1.450625,1.436625
1.454875,1.435375
1.471625,1.442875
1.451375,1.42825
1.4745,1.443625
1.436875,1.42075
1.470375,1.425125
1.468875,1.438
1.45575,1.434375
1.442625,1.42625
1.463,1.42125
1.45225,1.424125
1.441875,1.4285
1.45825,1.40925
1.4545,1.42
1.443,1.407625
1.4355,1.41925
1.452375,1.4205
1.443875,1.41025
1.43725,1.412375
1.442,1.415
1.444625,1.40975
1.412625,1.4055
1.44325,1.41025
1.42975,1.396625
1.420625,1.395625
1.40475,1.40875
1.416625,1.388625
1.425125,1.4065
1.428125,1.397375
1.434375,1.38575
1.40275,1.383125
1.407875,1.398375
1.425625,1.388875
1.415625,1.379375
1.394125,1.387625
1.4195,1.393125
1.4215,1.39025
1.412875,1.39
1.392875,1.387
1.410875,1.382375
1.38875,1.388
1.389125,1.377
1.4025,1.363125
1.412375,1.380875
1.409125,1.37275
1.408,1.366375
1.40575,1.361875
1.38525,1.369
1.372875,1.36325
1.37875,1.3595
1.371375,1.371125
1.40075,1.361625
1.38175,1.361875
1.37625,1.35375
1.363625,1.350875
1.36025,1.358625
1.38525,1.342875
1.356,1.3415
1.36575,1.3465
1.351875,1.35375
1.382875,1.335625
1.354875,1.353
1.357,1.340625
1.380625,1.337875
1.37725,1.333375
1.3505,1.3305
1.34225,1.345375
1.33975,1.33
1.34875,1.333625
1.361125,1.3375
1.37,1.339125
1.34725,1.338
1.361,1.33075
1.35275,1.334875
1.36175,1.331375
1.3565,1.311375
1.326875,1.319875
1.345375,1.32
1.322875,1.317
1.325375,1.32325
1.32275,1.3155
1.3355,1.3065
1.321,1.300875
1.31575,1.298875
1.312125,1.2975
1.314375,1.31175
1.3275,1.310375
1.3175,1.302875
1.339,1.303
1.3345,1.302875
1.319375,1.2965
1.328625,1.288
1.298125,1.296125
1.33075,1.2875
1.323125,1.300625
1.30325,1.295375
1.306,1.280875
1.29325,1.288625
1.319625,1.290625
1.312,1.290375
1.290875,1.287
1.30075,1.278625
1.3135,1.27475
1.285125,1.28575
1.28725,1.26625
1.297375,1.282
1.29725,1.273125
1.28,1.268375
1.307125,1.278625
1.27575,1.274125
1.288375,1.262
1.30375,1.258625
1.290625,1.26275
1.27875,1.251875
1.29475,1.265125
1.288,1.26275
1.263625,1.248875
1.2735,1.24575
1.267125,1.24675
1.277,1.25025
1.2805,1.24125
1.275,1.256875
1.2625,1.24625
1.262875,1.249
1.249875,1.244125
1.2745,1.246875
1.266625,1.2485
1.251125,1.237
1.2755,1.23075
1.24225,1.226875
1.259375,1.228625
1.264125,1.228125
1.2695,1.241375
1.266625,1.238
1.24725,1.238625
1.233625,1.22775
1.231,1.2275
1.243,1.218625
1.2405,1.22425
1.25325,1.213125
1.24475,1.213
1.2505,1.20625
1.2425,1.2165
1.22925,1.2065
1.226375,1.212
1.2245,1.2085
1.226,1.203625
1.2105,1.203375
1.2345,1.20825
1.234125,1.207875
1.228,1.21075
1.234625,1.19025
1.22675,1.205125
1.209375,1.193375
1.226125,1.191875
1.19425,1.1855
1.192375,1.194375
1.197125,1.194625
1.210625,1.1915
1.218625,1.1975
1.187,1.185125
1.220375,1.179125
1.18575,1.173875
1.211375,1.19075
1.19,1.186125
1.1885,1.181875
1.182625,1.18575
1.199375,1.165875
1.183625,1.176
1.1935,1.159375
1.202625,1.171875
1.17575,1.171
1.18825,1.15875
1.166,1.168125
1.171125,1.158875
1.188875,1.165125
1.16325,1.152
1.17075,1.165125
1.16825,1.164375
1.1905,1.153875
1.175625,1.154
1.161125,1.15875
1.156375,1.156375
1.162625,1.155125
1.147375,1.1455
1.154625,1.134375
1.172,1.146375
1.158625,1.130125
1.15875,1.1385
1.148375,1.128
1.17,1.125875
1.146625,1.1395
1.15475,1.1375
1.144125,1.140125
1.138375,1.1265
1.1545,1.134125
1.13925,1.124125
1.129875,1.1205
1.1485,1.12625
1.14425,1.128625
1.1215,1.117125
1.1205,1.110875
1.129875,1.10925
1.140625,1.12225
1.14725,1.119625
1.131625,1.11175
1.13875,1.11925
1.133,1.10025
1.12625,1.111375
1.128125,1.095
1.114875,1.107875
1.109625,1.103125
1.120875,1.096625
1.108,1.09375
1.11,1.105625
1.114875,1.093
1.095,1.086625
1.105375,1.09925
1.0955,1.07725
1.108625,1.0805
1.106625,1.082875
1.105625,1.07775
1.089875,1.080375
1.084,1.069
1.081375,1.079
1.091875,1.075875
1.079125,1.066
1.101375,1.082
1.09525,1.059625
1.074875,1.06125
1.0745,1.067625
1.097125,1.069
1.084625,1.054
1.069125,1.051625
1.0785,1.058625
1.0615,1.053375
1.087375,1.0645
1.054875,1.064
1.080125,1.05
1.0865,1.05175
1.073375,1.05425
1.06025,1.048375
1.058,1.054
1.0765,1.050375
1.0755,1.03975
1.058625,1.035
1.0535,1.04825
1.04225,1.03725
1.034625,1.046625
1.06,1.041375
1.037,1.0385
1.049125,1.03525
1.043625,1.018875
1.051375,1.021875
1.058375,1.018875
1.02225,1.02075
1.037375,1.022875
1.0375,1.02325
1.041875,1.02375
1.045875,1.01375
1.043125,1.006125
1.022,1.009125
1.039375,1.012625
1.037625,1.01
1.022125,1.0175
1.032875,1.0165
1.031875,1.009875
1.008,0.995875
1.01675,0.99475
0.999375,0.9945
1.028375,0.9995
1.01025,1.00425
1.005625,1.005375
1.005,0.989125
1.011125,0.995375
1.003875,0.984375
0.999375,0.9935
1.00975,0.97475
0.985875,0.986125
0.99325,0.992375
0.98025,0.97925
1.0095,0.970375
0.99225,0.987
0.99625,0.978875
0.98675,0.963375
0.9815,0.97
0.975625,0.975875
0.97225,0.959625
0.988,0.971625
0.98675,0.965625
0.986375,0.954625
0.983,0.961625
0.98975,0.9615
0.95725,0.96375
0.961,0.95025
0.988125,0.951625
0.984125,0.95125
0.959875,0.942375
0.951625,0.940625
0.9635,0.950125
0.9435,0.943875
0.972,0.93425
0.959875,0.943375
0.949875,0.929875
0.954375,0.93475
0.953125,0.94125
0.932125,0.93925
0.934125,0.932875
0.930625,0.922625
0.96375,0.91875
0.959375,0.93425
0.958625,0.9315
0.949,0.923375
0.9425,0.914375
0.947,0.9225
0.94075,0.910375
0.928625,0.915
0.9255,0.9145
0.939,0.916125
0.924,0.9115
0.9095,0.9105
0.910875,0.918375
0.9275,0.9075
0.93775,0.904
0.917875,0.9105
0.91675,0.900875
0.896375,0.89025
0.899125,0.8955
0.9045,0.89
0.892375,0.893125
0.894125,0.898875
0.91475,0.88975
0.891125,0.89775
0.88475,0.879
0.89175,0.894375
0.890875,0.872625
0.885125,0.891
0.901875,0.891
0.887375,0.870625
0.887,0.872625
0.894875,0.86425
0.88,0.883875
0.879,0.872375
0.89525,0.879625
0.881375,0.87125
0.895,0.874625
0.86725,0.8605
0.87725,0.862375
0.892125,0.86325
0.858625,0.869
0.873375,0.8665
0.865625,0.86375
0.86725,0.856875
0.879875,0.860625
0.86925,0.858125
0.8775,0.849375
0.8555,0.856875
0.844875,0.836125
0.84375,0.8485
0.847,0.833
0.85,0.833125
0.84125,0.8365
0.847625,0.824875
0.83975,0.842625
0.84525,0.82075
0.848625,0.83125
0.8265,0.81925
0.83675,0.828125
0.83225,0.83125
0.840125,0.814375
0.837125,0.81325
0.822625,0.814625
0.828,0.8065
0.81675,0.8255
0.812625,0.822875
0.837125,0.811125
0.8335,0.81275
0.838375,0.798625
0.818875,0.816
0.806125,0.811625
0.80075,0.795875
0.801125,0.807125
0.819875,0.797125
0.802,0.801875
0.821,0.7855
0.804,0.804125
0.79,0.784625
0.810125,0.780125
0.81275,0.787375
0.807375,0.792125
0.79775,0.77625
0.809875,0.785125
0.798625,0.76975
0.806875,0.776
0.802125,0.784125
0.789625,0.7825
0.7865,0.76975
0.786125,0.7705
0.7705,0.771875
0.793625,0.764125
0.793,0.770125
0.778875,0.768625
0.782875,0.768625
0.77825,0.75825
0.779125,0.758375
0.779875,0.755125
0.779,0.75725
0.752125,0.7455
0.747375,0.75175
0.755625,0.74175
0.749875,0.753375
0.77325,0.753875
0.743875,0.738625
0.7555,0.740125
0.754625,0.72925
0.7515,0.735
0.746125,0.746125
0.741125,0.742875
0.75925,0.728875
0.744625,0.72325
0.727875,0.721625
0.751,0.725375
0.7385,0.72525
0.723625,0.712875
0.726625,0.726
0.7465,0.721875
0.713375,0.710125
0.7325,0.722375
0.71025,0.7115
0.739375,0.704375
0.729125,0.71625
0.71425,0.704875
0.704,0.708625
0.711,0.696
0.723,0.696875
0.714375,0.7105
0.711,0.693125
0.691375,0.70675
0.72525,0.698875
0.69925,0.6865
0.687125,0.698
0.715625,0.687125
0.684,0.690875
0.705625,0.698125
0.683625,0.678375
0.679125,0.68
0.695375,0.670625
0.689375,0.67075
0.686625,0.686375
0.7005,0.680625
0.69,0.66375
0.677625,0.682625
0.689375,0.66575
0.675625,0.66125
0.68475,0.67375
0.679,0.665875
0.668625,0.669
0.6695,0.654625
0.655875,0.662875
0.675125,0.663875
0.66,0.655375
0.66775,0.663
0.649875,0.644625
0.671,0.644625
0.649875,0.640125
0.6505,0.63825
0.660125,0.64225
0.663875,0.64825
0.639625,0.635875
0.640375,0.63475
0.65275,0.63125
0.650875,0.642
0.640625,0.624625
0.63125,0.642875
0.65325,0.63975
0.640125,0.638
0.645625,0.617875
0.6255,0.6335
0.6325,0.617875
0.636125,0.615125
0.640125,0.60725
0.615125,0.606
0.6415,0.608875
0.634375,0.6105
0.632,0.6115
0.6215,0.61225
0.612,0.6055
0.59725,0.601125
0.61725,0.597625
0.61375,0.60525
0.591875,0.60025
0.594125,0.590875
0.59125,0.58875
0.58725,0.597375
0.58925,0.5875
0.6105,0.600875
0.582375,0.591375
0.603625,0.59275
0.587,0.577375
0.596375,0.589125
0.60775,0.579125
0.577875,0.569125
0.582875,0.57525
0.567875,0.573
0.594,0.5765
0.565125,0.576875
0.584375,0.562375
0.578125,0.5785
0.58875,0.571125
0.570125,0.567625
0.56925,0.553625
0.571375,0.55025
0.55975,0.565125
0.561875,0.55075
0.56475,0.55175
0.569875,0.55375
0.57875,0.545125
0.542875,0.5465
0.5495,0.5415
0.536625,0.5435
0.56275,0.549
0.541875,0.540375
0.5365,0.54175
0.551125,0.538
0.53025,0.540625
0.527875,0.535
0.541125,0.540625
0.55375,0.531375
0.550125,0.53075
0.53325,0.51975
0.547375,0.53075
0.545625,0.52725
0.5305,0.51
0.54575,0.52625
0.51175,0.50825
0.522375,0.526375
0.522625,0.50425
0.536125,0.501125
0.510125,0.504875
0.501875,0.506375
0.496375,0.51175
0.502375,0.508125
0.499875,0.496375
0.51825,0.495
0.51925,0.497375
0.489,0.49325
0.488125,0.503625
0.495875,0.494875
0.506625,0.48
0.48975,0.479875
0.49025,0.49475
0.480375,0.482875
0.4805,0.478625
0.4765,0.470625
0.476,0.475375
0.503125,0.487375
0.494,0.479625
0.46525,0.4655
0.4775,0.482125
0.471875,0.472375
0.4735,0.46975
0.48975,0.46775
0.49025,0.455375
0.467375,0.46025
0.469875,0.455625
0.4775,0.45025
0.471125,0.45075
0.463625,0.44825
0.468875,0.453
0.445625,0.440875
0.4505,0.45075
0.468,0.45675
0.446125,0.43625
0.4495,0.43675
0.43375,0.436375
0.4365,0.428625
0.44275,0.445375
0.425125,0.440875
0.456375,0.42975
0.431125,0.436625
0.432625,0.4285
0.439625,0.417625
0.43225,0.429
0.44725,0.431125
0.448,0.416625
0.42975,0.4125
0.434375,0.41725
0.4365,0.423375
0.41175,0.41625
0.42725,0.408875
0.427375,0.41375
0.432625,0.412875
0.4005,0.40675
0.402125,0.394625
0.407625,0.39575
0.412375,0.397125
0.39675,0.408875
0.414625,0.397875
0.38775,0.397125
0.389875,0.387125
0.384625,0.383125
0.403375,0.383375
0.40375,0.3815
0.3905,0.39675
0.401625,0.381875
0.379625,0.3855
0.382125,0.376375
0.403625,0.378875
0.387125,0.374
0.372625,0.38075
0.38625,0.38325
0.365125,0.37775
0.3815,0.37725
0.369125,0.370625
0.356625,0.362875
0.387,0.368875
0.35675,0.351125
0.376,0.35025
0.353875,0.363375
0.360875,0.348
0.36475,0.35225
0.347625,0.348125
0.364875,0.33925
0.359125,0.344875
0.343875,0.3505
0.34275,0.34075
0.350875,0.352375
0.339375,0.3315
0.32575,0.342
0.328875,0.34625
0.33775,0.328125
0.332625,0.32575
0.351875,0.320375
0.327875,0.337375
0.34,0.336
0.324125,0.315625
0.347,0.333875
0.327125,0.312375
0.31025,0.316375
0.336,0.32275
0.33225,0.3175
0.319625,0.323125
0.321125,0.317125
0.326625,0.3165
0.318,0.311375
0.300375,0.317125
0.311875,0.305
0.313,0.293625
0.29275,0.30825
0.300875,0.29075
0.310125,0.30575
0.313375,0.28775
0.313,0.297125
0.290875,0.281875
0.2805,0.289875
0.279375,0.281625
0.290125,0.27675
0.284375,0.276875
0.291625,0.276375
0.291,0.28175
0.283625,0.284375
0.283875,0.2715
0.29,0.28125
0.281625,0.27725
0.273375,0.2685
0.290625,0.262625
0.274125,0.26675
0.25525,0.269375
0.276,0.268125
0.27975,0.249625
0.262875,0.248375
0.2625,0.25
0.260625,0.2605
0.24825,0.25975
0.26475,0.251875
0.241125,0.250625
0.236125,0.252875
0.23125,0.2545
0.2335,0.24475
0.23075,0.24675
0.24775,0.239875
0.2525,0.24225
0.22025,0.2405
0.225125,0.233
0.22625,0.227
0.245625,0.235625
0.2315,0.2185
0.221375,0.22325
0.213,0.21475
0.21825,0.232125
0.2375,0.2285
0.22325,0.221375
0.206375,0.20875
0.214875,0.216375
0.219,0.2085
0.21575,0.209375
0.21025,0.21875
0.199625,0.2165
0.2125,0.206875
0.1885,0.199625
0.19775,0.195625
0.186625,0.20375
0.19025,0.20075
0.178625,0.199375
0.18725,0.183375
0.176625,0.1925
0.202375,0.186
0.185,0.1845
0.187875,0.1925
0.171375,0.19175
0.195375,0.170625
0.20025,0.177875
0.161625,0.17175
0.1725,0.1685
0.191875,0.17075
0.160625,0.17625
0.16775,0.169
0.160875,0.161375
0.15225,0.16025
0.175625,0.1605
0.149125,0.16325
0.1505,0.149875
0.1425,0.148375
0.169625,0.146125
0.173875,0.16175
0.15825,0.145125
0.13375,0.14475
0.143625,0.157125
0.135125,0.145875
0.147125,0.146375
0.145,0.1415
0.151125,0.144
0.150125,0.14175
0.13275,0.130875
0.124125,0.134125
0.132125,0.132375
0.132375,0.12625
0.119875,0.137375
0.111375,0.12225
0.14375,0.119
0.108,0.12225
0.1125,0.120625
0.123,0.117
0.133375,0.113875
0.124625,0.124125
0.1055,0.109125
0.106375,0.1145
0.10575,0.103125
0.096375,0.11225
0.114375,0.109875
0.101375,0.102875
0.091875,0.091
0.086625,0.0885
0.10825,0.08625
0.087125,0.097625
0.09425,0.09125
0.095875,0.0835
0.10875,0.08425
0.0765,0.09875
0.087625,0.089
0.094125,0.089625
0.08375,0.092375
0.097125,0.06925
0.08225,0.08375
0.08375,0.072625
0.059875,0.064375
0.09,0.083375
0.055125,0.068875
0.0805,0.07375
0.07225,0.060625
0.0735,0.0725
0.078125,0.057625
0.064375,0.059
0.046875,0.060875
0.07,0.063625
0.06225,0.04625
0.04175,0.044
0.0635,0.051
0.04075,0.051
0.03475,0.038
0.044,0.042125
0.03025,0.04775
0.045875,0.045625
0.0565,0.02875
0.024125,0.040375
0.031125,0.03275
0.022875,0.0255
0.024625,0.037
0.04125,0.028125
0.0435,0.032625
0.010125,0.024375
0.016625,0.022875
0.00575,0.026625
0.01375,0.0275
0.017375,0.015625
0.02225,0.009375
0.014625,0.019625
0.020875,0.011125
0.0125,0.01025
0.009125,0.01025
0.02475,0.00075
0.003,0.005625
0.00425,0.003
0.008625,-0.002125
0.001,0.0015
0.0005,-0.0085
-0.00675,-0.010125
-0.015125,0.001125
-0.012125,0.009625
0.0025,-0.006125
0.00475,-0.010875
0.00325,0.00925
0.01775,0.00375
-0.01875,0.002125
0.00425,0.01
0.007,0.0015
-0.01625,0.0025
0.0055,0.009
-0.009125,0.002625
-0.007875,0.004125
0.015875,-0.01125
0.011,-0.0015
-0.01675,0.00825
0.003625,0.0005
-0.00375,0.008125
0.016375,-0.006375
0.01875,0.003375
-0.016125,-0.000125
0.0185,0.001875
-0.008625,-0.00475
0.009625,0.008875
-0.006875,-0.00175
0.0145,-0.0055
0.00575,-0.00225
-0.013875,0.003625
-0.006875,0.006875
-0.010875,0.000375
-0.004,-0.005875
-0.003375,0.005
0.010875,0.005375
0.01425,-0.001625
0.016875,-0.00525
-0.01625,0.005875
0.01625,0.004
-0.00425,-0.000375
0.01175,0.00475
0.007375,0.001375
0.0175,0.00175
0.008,0.011
-0.004125,0.005375
-0.003,-0.003375
0.01775,-0.000875
-0.0185,0.008625
-0.011875,0.01125
0.0175,-0.000375
0.0085,0.008125
-0.01525,0.00075
-0.012,-0.00025
-0.0185,-0.001
0.002625,-0.00475
0.003375,0.001125
0.00325,0.009
0.018625,-0.002
0.016625,0.000375
0.014375,0.004375
-0.01575,-0.006125
-0.0165,-0.0055
-0.0155,0.00025
0.012,0.010875
0.009125,0.00725
-0.004625,0.004875
0.016125,-0.009
0.014125,0.01025
0.015875,0.01025
0.01225,-0.004
0.003,-0.010875
0.005875,0.00375
-0.00025,-0.008
0.01775,0.0015
-0.011125,0.0095
0.014625,0.00175
0.018625,-0.008
-0.007375,0.008
0.00075,0.002375
-0.009375,-0.001125
-0.011375,-0.004125
0.01425,-0.00025
-0.0135,0.0075
-0.017125,0.0025
0.013625,0.009
0.015125,-0.010875
-0.005875,0.009875
0.009,-0.004875
-0.000875,-0.01025
0.008375,-0.005625
0.004875,-0.002375
0.018,-0.006625
-0.00225,0.00675
0.00425,0.00575
0.01325,0.00675
-0.007375,-0.000375
-0.00025,-0.006625
0.01625,0.003625
-0.016875,0.003875
-0.0145,-0.006375
-0.002625,0.006
0.002,0.00925
0.0165,-0.006125
-0.010375,0.00325
-0.001125,0.001125
-0.014,-0.0015
-0.001625,-0.002625
0.0,-0.00475
-0.011375,-0.0005
-0.01025,0.006125
-0.003625,-0.008
-0.016625,-0.00675
-0.000125,-0.00375
-0.0105,-0.00225
-0.00525,-0.008
-0.017,-0.0105
0.018375,0.00975
-0.008,0.006
0.001375,0.004625
0.00475,0.00825
-0.00625,-0.002875
-0.0085,0.004875
0.018125,0.00425
-0.012125,-0.003
0.004125,-0.00075
-0.011125,0.003875
-0.01725,0.005875
-0.01625,-0.005375
-0.010875,0.00425
-0.001875,0.002375
-0.012875,-0.009875
0.00175,-0.000875
0.0095,-0.004875
0.01575,-0.00825
0.015,0.005625
0.001875,0.0075
0.010625,0.002
0.01,0.002375
0.007625,-0.011125
-0.016625,-0.0025
-0.010125,0.0015
0.004875,0.006375
-0.0085,0.00475
-0.001125,0.011
0.0125,-0.00625
0.017125,-0.0005
-0.01575,0.000375
0.002375,0.007
0.012125,0.00125
0.01225,0.006625
-0.009375,0.005875
-0.0165,-0.010625
-0.012125,-0.0005
-0.006625,-0.00875
-0.015625,0.010625
0.01525,-0.007125
0.00525,0.000875
-0.015375,0.002375
0.014625,-0.008
-0.004,-0.00525
0.015375,0.0095
-0.005125,0.005625
0.007125,0.002375
-0.0025,0.004125
0.011125,-0.00075
-0.001625,-0.0015
-0.00475,0.0005
0.015625,0.00975
0.00825,0.007875
-0.00925,-0.006125
-0.000625,0.00175
-0.00975,0.010375
-0.011625,0.004
-0.007875,-0.00575
0.003375,-0.00175
0.01625,0.000625
-0.0145,0.003875
-0.016125,-0.0065
0.018125,-0.0005
0.002625,-0.003875
0.01025,-0.001375
0.0005,0.001875
-0.015125,-0.007125
0.003125,-0.008625
-0.016875,-0.006375
0.00275,-0.008375
0.01725,0.004375
-0.017125,0.000875
-0.000375,-0.003875
0.0045,-0.003375
-0.01875,-0.00275
0.015375,-0.00175
-0.001125,0.005625
0.0075,0.00275
0.004625,0.00825
0.002375,-0.001375
0.0135,-0.00925
-0.009,0.0065
0.013125,0.007625
-0.0025,-0.010125
0.005625,0.003875
0.0135,-0.000125
0.018,-0.0045
0.0165,0.0045
0.003625,-0.0035
0.008625,0.001625
0.01675,-0.002625
-0.013375,-0.008875
-0.001875,0.00125
-0.003625,-0.006125
0.00925,0.00975
0.018625,0.00675
0.0115,-0.004375
-0.00075,-0.002625
-0.008125,0.000875
-0.00825,-0.009875
-0.000625,-0.006
0.005625,0.000625
-0.015,0.005625
0.010125,0.00475
0.008,-0.008625
0.007125,-0.010625
-0.007125,0.00025
-0.000625,-0.003125
0.014,-0.0055
-0.008,-0.011125
0.012875,-0.005375
0.007625,-0.00175
0.01375,-0.007125
0.008625,-0.003625
0.002125,-0.001625
0.0,0.001125
0.008375,0.011
0.010875,0.001375
0.0015,0.0075
0.007875,0.007125
-0.007875,0.004625
-0.00525,0.01125
-0.017875,-0.00725
0.014,-0.008375
0.005875,0.006
0.00175,0.011125
0.018,-0.00825
-0.016,-0.005875
-0.002,-0.0075
0.01475,0.01125
-0.017625,-0.0025
0.014125,-0.006875
-0.0065,0.003875
0.006625,0.00575
0.01475,0.00425
-0.015375,-0.001375
0.01425,-0.00075
0.013125,0.007
0.0185,-0.008625
0.01525,0.00525
0.00975,0.00575
-0.01125,0.003875
0.0135,0.005125
0.016125,-0.008875
-0.010125,0.009
-0.0185,0.000125
0.0155,-0.001875
-0.01125,0.001
-0.002875,-0.005625
0.006625,0.003875
-0.009875,0.01075
-0.017625,-0.001375
-0.000125,-0.009375
-0.002375,-0.007
-0.013125,-0.001
-0.0185,0.002875
-0.003625,0.000375
-0.005625,-0.005625
0.007875,0.01
0.01675,0.005125
-0.006125,-0.008
0.00775,0.010625
0.001875,-0.00425
-0.011,-0.007
-0.009875,-0.008875
-0.00525,0.007875
-0.01125,0.0085
0.00325,-0.0065
-0.008,-0.003
-0.01175,0.0075
0.01825,0.000125
-0.015125,-0.006
-0.000875,0.005625
-0.006875,0.011
-0.008,0.00075
0.008875,0.0095
0.00075,0.0
0.01325,-0.004375
-0.006125,0.002625
0.01125,-0.008
0.01,0.008625
0.002875,-0.0095
0.01375,-0.0065
-0.017875,-0.005125
-0.002125,0.004125
0.004375,-0.005
0.01675,0.002
0.013125,-0.00675
0.016,-0.006625
-0.00625,0.01075
0.0085,0.010875
0.000625,-0.008625
0.0045,0.006875
0.012625,0.001
-0.01175,-0.004375
-0.006875,-0.001
-0.01725,0.005125
0.008375,0.00775
0.011625,-0.00875
0.0085,-0.004375
0.01775,-0.001
-0.0165,0.00325
0.017875,-0.003625
-0.01875,0.004
0.017,0.003
-0.00225,-0.009125
-0.002,-0.01075
-0.018375,0.0
0.017875,0.0035
0.010625,-0.010125
-0.0165,-0.005125
0.01025,-0.01075
0.006625,-0.007375
-0.003875,-0.00775
-0.017125,0.009375
0.00025,-0.008
-0.000625,0.00875
-0.0075,0.004375
-0.016625,-0.005875
0.0155,-0.010375
0.008625,-0.00025
-0.011625,-0.006375
0.012,-0.006875
-0.009,-0.0045
0.013875,-0.000875
-0.018125,0.001625
0.017625,-0.00925
-0.000625,-0.008875
-0.015,0.0075
-0.006125,-0.004
-0.011625,-0.00325
0.008375,-0.0085
-0.007625,-0.008
-0.009375,0.01025
-0.017625,0.007625
0.008,-0.01075
0.006625,-0.008875
0.016875,0.0015
-0.006,-0.0105
0.003625,0.00525
-0.00725,0.003125
-0.012,0.00375
-0.012875,-0.005625
0.017625,-0.007125
0.00625,0.00475
0.002375,-0.010625
0.011,0.001375
0.015125,-0.00375
-0.014625,0.006625
0.004375,0.008375
-0.017875,0.004
0.00875,-0.004375
0.018,0.00375
0.00825,-0.008125
-0.016375,0.005375
0.015,-0.005875
-0.004875,-0.010125
-0.013875,-0.00325
0.009375,-0.000875
-0.000125,0.009375
-0.015375,0.006625
0.017375,-0.009875
-0.00975,-0.000625
-0.005625,-0.009875
0.01,-0.000875
0.0125,-0.006625
0.018,0.001875
0.00975,-0.003625
-0.001875,-0.009
-0.004625,-0.002625
0.0125,-0.010875
-0.015625,0.001375
0.0105,0.006875
0.005625,-0.00725
-0.006875,0.0015
0.014375,-0.000625
-0.001625,-0.004125
0.01675,0.000125
0.005375,0.001875
0.006,-0.005375
0.003375,-0.002375
0.017375,0.00225
0.0035,-0.00475
-0.01025,0.008875
-0.0125,0.000875
0.011625,0.00725
0.018375,-0.005375
0.003,0.00625
0.007625,0.006625
0.0095,0.009875
0.01725,-0.0095
0.002875,0.00975
-0.007625,-0.001875
0.017,-0.005625
0.014875,0.006875
0.00575,0.0035
-0.012125,0.007875
-0.003375,0.008
0.017625,-0.00975
0.0035,0.00325
-0.00475,-0.00375
0.005,-0.001625
0.01475,0.003375
-0.004625,-0.00725
0.004,0.003
-0.01525,-0.010875
-0.003875,0.01
0.014375,0.00125
0.003875,0.000625
-0.013125,-0.00925
0.012125,0.007
0.004375,-0.000875
0.015875,-0.0015
0.008,0.0035
0.007625,0.0085
0.012125,0.003625
0.00875,0.006125
-0.018125,-0.007125
-0.01675,0.0085
-0.0015,0.003375
0.01475,0.000625
0.01475,0.004125
0.003375,-0.00175
0.00525,0.0065
-0.017,-0.00125
0.0065,-0.00225
-0.003375,-0.0095
0.00325,-0.006
0.009875,0.000625
0.01475,-0.001875
-0.012125,-0.00325
-0.0055,-0.00075
-0.001125,0.01075
0.01,-0.0085
-0.004,0.01125
-0.010125,0.0085
-0.01225,-0.001625
-0.002625,0.0065
-0.012125,-0.009625
-0.011,0.007375
0.002375,-0.009125
0.0005,0.011125
-0.008625,0.007
0.013875,-0.010125
0.00625,-0.006625
-0.0115,0.01125
-0.018,-0.010375
-0.002625,0.00775
0.00475,0.005
0.005875,-0.00625
-0.015125,-0.00525
-0.0175,-0.004875
0.012375,0.00125
0.010125,-0.0095
0.01325,-0.008
0.009875,0.005625
-0.009375,0.011
0.00975,0.00675
-0.01775,-0.010875
0.001625,-0.000625
-0.00075,-0.00875
-0.00825,-0.011125
0.0075,0.0055
-0.01875,-0.003
-0.01575,-0.003875
-0.0015,0.0085
-0.0045,-0.008375
-0.016125,0.00975
0.00625,-0.008125
0.002125,-0.0105
-0.015125,-0.010125
-0.003,-0.003
0.017625,-0.01125
0.000875,0.0095
0.001625,-0.00175
0.012875,-0.0105
-0.0045,-0.007875
0.003125,0.002
-0.014,0.001375
0.011,-0.00125
-0.015,0.006
0.016125,-0.005875
0.00275,0.008
0.01875,-0.0065
0.01475,-0.0075
0.009625,0.006875
0.001,-0.008625
0.009875,-0.011125
-0.014,0.00325
-0.015375,-0.00925
-0.00925,0.0065
0.01075,0.010875
0.00975,-0.011125
-0.009625,0.001875
0.01425,-0.010375
-0.00375,-0.00225
-0.015125,0.0075
0.006375,-0.01
0.00325,0.0005
0.0125,-0.001125
0.014375,0.000375
-0.001875,-0.004625
-0.0085,0.003375
-0.00775,0.007
-0.000875,0.006
-0.0075,0.002875
-0.01425,0.0055
-0.00975,0.009375
0.003875,0.0025
0.003,-0.0075
0.012625,-0.007125
-0.017125,-0.005625
0.014375,0.008125
-0.00125,-0.008
0.01575,-0.00625
-0.015875,0.00775
0.018375,-0.009625
0.015375,0.010125
0.0115,-0.001875
-0.005875,0.00525
-0.002375,-0.0095
-0.002375,-0.006875
-0.0055,0.0025
0.0065,0.004125
0.003375,-0.0035
-0.000125,0.00075
-0.0055,-0.00225
0.002,0.006875
-0.007875,-0.00125
-0.0015,-0.003
-0.011,0.00125
0.003625,-0.00575
-0.005875,0.00075
-0.016375,0.00575
0.012125,-0.006125
-0.007625,0.0055
0.010375,-0.010125
0.01275,0.006625
-0.001125,-0.0075
0.013375,-0.010375
-0.017125,0.001375
0.01225,-0.00125
0.006125,0.003875
0.012,0.006625
-0.001,0.008375
-0.005125,-0.007875
0.0145,-0.005
-0.002,0.00825
0.016125,-0.00375
0.00025,-0.003
0.01725,-0.004125
0.0045,-0.00175
-0.00325,0.0025
-0.005,-0.010125
0.0145,-0.006625
-0.005,-0.010625
0.016375,0.004625
0.017625,-0.008
-0.0135,-0.011
-0.0185,0.005875
0.013125,0.003875
0.00275,0.00875
0.007,-0.00575
0.013,-0.0015
-0.01225,0.01075
-0.015375,0.008625
-0.014125,0.001625
-0.006375,-0.006
0.001,-0.00375
0.00725,0.008375
0.016875,-0.0035
-0.014375,0.0085
-0.00975,-0.001625
0.007875,0.001375
-0.00725,0.009875
-0.016875,-0.00025
-0.016875,-0.0005
0.007125,0.00225
-0.00725,0.00775
0.01675,-0.000625
0.01575,0.008875
0.003625,0.006875
0.01325,0.006875
-0.005125,0.0085
-0.015,0.005375
0.001375,-0.009625
0.003375,0.0025
0.007125,0.005375
0.013,0.002625
-0.0055,0.002625
0.016375,0.008375
0.002875,0.0005
-0.00175,0.009625
0.01675,-0.009625
0.016375,0.00575
-0.004125,0.001
-0.006375,0.0035
-0.009875,0.006375
-0.012125,-0.008125
-0.007,-0.00175
0.01675,-0.00325
0.00025,0.007625
0.003875,0.009125
-0.0115,-0.0015
0.017125,0.00675
0.012,-0.003625
-0.0045,-0.0105
0.0065,0.01
0.00575,0.00925
-0.006,0.008875
-0.0035,0.001375
0.017125,0.006625
-0.000875,-0.0095
-0.009125,-0.00625
-0.005125,-0.006125
-0.011125,0.006
0.002,0.003875
-0.015375,0.008375
0.01075,-0.002375
0.014,-0.005625
-0.0005,0.005625
0.001375,0.00325
-0.0165,0.0075
0.015125,-0.001
-0.00275,-0.00475
0.017625,-0.011
0.012375,0.006375
0.009875,0.002
0.018125,0.0015
0.003,-0.005875
-0.011125,0.0
0.01375,0.000875
-0.017125,0.00975
-0.01525,-0.001125
0.00625,-0.002125
0.017375,-0.00125
0.011375,0.0
-0.014125,-0.00725
-0.005625,-0.009125
0.012375,-0.00475
-0.00825,0.008125
-0.001,0.00175
0.008875,0.000125
-0.004125,-0.005125
0.018,-0.00925
0.00525,0.00975
-0.009625,0.003875
0.003,0.005625
-0.010375,-0.002375
-0.01175,0.009375
0.014,0.006
0.01225,-0.0005
0.0075,0.003125
0.007625,-0.009
-0.00825,-0.002625
-0.012,0.009625
0.009625,-0.001375
-0.009625,0.00525
0.0175,0.003125
-0.008125,0.004625
-0.00725,0.003125
0.005,0.000125
-0.014125,0.007125
0.007375,-0.006375
-0.010375,0.001125
0.006125,-0.00025
0.018125,0.00325
-0.007125,-0.009875
-0.015375,-0.004625
-0.00375,0.0025
0.01725,0.0045
0.009,-0.004625
0.015375,-0.00025
0.01625,0.00375
-0.015625,0.0095
0.014875,0.01025
-0.009,0.0015
0.00875,0.007
0.002375,-0.008875
-0.01025,0.004
0.008875,0.005625
0.005375,-0.000625
-0.005,-0.0095
-0.01175,0.009375
0.01475,-0.001125
0.01025,0.004125
0.014375,-0.004
-0.013125,-0.008375
-0.00025,0.0095
-0.01325,0.010875
0.017625,-0.0095
0.016,0.003875
0.01125,0.009875
0.00825,-0.00125
-0.0015,-0.004875
0.0155,0.004375
-0.003625,-0.001125
-0.00275,-0.006375
0.009125,-0.00175
0.015375,-0.002
-0.0045,-0.000625
-0.01175,0.010875
0.01325,0.008875
-0.010375,-0.003875
-0.016875,0.007125
0.004875,-0.006125
0.01275,0.0035
-0.01375,-0.0095
-0.013625,0.00825
0.0055,-0.01
0.00225,-0.0075
-0.008625,-0.001375
0.014125,-0.01125
-0.005,0.008125
0.011625,0.0015
0.001875,-0.00525
0.003625,-0.003125
0.002375,-0.002125
-0.004125,-0.006125
-0.00025,-0.01125
-0.008625,-0.000875
0.01825,0.00325
-0.01625,0.0
-0.00825,-0.010125
0.01375,0.00875
0.00875,-0.003375
0.013875,-0.001125
0.008375,-0.00825
0.0165,0.000375
0.004125,-0.006875
-0.010875,0.003125
-0.00875,-0.007
-0.006875,-0.000625
-0.002125,-0.005625
0.00025,-0.01
0.017875,0.00675
-0.005,-0.01125
-0.0055,0.00075
0.017625,0.003875
-0.012625,0.002375
-0.007625,-0.010625
-0.00675,0.004625
0.00625,0.010875
0.002125,0.00025
-0.016875,0.009
-0.012625,-0.0025
-0.007875,-0.0075
0.003,-0.00375
0.016375,-0.005125
-0.017125,-0.000625
-0.010375,0.003375
0.00025,0.00675
-0.007,0.00325
0.013625,-0.009625
0.002375,0.000375
-0.00925,0.001875
0.0175,-0.0035
-0.000125,-0.01125
0.012,-0.004875
0.017,-0.007125
-0.006125,-0.0085
0.011,-0.0035
0.013375,0.004125
-0.010875,0.005375
0.01325,-0.010125
-0.009125,-0.002375
0.007875,0.011125
-0.015,0.0095
-0.008625,0.00775
0.015875,0.004625
-0.0045,-0.00925
-0.016875,-0.0015
0.0115,-0.011
0.015,-0.005625
0.007875,0.009875
0.018375,-0.0085
0.01275,-0.00475
0.01025,0.00825
0.0155,0.004
-0.0145,0.006
0.004,-0.00625
-0.007875,0.007875
-0.002375,-0.00475
-0.013,0.008
0.0,0.002375
-0.005625,0.011
-0.004625,0.0015
0.004125,0.00425
0.00475,0.00875
-0.013125,-0.001625
0.006875,-0.00825
-0.017375,0.00375
-0.004875,0.003125
0.011125,-0.004125
0.004875,0.008625
0.001625,-0.001875
-0.011125,0.006125
-0.00625,0.009625
-0.015375,0.00275
-0.00325,-0.00625
-0.015125,0.008875
0.006125,-0.00075
-0.0155,0.005625
-0.014375,0.004125
0.003375,0.007625
-0.005125,0.002625
-0.008625,0.005625
-0.017125,-0.003
0.002625,-0.003875
-0.007375,-0.0015
-0.01025,-0.007375
0.005375,0.007875
0.00875,0.0095
-0.000125,-0.0075
0.00675,0.003125
0.001375,0.00225
-0.00975,0.01075
-0.000375,-0.00475
-0.004,0.007875
0.018125,-0.000125
-0.009875,0.00725
0.010375,-0.004375
-0.003,-0.006375
-0.018125,-0.005375
0.0005,-0.001875
0.008125,-0.009625
0.007,0.00225
0.0095,0.005625
-0.00225,-0.006625
-0.00525,-0.001375
-0.017375,-0.00375
-0.000375,-0.009125
0.016,-0.004125
0.0065,-0.00925
0.013375,0.00125
0.009,0.005125
0.00475,0.004
-0.014875,-0.00675
-0.003,0.005625
-0.015,0.003
0.003,0.00475
-0.00125,0.01125
-0.015375,0.000375
-0.01625,-0.006375
0.017375,-0.008125
-0.0045,-0.002375
0.017125,-0.000625
-0.003625,-0.0035
0.004125,-0.001875
-0.00175,-0.005625
-0.009375,-0.010625
0.00625,0.00775
0.014125,0.008125
-0.00425,0.01025
0.016875,-0.001
-0.01775,0.00175
0.0165,-0.00175
-0.011125,0.008
-0.008375,0.000125
0.018125,-0.010125
-0.013875,-0.009
0.018625,-0.008875
-0.007,-0.0005
-0.002375,0.009125
-0.01625,-0.011
-0.007875,0.0
-0.002875,0.009
0.0005,-0.001375
-0.008,-0.008625
0.010625,-0.005875
-0.0115,-0.009625
-0.006625,0.00475
0.0165,-0.00675
-0.010625,0.008625
-0.016375,-0.00025
-0.017,-0.01
-0.00675,0.00275
-0.008875,0.0025
0.002125,-0.00125
0.008125,-0.004125
0.012375,-0.00675
0.005125,0.001
-0.000625,-0.001125
0.01075,0.00825
0.016875,0.00475
0.01025,-0.000625
0.015875,-0.000625
0.015125,-0.010125
-0.003375,-0.007875
-0.01725,0.006125
0.00925,0.000125
-0.00025,-0.00975
0.01075,0.001
-0.004,-0.00925
0.00975,-0.0055
-0.01475,0.008125
0.016375,-0.009125
0.01525,-0.0005
0.01275,0.0055
0.001625,0.00775
-0.017,-0.009375
0.00675,-0.008625
0.011375,-0.0045
-0.0125,0.00975
-0.012375,-0.01
-0.012625,-0.005
-0.002625,-0.005375
0.017,-0.006625
0.010125,0.00425
-0.00075,0.00125
0.006875,0.0095
-0.002875,-0.004375
0.003,0.001
0.006625,0.007
-0.000375,0.002625
0.004375,-0.004875
-0.009,-0.009375
-0.0115,-0.010875
-0.007125,0.005125
0.001125,0.00425
0.014125,0.006375
-0.005125,-0.010375
0.00175,0.002375
-0.015125,-0.00825
0.005125,0.0075
-0.001875,-0.000625
0.005875,-0.005625
-0.0065,0.003875
0.01675,-0.009
-0.002625,0.00625
-0.004875,0.000625
-0.0045,0.002
-0.009125,0.00025
0.008375,-0.002375
0.004,0.002
-0.00125,-0.0015
0.014875,-0.005625
-0.0145,0.002875
0.01575,-0.000625
0.007625,-0.000125
-0.001625,0.001875
-0.011875,0.00725
-0.014375,0.008625
-0.018125,-0.005375
0.014125,-0.010125
0.00875,-0.008375
-0.012625,-0.00425
0.005,-0.0085
-0.008625,0.003625
0.000875,0.00375
0.002125,0.005375
0.0055,0.000125
-0.002625,-0.0075
-0.01,-0.005375
-0.000625,0.004625
-0.003125,0.008375
0.010625,-0.000125
0.002375,-0.005875
0.003,-0.0085
-0.00675,0.004
-0.00275,-0.0015
0.008625,0.006625
-0.000625,0.003625
0.00675,-0.004375
0.007125,-0.003875
-0.001875,0.01
-0.017125,0.004875
-0.005375,0.00575
0.009875,0.000375
-0.01075,-0.009625
0.005375,-0.007625
-0.009875,0.00025
-0.00125,0.003125
0.01125,-0.008125
-0.00775,0.0005
-0.002875,-0.010125
-0.012375,-0.0105
-0.014375,0.00675
0.00275,0.007375
0.00075,-0.008625
-0.0025,0.002125
-0.015,0.001875
0.003125,-0.003375
0.018625,0.005875
-0.000875,0.0
0.017375,0.008875
0.01575,-0.00325
-0.002875,0.0055
0.016,-0.001375
0.006,-0.0085
-0.006875,0.0085
0.010625,0.01125
0.005125,0.009625
0.01125,-0.0065
-0.01825,0.0055
-0.016625,-0.005625
0.0075,0.004875
-0.000375,-0.005875
0.001875,-0.00675
0.008,0.0065
-0.011,0.009
-0.000625,0.004875
-0.00525,0.0065
-0.012625,-0.006125
-0.011375,-0.00825
0.00525,0.001125
0.012125,0.007125
0.006625,0.00875
-0.015,0.00525
-0.007625,-0.01025
0.001125,-0.008125
0.014375,-0.005625
-0.003875,-0.007125
-0.003875,0.008
0.002625,0.00375
0.01125,0.00575
-0.011125,-0.00875
0.012,0.005375
-0.00975,0.00125
0.014875,0.003875
-0.011,0.0015
-0.001,0.007625
0.002,-0.00325
-0.001875,0.00525
-0.006125,-0.001625
0.00225,-0.01025
-0.009875,0.006
-0.014375,-0.00525
-0.003125,-0.00575
-0.008875,-0.0035
0.002,-0.002125
0.007375,0.001375
0.00375,0.010125
-0.0155,0.00625
0.014625,0.01025
0.01625,0.001375
-0.002375,0.009625
0.003125,-0.01075
0.014375,-0.010875
-0.00975,0.00125
0.01325,-0.011125
-0.016,0.00375
0.014125,-0.009375
0.008375,0.008125
-0.011875,-0.002375
-0.0095,0.0095
0.011625,0.006375
0.009125,0.002375
0.00975,0.002125
0.00575,-0.003875
0.009625,-0.007625
0.016625,-0.009
-0.015875,-0.007
-0.00475,-0.0005
-0.01575,0.00875
-0.015875,-0.010875
-0.004875,-0.00275
0.001,-0.011125
0.0115,0.0015
-0.004125,0.003875
-0.013,0.009125
0.0105,0.008
0.004125,-0.00625
-0.018125,0.003375
-0.000875,-0.007625
-0.01075,-0.002
0.008125,0.00975
0.003375,-0.00175
0.010875,-0.004125
0.008875,-0.000875
0.008625,0.008125
-0.003875,0.002875
-0.0055,-0.001875
-0.014625,-0.00925
-0.015,-0.004
-0.002125,-0.00325
-0.001375,0.004625
0.0085,0.000375
-0.007,0.003625
-0.006,0.005875
0.0165,-0.003875
-0.013125,-0.0085
0.01725,-0.005
-0.004875,-0.00825
0.0065,0.000625
0.003625,-0.00375
0.01275,-0.0025
0.00775,0.00675
-0.01175,-0.002875
-0.0025,0.008625
-0.00375,0.002
-0.008875,0.009375
0.01575,0.0105
-0.006875,-0.005625
-0.004625,-0.001
0.013875,-0.007625
0.00525,-0.00575
0.00125,-0.0025
-0.013375,0.00125
0.018,-0.005375
-0.007375,-0.005
-0.009875,-0.006625
0.000875,0.009875
0.00475,-0.001625
0.0015,-0.008125
0.002625,0.008375
0.012125,0.00225
0.018,-0.00325
0.012,0.0045
-0.014875,0.00625
0.000375,0.000375
-0.001125,0.0045
0.01475,0.004
-0.0015,-0.004375
0.01875,0.00225
0.014125,-0.008
-0.005625,0.00525
0.015125,0.00275
-0.005125,-0.00475
0.007625,0.009
0.01375,-0.00775
-0.004625,-0.009625
0.01075,-0.009875
0.011125,0.007625
-0.00725,0.005625
-0.006625,-0.0035
-0.017625,0.0065
0.010125,-0.005375
-0.01425,0.00925
0.006875,0.00425
-0.01475,-0.00175
-0.004,0.01075
-0.014625,-0.009125
-0.01625,-0.0055
-0.00625,0.004625
-0.005375,-0.00575
0.002625,-0.010875
0.0005,0.00625
0.0095,0.00925
-0.011625,-0.007125
-0.006125,-0.010625
0.006875,-0.009875
-0.00875,0.001625
0.00325,0.008125
-0.006,0.004875
0.018625,0.010375
-0.005125,-0.0015
0.006125,-0.000625
-0.016625,-0.0025
0.016,-0.00475
0.018375,0.00025
0.006625,-0.011125
-0.00775,0.0015
0.014,0.00275
-0.00225,-0.005125
0.015125,-0.001875
-0.012875,-0.009375
0.012375,-0.010375
0.004,-0.003375
-0.015625,0.00375
0.00275,-0.001
-0.01225,0.008125
-0.0045,-0.002
0.004875,0.005625
-0.0175,0.004625
-0.004,-0.0075
0.0115,0.009125
0.0085,0.010125
-0.0015,-0.011
-0.00075,-0.001625
-0.018625,0.001375
0.0115,0.0095
0.00625,0.007625
0.009875,-0.005875
0.01425,0.000625
-0.015,0.005625
0.013125,-0.006125
-0.006125,-0.006375
-0.0125,0.006125
0.000375,0.001875
0.015375,0.007375
-0.013875,0.01025
-0.018,-0.01025
-0.0145,0.008625
0.012125,0.001375
-0.011,-0.00475
-0.007125,-0.00725
-0.012375,-0.000875
0.009375,-0.006375
0.006125,0.00875
-0.01825,-0.000375
-0.014625,0.0005
-0.011875,0.0055
-0.00825,0.010875
0.002,-0.007125
-0.01325,-0.00875
-0.004875,0.009625
0.017125,0.00025
0.01825,-0.004125
-0.00325,0.00375
-0.016375,-0.009875
-0.011125,-0.00875
-0.01125,0.01125
0.00975,-0.01125
-0.008125,0.010625
-0.0175,-0.00325
-0.017625,0.011125
0.0185,0.007
-0.002625,-0.007
0.014625,-0.002625
-0.017,-0.001625
-0.00375,0.0035
0.01225,0.011125
-0.009125,-0.00125
0.013625,-0.0055
-0.010625,-0.002875
0.004625,-0.008125
0.0025,-0.005875
-0.003,0.002
0.018125,-0.004625
0.017,0.001125
0.00875,0.004875
0.016875,0.011125
-0.017875,-0.003
0.001875,0.0075
-0.01475,0.010375
0.014,0.01125
-0.0015,0.002875
-0.008,-0.004875
0.01625,-0.008125
0.014125,0.008625
-0.0115,0.010875
-0.005875,-0.00875
0.0075,0.0075
-0.011875,0.003125
0.013625,-0.008
0.0035,0.008
0.009,-0.011125
-0.011125,-0.004125
-0.00975,-0.001625
-0.0075,-0.00875
-0.00625,-0.007625
-0.000625,0.003
-0.01225,0.007875
-0.0185,-0.01025
-0.003125,-0.005625
0.004,-0.008875
-0.011,0.00675
0.01275,0.0065
-0.011875,0.00575
-0.01075,-0.007
0.01225,-0.007
0.00425,0.009375
-0.01375,0.003375
0.016875,0.00425
0.0125,-0.000125
-0.00825,0.0055
-0.004125,-0.009875
0.01425,-0.00875
-0.00975,-0.008
-0.00125,-0.00975
0.006125,0.00475
0.003,-0.011125
0.005,0.011
-0.005375,-0.00775
-0.010625,0.00225
-0.0105,-0.0015
0.0115,-0.004375
0.0075,0.004
-0.01175,0.00725
-0.005125,-0.007
0.01175,-0.003125
-0.013125,-0.0095
0.012125,-0.01025
-0.006375,-0.008
-0.00775,-0.010875
-0.005875,0.002375
0.01575,-0.0075
0.00775,0.003125
-0.01575,-0.003625
0.005875,0.007125
-0.0125,-0.01025
-0.017625,-0.010125
-0.006,-0.007125
-0.0075,-0.007125
-0.001875,-0.006875
-0.017875,-0.004875
0.017375,-0.008875
-0.0055,-0.00025
-0.016125,0.00225
-0.0185,-0.009125
0.00075,-0.0085
-0.009875,0.0105
-0.00375,-0.002375
0.004875,-0.00675
0.015375,0.006
0.01875,0.002
0.013125,0.006875
0.01425,0.009375
0.01225,-0.00175
-0.011125,0.005625
-0.012625,0.011125
-0.01475,0.01
-0.008625,0.00575
-0.00925,-0.007375
-0.0075,0.00875
-0.00925,0.003375
0.0055,-0.00925
0.0065,0.000625
-0.004875,-0.00175
-0.004125,-0.0105
-0.016375,-0.006125
0.003125,0.002875
0.009625,-0.003875
-0.015875,-0.004875
0.005,-0.009125
-0.013125,0.003375
0.009625,0.005625
0.013625,0.010125
-0.01175,-0.01025
-0.010375,0.009
-0.004625,0.010125
-0.0135,0.0095
-0.010375,0.0015
0.006625,0.001875
0.013625,0.003
0.001375,0.003875
-0.007875,0.01125
0.008125,-0.01075
0.009,0.003375
-0.003625,0.000125
0.0175,-0.00125
-0.01375,0.003
0.0085,0.0
0.000625,0.00725
-0.0175,-0.005625
-0.0055,0.0085
0.00325,-0.00625
-0.00025,-0.01
0.005625,0.00025
-0.010125,-0.005125
0.013125,-0.003125
0.012875,0.009875
-0.008375,0.00125
-0.015,-0.006125
0.0005,0.010625
-0.01725,-0.0025
-0.00125,-0.001125
-0.015,-0.010375
0.0185,0.01025
-0.0015,0.007625
0.012375,0.009375
-0.015625,-0.0085
-0.0055,-0.003125
0.00375,-0.011
-0.008,0.009
-0.011875,-0.006125
0.0115,-0.002625
-0.013125,-0.001875
-0.00475,-0.0045
0.007125,0.00775
0.00075,0.007375
-0.01525,0.00175
0.01825,-0.007375
0.00775,-0.008875
0.01725,0.001625
0.0135,0.007125
-0.002625,-0.004
-0.004125,-0.004875
-0.010125,0.01
-0.00725,0.007375
0.012625,-0.00125
0.013625,0.003
-0.0105,0.008125
-0.009875,-0.00175
0.007375,-0.01125
-0.0035,-0.00525
-0.0145,0.005125
-0.016375,-0.010875
0.01875,0.002875
0.018,0.00525
0.01725,0.002125
-0.0085,0.007
0.0185,-0.002875
0.000125,0.01075
-0.00425,0.010375
0.0075,-0.000625
0.012875,0.001125
0.011875,0.004
0.004875,-0.003
0.00975,-0.001
0.015625,-0.009625
-0.018,0.009375
0.00375,-0.007625
-0.00025,0.00575
0.018625,-0.004
-0.01025,0.00975
0.01825,-0.009875
0.001125,-0.002375
-0.0115,0.0055
-0.0075,-0.003625
0.009375,0.009375
0.016625,-0.0005
-0.00725,0.00125
0.003125,0.002
-0.001375,-0.005125
-0.0085,-0.009625
0.01225,-0.001375
-0.017375,-0.0055
-0.00875,0.002625
0.009125,0.006625
0.005,-0.008375
-0.013625,0.00475
0.007,0.008375
-0.01775,0.003375
-0.015625,-0.01025
-0.00475,0.003875
0.0015,-0.006125
0.0125,-0.00825
-0.00775,0.0105
0.007,-0.008875
0.009,0.000375
0.008625,0.007625
0.00225,0.000125
0.004375,-0.008375
-0.01325,0.006875
-0.012625,0.00025
-0.009125,0.006
-0.00225,-0.007125
0.00375,0.009
0.00975,0.00625
0.007875,-0.00925
0.0145,0.010625
0.011625,0.001375
0.018625,0.002
-0.004125,-0.006
-0.004125,-0.0075
-0.0175,-0.009375
-0.00075,0.003875
-0.0005,-0.00275
0.012875,-0.00825
-0.007625,0.0095
0.0055,0.010125
-0.01,0.004
0.0135,0.0075
0.01025,-0.002625
0.001625,0.007875
-0.011625,-0.00425
-0.000875,0.007125
0.00425,-0.0005
-0.00925,-0.0015
0.003625,-0.000125
0.004875,-0.006375
0.01225,0.00475
0.01225,0.008
-0.00825,0.00325
0.014875,-0.0075
0.005,0.003375
-0.00225,-0.008375
0.01575,-0.002375
-0.01525,-0.009875
-0.012375,0.011125
0.001375,0.00125
0.008625,0.0095
-0.015125,-0.0075
-0.01075,0.002625
0.01775,-0.010375
-0.005875,-0.005875
-0.003375,-0.0045
0.010375,0.009375
0.009375,0.00525
-0.005875,-0.01
0.0065,0.010125
-0.0095,-0.009125
-0.016375,0.002125
-0.0045,-0.00875
0.011875,0.001125
0.009125,0.00175
-0.00025,0.007125
0.018375,0.006125
0.002375,-0.008
0.00825,0.010375
0.01775,-0.001375
-0.009625,0.00275
0.006125,-0.005
-0.00175,0.00475
-0.017625,0.001625
-0.01575,-0.002625
0.01375,-0.003625
0.014625,0.006125
-0.0075,0.00725
-0.0005,0.007625
0.0185,-0.007375
0.004375,-0.004625
0.0105,-0.01075
0.012,0.007625
0.008625,-0.002375
-0.003375,0.00725
0.0065,0.00825
0.01775,-0.006875
0.007375,-0.0025
-0.002875,-0.005625
0.01625,-0.002
-0.0055,0.0035
0.015375,0.01075
0.01725,-0.0005
0.001,-0.01075
-0.0075,0.007375
0.00875,0.001125
-0.00875,-0.010375
0.007625,-0.007375
-0.016875,-0.00625
-0.014875,-0.011
0.01825,0.002
-0.010125,0.006625
-0.01175,0.0045
-0.005,-0.00175
-0.001,0.003875
0.016375,-0.003
-0.013375,-0.010625
0.01475,0.00425
0.014375,-0.00025
0.005125,-0.008875
-0.006875,-0.0095
0.01175,0.00475
0.01025,-0.002625
-0.0055,-0.009125
0.010875,0.002375
0.01775,-0.009625
-0.009875,0.0055
0.01825,0.000875
0.017375,-0.0035
-0.008625,0.006625
-0.00875,-0.010125
-0.0085,0.001
-0.014875,-0.010875
-0.013,0.0055
-0.010375,-0.0045
-0.013125,-0.006125
-0.008375,-0.005125
0.001875,-0.007125
-0.013625,-0.000875
0.006,0.008125
-0.011,-0.009625
0.003,-0.00925
-0.003125,0.000375
0.0035,-0.0105
-0.013375,0.00825
-0.011,0.001
0.008875,0.01
0.008,0.008125
0.014375,-0.0085
0.012875,0.009625
0.005625,-0.001875
-0.00525,-0.00125
0.001125,0.00325
-0.01525,-0.000875
-0.001875,-0.01125
-0.015375,0.006
0.006375,0.007625
0.016625,0.010875
-0.0125,-0.00425
0.01375,-0.007875
-0.01825,0.0015
-0.003875,-0.003375
0.00825,0.007875
0.0115,-0.001
0.011,-0.00575
0.016,-0.004125
-0.01725,-0.008
0.014125,-0.005
-0.011125,0.00375
-0.006125,0.0025
0.01225,-0.005
0.014625,-0.00825
0.008125,0.0105
0.01425,0.00225
0.0165,-0.00375
0.0035,-0.005125
0.00875,0.006875
-0.004,-0.006875
0.016625,0.002125
0.01325,-0.00175
-0.00225,-0.000125
-0.017,0.008
-0.01875,-0.003125
-0.00275,0.008875
0.0125,-0.00125
-0.017375,0.006375
-0.013875,0.006125
-0.005125,0.008625
-0.0135,-0.0085
0.013125,0.004375
0.012,0.003
-0.011375,0.00875
0.014375,0.002
0.00975,0.00975
-0.00625,-0.004625
0.018125,0.003125
0.011375,-0.0065
0.015,0.002
-0.0085,0.0055
0.00675,0.008
0.008875,0.00325
-0.009,0.007375
-0.00625,-0.0095
-0.00425,-0.004
-0.004875,-0.004375
-0.003375,-0.009375
0.005,-0.004625
-0.017625,0.006
0.0105,0.0
-0.010125,0.004875
0.008125,0.00075
0.01075,0.006875
-0.0015,-0.003
-0.0095,-0.00325
-0.006375,-0.00475
0.005625,-0.0025
-0.0145,-0.00225
0.002125,-0.00075
0.004625,-0.00475
-0.011875,-0.008875
-0.016,-0.002625
-0.015375,0.00725
0.001125,-0.00175
0.01475,-0.002375
-0.00075,-0.006375
-0.018,0.00975
-0.014375,0.008875
-0.018625,0.00625
0.001875,0.0045
0.00275,-0.009625
-0.012125,-0.009875
-0.014125,-0.003875
0.00725,0.010625
0.0015,0.006125
0.007,-0.006375
0.003875,0.009375
0.005,0.0025
0.0085,0.004875
0.005125,-0.009875
0.00275,0.009125
-0.007625,0.00975
0.014,-0.00275
0.003,0.010625
0.017875,-0.002125
0.01275,-0.009125
-0.01875,-0.00125
-0.00975,-0.005375
-0.005375,-0.003625
0.008875,0.009375
0.00425,0.008625
0.000125,-0.009625
-0.014375,-0.006375
-0.012,0.007875
-0.015375,0.003125
0.0085,-0.01
-0.000625,0.0085
-0.004375,-0.00875
0.016125,-0.00475
0.002625,0.007875
-0.00875,-0.011125
-0.01225,0.004875
0.01,0.006
0.007875,-0.01
0.011875,0.001125
-0.014,0.004875
0.009375,0.008125
-0.017,-0.004625
-0.0135,-0.005375
-0.018125,0.007375
-0.0155,0.00925
0.0055,-0.0065
0.011375,-0.000625
0.014625,-0.003
-0.01475,0.00675
0.011,-0.00125
-0.006,0.01
-0.012375,-0.00675
0.012875,0.00325
-0.017375,0.00525
-0.005375,-0.009875
-0.016125,-0.002125
0.008875,0.00525
-0.01225,0.00025
0.0155,-0.00575
0.012375,0.004125
0.012625,-0.005375
0.002875,-0.002625
0.001375,0.0045
0.0185,-0.001875
0.00475,0.00325
-0.013125,0.009625
-0.008875,-0.0105
0.001875,-0.00775
-0.005625,0.002625
0.01425,-0.0105
0.014875,0.010625
0.010875,0.0035
0.0125,-0.000625
0.016125,0.00075
-0.01525,0.009625
-0.016625,0.006125
-0.01225,0.00625
0.01,0.0045
-0.009375,-0.000875
-0.000375,-0.0035
-0.004625,0.00875
0.017875,0.006375
-0.012875,0.003875
-0.012,-0.0045
-0.002375,0.003875
0.014625,-0.00775
0.001875,-0.009875
0.00225,0.00525
0.00275,-0.004125
-0.0145,-0.001875
0.009,0.00475
-0.0045,-0.010125
-0.011,-0.00625
0.01625,-0.003
0.015125,0.00775
0.012125,0.011
-0.00825,-0.007375
-0.004,-0.000125
0.012125,-0.0005
0.005375,-0.009125
-0.016125,0.00525
-0.004125,0.004125
0.002,-0.001125
0.007375,-0.004
0.00225,-0.003875
0.016,-0.0065
0.00475,-0.00575
0.01375,0.00925
-0.008375,0.009375
-0.0035,-0.00275
0.003375,0.008125
0.012125,-0.009625
0.00775,0.0045
0.012375,0.007625
-0.009375,-0.0035
0.014375,0.00675
0.014625,-0.003625
0.006375,0.01025
0.00675,0.007625
-0.016,-0.009375
0.000875,0.001375
-0.002625,0.008625
-0.017,-0.008875
-0.00825,0.0085
-0.013625,-0.006125
0.01,0.0065
-0.011125,0.009375
-0.0115,-0.007
-0.0025,-0.007
-0.0045,-0.007375
0.018625,-0.00725
0.018125,-0.010875
0.007875,0.011125
-0.01175,0.01
0.01625,-0.003375
0.018625,-0.000875
0.008,0.010625
0.0005,0.0065
0.0145,0.005125
0.015875,-0.01075
0.011875,-0.01075
-0.005875,-0.004625
0.0085,-0.004375
0.01575,0.003125
0.01525,0.003625
-0.00775,0.00775
-0.008125,-0.003125
0.0045,-0.003625
0.0165,-0.008625
-0.0105,0.010875
-0.012125,0.00825
-0.00575,0.01075
0.01725,0.005125
0.00375,-0.007625
0.00175,0.005
0.009,0.010875
0.001875,0.011125
-0.000625,0.009
0.01775,-0.011
0.0005,-0.00525
0.014,-0.006875
-0.01275,-0.005125
0.013875,0.008125
-0.0045,0.009875
0.000875,0.0105
0.01025,-0.00725
0.010625,-0.007875
0.018375,0.00725
-0.009625,-0.008375
-0.0105,-0.01075
0.017375,-0.006
0.006,-0.008
0.013375,-0.01
-0.010125,0.00525
-0.014625,-0.009
0.0,-0.004875
0.004,-0.003375
-0.011,0.006875
-0.004375,0.00725
0.013375,0.0
-0.00975,-0.00475
-0.011,0.00325
-0.000375,-0.010375
-0.01625,-0.00575
0.0145,0.01075
-0.00575,0.005125
-0.0045,-0.0005
-0.013625,0.008
-0.006375,-0.004625
-0.0185,0.005875
0.00075,-0.006
0.01125,-0.00575
0.017875,-0.004
-0.01775,-0.004375
0.008375,-0.00275
0.011125,0.003
0.01125,0.005375
0.00525,0.0015
0.0055,0.011
0.0075,-0.00025
-0.0155,0.01125
0.008125,0.001625
-0.016,0.00075
0.016,-0.003375
-0.018125,0.00125
-0.015125,-0.003
0.01325,0.00675
0.004,-0.00625
0.007625,-0.00975
0.0005,-0.008875
-0.018,0.007
-0.001125,0.005375
-0.018625,-0.004
-0.018625,-0.004875
-0.0035,0.004375
-0.0105,-0.006875
-0.01,-0.008375
0.004125,-0.00375
0.015875,0.0055
-0.017375,0.002125
0.008625,0.003
0.007875,-0.004
0.009875,0.0065
0.01375,-0.011125
-0.00625,0.001
-0.017875,0.007875
-0.0105,0.0045
-0.018,-0.010125
0.013625,0.008125
-0.005875,-0.003
-0.00225,0.000375
-0.004625,-0.011
0.005375,-0.001
0.005,-0.00975
-0.015875,0.001
0.0035,0.00225
-0.015625,-0.002375
0.010625,0.00425
0.0035,0.004875
0.014625,-0.007625
0.01225,0.00675
-0.002625,-0.003125
-0.01325,0.010875
-0.0155,0.003875
-0.01525,0.0025
0.0055,0.002875
-0.00175,0.003125
0.01475,0.007375
-0.014125,0.004375
0.006875,-0.004
0.004125,0.004625
-0.00225,-0.003125
-0.01325,-0.004625
0.0175,-0.005875
0.007625,0.00525
0.00425,0.01025
0.008125,0.00575
0.001,-0.010375
0.00175,-0.00625
-0.01825,-0.00825
-0.000625,-0.008125
-0.014375,-0.004875
0.003,-0.005
0.0095,0.002875
0.009125,0.00175
0.0025,-0.00525
-0.00525,0.01125
0.0055,-0.01125
-0.013875,-0.002625
-0.016,0.00975
0.0085,0.005625
-0.005125,-0.003125
0.016,0.006125
0.0025,-0.009875
0.00575,0.007375
0.009,-0.0015
0.00325,0.011125
-0.009125,0.006875
-0.0035,-0.0085
-0.015375,0.0005
-0.007125,-0.00425
-0.010375,0.00575
0.013625,-0.00675
-0.006125,0.004375
0.008,-0.004375
0.006125,0.004875
0.011375,0.00975
0.015125,-0.00925
-0.013875,0.005125
-0.003125,-0.007625
-0.01875,0.008125
0.0145,0.0065
0.002,0.00575
0.0175,-0.009
-0.01075,-0.007125
-0.003125,-0.007375
-0.015375,0.0015
0.006875,-0.005875
-0.01425,-0.004
-0.018125,0.00825
-0.004375,-0.00325
-0.003875,-0.010625
0.01775,0.003625
0.002125,0.006125
-0.0035,0.000625
-0.018625,-0.0095
-0.009125,-0.00925
-0.00275,-0.00975
0.00125,0.011
-0.001625,0.0015
-0.016875,0.001125
-0.017,0.0105
0.006,0.000625
0.01425,0.01025
-0.01025,0.008875
-0.017875,-0.009
-0.00175,-0.00025
-0.003875,0.009
0.016125,-0.00075
0.01775,-0.00225
-0.003125,0.008
0.00825,0.00425
0.00975,0.005375
-0.00825,0.002
0.001375,0.000875
0.017,0.003
0.005375,-0.002375
0.006,-0.010625
0.0125,-0.00875
0.00325,0.010625
0.016375,-0.007125
0.00475,0.000375
-0.002,-0.006375
0.00475,0.002375
0.005375,0.001375
-0.0155,-0.00625
-0.00225,-0.00075
0.00425,-0.001625
0.014625,-0.00075
0.007375,-0.000375
0.01525,0.011
0.00825,0.00125
-0.016125,0.011125
0.00975,-0.001375
0.008375,0.0165
0.019375,-0.00325
0.0105,0.018125
-0.002,0.00675
-0.004125,0.0105
0.012875,0.017875
0.034875,0.007625
0.0055,0.01875
0.0395,0.01175
0.030375,0.0315
0.030875,0.032875
0.03525,0.0285
0.028375,0.0325
0.0405,0.035875
0.041375,0.03075
0.041625,0.034875
0.04375,0.032875
0.046875,0.040875
0.050625,0.03275
0.028875,0.05
0.037,0.047375
0.0345,0.045625
0.0355,0.053
0.049875,0.04125
0.034875,0.05025
0.04575,0.04325
0.046875,0.054625
0.0605,0.064875
0.0455,0.0645
0.05275,0.051125
0.078625,0.056625
0.076875,0.063875
0.07025,0.0645
0.08375,0.0795
0.06775,0.060625
0.08325,0.07225
0.0825,0.06675
0.0795,0.070375
0.08925,0.0725
0.068375,0.084625
0.07675,0.076
0.090125,0.07425
0.088,0.0905
0.10125,0.092375
0.103375,0.093
0.101875,0.10325
0.078625,0.092625
0.11325,0.09925
0.087625,0.104125
0.110125,0.11075
0.08675,0.09675
0.099125,0.104125
0.118875,0.11
0.122375,0.104125
0.116875,0.106375
0.114,0.115375
0.1065,0.123625
0.131125,0.11475
0.124375,0.116625
0.1105,0.120375
0.12,0.117625
0.1395,0.126625
0.117125,0.13225
0.113125,0.11775
0.135375,0.13175
0.149875,0.142625
0.118375,0.14375
0.133875,0.142375
0.13375,0.12775
0.14875,0.1445
0.157375,0.1325
0.1375,0.141
0.149375,0.135125
0.168,0.1365
0.134125,0.149125
0.15575,0.146375
0.151375,0.16175
0.174125,0.152875
0.156125,0.16525
0.15425,0.160625
0.17275,0.167125
0.174,0.158375
0.15225,0.1675
0.169875,0.17375
0.171625,0.172125
0.187625,0.175875
0.1795,0.18325
0.190375,0.170875
0.169,0.176625
0.175375,0.1775
0.186875,0.1855
0.19325,0.184875
0.176875,0.18225
0.181875,0.177875
0.1795,0.185875
0.19575,0.18825
0.2115,0.183875
0.1885,0.203125
0.185,0.1945
0.210375,0.204375
0.194,0.1925
0.222125,0.199625
0.198375,0.202125
0.196,0.205125
0.19775,0.205125
0.201,0.21025
0.207625,0.207125
0.225,0.2215
0.234,0.2075
0.227125,0.2235
0.203875,0.207375
0.208625,0.218625
0.219125,0.226375
0.2385,0.226125
0.23975,0.224875
0.24875,0.23475
0.2485,0.240625
0.249875,0.23375
0.2225,0.231375
0.25225,0.231375
0.225,0.23625
0.229375,0.228625
0.239125,0.23175
0.24125,0.2525
0.244125,0.24925
0.236,0.2365
0.26825,0.245625
0.25575,0.244125
0.248875,0.24475
0.240875,0.248375
0.2745,0.260125
0.25675,0.261875
0.2525,0.257375
0.273125,0.266375
0.26625,0.2645
0.264375,0.2675
0.2625,0.267
0.284875,0.263875
0.26525,0.279
0.284625,0.271125
0.28975,0.27475
0.272625,0.268
0.296,0.290875
0.271875,0.279875
0.298375,0.27775
0.303875,0.28375
0.284,0.297
0.302875,0.294375
0.307625,0.2845
0.305875,0.2875
0.3115,0.285
0.304125,0.30325
0.321125,0.2895
0.32325,0.290875
0.3155,0.304625
0.300125,0.3055
0.301125,0.296875
0.332375,0.308125
0.310625,0.303875
0.307,0.31675
0.333375,0.316
0.330875,0.32025
0.3085,0.31475
0.314625,0.324375
0.327125,0.316625
0.338625,0.317625
0.3375,0.320125
0.325125,0.325625
0.32525,0.337625
0.345625,0.3385
0.33175,0.3445
0.348125,0.333375
0.339125,0.34625
0.34875,0.343375
0.345375,0.341625
0.357875,0.3485
0.35525,0.351875
0.3495,0.347875
0.372625,0.356375
0.366375,0.360625
0.34175,0.35475
0.368875,0.352625
0.348125,0.35325
0.383375,0.362625
0.377375,0.3605
0.36025,0.357125
0.356875,0.365125
0.383125,0.362375
0.37575,0.36725
0.372125,0.377875
0.36325,0.38125
0.388375,0.36925
0.365875,0.374625
0.382625,0.381375
0.39125,0.38025
0.385375,0.375625
0.387125,0.385625
0.3755,0.378875
0.386,0.384125
0.4135,0.38575
0.395375,0.3805
0.38575,0.391625
0.410125,0.392875
0.39675,0.39925
0.39075,0.4085
0.38925,0.39275
0.408625,0.411125
0.415,0.3965
0.4175,0.401125
0.40675,0.4
0.42625,0.401
0.41975,0.41325
0.429125,0.422625
0.416875,0.419
0.41025,0.420375
0.4215,0.415
0.423,0.4275
0.443625,0.4285
0.424625,0.434625
0.44775,0.43875
0.426,0.42425
0.422875,0.43675
0.456625,0.44375
0.4425,0.42725
0.445625,0.430125
0.45475,0.444
0.46025,0.452
0.453875,0.43475
0.46775,0.446
0.45425,0.4495
0.469375,0.44425
0.454125,0.445625
0.468625,0.450625
0.461125,0.46325
0.454625,0.45975
0.461625,0.454625
0.465,0.45675
0.48575,0.450375
0.47325,0.46775
0.455,0.45425
0.4635,0.4785
0.476125,0.47175
0.46425,0.476
0.488,0.475125
0.493125,0.485875
0.4835,0.479375
0.484375,0.468125
0.476875,0.479125
0.4775,0.4845
0.484125,0.484625
0.477375,0.485
0.488625,0.49875
0.49825,0.48275
0.485375,0.500875
0.50425,0.497875
0.5165,0.499
0.49675,0.502
0.489,0.509625
0.506125,0.512
0.499375,0.507375
0.522875,0.501375
0.50575,0.504125
0.52975,0.500375
0.514125,0.514125
0.522125,0.50825
0.526625,0.50475
0.51825,0.52175
0.519125,0.529625
0.543,0.52125
0.518375,0.5145
0.51525,0.53025
0.54825,0.529875
0.535375,0.531125
0.5415,0.535
0.528875,0.5385
0.54675,0.523875
0.559125,0.52725
0.5575,0.544375
0.543375,0.53275
0.535875,0.545625
0.553,0.552875
0.5685,0.540875
0.544125,0.539125
0.557625,0.54175
0.55075,0.54375
0.56175,0.55925
0.555625,0.54775
0.580875,0.560125
0.56225,0.562125
0.55425,0.556125
0.5785,0.55175
0.5805,0.569875
0.589625,0.5625
0.59025,0.55725
0.589625,0.575
0.581875,0.567625
0.578,0.567625
0.592125,0.573875
0.586375,0.579125
0.60175,0.569375
0.583625,0.590875
0.601375,0.582625
0.610625,0.578
0.595125,0.592875
0.614625,0.59325
0.59225,0.591125
0.598375,0.5875
0.610875,0.601875
0.586875,0.59675
0.621125,0.606375
0.615,0.59525
0.616875,0.5975
0.608875,0.604375
0.61875,0.60225
0.621625,0.596625
0.606375,0.597875
0.631,0.608875
0.619125,0.619625
0.627125,0.61375
0.635625,0.62375
0.612,0.62775
0.61975,0.621
0.648125,0.618875
0.638625,0.613375
0.636375,0.62125
0.639,0.636125
0.6305,0.61825
0.642875,0.636625
0.656625,0.6405
0.6595,0.62325
0.647625,0.6405
0.64675,0.6415
0.646625,0.642375
0.652125,0.64025
0.649875,0.63375
0.666875,0.639625
0.6555,0.6565
0.675125,0.63875
0.67325,0.652375
0.669125,0.651125
0.657,0.644375
0.65,0.650125
0.680625,0.6655
0.6695,0.656375
0.68925,0.66125
0.663,0.661625
0.661625,0.675625
0.683875,0.671125
0.674625,0.661875
0.68575,0.676125
0.703125,0.671375
0.698125,0.665375
0.69075,0.6885
0.685,0.688125
0.70425,0.679
0.688875,0.685625
0.7075,0.678875
0.71275,0.693
0.701125,0.691375
0.7125,0.69775
0.719875,0.6945
0.7205,0.7015
0.702,0.70125
0.690375,0.696375
0.708375,0.69325
0.726375,0.69725
0.70475,0.6985
0.73075,0.69875
0.714125,0.70075
0.705125,0.704
0.7335,0.70975
0.742375,0.70925
0.74275,0.71275
0.740375,0.72125
0.74775,0.709375
0.713875,0.7105
0.716375,0.71975
0.75075,0.71975
0.726625,0.7335
0.7465,0.7195
0.731125,0.71825
0.725,0.72375
0.734375,0.735
0.75775,0.72425
0.73225,0.7355
0.753125,0.747625
0.747625,0.729125
0.759875,0.7395
0.768,0.7365
0.775125,0.756125
0.7595,0.74875
0.747125,0.743875
0.76125,0.746375
0.769875,0.755
0.75425,0.762125
0.763875,0.7635
0.76375,0.754625
0.756,0.764625
0.7595,0.7725
0.75875,0.762625
0.787875,0.754375
0.76125,0.757125
0.78675,0.78025
0.77375,0.763375
0.7935,0.76775
0.806,0.766375
0.789875,0.7705
0.7845,0.767875
0.776125,0.782125
0.783375,0.775125
0.796375,0.775875
0.81425,0.786875
0.795,0.797375
0.816125,0.7815
0.816,0.7805
0.82075,0.7955
0.794,0.793875
0.810375,0.798125
0.81375,0.7905
0.8255,0.808125
0.807875,0.804
0.808625,0.814
0.833875,0.802375
0.831625,0.812625
0.814,0.804625
0.827875,0.8155
0.81125,0.814375
0.840625,0.804375
0.847875,0.809375
0.846375,0.826375
0.840375,0.82625
0.84075,0.813875
0.839625,0.818125
0.845625,0.83275
0.852,0.82475
0.831625,0.8195
0.838875,0.821625
0.84125,0.830625
0.848375,0.843375
0.847125,0.829125
0.838125,0.832
0.84275,0.840375
0.8485,0.834875
0.84825,0.841125
0.86125,0.846
0.865375,0.837125
0.871875,0.8515
0.874,0.842375
0.875875,0.859625
0.861875,0.85825
0.865375,0.865875
0.861875,0.8605
0.869,0.8635
0.87025,0.8705
0.88425,0.852375
0.876625,0.874
0.88425,0.8705
0.86425,0.8695
0.879125,0.863875
0.89225,0.8755
0.905125,0.881375
0.9075,0.873875
0.898,0.880625
0.9085,0.882875
0.8915,0.891875
0.893875,0.89175
0.897375,0.874125
0.906,0.88125
0.9135,0.878
0.887,0.89825
0.907875,0.892125
0.92425,0.888125
0.90225,0.885375
0.90325,0.886125
0.9025,0.89925
0.922875,0.90025
0.90225,0.895
0.906625,0.909875
0.927125,0.90375
0.91775,0.918375
0.93975,0.91125
0.920875,0.91875
0.91075,0.91575
0.919375,0.912875
0.9305,0.90575
0.919875,0.9165
0.926625,0.910125
0.9545,0.928875
0.933875,0.925
0.9325,0.930875
0.9325,0.923
0.94575,0.9365
0.93375,0.920375
0.95325,0.937625
0.967,0.935375
0.941375,0.926875
0.94975,0.942125
0.93975,0.945375
0.969625,0.930375
0.95025,0.937625
0.947,0.937125
0.970125,0.9375
0.966125,0.954375
0.971625,0.948875
0.971875,0.940875
0.96275,0.9545
0.952625,0.95875
0.980875,0.948875
0.96075,0.967875
0.96125,0.960625
0.985625,0.9615
0.97375,0.95525
0.97475,0.974125
0.969875,0.965375
0.983625,0.980125
0.997125,0.960875
0.98,0.968625
1.00425,0.984625
0.979625,0.97675
0.980125,0.98275
0.983125,0.9765
1.014875,0.97625
0.997,0.978375
1.01925,0.98075
1.001375,0.99025
1.018,0.996625
0.99675,0.983125
0.995125,1.003125
1.011375,1.00025
0.999375,0.99775
1.0215,0.993875
1.003375,1.00725
1.005375,1.012125
1.032125,0.9955
1.014625,0.99475
1.0195,1.00725
1.02475,1.01075
1.0235,1.005125
1.020375,1.006125
1.031875,1.020375
1.04225,1.007375
1.037375,1.01875
1.0435,1.01125
1.024125,1.020375
1.041625,1.012875
1.02725,1.024625
1.057375,1.03025
1.028125,1.024375
1.059875,1.027875
1.049875,1.028
1.0535,1.024375
1.049625,1.028125
1.07125,1.02875
1.050375,1.028375
1.047625,1.0435
1.0455,1.04575
1.052,1.046375
1.069625,1.03775
1.065375,1.056
1.076875,1.04975
1.071625,1.044875
1.086375,1.045125
1.065125,1.06125
1.0705,1.050625
1.07225,1.06275
1.090125,1.05775
1.05825,1.05875
1.069125,1.06675
1.0685,1.0625
1.097375,1.05375
1.073,1.074375
1.085375,1.077625
1.07625,1.0775
1.102125,1.070625
1.109,1.065125
1.08375,1.078375
1.098375,1.074625
1.094875,1.083625
1.11025,1.07125
1.113,1.082125
1.093125,1.084
1.104625,1.084375
1.119,1.081
1.121,1.0975
1.10075,1.0875
1.114375,1.08625
1.104,1.096
1.129125,1.092375
1.119625,1.08725
1.1215,1.093625
1.137,1.089625
1.110125,1.09325
1.1155,1.096875
1.13475,1.09475
1.117625,1.11225
1.13775,1.104375
1.136625,1.118625
1.123,1.10575
1.1475,1.106125
1.147,1.105625
1.12825,1.125875
1.14275,1.11975
1.139375,1.11175
1.150625,1.11525
1.145,1.12475
1.131,1.120875
1.133,1.12975
1.15725,1.119125
1.1675,1.11975
1.15025,1.126125
1.155875,1.140625
1.151625,1.1395
1.141625,1.145875
1.161625,1.133625
1.176125,1.144625
1.151875,1.131875
1.154375,1.13825
1.155625,1.149375
1.178,1.154125
1.152375,1.157125
1.15575,1.1475
1.18075,1.147
1.188375,1.1565
1.162625,1.15925
1.175375,1.152
1.188,1.156875
1.174375,1.157
1.186875,1.161
1.166875,1.16725
1.185125,1.160625
1.17225,1.168375
1.205875,1.16925
1.18875,1.17025
1.1785,1.16525
1.1995,1.172625
1.200625,1.17475
1.190875,1.174875
1.2115,1.183375
1.206875,1.176375
1.208625,1.187625
1.2155,1.185
1.20325,1.1915
1.221875,1.18025
1.193125,1.18325
1.195875,1.190875
1.2145,1.188375
1.216375,1.196125
1.23425,1.20275
1.2275,1.188125
1.204625,1.19275
1.215375,1.211
1.22175,1.200125
1.217625,1.214875
1.2285,1.2135
1.236625,1.207875
1.241625,1.213375
1.228125,1.216625
1.228875,1.2215
1.22125,1.20875
1.223375,1.224375
1.255375,1.225625
1.2325,1.221125
1.24325,1.2135
1.23525,1.226625
1.244125,1.222625
1.262875,1.231875
1.249625,1.22225
1.255625,1.223
1.266375,1.2405
1.26,1.23375
1.240125,1.229125
1.248125,1.23075
1.26175,1.236375
1.2415,1.246375
1.252625,1.240375
1.274125,1.2475
1.265375,1.24975
1.261,1.241125
1.284125,1.2505
1.265125,1.247875
1.283875,1.2585
1.262625,1.257375
1.278625,1.245
1.269875,1.243625
1.293625,1.265
1.26425,1.248375
1.278125,1.26875
1.29225,1.252625
1.28925,1.2665
1.276625,1.255
1.277625,1.2685
1.276875,1.26925
1.278625,1.265
1.2805,1.27025
1.297875,1.267
1.280875,1.269625
1.29875,1.268875
1.282625,1.284625
1.304125,1.281
1.31875,1.27175
1.306375,1.274125
1.310875,1.29375
1.310375,1.2875
1.3265,1.286
1.321625,1.2835
1.31175,1.287125
1.3255,1.286375
1.325375,1.293875
1.332625,1.291875
1.31625,1.30075
1.3255,1.306875
1.32425,1.30925
1.306,1.299375
1.32325,1.302375
1.3295,1.297375
1.332,1.29675
1.32175,1.30525
1.3175,1.311
1.34775,1.311875
1.316875,1.31075
1.333375,1.3045
1.319625,1.319375
1.324625,1.31725
1.332125,1.31975
1.34325,1.311875
1.350625,1.319875
1.327,1.32525
1.358375,1.315125
1.34,1.327625
1.352875,1.336
1.358375,1.339625
1.346375,1.33675
1.354125,1.334625
1.373625,1.3405
1.35575,1.345625
1.376375,1.34525
1.375625,1.344375
1.34475,1.346625
1.355125,1.346375
1.352875,1.352625
1.36675,1.345125
1.364375,1.343125
1.384375,1.352375
1.388125,1.348125
1.3815,1.355625
1.380875,1.350375
1.37725,1.360625
1.376375,1.347875
1.391625,1.36425
1.38875,1.354
1.378125,1.363625
1.375,1.36725
1.373125,1.363125
1.37675,1.374125
1.408,1.36925
1.4015,1.37475
1.40875,1.36275
1.40175,1.375875
1.3845,1.365625
1.41425,1.37575
1.391375,1.383375
1.3965,1.372875
1.419625,1.386875
1.419625,1.383
1.417375,1.374875
1.38975,1.387
1.409125,1.394125
1.41075,1.3885
1.4165,1.382
1.39825,1.385375
1.408375,1.387
1.40275,1.391375
1.408375,1.400375
1.41775,1.39075
1.429125,1.38775
1.411625,1.395375
1.434625,1.4045
1.442,1.41325
1.430875,1.399125
1.40975,1.3965
1.428,1.40375
1.427125,1.41175
1.448,1.41375
1.42075,1.402
1.428875,1.418125
1.42225,1.412
1.429,1.42575
1.4595,1.42075
1.459,1.415
1.431375,1.41125
1.430125,1.424625
1.431375,1.419375
1.457125,1.415625
1.443,1.431375
1.440875,1.43825
1.454375,1.43475
1.46075,1.4205
1.45525,1.439625
1.4595,1.432125
1.45125,1.446625
1.464125,1.435
1.480125,1.43025
1.446375,1.431
1.46225,1.45275
1.480125,1.441125
1.470375,1.44275
1.48025,1.4355
1.4815,1.43725
1.462625,1.439625
1.464375,1.446
1.458625,1.452
1.465875,1.459625
1.481625,1.463
1.4635,1.448125
1.49975,1.464
1.50075,1.455875
1.488125,1.4615
1.49475,1.4555
1.480375,1.460375
1.48225,1.4545
1.494,1.468875
1.507125,1.474
1.511875,1.478375
1.4895,1.471
1.506,1.481
1.501375,1.46775
1.50975,1.47825
1.51275,1.468625
1.518,1.47475
1.5035,1.475125
1.512625,1.470875
1.5035,1.489
1.497875,1.492125
1.516375,1.475625
1.509,1.4885
1.502875,1.488
1.497125,1.493125
1.5,1.493125
1.524875,1.492375
1.50725,1.48725
1.5285,1.50375
1.536875,1.491
1.529375,1.495125
1.523,1.505875
1.51775,1.495125
1.5385,1.49275
1.517125,1.496
1.52475,1.5165
1.54075,1.50575
1.52075,1.512875
1.52225,1.51025
1.52225,1.5195
1.55375,1.5185
1.541125,1.514375
1.532125,1.506875
1.536,1.525125
1.526625,1.5125
1.557625,1.52775
1.564,1.526125
1.559,1.513625
1.537125,1.52725
1.5655,1.5195
1.542625,1.52225
1.571125,1.531
1.56475,1.53375
1.571875,1.529125
1.576875,1.53125
1.573875,1.526875
1.56625,1.54625
1.56625,1.546
1.573,1.549
1.563375,1.5435
1.580375,1.54925
1.572625,1.544875
1.565875,1.548
1.559625,1.548375
1.569125,1.54975
1.5715,1.548375
1.56625,1.540875
1.573625,1.560375
1.57425,1.563875
1.58,1.55925
1.57525,1.554625
1.60225,1.54775
1.593625,1.559625
1.591125,1.570125
1.60125,1.557375
1.58625,1.555625
1.573125,1.561375
1.58825,1.568375
1.579875,1.575
1.577625,1.578625
1.606375,1.57725
1.61075,1.57575
1.597875,1.5645
1.615,1.575875
1.5935,1.56775
1.607875,1.569
1.600125,1.5695
1.61175,1.57425
1.608,1.57275
1.5985,1.5895
1.593375,1.5875
1.599375,1.583125
1.627625,1.59625
1.62375,1.591
1.611875,1.58225
1.60825,1.58725
1.625,1.5885
1.60975,1.600625
1.61475,1.598375
1.616625,1.608375
1.634125,1.6
1.621875,1.588875
1.613125,1.6105
1.64475,1.5915
1.625875,1.60825
1.6375,1.59875
1.619125,1.60725
1.63325,1.597125
1.636125,1.60075
1.641625,1.618375
1.64675,1.615125
1.656625,1.60675
1.63675,1.613875
1.63225,1.611125
1.6615,1.61875
1.662625,1.617
1.649375,1.6265
1.654375,1.61625
1.6325,1.62275
1.637625,1.616
1.63625,1.614875
1.669,1.6175
1.656375,1.637625
1.658125,1.623625
1.66575,1.621375
1.666625,1.6325
1.666875,1.627375
1.676,1.637375
1.668125,1.6285
1.6595,1.629875
1.666875,1.641375
1.654375,1.643625
1.6775,1.646875
1.66775,1.646875
1.65825,1.641
1.678125,1.647125
1.6685,1.647875
1.68725,1.64975
1.685375,1.6445
1.66225,1.643875
1.677,1.652
1.68475,1.663625
1.69325,1.660375
1.683875,1.667625
1.690875,1.66125
1.69875,1.6635
1.690375,1.663125
1.703,1.663
1.69225,1.66925
1.685125,1.669375
1.686,1.65475
1.687375,1.673375
1.690375,1.66975
1.68275,1.661625
1.706125,1.668
1.689625,1.662375
1.701875,1.67825
1.68975,1.678375
1.689,1.67
1.71775,1.672875
1.693875,1.683
1.689375,1.671
1.696,1.682875
1.7265,1.682625
1.693375,1.674375
1.704125,1.67975
1.7295,1.68975
1.72725,1.68775
1.733125,1.697
1.73425,1.680125
1.730375,1.68625
1.73125,1.689375
1.719875,1.68525
1.732125,1.68825
1.726,1.692375
1.72425,1.700375
1.723875,1.70825
1.7295,1.699125
1.718625,1.71275
1.723875,1.713875
1.74225,1.694875
1.734375,1.7065
1.72325,1.716
1.723875,1.715375
1.75425,1.71975
1.7285,1.70675
1.72625,1.72075
1.745125,1.713125
1.728375,1.70475
1.7595,1.708875
1.7465,1.724125
1.744375,1.72875
1.741375,1.728375
1.766125,1.71175
1.7485,1.723
1.765875,1.725375
1.759,1.721
1.760875,1.721875
1.748875,1.7345
1.7555,1.7295
1.743875,1.72275
1.766,1.728
1.75525,1.739875
1.763125,1.72475
1.754875,1.736
1.763125,1.7265
1.7595,1.745625
1.77125,1.74575
1.758375,1.73275
1.784375,1.7435
1.763875,1.750375
1.76525,1.749625
1.79125,1.74775
1.782625,1.745875
1.759375,1.744625
1.760125,1.745625
1.772875,1.75475
1.78275,1.744625
1.77825,1.764125
1.77775,1.7455
1.765625,1.75625
1.7715,1.762
1.7995,1.75475
1.7745,1.767
1.782125,1.76925
1.782125,1.768875
1.78025,1.769875
1.779,1.763125
1.797875,1.776375
1.78725,1.757125
1.790875,1.771875
1.8045,1.758875
1.785875,1.77375
1.81625,1.761125
1.813625,1.779875
1.821125,1.76575
1.81875,1.7705
1.820875,1.77375
1.81075,1.784375
1.811,1.780625
1.816,1.788375
1.816125,1.788
1.798875,1.779625
1.821625,1.774
1.8015,1.78575
1.808375,1.793125
1.826125,1.7865
1.801875,1.7815
1.81875,1.779375
1.827,1.798375
1.80675,1.79825
1.8395,1.79525
1.81425,1.80125
1.825625,1.804125
1.831875,1.79075
1.82525,1.801
1.825375,1.792875
1.8425,1.806125
1.82025,1.802125
1.839,1.813625
1.846375,1.80075
1.827375,1.79975
1.832,1.800875
1.855125,1.805125
1.82275,1.806375
1.843,1.805125
1.84525,1.806875
1.84025,1.822875
1.82475,1.808125
1.849375,1.8235
1.833875,1.812375
1.831125,1.824625
1.86425,1.826375
1.833625,1.817875
1.848,1.829625
1.863125,1.826625
1.87075,1.814625
1.837,1.817125
1.85,1.830875
1.874625,1.829875
1.848125,1.82825
1.874125,1.82225
1.870625,1.832375
1.8565,1.829875
1.8665,1.83575
1.8785,1.825875
1.876375,1.823375
1.85025,1.82725
1.877125,1.845875
1.875,1.83825
1.862375,1.837
1.879,1.83
1.859375,1.832125
1.871,1.84025
1.87525,1.83275
1.88,1.85025
1.8605,1.852625
1.879375,1.85
1.884375,1.84475
1.86875,1.856875
1.87425,1.85275
1.872125,1.847125
1.877375,1.8615
1.901875,1.86275
1.88825,1.849875
1.87225,1.856125
1.889625,1.8605
1.8795,1.862
1.9075,1.849625
1.890875,1.85475
1.87675,1.852875
1.89325,1.863
1.904,1.859625
1.88925,1.86225
1.89225,1.8645
1.889625,1.858625
1.9,1.859875
1.885375,1.87825
1.88625,1.865
1.915375,1.864125
1.918,1.8615
1.92175,1.871625
1.886375,1.875125
1.912125,1.864125
1.917625,1.871125
1.925875,1.87775
1.918875,1.885625
1.9245,1.88
1.899625,1.887875
1.93125,1.874625
1.90875,1.887625
1.90225,1.877
1.922,1.881375
1.93,1.894
1.925375,1.898125
1.935875,1.883375
1.93325,1.88775
1.934625,1.881
1.94,1.902125
1.906125,1.901375
1.91075,1.89025
1.918625,1.88925
1.922,1.891375
1.9295,1.886125
1.9115,1.90425
1.93,1.906
1.9165,1.90225
1.934375,1.89525
1.9315,1.899875
1.953375,1.90925
1.9285,1.90025
1.936375,1.908625
1.947125,1.9005
1.94175,1.89775
1.925625,1.911
1.944125,1.89875
1.92875,1.916375
1.958,1.922125
1.9285,1.920625
1.93375,1.902625
1.948,1.90475
1.93525,1.916625
1.94675,1.926875
1.965375,1.912375
1.935,1.927625
1.95225,1.9145
1.941,1.9175
1.9495,1.918375
1.948,1.928875
1.9575,1.917125
1.95075,1.916375
1.964,1.920875
1.9685,1.924125
1.957375,1.931375
1.949375,1.940125
1.97025,1.926375
1.94825,1.920625
1.9775,1.928875
1.95675,1.937125
1.976125,1.937625
1.9655,1.94125
1.986,1.93825
1.982125,1.948
1.979875,1.93825
1.967375,1.934625
1.979625,1.947375
1.962625,1.931125
1.95825,1.948375
1.97525,1.95075
1.964625,1.93875
1.9605,1.95125
1.987,1.956625
1.97975,1.94425
1.977125,1.9385
1.981375,1.94275
1.968125,1.956375
1.9805,1.95225
1.973375,1.963375
1.971875,1.9625
1.9915,1.953625
1.9775,1.946125
1.979375,1.95725
1.99725,1.957125
2.006125,1.953125
2.0,1.958625
1.983125,1.968625
2.010375,1.9625
2.011125,1.95875
1.984875,1.95775
1.9915,1.967875
1.98575,1.975625
1.99675,1.962125
2.002125,1.964625
2.015375,1.977875
2.002625,1.9795
2.01525,1.9805
2.0135,1.9655
1.98725,1.964125
2.022625,1.977875
2.024875,1.97375
2.02,1.979875
2.026625,1.976125
1.9985,1.9805
2.009625,1.987
2.022,1.976875
2.024375,1.970375
2.021875,1.98225
2.007125,1.9745
2.031625,1.982125
2.02225,1.9725
2.002625,1.99175
2.017,1.98425
2.02475,1.98375
2.02525,1.976375
2.0335,1.995
2.02775,1.996
2.005125,1.989125
2.018875,1.996125
2.0415,1.986625
2.039625,1.994
2.0255,1.9905
2.031375,1.984375
2.0165,1.988375
2.025125,1.9995
2.04175,2.005875
2.01775,2.005625
2.03525,1.99525
2.0325,1.9905
2.038125,1.992375
2.0235,1.998125
2.05325,2.01375
2.04325,2.010125
2.04975,2.005
2.041875,2.008125
2.0405,2.00525
2.04625,2.00675
2.041,2.010625
2.034125,2.004
2.034,2.013625
2.0605,2.012625
2.0515,2.006
2.0405,2.00275
2.055,2.003875
2.062125,2.018625
2.058375,2.018625
2.060875,2.00675
2.051,2.013625
2.062,2.024625
2.061375,2.02725
2.048375,2.02
2.064125,2.017875
2.067375,2.0215
2.04575,2.0325
2.066375,2.02025
2.049125,2.033375
2.072375,2.0155
2.076375,2.024375
2.0685,2.03275
2.075625,2.019125
2.074875,2.034
2.047125,2.027
2.0735,2.02075
2.04725,2.03275
2.07575,2.038625
2.0585,2.031125
2.0835,2.040375
2.052,2.03975
2.0545,2.04725
2.087375,2.040875
2.076875,2.040875
2.064625,2.029375
2.09025,2.048
2.06425,2.0345
2.08725,2.032375
2.065375,2.035875
2.092,2.032125
2.08925,2.054875
2.06075,2.0405
2.077625,2.03575
2.072,2.053
2.085625,2.037625
2.098125,2.0385
2.068125,2.043875
2.0935,2.046625
2.092125,2.049875
2.081,2.0405
2.10025,2.063375
2.084375,2.057375
2.090375,2.06
2.081125,2.044875
2.076375,2.06275
2.10575,2.047
2.0805,2.052875
2.086625,2.061375
2.108625,2.04925
2.104875,2.05425
2.094875,2.052375
2.087375,2.072125
2.097,2.0705
2.093125,2.06425
2.099125,2.06
2.10025,2.0705
2.109875,2.06325
2.106125,2.059625
2.104625,2.061
2.088625,2.060875
2.107125,2.07525
2.103875,2.077
2.099875,2.0685
2.09275,2.063
2.11575,2.080125
2.092375,2.081875
2.111,2.0795
2.091,2.072875
2.100625,2.086125
2.1095,2.084875
2.098875,2.067125
2.11025,2.075125
2.09825,2.087375
2.103,2.079625
2.10825,2.07725
2.113375,2.089375
2.1135,2.07425
2.1175,2.077125
2.125625,2.08975
2.117125,2.076
2.1015,2.077625
2.109,2.0815
2.109875,2.095125
2.115375,2.079625
2.116,2.08625
2.130875,2.094625
2.127875,2.081375
2.12175,2.087875
2.138375,2.0995
2.134875,2.10225
2.136875,2.08875
2.12725,2.0825
2.134375,2.087875
2.141625,2.09425
2.124125,2.104875
2.14075,2.08725
2.144375,2.091125
2.1335,2.098875
2.127125,2.101625
2.136875,2.089125
2.1245,2.110625
2.141375,2.1095
2.12625,2.10725
2.141375,2.097
2.129,2.11375
2.133625,2.11
2.123,2.098625
2.14675,2.099125
2.145625,2.100625
2.132,2.100375
2.133625,2.106875
2.15025,2.100875
2.145125,2.118
2.131625,2.10275
2.128125,2.1115
2.161875,2.116375
2.13225,2.11625
2.133625,2.116375
2.15725,2.1185
2.135875,2.1135
2.162125,2.1155
2.162125,2.105375
2.15075,2.11125
2.155125,2.125125
2.152875,2.11425
2.16075,2.1165
2.15175,2.110875
2.146375,2.1105
2.151,2.1125
2.154125,2.119
2.161125,2.114
2.153125,2.12975
2.170625,2.11975
2.1615,2.1215
2.1565,2.115
2.15725,2.118125
2.164125,2.123125
2.15925,2.133
2.18025,2.135875
2.170375,2.12175
2.1765,2.124
2.179125,2.1365
2.181375,2.1385
2.16125,2.130125
2.18175,2.130375
2.15325,2.123625
2.1845,2.125125
2.16775,2.14375
2.1785,2.131625
2.15525,2.143375
2.1535,2.13125
2.160375,2.1455
2.164,2.1355
2.157,2.14225
2.191125,2.14075
2.172,2.139875
2.159375,2.1505
2.161625,2.13275
2.158625,2.136
2.18925,2.150375
2.169625,2.134
2.190625,2.1465
2.167125,2.139875
2.195,2.134625
2.196625,2.14625
2.19625,2.13625
2.194,2.13925
2.179625,2.14125
2.198,2.139875
2.173,2.151375
2.17625,2.157875
2.1755,2.145875
2.182375,2.160125
2.18475,2.160125
2.197,2.151
2.205375,2.151875
2.203875,2.149375
2.184625,2.16275
2.194625,2.1465
2.179875,2.148
2.202875,2.155125
2.20475,2.14975
2.1965,2.165375
2.179125,2.157625
2.18725,2.149875
2.180875,2.1545
2.185625,2.150875
2.19475,2.15775
2.210625,2.151
2.20075,2.165125
2.200875,2.16025
2.20625,2.170375
2.2145,2.157
2.192875,2.168
2.207375,2.153375
2.197,2.157375
2.214375,2.1625
2.187375,2.162
2.19225,2.1765
2.20825,2.171125
2.189875,2.157
2.19,2.176
2.1855,2.16925
2.20025,2.179
2.201375,2.1705
2.223375,2.163875
2.2225,2.1605
2.195,2.16575
2.20675,2.16425
2.2155,2.17525
2.206625,2.18175
2.198625,2.172625
2.192,2.1805
2.218875,2.16475
2.204625,2.1855
2.2175,2.172
2.229,2.183375
2.195875,2.182625
2.205,2.178125
2.212125,2.186125
2.2155,2.182
2.23275,2.168125
2.217125,2.17875
2.232625,2.18975
2.20525,2.186875
2.216625,2.189625
2.236,2.179125
2.2355,2.18375
2.223875,2.19
2.219375,2.1935
2.22275,2.17475
2.215,2.177375
2.20825,2.1865
2.225125,2.181
2.207,2.19575
2.208,2.193875
2.214375,2.195
2.20575,2.1955
2.2215,2.18875
2.216,2.1935
2.23025,2.183875
2.22975,2.179625
2.241625,2.1805
