bpx65_a_V,bpx65_b_V
0.013125,-0.0135
0.003625,-0.008375
0.000125,0.01325
0.017,0.002125
0.0185,-0.00425
0.01975,0.006875
0.005375,0.02
0.030375,0.020875
0.012625,0.019375
0.021375,0.020375
0.03775,0.011125
0.038,0.023875
0.0395,0.030375
0.043125,0.040125
0.03075,0.04125
0.04275,0.045625
0.03225,0.032625
0.033375,0.030625
0.050125,0.0495
0.055125,0.058125
0.042625,0.0395
0.057875,0.048375
0.065125,0.054
0.053,0.057625
0.043875,0.05075
0.048125,0.0445
0.063,0.058875
0.066625,0.07225
0.057,0.067625
0.071125,0.074125
0.066875,0.05775
0.075125,0.061
0.0815,0.079375
0.0725,0.084
0.087625,0.07825
0.081,0.065625
0.077,0.066875
0.10025,0.0805
0.08725,0.07375
0.09575,0.0945
0.101875,0.078125
0.085375,0.098125
0.1015,0.099625
0.089125,0.09875
0.111,0.112875
0.105625,0.105
0.1195,0.116625
0.098875,0.103625
0.111125,0.114125
0.127,0.1075
0.125875,0.12525
0.107875,0.111375
0.13525,0.127625
0.138,0.125375
0.11325,0.1165
0.137125,0.11425
0.14525,0.13
0.134875,0.141625
0.12225,0.134375
0.129875,0.145875
0.126125,0.13425
0.129,0.142
0.14775,0.143125
0.148,0.156
0.155875,0.15375
0.151375,0.134
0.156375,0.1625
0.168375,0.158125
0.16625,0.1655
0.147375,0.143375
0.174375,0.17375
0.16175,0.15625
0.176625,0.163
0.178125,0.17925
0.1755,0.156875
0.182125,0.166875
0.182125,0.175
0.180125,0.172625
0.184375,0.181125
0.17025,0.179625
0.199125,0.1695
0.203,0.180875
0.199625,0.200375
0.184125,0.177
0.184125,0.1935
0.21,0.184875
0.196375,0.18675
0.20575,0.18425
0.217625,0.201
0.215125,0.20825
0.223375,0.18975
0.211875,0.20925
0.208375,0.19875
0.2065,0.212375
0.23025,0.22425
0.2145,0.222375
0.22,0.22275
0.224125,0.228
0.22075,0.21275
0.24125,0.21325
0.219875,0.219
0.244,0.217375
0.24625,0.236875
0.244375,0.22875
0.25625,0.2495
0.233,0.24525
0.24275,0.251125
0.26275,0.236875
0.25875,0.237
0.2455,0.258375
0.264875,0.257625
0.263375,0.248125
0.27575,0.24025
0.271875,0.264875
0.280875,0.264125
0.26325,0.273375
0.283875,0.26325
0.277875,0.252
0.27325,0.27225
0.27275,0.261125
0.281625,0.28625
0.281875,0.264125
0.2765,0.2675
0.29625,0.285375
0.293875,0.273125
0.2915,0.275875
0.306875,0.282625
0.28925,0.283875
0.311125,0.2815
0.286375,0.29625
0.314375,0.287875
0.320625,0.310875
0.314625,0.30425
0.30975,0.307125
0.30975,0.2915
0.324125,0.295125
0.30575,0.310625
0.327375,0.31775
0.317375,0.3015
0.332625,0.33025
0.332125,0.3285
0.3205,0.309125
0.343,0.30775
0.342,0.32575
0.348875,0.339125
0.336125,0.3385
0.344875,0.32625
0.3415,0.34725
0.357125,0.327875
0.354375,0.34925
0.344375,0.354625
0.36225,0.356875
0.344625,0.3485
0.370125,0.348625
0.35625,0.354875
0.3565,0.35025
0.376875,0.362125
0.37,0.341875
0.368375,0.359125
0.375875,0.36775
0.386875,0.374
0.361125,0.369
0.385375,0.36175
0.374,0.360375
0.38175,0.368125
0.379875,0.372375
0.387625,0.38525
0.388,0.39175
0.385875,0.37775
0.39925,0.39
0.4085,0.3875
0.39725,0.398
0.395875,0.381875
0.399,0.4035
0.41525,0.387875
0.40275,0.38825
0.4115,0.403
0.41725,0.4045
0.417375,0.3985
0.406375,0.40025
0.431625,0.417875
0.43525,0.412375
0.42075,0.41075
0.418125,0.4045
0.417,0.41475
0.440375,0.422125
0.420875,0.420125
0.446,0.415625
0.452375,0.41875
0.452,0.436375
0.4485,0.41625
0.43875,0.423375
0.4465,0.433625
0.4525,0.44425
0.46575,0.43825
0.449375,0.435875
0.450375,0.4415
0.45725,0.461
0.46,0.457375
0.475,0.437625
0.4695,0.442625
0.460125,0.4685
0.481875,0.4725
0.4605,0.46225
0.489875,0.45675
0.469875,0.46475
0.46925,0.47875
0.481375,0.479875
0.478,0.477625
0.4965,0.4775
0.489625,0.4775
0.4775,0.473875
0.487,0.49025
0.499375,0.493625
0.49875,0.476125
0.486125,0.49925
0.49825,0.493875
0.498875,0.5025
0.493375,0.4835
0.524,0.481
0.508625,0.489125
0.4995,0.50775
0.528375,0.491875
0.5095,0.494
0.536125,0.4995
0.518,0.50425
0.531125,0.505
0.532875,0.52875
0.533125,0.511
0.530125,0.52625
0.5315,0.531375
0.526125,0.5315
0.5255,0.539375
0.531875,0.534125
0.556125,0.531125
0.558625,0.5215
0.55025,0.5455
0.540375,0.537125
0.558375,0.534
0.556,0.53725
0.570625,0.557625
0.572,0.534625
0.564625,0.542625
0.577625,0.552
0.581875,0.550875
0.582625,0.54675
0.581125,0.556375
0.5805,0.5505
0.586,0.557375
0.585375,0.549125
0.5815,0.56625
0.595,0.555125
0.579125,0.584
0.592125,0.567875
0.584375,0.566125
0.604625,0.577125
0.6095,0.585625
0.607125,0.583
0.59625,0.582875
0.602375,0.573375
0.61825,0.59975
0.60125,0.593
0.593375,0.583125
0.613125,0.604375
0.62,0.59675
0.61075,0.60625
0.618625,0.610875
0.622625,0.605625
0.615125,0.619125
0.62025,0.614375
0.6145,0.598
0.623,0.604625
0.63375,0.609875
0.62075,0.628625
0.627125,0.624875
0.636,0.620625
0.6515,0.609375
0.65425,0.63425
0.648125,0.612875
0.6515,0.627875
0.64525,0.627875
0.660125,0.62
0.643625,0.648375
0.66375,0.642
0.657,0.647375
0.651375,0.6565
0.666625,0.632875
0.666375,0.6405
0.658875,0.663
0.659375,0.64275
0.68225,0.6535
0.683625,0.659
0.69125,0.648
0.6715,0.658375
0.676,0.66925
0.69425,0.663
0.685125,0.6745
0.685125,0.67175
0.677875,0.68275
0.681375,0.6855
0.700125,0.679125
0.704375,0.664625
0.68825,0.684125
0.701375,0.674875
0.69525,0.699375
0.706625,0.691875
0.704125,0.696
0.70925,0.699375
0.699875,0.67875
0.73,0.7065
0.707,0.6935
0.7165,0.701375
0.730375,0.6955
0.7165,0.71125
0.724375,0.69725
0.71925,0.6975
0.72525,0.7175
0.739375,0.715125
0.74575,0.7255
0.751,0.705125
0.736,0.723875
0.746625,0.726375
0.73325,0.7145
0.75225,0.740125
0.73425,0.743
0.7535,0.733875
0.749,0.735
0.7515,0.740125
0.76775,0.742875
0.749875,0.735375
0.775875,0.73525
0.768625,0.738
0.776,0.749875
0.767625,0.761875
0.775375,0.752
0.77575,0.741375
0.771625,0.746
0.789,0.7505
0.779,0.758875
0.775375,0.75775
0.78475,0.759875
0.79875,0.779375
0.78575,0.764125
0.778625,0.77325
0.795875,0.7755
0.80775,0.7815
0.79425,0.774125
0.798375,0.78275
0.802125,0.778875
0.79925,0.773875
0.795875,0.796625
0.8215,0.802125
0.822625,0.7765
0.82,0.79425
0.818875,0.792
0.81525,0.796875
0.81525,0.8115
0.819375,0.815
0.81375,0.7995
0.825625,0.80775
0.817,0.794875
0.824875,0.804375
0.820875,0.817
0.83875,0.816125
0.853125,0.81125
0.844625,0.806
0.841625,0.82925
0.840375,0.82
0.835875,0.814375
0.84575,0.8245
0.841875,0.813875
0.851,0.82675
0.8695,0.82925
0.866375,0.836375
0.8715,0.84575
0.848625,0.828875
0.878625,0.85025
0.881125,0.8585
0.864375,0.83975
0.8725,0.836625
0.865625,0.84925
0.8805,0.84325
0.869,0.851625
0.875625,0.859875
0.87875,0.849
0.893375,0.853875
0.874875,0.855
0.88725,0.857375
0.906875,0.878625
0.9,0.87575
0.9025,0.875125
0.902,0.864375
0.886625,0.887125
0.9055,0.892625
0.898625,0.87875
0.916,0.89425
0.896,0.8725
0.899,0.8965
0.903125,0.888875
0.930625,0.902125
0.925,0.893875
0.927625,0.89275
0.912125,0.88375
0.932125,0.90225
0.93975,0.891875
0.92375,0.915875
0.938,0.89425
0.9265,0.91225
0.92275,0.9125
0.944375,0.926625
0.943125,0.92175
0.9375,0.932
0.9495,0.924875
0.9425,0.916125
0.9565,0.931875
0.95975,0.938125
0.943375,0.9375
0.95775,0.920125
0.945125,0.9295
0.9545,0.928125
0.950375,0.94625
0.95075,0.952375
0.9775,0.948
0.954375,0.929
0.965625,0.936
0.96175,0.934125
0.982375,0.941375
0.991125,0.938125
0.982,0.959
0.967875,0.953875
0.9705,0.96275
0.9725,0.959625
0.99775,0.9705
0.98325,0.95225
1.00075,0.9715
1.001875,0.959375
0.9995,0.971125
0.98875,0.98225
1.00525,0.961625
0.99625,0.965875
1.020125,0.972625
1.01925,0.976
1.006875,0.983875
1.008375,0.97275
1.021125,0.99125
1.018625,0.97675
1.004375,0.99825
1.017375,0.99325
1.03875,0.982875
1.023875,1.012
1.03975,0.995875
1.019375,1.0045
1.03875,1.01575
1.021375,1.021375
1.04625,1.004875
1.03375,0.99825
1.05475,1.020875
1.03075,1.018125
1.051125,1.004625
1.04525,1.013125
1.0615,1.017
1.061125,1.02425
1.067375,1.02675
1.049125,1.01725
1.067375,1.033
1.067875,1.028375
1.05975,1.042625
1.07025,1.031625
1.07425,1.040875
1.074,1.053875
1.067875,1.036375
1.05875,1.031625
1.08775,1.051375
1.08475,1.039875
1.072625,1.057375
1.08075,1.0555
1.09825,1.057875
1.083375,1.069875
1.09475,1.063125
1.08775,1.054125
1.100625,1.058875
1.092625,1.06125
1.088,1.0575
1.089875,1.062875
1.090875,1.063125
1.117375,1.06475
1.1015,1.061125
1.11525,1.092375
1.110125,1.09325
1.1125,1.083125
1.1135,1.0925
1.12225,1.074375
1.1075,1.09875
1.1135,1.097875
1.11325,1.096625
1.12275,1.08375
1.122625,1.105625
1.142,1.09625
1.123375,1.10925
1.12575,1.11025
1.124625,1.091
1.125,1.094625
1.13825,1.120125
1.139125,1.1255
1.141875,1.11825
1.145875,1.111625
1.154125,1.107125
1.1445,1.124
1.15575,1.11325
1.165125,1.123875
1.170625,1.14
1.15375,1.139
1.16,1.125
1.156625,1.127375
1.173,1.12725
1.163,1.12425
1.16,1.124375
1.159125,1.151375
1.17725,1.154875
1.189875,1.131625
1.16775,1.147125
1.174375,1.153125
1.196,1.151625
1.17075,1.1565
1.1985,1.1435
1.183375,1.159875
1.205125,1.171375
1.20275,1.145875
1.1835,1.174625
1.19175,1.159125
1.188875,1.1595
1.206625,1.1545
1.2175,1.167
1.194625,1.16825
1.1995,1.17525
1.2055,1.179
1.21525,1.170375
1.226125,1.178375
1.21975,1.180375
1.218875,1.171125
1.224125,1.19825
1.213,1.200125
1.223125,1.196625
1.23325,1.1825
1.2175,1.194
1.239125,1.195875
1.232625,1.1955
1.2285,1.19875
1.23325,1.205
1.239125,1.21775
1.23425,1.19325
1.246125,1.212375
1.238,1.22325
1.255,1.213
1.254875,1.2205
1.2645,1.21675
1.260625,1.209875
1.267125,1.212875
1.253875,1.23825
1.2645,1.240125
1.266125,1.235
1.26175,1.2185
1.26075,1.241625
1.273375,1.246375
1.2645,1.246125
1.264625,1.235
1.280375,1.247
1.29075,1.25
1.2805,1.24875
1.28425,1.249625
1.28825,1.238375
1.271875,1.244875
1.299375,1.262875
1.287,1.26675
1.30375,1.2535
1.286375,1.2455
1.288125,1.2735
1.299,1.25275
1.287,1.278375
1.297,1.2685
1.311625,1.2645
1.302125,1.2785
1.298125,1.266625
1.312625,1.282125
1.308125,1.273
1.306375,1.266
1.314625,1.294125
1.30675,1.279625
1.316125,1.276375
1.320875,1.29925
1.313625,1.29525
1.3255,1.2855
1.32,1.2805
1.34125,1.301125
1.344,1.29975
1.335375,1.30875
1.33325,1.28675
1.3535,1.299375
1.34475,1.28975
1.33025,1.296875
1.345375,1.315375
1.33575,1.32075
1.3635,1.32675
1.34475,1.31825
1.34175,1.322125
1.36025,1.304125
1.34525,1.312875
1.366625,1.319375
1.351375,1.318625
1.37275,1.312375
1.362125,1.335625
1.377875,1.33825
1.3665,1.343
1.369125,1.343
1.382375,1.337625
1.3865,1.336625
1.387875,1.33475
1.370875,1.3505
1.3875,1.33225
1.390625,1.3435
1.38275,1.337375
1.394375,1.352375
1.394,1.361625
1.394875,1.35575
1.406,1.34125
1.40375,1.345
1.39075,1.360125
1.385625,1.358125
1.416,1.35675
1.403875,1.363625
1.3905,1.36775
1.401625,1.37225
1.419125,1.38475
1.425625,1.384125
1.41625,1.36
1.42,1.3855
1.41175,1.364
1.4135,1.367625
1.417375,1.382
1.420375,1.3995
1.438625,1.387
1.425,1.396625
1.4345,1.388125
1.430125,1.3965
1.429875,1.38175
1.44925,1.382875
1.445,1.413125
1.4445,1.411875
1.447125,1.41525
1.456125,1.393875
1.453625,1.39375
1.435125,1.407625
1.461375,1.420875
1.4385,1.410625
1.445125,1.426375
1.4425,1.4285
1.464625,1.40325
1.448,1.424375
1.4515,1.421375
1.46275,1.409875
1.46775,1.416125
1.4545,1.421125
1.46475,1.441125
1.46725,1.4455
1.470625,1.42025
1.4695,1.423875
1.47675,1.445875
1.4825,1.4415
1.49,1.446875
1.47775,1.43025
1.475625,1.450875
1.501375,1.459625
1.485125,1.43625
1.502,1.4525
1.49475,1.46125
1.494125,1.444875
1.5115,1.4555
1.513125,1.471
1.49625,1.4475
1.512875,1.463125
1.510625,1.475125
1.503375,1.460375
1.5005,1.453625
1.49775,1.4625
1.5125,1.47725
1.52925,1.48025
1.51425,1.480625
1.5105,1.484125
1.526875,1.490125
1.51575,1.4785
1.528125,1.47175
1.519375,1.497875
1.521875,1.49275
1.536375,1.47475
1.545875,1.475875
1.536125,1.50125
1.544,1.49375
1.552625,1.49825
1.53875,1.506
1.54175,1.48925
1.534875,1.50825
1.54125,1.503625
1.545375,1.5025
1.547625,1.497375
1.557625,1.502
1.5385,1.5005
1.56975,1.52675
1.5555,1.502
1.5525,1.519
1.572625,1.532875
1.5635,1.522375
1.566875,1.52675
1.555625,1.52025
1.562125,1.5195
1.56175,1.516875
1.581375,1.522875
1.569,1.5425
1.586,1.540625
1.586,1.5285
1.59375,1.538375
1.58675,1.528125
1.576125,1.528375
1.582,1.530625
1.58275,1.55975
1.603,1.53875
1.585875,1.541875
1.599125,1.548875
1.5885,1.545875
1.6045,1.557
1.599375,1.565125
1.615,1.561125
1.5895,1.54825
1.60125,1.575375
1.62025,1.556
1.60875,1.562375
1.615875,1.557875
1.62475,1.57875
1.609875,1.56475
1.618625,1.56025
1.619875,1.5625
1.613875,1.578625
1.60975,1.5705
1.632375,1.580125
1.6115,1.5885
1.635375,1.58425
1.61625,1.591
1.6405,1.59125
1.61975,1.58825
1.6225,1.591125
1.62625,1.578375
1.647125,1.588625
1.6525,1.60825
1.654625,1.600875
1.64075,1.613625
1.65875,1.59825
1.651125,1.596375
1.647125,1.599375
1.650375,1.60825
1.65775,1.61275
1.66775,1.603375
1.646125,1.601
1.6745,1.61275
1.665625,1.605375
1.67175,1.6105
1.65225,1.628625
1.656,1.62025
1.6725,1.611625
1.685,1.61875
1.67525,1.637125
1.6895,1.629625
1.675125,1.615875
1.6695,1.641625
1.681,1.62025
1.677,1.636625
1.693125,1.63475
1.68275,1.6525
1.682625,1.6435
1.6965,1.656625
1.699375,1.639375
1.690625,1.656625
1.69475,1.637125
1.70925,1.640625
1.707625,1.661875
1.69625,1.6665
1.692,1.658375
1.700875,1.67275
1.702125,1.65825
1.70625,1.65075
1.71625,1.669
1.718,1.651875
1.710125,1.656
1.707375,1.657125
1.70875,1.673125
1.70975,1.682
1.707125,1.684375
1.7185,1.661875
1.732,1.689625
1.714125,1.664625
1.73675,1.6895
1.72875,1.69275
1.71675,1.6875
1.728875,1.67475
1.749,1.698875
1.72925,1.6885
1.74975,1.6765
1.752375,1.678625
1.754875,1.696625
1.744875,1.694875
1.748125,1.685375
1.745125,1.708375
1.7635,1.7065
1.73925,1.7095
1.754875,1.69175
1.74475,1.711625
1.752,1.697125
1.75,1.69675
1.766,1.70775
1.774625,1.7065
1.7575,1.727875
1.774875,1.715875
1.782375,1.708625
1.783125,1.733625
1.758375,1.729375
1.769625,1.726
1.7875,1.713125
1.771375,1.734625
1.775625,1.7155
1.769625,1.7195
1.772125,1.7235
1.7825,1.73775
1.795,1.749625
1.799875,1.751875
1.802375,1.7525
1.8025,1.747375
1.807,1.745625
1.787625,1.738
1.79475,1.760875
1.810625,1.737
1.79975,1.763
1.808875,1.74925
1.8145,1.7645
1.791625,1.758625
1.811125,1.758875
1.7995,1.74825
1.817625,1.761125
1.81,1.77
1.8135,1.772
1.82775,1.772375
1.8195,1.775
1.826625,1.757625
1.8085,1.77975
1.818,1.778875
1.832875,1.78725
1.83125,1.777875
1.841125,1.78875
1.844375,1.791125
1.834875,1.790375
1.82,1.772
1.8325,1.78175
1.84575,1.80075
1.83875,1.7945
1.83275,1.7945
1.855875,1.796875
1.84675,1.807375
1.846375,1.80575
1.858375,1.810375
1.841625,1.81225
1.84925,1.81475
1.841625,1.808625
1.86725,1.81225
1.862875,1.796125
1.853625,1.814375
1.862625,1.818375
1.865375,1.796375
1.877375,1.816625
1.860125,1.816125
1.862875,1.812125
1.867875,1.802625
1.868375,1.8255
1.861875,1.829625
1.860125,1.837
1.86275,1.824
1.861875,1.821
1.876,1.832125
1.879875,1.8365
1.877125,1.84125
1.894375,1.833875
1.883125,1.83675
1.89575,1.8375
1.902125,1.84275
1.883125,1.845375
1.895125,1.852125
1.90275,1.844625
1.89375,1.836
1.899625,1.830875
1.9025,1.852375
1.894,1.849
1.89625,1.85175
1.894625,1.84225
1.897625,1.860625
1.917,1.86075
1.912375,1.863625
1.899375,1.84375
1.920625,1.857125
1.917625,1.85325
1.91725,1.862125
1.916875,1.869125
1.907625,1.876
1.9135,1.88025
1.9155,1.86325
1.916625,1.882
1.934,1.886875
1.936375,1.86275
1.930625,1.889375
1.922625,1.889
1.94325,1.887875
1.94,1.891875
1.94675,1.8955
1.94275,1.884125
1.92975,1.883
1.950125,1.89875
1.95425,1.904125
1.93275,1.902625
1.946375,1.888125
1.962,1.896625
1.94475,1.90175
1.941625,1.898625
1.962875,1.8915
1.961375,1.900625
1.961625,1.8895
1.957375,1.893625
1.961375,1.907875
1.961875,1.898625
1.975375,1.9095
1.948875,1.896625
1.951,1.913125
1.96325,1.91425
1.966625,1.910625
1.9785,1.928
1.9595,1.90325
1.9655,1.925625
1.977375,1.926625
1.981625,1.915875
1.983125,1.915375
1.98275,1.9255
1.9845,1.921875
1.9865,1.921875
1.97775,1.932625
1.999125,1.92325
1.98825,1.932125
1.98125,1.934875
1.988125,1.94875
1.996,1.941625
2.005625,1.92725
2.006125,1.946875
1.985875,1.940125
2.007875,1.9315
1.987125,1.940125
2.008375,1.958125
2.001,1.95975
2.014125,1.96425
2.015375,1.957125
2.00925,1.940375
1.998625,1.959
2.001625,1.97125
2.00675,1.966375
2.004,1.954125
2.026,1.965875
2.0055,1.951625
2.027125,1.963
2.031,1.97225
2.01875,1.95575
2.023875,1.981875
2.041125,1.96375
2.037625,1.980125
2.03175,1.988375
2.0425,1.98225
2.021375,1.971375
2.021125,1.966625
2.050625,1.9725
2.044875,1.97025
2.043125,1.97425
2.048875,1.987125
2.055,1.994
2.039,1.996375
2.05225,2.00225
2.060625,1.99025
2.03475,1.993125
2.037875,1.99725
2.037,2.002375
2.045625,1.987375
2.041375,2.0085
2.0625,2.002
2.068875,1.998375
2.0565,1.992
2.05,1.989875
2.06975,2.020875
2.0595,2.0105
2.07575,2.019875
2.074375,1.999875
2.059625,2.0035
2.0585,2.023375
2.058,2.01725
2.06975,2.0135
2.08475,2.02
2.079875,2.030375
2.09275,2.025375
2.085,2.03375
2.069375,2.03
2.087,2.01425
2.071375,2.0225
2.07875,2.04325
2.09025,2.04
2.10075,2.03275
2.09275,2.025625
2.0865,2.03275
2.102625,2.02425
2.107,2.049625
2.098625,2.03575
2.08725,2.05175
2.109375,2.02825
2.1135,2.034625
2.100625,2.036375
2.0985,2.042625
2.113375,2.032875
2.10725,2.050875
2.104375,2.0485
2.121375,2.04725
2.119,2.044
2.100625,2.047375
2.111,2.051625
2.118375,2.053125
2.1065,2.05225
2.1115,2.074
2.1295,2.07375
2.13675,2.06875
2.116375,2.067125
2.132,2.0785
2.139125,2.07175
2.11975,2.06325
2.1255,2.063375
2.137625,2.0855
2.137875,2.072625
2.12,2.08375
2.132,2.071125
2.150875,2.083875
2.12775,2.070375
2.137375,2.072125
2.131,2.06925
2.147625,2.075625
2.13325,2.08475
2.149875,2.081125
2.143125,2.08025
2.14575,2.100875
2.143375,2.078875
2.1395,2.099875
2.162875,2.079625
2.146375,2.090875
2.147,2.0915
2.168125,2.08475
2.1525,2.093375
2.174125,2.107375
2.17375,2.10875
2.176,2.113625
2.175625,2.115625
2.164375,2.100125
2.153125,2.10725
2.16025,2.1035
2.163125,2.112875
2.163375,2.117625
2.159375,2.109125
2.174,2.113
2.17025,2.10875
2.17675,2.130375
2.173,2.1255
2.193375,2.12
2.19475,2.113
2.17575,2.129625
2.17425,2.112875
2.194125,2.137875
2.185875,2.134875
2.187625,2.132
2.177,2.1425
2.206125,2.125125
2.190125,2.125125
2.20825,2.143125
2.19675,2.1215
2.19875,2.143125
2.193875,2.133
2.193375,2.155
2.19725,2.14025
2.19825,2.138
2.2125,2.135125
2.209875,2.1495
2.203625,2.16125
2.209625,2.14075
2.210875,2.135375
2.200875,2.149875
2.223,2.159125
2.22275,2.152
2.205875,2.141375
2.214875,2.148125
2.21875,2.16075
2.225125,2.17225
2.2295,2.16325
2.23675,2.157
2.22025,2.158
2.234375,2.14975
2.229125,2.15175
2.236625,2.15425
2.22025,2.1735
2.216,2.160875
2.244125,2.171
2.231,2.17375
2.245,2.1625
2.238375,2.164375
2.24275,2.188625
2.25325,2.187375
2.23275,2.1655
2.248375,2.17475
2.22775,2.18775
2.2325,2.172
2.231625,2.175125
2.245,2.180875
2.242,2.18425
2.240375,2.192125
2.25425,2.200125
2.25975,2.18675
2.25525,2.194625
2.269875,2.178625
2.2665,2.202375
2.25475,2.1975
2.251375,2.18675
2.262375,2.205375
2.249125,2.2
2.263375,2.196625
2.264125,2.2145
2.251875,2.192
2.267,2.213875
2.27575,2.196375
2.2565,2.206375
2.265125,2.22
2.28425,2.199625
2.263125,2.213375
2.259875,2.198625
2.274875,2.2135
2.269125,2.217
2.292625,2.205375
2.27175,2.212
2.267375,2.2145
2.273,2.22725
2.29,2.221
2.282125,2.212875
2.301375,2.218875
2.28825,2.22975
2.30125,2.21725
2.304375,2.213625
2.293125,2.222125
2.280375,2.21975
2.300125,2.22675
2.280625,2.234
2.306875,2.225625
2.300875,2.2365
2.295375,2.246125
2.307375,2.245375
2.302625,2.234875
2.297875,2.253875
2.290125,2.243
2.304375,2.228375
2.3085,2.233375
2.311375,2.24575
2.3205,2.240375
2.297875,2.251625
2.3185,2.245125
2.31375,2.24675
2.328125,2.25625
2.325125,2.246625
2.319125,2.255875
2.32725,2.2655
2.321875,2.258875
2.315875,2.257375
2.319625,2.25275
2.31525,2.264125
2.315,2.270125
2.324375,2.251125
2.325625,2.261125
2.328375,2.250375
2.322375,2.25825
2.326125,2.26175
2.3245,2.27475
2.3235,2.258125
2.325,2.259125
2.32925,2.26425
2.33175,2.2585
2.327875,2.28075
2.33325,2.27475
2.339375,2.28825
2.346125,2.288
2.343875,2.28575
2.356,2.284625
2.3385,2.292625
2.33275,2.290625
2.362875,2.2905
2.34225,2.287625
2.36125,2.2735
2.359125,2.291875
2.3405,2.296875
2.366125,2.3015
2.360625,2.297875
2.366,2.288875
2.36925,2.285875
2.345875,2.28425
2.366125,2.296125
2.3595,2.302875
2.369375,2.29325
2.35375,2.30775
2.366625,2.30925
2.3585,2.314375
2.357875,2.296125
2.35675,2.305625
2.378625,2.31175
2.36575,2.313625
2.384,2.31975
2.362125,2.304875
2.375625,2.3005
2.364625,2.306125
2.391125,2.30925
2.36425,2.32575
2.374625,2.3245
2.37175,2.320125
2.3885,2.3285
2.37925,2.30325
2.39675,2.309
2.383625,2.333875
2.371625,2.322125
2.3955,2.3175
2.391,2.310625
2.395375,2.315625
2.39825,2.3115
2.37825,2.329125
2.403375,2.328875
2.383875,2.333125
2.38475,2.33025
2.388125,2.346
2.383625,2.329875
2.407875,2.348625
2.407875,2.3465
2.411625,2.348875
2.412875,2.330375
2.41825,2.341625
2.41825,2.327875
2.407,2.327
2.41575,2.347875
2.406875,2.348125
2.403375,2.330625
2.41375,2.35
2.418125,2.34625
2.398375,2.340125
2.409125,2.34075
2.427125,2.3555
2.4305,2.357625
2.417125,2.356
2.4245,2.348875
2.433625,2.351625
2.405875,2.34075
2.424,2.341125
2.4125,2.367125
2.41675,2.3565
2.413625,2.346
2.43525,2.35075
2.418375,2.37025
2.419625,2.352875
2.42125,2.369375
2.427,2.37525
2.4215,2.366375
2.424625,2.360375
2.43675,2.36725
2.43025,2.38
2.439,2.377875
2.4395,2.370875
2.447625,2.3595
2.428125,2.38175
2.453125,2.377875
2.440125,2.37975
2.429625,2.37275
2.44275,2.382625
2.4565,2.386125
2.443875,2.385625
2.433,2.377375
2.434375,2.39025
2.442375,2.38375
2.447,2.376625
2.453375,2.38675
2.446375,2.396625
2.44175,2.38175
2.45225,2.381375
2.442875,2.401125
2.47075,2.391875
2.46725,2.37975
2.451375,2.390125
2.46475,2.393875
2.4735,2.3865
2.4665,2.386625
2.477125,2.390625
2.473125,2.38275
2.47725,2.41125
2.464625,2.409875
2.453375,2.404125
2.462375,2.411125
2.46675,2.41
2.479625,2.393125
2.477875,2.399625
2.459,2.414375
2.479375,2.4005
2.475625,2.40625
2.483,2.41025
2.473125,2.410625
2.48975,2.399375
2.473,2.4215
2.468625,2.401125
2.48575,2.3985
2.490125,2.403125
2.495875,2.41325
2.485125,2.407
2.46975,2.41475
2.481,2.428625
2.48725,2.43275
2.491375,2.42475
2.501875,2.431125
2.49975,2.41675
2.479375,2.432625
2.49675,2.430375
2.483625,2.4365
2.507875,2.41225
2.50575,2.413
2.483875,2.43575
2.51075,2.437875
2.491875,2.41675
2.4945,2.4445
2.5135,2.428375
2.51275,2.44125
2.51075,2.443375
2.493375,2.418875
2.503375,2.434875
2.502375,2.447875
2.500375,2.437125
2.501625,2.43125
2.4995,2.425875
2.497125,2.4485
2.5235,2.44275
2.500875,2.432625
2.49925,2.442
2.501625,2.44725
2.518125,2.441
2.509625,2.45825
2.520125,2.430875
2.529,2.432875
2.525875,2.435125
2.5145,2.438625
2.508625,2.45675
2.51325,2.43925
2.530375,2.4565
2.51225,2.45475
2.506875,2.45575
2.53075,2.441
2.52825,2.46425
2.53175,2.452125
2.525625,2.469125
2.526125,2.449125
2.517125,2.4535
2.532875,2.46275
2.525,2.460875
2.52825,2.457625
2.51625,2.453625
2.54325,2.476375
2.545375,2.476375
2.520375,2.463
2.542875,2.4795
2.532625,2.475375
2.5355,2.469125
2.52275,2.45575
2.52975,2.480125
2.548375,2.464875
2.52875,2.474
2.555875,2.46075
2.529,2.468875
2.536375,2.464125
2.554125,2.4625
2.5555,2.477125
2.555375,2.473125
2.543625,2.463125
2.551375,2.468
2.54075,2.48425
2.55925,2.4925
2.543625,2.494875
2.541375,2.490125
2.540125,2.494125
2.565,2.484875
2.55925,2.4865
2.544875,2.483
2.57,2.4795
2.5595,2.475625
2.549125,2.48875
2.555875,2.476375
2.543625,2.499
2.550625,2.49525
2.5625,2.476
2.56575,2.490125
2.5675,2.492375
2.57025,2.50775
2.572,2.50575
2.57125,2.505125
2.554375,2.50075
2.558375,2.486875
2.575125,2.511375
2.58025,2.5065
2.56725,2.492125
2.567125,2.5065
2.581875,2.514375
2.58475,2.50875
2.557625,2.49475
2.568125,2.501875
2.565375,2.489
2.565125,2.49875
2.573375,2.50825
2.588,2.510625
2.59,2.5015
2.585,2.522125
2.581125,2.517875
2.591625,2.5045
2.5885,2.5115
2.57625,2.49925
2.59425,2.513
2.597375,2.503625
2.569875,2.524
2.587375,2.518875
2.587125,2.51675
2.57425,2.522
2.57825,2.516
2.58975,2.512125
2.59425,2.511375
2.5795,2.508375
2.5925,2.517125
2.6035,2.524125
2.588625,2.52125
2.603375,2.52825
2.601375,2.532125
2.60475,2.515375
2.586875,2.52975
2.606125,2.52025
2.5885,2.514
2.58925,2.512
2.5875,2.54
2.59925,2.523125
2.59175,2.528375
2.598,2.53925
2.586125,2.51525
2.605,2.5305
2.61375,2.5445
2.611375,2.521375
2.603875,2.5375
2.606375,2.524875
2.597625,2.53125
2.5915,2.542125
2.598125,2.5435
2.605625,2.5465
2.618,2.5505
2.61875,2.545125
2.604375,2.534875
2.59625,2.543625
2.6015,2.526625
2.62675,2.544625
2.622,2.54875
2.61625,2.54425
2.607625,2.53225
2.608,2.543875
2.62425,2.530125
2.628125,2.53625
2.61775,2.539375
2.60975,2.557875
2.60375,2.557
2.615875,2.561625
2.61,2.54875
2.60575,2.5515
2.622125,2.547625
2.62025,2.545375
2.621875,2.550375
2.610125,2.554
2.619375,2.556875
2.632,2.53925
2.631375,2.55775
2.635,2.555375
2.61775,2.550625
2.636,2.5695
2.633375,2.54175
2.634,2.571875
2.642125,2.546
2.624125,2.559875
2.629875,2.555125
2.6455,2.568375
2.635875,2.5645
2.644125,2.55675
2.6325,2.56675
2.63675,2.566
2.648625,2.5765
2.64725,2.549
2.64725,2.56425
2.641625,2.55525
2.6265,2.57325
2.640375,2.562
2.631375,2.56025
2.64325,2.577375
2.639625,2.561125
2.6295,2.5575
2.629125,2.58125
2.643,2.576375
2.629625,2.576625
2.629375,2.578
2.657375,2.5635
2.643375,2.58575
2.642625,2.578
2.64875,2.58425
2.635875,2.588625
2.638,2.576625
2.65925,2.563375
2.658625,2.589
2.639875,2.5825
2.648875,2.586625
2.654,2.58425
2.646625,2.56775
2.63875,2.5865
2.657,2.57025
2.65575,2.579
2.640875,2.583125
2.668125,2.58975
2.663375,2.591375
2.669125,2.57475
2.6595,2.587875
2.65775,2.581125
2.657625,2.578875
2.65475,2.596875
2.664875,2.5755
2.65275,2.5935
2.664875,2.592
2.6695,2.583125
2.67,2.583625
2.664125,2.581
2.659875,2.57525
2.6505,2.576375
2.655625,2.58125
2.656125,2.60475
2.67425,2.60325
2.655875,2.590125
2.659625,2.581375
2.654,2.593625
2.653,2.602
2.658,2.604375
2.654375,2.589375
2.6615,2.610375
2.655,2.6005
2.677,2.597875
2.675625,2.59275
2.6715,2.594
2.685625,2.586125
2.677625,2.594375
2.66525,2.586375
2.67925,2.588
2.671625,2.605125
2.668,2.59525
2.6855,2.591625
2.67475,2.610375
2.67075,2.589625
2.669125,2.607375
2.6655,2.616625
2.67925,2.61125
2.66875,2.6
2.693125,2.611
2.68325,2.59125
2.669125,2.615625
2.687125,2.615875
2.691625,2.593625
2.681625,2.617875
2.68675,2.59725
2.688375,2.613625
2.695875,2.610625
2.68625,2.61675
2.684,2.618
2.677375,2.613375
2.6845,2.622625
2.695875,2.616875
2.670875,2.603875
2.68975,2.6045
2.694875,2.614375
2.68525,2.627875
2.68,2.616
2.678125,2.607125
2.681875,2.616375
2.69,2.603375
2.689,2.617875
2.68575,2.626625
2.692875,2.60525
2.68875,2.610625
2.702375,2.61225
2.701375,2.60575
2.700125,2.627
2.698625,2.626375
2.687625,2.617125
2.690875,2.61825
2.681875,2.611
2.70825,2.61925
2.680625,2.62425
2.68525,2.62175
2.6875,2.625375
2.686125,2.635625
2.702875,2.611375
2.696125,2.63875
2.69575,2.635
2.68525,2.621125
2.6975,2.64025
2.684875,2.639625
2.70125,2.633875
2.712125,2.621375
2.693125,2.63175
2.707875,2.635875
2.714875,2.621875
2.68825,2.6415
2.697625,2.619875
2.705375,2.634875
2.70775,2.6235
2.711,2.624125
2.71675,2.620875
2.692125,2.64475
2.697,2.64375
2.70525,2.64625
2.6945,2.637875
2.71875,2.628375
2.721375,2.6275
2.705375,2.64175
2.71625,2.63225
2.6995,2.63925
2.7075,2.6365
2.70425,2.63675
2.717125,2.62325
2.709375,2.63375
2.7055,2.638375
2.717125,2.62225
2.7165,2.637
2.69775,2.648875
2.72575,2.643
2.721625,2.635125
2.705625,2.65225
2.69775,2.6485
2.704625,2.624125
2.72775,2.636
2.72875,2.649875
2.70325,2.626375
2.712875,2.650875
2.717125,2.637875
2.719875,2.62925
2.723625,2.6515
2.7215,2.65525
2.729,2.655125
2.710125,2.6465
2.703,2.646625
2.7245,2.636375
2.73125,2.64125
2.731625,2.6295
2.721625,2.6535
2.717625,2.65225
2.70925,2.635625
2.732,2.6425
2.71125,2.649875
2.734625,2.651375
2.735625,2.649875
2.730125,2.651625
2.727,2.64875
2.721625,2.65325
2.717125,2.63525
2.716125,2.644
2.71375,2.656125
2.71425,2.652625
2.7175,2.634625
2.7185,2.64025
2.713625,2.656125
2.73775,2.639625
2.71625,2.659625
2.726125,2.662625
2.731625,2.640875
2.7405,2.650875
2.729375,2.662375
2.7305,2.64975
2.7115,2.637875
2.71175,2.640375
2.736625,2.658875
2.726875,2.6575
2.713625,2.6645
2.7275,2.654625
2.7345,2.644
2.737625,2.641625
2.7295,2.64975
2.7395,2.653125
2.73775,2.661875
2.721,2.647875
2.72025,2.641125
2.729375,2.656875
2.73375,2.655875
2.71675,2.663875
2.736875,2.64175
2.735875,2.670375
2.730875,2.6495
2.742875,2.65525
2.743875,2.650125
2.7195,2.644
2.74,2.663125
2.742875,2.671625
2.723125,2.64625
2.742875,2.652875
2.72575,2.671
2.742625,2.6455
2.74425,2.654
2.734625,2.662375
2.7285,2.66475
2.722375,2.666125
2.749,2.65525
2.7295,2.652625
2.73525,2.671625
2.725375,2.671625
2.743375,2.649
2.7305,2.654375
2.729875,2.65025
2.743375,2.650375
2.747125,2.648125
2.75125,2.6735
2.740375,2.6495
2.7405,2.655125
2.74625,2.651125
2.7305,2.670875
2.7365,2.665625
2.74675,2.675125
2.746375,2.67525
2.725875,2.672
2.728375,2.673
2.7445,2.655125
2.743,2.674125
2.750375,2.652125
2.7515,2.675375
2.7505,2.66225
2.75075,2.6655
2.729125,2.670375
2.74175,2.668125
2.73775,2.6805
2.7425,2.661
2.741625,2.67875
2.755875,2.677
2.750125,2.674625
2.745375,2.68
2.75525,2.6795
2.734875,2.680375
2.7385,2.67375
2.735625,2.678125
2.728,2.672875
2.7325,2.678125
2.737875,2.659
2.746375,2.66975
2.737375,2.670625
2.758375,2.68175
2.75425,2.674625
2.733125,2.6815
2.733625,2.67225
2.730375,2.668375
2.730625,2.661875
2.73,2.666125
2.73575,2.672
2.743375,2.670375
2.744875,2.67775
2.745625,2.65975
2.73775,2.66775
2.752375,2.663875
2.75375,2.669625
2.737375,2.662375
2.748625,2.665875
2.74925,2.677875
2.756625,2.685375
2.75225,2.658375
2.753875,2.657875
2.74025,2.66775
2.75925,2.68375
2.75225,2.670375
2.746125,2.679375
2.7405,2.669625
2.74,2.663375
2.741875,2.663375
2.739625,2.665125
2.75775,2.67575
2.762375,2.662625
2.740625,2.666375
2.736875,2.6655
2.736875,2.67525
2.745875,2.6645
2.745375,2.67275
2.738875,2.67625
2.742625,2.659125
2.762125,2.6855
2.7585,2.659875
2.742625,2.688375
2.736375,2.68475
2.739625,2.688
2.741625,2.682
2.751125,2.675875
2.737,2.662875
2.737,2.673625
2.7535,2.66175
2.736875,2.683875
2.74925,2.67575
2.760125,2.688
2.747125,2.68425
2.753375,2.67025
2.7375,2.6625
2.742625,2.67025
2.7425,2.683125
2.7585,2.678375
2.7625,2.666625
2.737875,2.682125
2.75875,2.673875
2.74475,2.673625
2.7465,2.670125
2.757875,2.659625
2.75875,2.688375
2.7465,2.6845
2.73725,2.663375
2.746875,2.683625
2.748125,2.65975
2.755125,2.66125
2.74225,2.6705
2.73675,2.666625
2.74925,2.673625
2.748125,2.677125
2.74025,2.662625
2.761,2.681375
2.74425,2.6835
2.749,2.677875
2.751,2.67575
2.756,2.6625
2.740375,2.673
2.739875,2.666625
2.748125,2.663
2.746875,2.67725
2.75675,2.68925
2.750125,2.670625
2.746125,2.6715
2.760875,2.685
2.743375,2.683125
2.738875,2.67225
2.7575,2.664
2.762375,2.669125
2.73525,2.6835
2.735375,2.670625
2.7475,2.66725
2.7575,2.682375
2.75075,2.68725
2.739625,2.684
2.757375,2.662
2.745125,2.679375
2.76175,2.681875
2.756625,2.660125
2.735375,2.689125
2.735625,2.673375
2.76225,2.66775
2.734875,2.680875
2.76325,2.665375
2.7395,2.68425
2.737625,2.678375
2.751875,2.662625
2.757875,2.6815
2.762375,2.688
2.741875,2.659625
2.738125,2.67925
2.75325,2.66525
2.750875,2.675125
2.7355,2.679125
2.761625,2.65925
2.749125,2.678625
2.7435,2.673625
2.755125,2.66075
2.74925,2.659625
2.746125,2.671
2.749,2.67
2.744125,2.661125
2.751875,2.68025
2.748625,2.66225
2.733,2.66475
2.74125,2.68125
2.733625,2.6865
2.74,2.669
2.748,2.687625
2.7375,2.67375
2.746875,2.675375
2.73775,2.661875
2.741875,2.666375
2.7575,2.678125
2.74225,2.68625
2.756625,2.6685
2.7425,2.67775
2.753875,2.66125
2.74975,2.6745
2.73275,2.668
2.75625,2.658875
2.746875,2.680125
2.741625,2.661125
2.741875,2.6735
2.73325,2.679875
2.73275,2.673375
2.7515,2.66625
2.751875,2.672375
2.74875,2.672375
2.7385,2.674875
2.749875,2.684875
2.750625,2.6625
2.74025,2.683875
2.73225,2.66025
2.752875,2.6695
2.738125,2.67325
2.75175,2.682375
2.74875,2.662
2.7445,2.672375
2.7375,2.660875
2.757,2.681375
2.75,2.65375
2.755875,2.6535
2.729375,2.654875
2.745625,2.673625
2.72975,2.673125
2.7335,2.673375
2.749375,2.67275
2.75675,2.655125
2.749,2.66675
2.74975,2.668
2.744875,2.67875
2.737125,2.676
2.728,2.6595
2.732875,2.681125
2.75,2.67225
2.742,2.662
2.746625,2.670625
2.72575,2.650875
2.7345,2.6765
2.733125,2.676625
2.7345,2.67125
2.751375,2.65675
2.72925,2.676
2.75275,2.653
2.728875,2.677875
2.752,2.6495
2.725,2.675875
2.723,2.649625
2.7255,2.669125
2.7345,2.67175
2.7275,2.6765
2.728,2.67075
2.7475,2.6715
2.740875,2.653375
2.732625,2.64975
2.722375,2.65875
2.731,2.658625
2.73275,2.670875
2.732,2.6545
2.735,2.65775
2.739,2.6655
2.742625,2.65175
2.726125,2.656375
2.7425,2.661125
2.7215,2.651375
2.728125,2.659625
2.736375,2.65825
2.72225,2.657625
2.74025,2.671625
2.723375,2.648375
2.729125,2.654875
2.731125,2.6605
2.72475,2.6675
2.734,2.646125
2.73475,2.643125
2.7415,2.646625
2.71875,2.663125
2.715625,2.643375
2.736875,2.656
2.735125,2.664125
2.7435,2.661
2.726625,2.654375
2.73075,2.6675
2.7225,2.662125
2.728625,2.643
2.741625,2.662
2.72775,2.640625
2.733375,2.655
2.717375,2.64825
2.717375,2.65575
2.739625,2.6465
2.7205,2.659875
2.72325,2.65425
2.723625,2.65225
2.727875,2.6595
2.71625,2.65175
2.721625,2.654625
2.728,2.652375
2.711375,2.6455
2.713875,2.653875
2.736,2.64525
2.71925,2.6515
2.727,2.658875
2.7145,2.66
2.731375,2.661125
2.729,2.649625
2.732625,2.651
2.72875,2.64875
2.721375,2.65275
2.731375,2.653375
2.712875,2.633625
2.73325,2.658625
2.705625,2.649125
2.7065,2.6385
2.712875,2.64075
2.720875,2.634875
2.726875,2.631
2.72425,2.655375
2.706375,2.648125
2.714625,2.640625
2.71775,2.63525
2.7115,2.6505
2.715375,2.631
2.716625,2.65
2.707375,2.640875
2.71225,2.6345
2.71625,2.6505
2.701125,2.651625
2.72825,2.6415
2.703,2.646
2.6995,2.627
2.6985,2.641375
2.71175,2.641125
2.700625,2.6475
2.7225,2.636375
2.702,2.62425
2.722125,2.6315
2.708,2.629375
2.70675,2.621625
2.7215,2.62725
2.72275,2.6495
2.72225,2.635375
2.701625,2.64775
2.72225,2.623125
2.70925,2.647
2.692625,2.625625
2.695625,2.63625
2.699,2.623875
2.700125,2.63375
2.696625,2.63525
2.699375,2.623375
2.70425,2.628375
2.702375,2.632625
2.698,2.61775
2.715,2.643
2.68925,2.635125
2.695,2.632875
2.69625,2.636625
2.708125,2.628375
2.71475,2.621
2.711375,2.636
2.71125,2.61275
2.691625,2.61175
2.7095,2.61625
2.70475,2.624125
2.70275,2.62675
2.697875,2.639375
2.701625,2.628625
2.70025,2.623375
2.70225,2.619
2.704125,2.6115
2.70875,2.628375
2.690125,2.607375
2.702125,2.6295
2.701,2.623875
2.683875,2.62225
2.6995,2.62275
2.6865,2.617625
2.69325,2.629875
2.697375,2.610875
2.685875,2.624
2.702125,2.628625
2.69375,2.6305
2.687125,2.60325
2.69,2.624625
2.675625,2.6035
2.68125,2.61725
2.6785,2.604
2.68525,2.626125
2.700125,2.6005
2.682625,2.604875
2.69825,2.599625
2.673625,2.6235
2.6715,2.6045
2.678375,2.601625
2.693,2.620375
2.66875,2.603125
2.67975,2.616375
2.691,2.5985
2.683125,2.624
2.675375,2.60075
2.66725,2.59775
2.69275,2.622375
2.679125,2.61775
2.690625,2.612
2.682125,2.594625
2.683625,2.596
2.67775,2.593125
2.679375,2.60725
2.689,2.618375
2.670875,2.607
2.68025,2.6155
2.67075,2.5895
2.6885,2.609125
2.663625,2.601625
2.6725,2.61375
2.662875,2.603875
2.67875,2.613125
2.6855,2.59525
2.679375,2.608375
2.673125,2.60375
2.671625,2.60175
2.683625,2.5885
2.66425,2.58475
2.68125,2.5985
2.665875,2.60875
2.671375,2.590125
2.6685,2.59
2.676125,2.595
2.655,2.581375
2.671,2.592125
2.6745,2.578875
2.676,2.601875
2.6515,2.593375
2.655875,2.5875
2.666375,2.592125
2.65125,2.5955
2.65225,2.598125
2.65425,2.592875
2.645125,2.5815
2.67075,2.592875
2.650625,2.574125
2.645125,2.593
2.670375,2.571875
2.67125,2.594
2.658375,2.57625
2.653125,2.577375
2.6495,2.58275
2.65425,2.595875
2.66875,2.573375
2.659,2.58025
2.63925,2.587875
2.6465,2.56725
2.63925,2.593125
2.648,2.5905
2.654125,2.583625
2.6485,2.584
2.66075,2.572875
2.648125,2.581375
2.64375,2.58
2.65075,2.5725
2.641,2.582875
2.64875,2.569
2.646875,2.5655
2.639625,2.567375
2.629375,2.559
2.62975,2.57975
2.63275,2.571125
2.646875,2.570625
2.655125,2.580875
2.632625,2.582125
2.639375,2.57525
2.649375,2.55425
2.626125,2.551625
2.649625,2.561625
2.62425,2.573625
2.627375,2.57275
2.63275,2.559875
2.648375,2.5515
2.638875,2.567
2.635625,2.569625
2.643375,2.568
2.6395,2.56325
2.63525,2.54725
2.619625,2.57025
2.6215,2.568875
2.622875,2.57
2.638,2.54775
2.625125,2.571125
2.6235,2.5425
2.641625,2.562375
2.630125,2.55225
2.62175,2.55575
2.636625,2.547875
2.617125,2.5405
2.63275,2.54475
2.627375,2.542
2.625125,2.553
2.614,2.538
2.6175,2.551125
2.62625,2.56075
2.62475,2.55875
2.60775,2.559875
2.6195,2.53925
2.61275,2.53925
2.62525,2.551625
2.612,2.532
2.611875,2.53575
2.605625,2.5305
2.600625,2.548375
2.622125,2.52825
2.621125,2.55075
2.60075,2.5345
2.598125,2.55075
2.613375,2.529625
2.612125,2.535125
2.59625,2.52875
2.62275,2.533
2.593625,2.539125
2.601,2.548375
2.614375,2.5215
2.590875,2.522875
2.59025,2.5245
2.595875,2.541125
2.59175,2.525875
2.59825,2.54475
2.604625,2.53375
2.58525,2.527875
2.599,2.531875
2.59675,2.542625
2.59525,2.5275
2.610875,2.514
2.586625,2.527375
2.59825,2.536375
2.601,2.53375
2.584875,2.52525
2.597,2.5175
2.582625,2.53325
2.601875,2.506375
2.585,2.51825
2.585125,2.5235
2.601,2.514875
2.5845,2.5275
2.57675,2.515625
2.58375,2.51225
2.572875,2.510125
2.58125,2.503875
2.572125,2.500625
2.577625,2.52375
2.568875,2.506125
2.59175,2.526
2.57725,2.509375
2.5835,2.49775
2.5925,2.518875
2.583125,2.51475
2.5905,2.50675
2.58825,2.509875
2.589375,2.509
2.573375,2.5115
2.587875,2.492875
2.584625,2.51025
2.579875,2.493
2.5685,2.505625
2.55825,2.512625
2.583125,2.491375
2.561625,2.504875
2.577,2.51375
2.570375,2.486375
2.579875,2.4955
2.574875,2.5025
2.56675,2.4825
2.57975,2.482
2.557375,2.482
2.55075,2.505625
2.567375,2.50125
2.564375,2.491875
2.570625,2.49875
2.5675,2.47975
2.561625,2.48775
2.57275,2.502375
2.5575,2.477875
2.560875,2.497125
2.562125,2.481875
2.556,2.493
2.55025,2.47575
2.546,2.498125
2.559375,2.480375
2.54625,2.478625
2.555875,2.468
2.550125,2.4725
2.558625,2.477625
2.5565,2.4685
2.554625,2.48625
2.538875,2.468
2.5355,2.486375
2.538375,2.46725
2.535625,2.46275
2.528,2.4875
2.538125,2.47275
2.548625,2.46525
2.5475,2.4625
2.548375,2.455125
2.524125,2.48175
2.5325,2.4585
2.521,2.4725
2.545625,2.4565
2.54725,2.4525
2.521125,2.46525
2.541375,2.467875
2.5415,2.467625
2.538,2.469
2.518,2.471125
2.542375,2.462625
2.514,2.447375
2.538625,2.468
2.54025,2.443625
2.523875,2.459125
2.513375,2.45475
2.514,2.447
2.53375,2.453125
2.51025,2.441125
2.510625,2.45625
2.50575,2.442125
2.505375,2.441875
2.53125,2.4345
2.530375,2.437375
2.515625,2.440625
2.505125,2.44225
2.528,2.435375
2.517,2.454625
2.524,2.4295
2.5035,2.456875
2.51675,2.4405
2.496375,2.426375
2.519375,2.449
2.501,2.446
2.507375,2.444375
2.49425,2.422375
2.490125,2.437375
2.498875,2.424625
2.49925,2.441875
2.497375,2.418375
2.497,2.438
2.50325,2.44075
2.5055,2.416625
2.49625,2.4355
2.488625,2.4155
2.494375,2.418875
2.492875,2.412
2.495,2.42425
2.50725,2.4375
2.496,2.41375
2.493375,2.417375
2.487875,2.4095
2.483,2.407875
2.478125,2.425125
2.48775,2.41575
2.497875,2.427875
2.4735,2.412375
2.4735,2.423375
2.469125,2.4165
2.46925,2.4055
2.4675,2.4075
2.476125,2.42075
2.46825,2.40825
2.48775,2.421625
2.482375,2.418875
2.476125,2.42275
2.4835,2.41
2.48325,2.4025
2.48025,2.411875
2.46925,2.389625
2.46225,2.39525
2.472,2.401875
2.471375,2.408875
2.479125,2.409625
2.46375,2.38975
2.463375,2.391625
2.467125,2.390625
2.461,2.382125
2.4495,2.396125
2.471375,2.404625
2.455875,2.396125
2.455625,2.4025
2.469625,2.402875
2.460875,2.38625
2.465125,2.40075
2.44675,2.395375
2.465,2.3815
2.46375,2.382
2.437375,2.385875
2.451875,2.37675
2.46325,2.395125
2.459125,2.39225
2.456875,2.37325
2.442875,2.37275
2.448375,2.37125
2.439625,2.375625
2.451875,2.379625
2.43875,2.370125
2.445,2.36425
2.43225,2.376375
2.437375,2.37525
2.44575,2.36875
2.434875,2.3665
2.43025,2.38
2.420875,2.36125
2.431375,2.363125
2.439375,2.367375
2.4435,2.366
2.44025,2.35025
2.433,2.367875
2.423375,2.373375
2.4125,2.353625
2.432125,2.364375
2.4355,2.3685
2.414375,2.364875
2.41725,2.346125
2.422875,2.34075
2.421125,2.36025
2.4225,2.338625
2.432625,2.359625
2.4265,2.339875
2.428875,2.3515
2.429125,2.35025
2.40575,2.35675
2.398125,2.345375
2.401375,2.351
2.42025,2.35325
2.411125,2.3385
2.4065,2.3445
2.402375,2.334625
2.40875,2.32975
2.40275,2.324625
2.402125,2.342875
2.41475,2.324625
2.4135,2.329
2.39525,2.32925
2.38825,2.34775
2.38325,2.345375
2.38925,2.342
2.396875,2.329625
2.386375,2.322
2.404875,2.333875
2.379875,2.326875
2.402125,2.32425
2.394875,2.31125
2.380375,2.3295
2.376375,2.324375
2.374125,2.32975
2.372125,2.313875
2.387375,2.325625
2.395625,2.315625
2.37,2.30225
2.39475,2.301375
2.392125,2.30325
2.379125,2.320125
2.380875,2.307875
2.37275,2.30525
2.3735,2.322625
2.35775,2.2935
2.384,2.3
2.374125,2.301625
2.35825,2.29025
2.360375,2.289625
2.372875,2.31675
2.371625,2.30975
2.362875,2.288
2.360875,2.31175
2.370625,2.2885
2.361,2.294125
2.369125,2.286
2.34675,2.306125
2.36325,2.296625
2.368875,2.298875
2.347875,2.28725
2.34125,2.289
2.363,2.284625
2.349625,2.277
2.3545,2.293
2.334625,2.2875
2.34925,2.270375
2.354125,2.269125
2.336,2.2685
2.343875,2.280875
2.335625,2.28825
2.33475,2.288625
2.341,2.291375
2.343625,2.273
2.34,2.28675
2.324625,2.27125
2.327125,2.267625
2.325,2.269875
2.34275,2.26275
2.336125,2.25625
2.324875,2.279
2.34125,2.279125
2.32775,2.275
2.32275,2.2535
2.3385,2.262625
2.324875,2.271875
2.3165,2.2545
2.315875,2.256125
2.323625,2.243125
2.317875,2.264
2.30775,2.266375
2.33075,2.251625
2.327375,2.256
2.3095,2.252
2.323125,2.243
2.3125,2.244375
2.309125,2.2395
2.303875,2.251375
2.295375,2.23025
2.305625,2.23825
2.290875,2.25175
2.302125,2.242
2.296625,2.243375
2.297375,2.236625
2.2955,2.24425
2.308,2.246375
2.28625,2.236875
2.2825,2.228
2.280875,2.230125
2.30525,2.226375
2.283,2.241375
2.29575,2.21925
2.284875,2.223625
2.291125,2.218625
2.288625,2.239125
2.28725,2.225375
2.29075,2.210625
2.294625,2.216625
2.2855,2.219375
2.292125,2.23275
2.272125,2.2235
2.2825,2.216875
2.2905,2.212
2.282125,2.201375
2.2625,2.21075
2.261125,2.20425
2.264625,2.197
2.26025,2.195875
2.275375,2.217
2.275625,2.19325
2.261875,2.21725
2.255375,2.208
2.25775,2.191
2.27425,2.192125
2.26825,2.194
2.268625,2.211
2.263625,2.200375
2.24425,2.1975
2.261125,2.196375
2.260875,2.18075
2.239625,2.176875
2.259125,2.200125
2.252125,2.18975
2.25125,2.176125
2.242875,2.200125
2.25225,2.19125
2.257375,2.179
2.256625,2.173625
2.228875,2.182
2.23625,2.191625
2.22425,2.16825
2.225875,2.1645
2.24375,2.185
2.231375,2.161125
2.24125,2.185125
2.2465,2.168875
2.2315,2.1765
2.21875,2.168125
2.24275,2.161375
2.2255,2.15825
2.219875,2.157625
2.212,2.17775
2.22575,2.16175
2.212875,2.165375
2.225,2.161375
2.2055,2.1585
2.23075,2.15475
2.22075,2.150375
2.217625,2.150125
2.214875,2.142125
2.22325,2.1565
2.21575,2.15725
2.196625,2.1385
2.200875,2.15875
2.213125,2.142125
2.205375,2.137
2.191375,2.1445
2.214875,2.131375
2.2,2.12975
2.194375,2.153
2.196375,2.122875
2.186125,2.137
2.191625,2.128875
2.188,2.1375
2.17875,2.134125
2.202125,2.139125
2.18125,2.11775
2.189375,2.12375
2.19375,2.127375
2.198125,2.112625
2.17425,2.1285
2.179125,2.111375
2.17425,2.114875
2.18775,2.110375
2.18825,2.124125
2.18175,2.13025
2.184375,2.11225
2.160375,2.1175
2.18225,2.1065
2.1815,2.112125
2.1575,2.107375
2.172125,2.119125
2.161625,2.112875
2.177,2.105875
2.171125,2.117875
2.161125,2.09375
2.1565,2.099625
2.170125,2.10325
2.143875,2.108375
2.1435,2.09075
2.141375,2.0855
2.1445,2.096625
2.15725,2.08725
2.14025,2.094875
2.146625,2.084875
2.1415,2.097
2.156875,2.099375
2.1555,2.0815
2.1285,2.094875
2.13225,2.070125
2.134125,2.069375
2.135875,2.092375
2.1485,2.0865
2.1295,2.074125
2.1375,2.077
2.1335,2.082
2.14625,2.05875
2.14275,2.081625
2.138,2.063
2.115,2.0665
2.121875,2.082125
2.121375,2.056125
2.129875,2.0715
2.129,2.068625
2.119875,2.06075
2.107875,2.046
2.1115,2.04475
2.11525,2.0535
2.116625,2.064125
2.102,2.043125
2.111625,2.065375
2.095875,2.050875
2.114125,2.064625
2.101,2.044375
2.094375,2.05625
2.092125,2.032625
2.103125,2.05075
2.098625,2.03325
2.106125,2.03775
2.093,2.040125
2.11025,2.043625
2.10825,2.044375
2.100125,2.024875
2.094625,2.0335
2.076625,2.037375
2.09475,2.016125
2.08175,2.02375
2.075125,2.02575
2.071875,2.024
2.072875,2.02275
2.091875,2.0365
2.07625,2.015625
2.078625,2.01925
2.082375,2.00975
2.066,2.018875
2.08575,2.02325
2.070375,2.018125
2.0625,2.026125
2.081125,2.0105
2.05925,2.00925
2.0615,2.0045
2.067375,2.0025
2.06025,2.018625
2.063625,2.003
2.059125,1.993375
2.06175,2.01475
2.0585,2.0
2.05875,1.984625
2.042875,2.00275
2.040625,1.987125
2.03875,1.98725
2.050625,2.00075
2.056875,1.979625
2.0475,1.994125
2.033375,1.98575
2.045125,1.9795
2.037625,1.994125
2.043375,1.970875
2.040625,1.9845
2.03375,1.973125
2.022875,1.97375
2.040625,1.98475
2.01625,1.96175
2.0395,1.9785
2.020125,1.98025
2.015625,1.967875
2.02925,1.963
2.008,1.97075
2.02825,1.954875
2.00925,1.96575
2.012,1.970625
2.027875,1.96775
2.02625,1.958625
2.00825,1.956625
2.000125,1.947375
2.002125,1.959875
2.018375,1.944
2.020375,1.949875
2.017,1.953875
2.01375,1.959125
2.009125,1.951125
1.989125,1.941375
2.00975,1.950375
2.005625,1.933125
1.989875,1.9455
1.99,1.943125
1.9825,1.932125
1.992875,1.9495
2.001125,1.9195
1.975375,1.93075
1.975875,1.925875
1.984375,1.91575
1.996375,1.92375
1.987,1.936
1.98625,1.9105
1.986625,1.92275
1.97975,1.9075
1.977375,1.935125
1.963625,1.9135
1.969,1.92725
1.97925,1.926
1.955125,1.926
1.951,1.927375
1.95775,1.9115
1.95525,1.9015
1.96225,1.911125
1.953875,1.91075
1.959,1.900625
1.951875,1.8945
1.96875,1.9055
1.95425,1.908375
1.948,1.893625
1.9625,1.901125
1.936125,1.89525
1.9535,1.904625
1.952125,1.883375
1.933,1.886
1.930375,1.891625
1.924625,1.89075
1.93325,1.875625
1.93675,1.882875
1.941875,1.87525
1.918,1.885875
1.9255,1.892875
1.925875,1.889875
1.92275,1.887
1.92175,1.869375
1.91325,1.88
1.9165,1.875625
1.9105,1.861875
1.913375,1.85875
1.93075,1.8605
1.929625,1.870625
1.904625,1.86975
1.907375,1.858625
1.903625,1.85675
1.91025,1.857
1.908875,1.868375
1.918625,1.848625
1.916,1.8645
1.904125,1.848125
1.905625,1.854125
1.896875,1.854375
1.89025,1.848125
1.90825,1.841875
1.89425,1.84775
1.898875,1.82925
1.88875,1.827625
1.87725,1.8375
1.886875,1.84425
1.872875,1.829
1.89275,1.836
1.888,1.8275
1.8675,1.842125
1.892875,1.83825
1.864625,1.812875
1.87425,1.836875
1.85875,1.811
1.859,1.8115
1.8565,1.830875
1.85925,1.826625
1.86925,1.807875
1.872375,1.81475
1.875,1.817125
1.872,1.802
1.84975,1.819
1.870375,1.813625
1.853125,1.81375
1.868,1.814125
1.85875,1.816
1.855625,1.8
1.841875,1.7995
1.836,1.790875
1.843625,1.809
1.85825,1.782625
1.857,1.785375
1.84075,1.801625
1.847125,1.78625
1.830125,1.7735
1.849125,1.796
1.822875,1.795
1.819,1.795125
1.8355,1.772
1.8145,1.776
1.825625,1.784
1.824875,1.76475
1.83225,1.779625
1.829125,1.78575
1.8155,1.76725
1.82875,1.764375
1.824875,1.758875
1.826125,1.776
1.82425,1.763625
1.82175,1.757625
1.809875,1.750625
1.803875,1.747125
1.8165,1.77075
1.79875,1.752375
1.811625,1.75775
1.7975,1.75125
1.795,1.755625
1.8,1.744375
1.805375,1.745125
1.797875,1.758625
1.778,1.74375
1.783,1.731375
1.777125,1.751875
1.784875,1.733375
1.775125,1.7215
1.778,1.74125
1.789125,1.72275
1.786375,1.744125
1.78275,1.714625
1.779,1.7185
1.77325,1.734875
1.761375,1.73125
1.759,1.710375
1.7745,1.73375
1.767375,1.725375
1.77825,1.703375
1.77475,1.727375
1.773625,1.716
1.75075,1.70325
1.766625,1.721875
1.757875,1.72025
1.7405,1.691625
1.75425,1.701625
1.74825,1.700875
1.74875,1.71375
1.74875,1.699875
1.733875,1.705375
1.75425,1.71
1.7445,1.702875
1.751125,1.68275
1.73075,1.677875
1.738875,1.6985
1.737125,1.674375
1.7225,1.682125
1.737,1.695875
1.735875,1.68175
1.7245,1.673125
1.7285,1.67725
1.732,1.669875
1.723875,1.68225
1.728375,1.659125
1.731,1.67475
1.722625,1.66
1.718875,1.6605
1.6975,1.672375
1.70075,1.66825
1.69425,1.660375
1.710375,1.66875
1.698625,1.651875
1.702125,1.647625
1.716375,1.655125
1.70375,1.654
1.685625,1.63825
1.6935,1.664375
1.708,1.654875
1.699625,1.638
1.7045,1.640875
1.702875,1.642375
1.701,1.628375
1.68525,1.637625
1.688,1.624375
1.683,1.63225
1.6925,1.64225
1.68225,1.64275
1.666125,1.626625
1.66525,1.64
1.68025,1.620375
1.65775,1.610625
1.656,1.637
1.669875,1.63525
1.66225,1.609875
1.6485,1.61725
1.673875,1.62825
1.650375,1.6155
1.6485,1.61875
1.6635,1.615
1.647125,1.6015
1.666125,1.594
1.662375,1.619125
1.63925,1.593
1.655125,1.6035
1.643125,1.601125
1.629375,1.601625
1.6415,1.604875
1.632875,1.58725
1.6305,1.580875
1.62025,1.5785
1.64225,1.574625
1.638,1.59
1.614125,1.5815
1.639375,1.576
1.63975,1.56575
1.619,1.5685
1.630375,1.572
1.620625,1.577375
1.604875,1.572375
1.606375,1.583375
1.61325,1.58075
1.622625,1.57225
1.62,1.56825
1.595125,1.571375
1.595625,1.552375
1.603125,1.574375
1.609375,1.568875
1.603375,1.560875
1.59425,1.563125
1.59,1.552
1.608375,1.555625
1.581375,1.534375
1.57625,1.558125
1.5895,1.558875
1.595125,1.555
1.594125,1.549125
1.571625,1.53275
1.582125,1.541125
1.577375,1.53675
1.58725,1.5235
1.5715,1.542125
1.57875,1.51775
1.5685,1.516875
1.5815,1.5375
1.580625,1.532
1.572375,1.5155
1.563125,1.53175
1.5585,1.528125
1.568125,1.511625
1.56025,1.530125
1.55175,1.5215
1.551625,1.50625
1.543375,1.51725
1.55125,1.498
1.55875,1.495125
1.53325,1.4965
1.554375,1.507875
1.54475,1.50025
1.548625,1.5075
1.53675,1.49025
1.525375,1.506
1.537,1.50325
1.5475,1.49575
1.542,1.500875
1.53175,1.483375
1.53175,1.49825
1.511,1.478875
1.52675,1.477875
1.52875,1.485375
1.517375,1.48225
1.509625,1.486875
1.512,1.46175
1.4985,1.4755
1.510875,1.4655
1.51625,1.46975
1.5095,1.4795
1.502875,1.474625
1.518,1.458875
1.497125,1.467
1.492625,1.453125
1.484375,1.460625
1.502,1.44075
1.485375,1.4415
1.479375,1.4435
1.481,1.4425
1.49675,1.44775
1.497625,1.44075
1.483,1.43275
1.482875,1.429
1.477625,1.454125
1.476875,1.4405
1.48575,1.438375
1.47475,1.423375
1.471125,1.420125
1.479,1.41625
1.453125,1.41925
1.464625,1.42975
1.47025,1.431125
1.47375,1.43225
1.462625,1.420375
1.467125,1.426375
1.449875,1.41725
1.452625,1.42125
1.44875,1.4125
1.442125,1.403625
1.44325,1.40475
1.43625,1.41475
1.45175,1.395375
1.45325,1.40225
1.443125,1.410125
1.451,1.405375
1.447875,1.398375
1.4205,1.394
1.439375,1.390375
1.420875,1.40525
1.421625,1.384125
1.420125,1.38175
1.432125,1.39725
1.414,1.3795
1.416125,1.393125
1.4135,1.39275
1.430125,1.365
1.407,1.368375
1.42125,1.38875
1.40275,1.381875
1.3955,1.365875
1.40825,1.370375
1.4105,1.369875
1.402375,1.3545
1.415,1.3585
1.3885,1.3465
1.38725,1.344625
1.393375,1.36975
1.401875,1.35575
1.388375,1.33875
1.39825,1.336
1.377125,1.3615
1.374875,1.344125
1.3875,1.3515
1.3865,1.329
1.385625,1.34975
1.371125,1.333375
1.384625,1.3305
1.36375,1.32475
1.373375,1.325875
1.36025,1.333125
1.3775,1.315875
1.349875,1.319875
1.35775,1.329625
1.355125,1.31725
1.36975,1.318375
1.361875,1.316
1.342625,1.314625
1.353,1.305
1.3435,1.3155
1.341125,1.318875
1.3445,1.29575
1.35625,1.2955
1.342625,1.3065
1.348875,1.311875
1.3325,1.308125
1.338625,1.295375
1.34525,1.294875
1.338,1.286
1.32275,1.28925
1.3215,1.301875
1.333875,1.30275
1.313375,1.273625
1.32925,1.28325
1.328625,1.274125
1.32225,1.272875
1.319125,1.271
1.30675,1.273125
1.307625,1.284125
1.317625,1.268375
1.306625,1.275375
1.294625,1.257375
1.302125,1.276125
1.290375,1.2555
1.294625,1.27775
1.30775,1.248375
1.288375,1.251375
1.286,1.243375
1.296875,1.262125
1.29775,1.242875
1.286625,1.264875
1.298375,1.2415
1.274625,1.24975
1.29325,1.253875
1.292375,1.242625
1.26275,1.244375
1.26475,1.231
1.285875,1.23625
1.282125,1.225
1.262,1.23675
1.267875,1.218
1.250875,1.230125
1.24925,1.223625
1.25275,1.218375
1.263625,1.2185
1.252375,1.215
1.262125,1.206
1.259375,1.225625
1.235,1.210625
1.255375,1.2055
1.232625,1.209
1.256375,1.207375
1.240125,1.211
1.22475,1.198875
1.23175,1.188625
1.242375,1.187
1.218375,1.1865
1.244625,1.196125
1.22,1.190375
1.213875,1.1905
1.226625,1.175375
1.213375,1.185125
1.221375,1.184375
1.2115,1.186125
1.200875,1.168375
1.222375,1.193125
1.211875,1.16775
1.195125,1.173875
1.197375,1.181625
1.197625,1.163
1.20625,1.177125
1.205375,1.176
1.197625,1.167
1.19,1.1545
1.198,1.1655
1.18325,1.147125
1.200125,1.157125
1.186875,1.14725
1.177125,1.15325
1.168625,1.143875
1.1795,1.150875
1.186375,1.140375
1.17625,1.13025
1.17475,1.1295
1.173,1.139625
1.180125,1.12775
1.179125,1.124
1.16075,1.135375
1.1645,1.13
1.167125,1.123625
1.172125,1.121875
1.15575,1.140625
1.143625,1.119
1.162875,1.1205
1.15175,1.10975
1.142625,1.12675
1.13975,1.10975
1.13075,1.12225
1.155625,1.125875
1.146625,1.11025
1.14975,1.108
1.129875,1.099125
1.12375,1.11275
1.13575,1.107875
1.122375,1.1095
1.114125,1.08575
1.12325,1.090875
1.1215,1.0825
1.125875,1.08825
1.11,1.075875
1.11,1.09425
1.113375,1.074875
1.10125,1.086875
1.123875,1.092
1.106,1.07475
1.10825,1.077875
1.11625,1.086
1.101375,1.080375
1.10975,1.061875
1.102125,1.06725
1.091375,1.05225
1.092125,1.049625
1.104375,1.05525
1.090625,1.061875
1.092875,1.070875
1.1,1.042375
1.092875,1.058625
1.092625,1.044875
1.070875,1.03875
1.090875,1.034625
1.070625,1.06
1.083375,1.054
1.063125,1.041875
1.068125,1.028875
1.0545,1.02475
1.071375,1.028125
1.068625,1.036
1.07275,1.021375
1.052125,1.026125
1.068875,1.035625
1.06775,1.025375
1.059875,1.010125
1.041875,1.03025
1.041125,1.013625
1.053375,1.003375
1.04275,1.01325
1.043375,1.00825
1.0355,1.00075
1.022625,1.003375
1.018375,1.005625
1.017625,1.0065
1.01575,1.006125
1.015125,1.005125
1.030875,0.982625
1.016,1.00475
1.024375,0.979875
1.021625,0.998875
1.01175,0.982625
1.009125,0.972
1.021875,0.989
1.000375,0.97775
1.017625,0.968
1.00825,0.97125
1.005,0.983875
1.005625,0.9735
1.005,0.9585
0.991625,0.967375
0.9835,0.972625
0.98375,0.952125
0.982875,0.965875
0.9745,0.9745
0.994875,0.96925
0.973,0.958625
0.977,0.964
0.97,0.93725
0.98425,0.950875
0.983,0.953125
0.9795,0.959625
0.974875,0.9355
0.979375,0.930125
0.972375,0.951
0.963375,0.94625
0.97175,0.949
0.96375,0.93675
0.94575,0.934
0.941875,0.93875
0.956375,0.935125
0.94075,0.9165
0.9455,0.931
0.94875,0.933875
0.931875,0.904
0.930375,0.908875
0.94775,0.9195
0.9495,0.913125
0.936125,0.9055
0.939125,0.89975
0.93825,0.895375
0.930375,0.91775
0.93,0.915
0.916375,0.901375
0.913125,0.909375
0.918875,0.888375
0.917375,0.886
0.92875,0.89725
0.920125,0.9015
0.92325,0.886625
0.901,0.898125
0.893,0.877625
0.89675,0.889
0.889,0.889125
0.89125,0.88425
0.8885,0.876125
0.888625,0.8575
0.889625,0.86575
0.9,0.879375
0.90025,0.850875
0.886625,0.85175
0.8745,0.855875
0.882375,0.866
0.892625,0.865875
0.873125,0.85875
0.870375,0.860625
0.880875,0.861875
0.8855,0.8565
0.868125,0.848875
0.86575,0.830125
0.851375,0.837875
0.865875,0.83325
0.87325,0.836
0.8565,0.83775
0.86925,0.837125
0.8605,0.834625
0.84325,0.831875
0.86325,0.838125
0.842,0.813625
0.83775,0.808625
0.83875,0.810125
0.838375,0.819125
0.833625,0.801
0.83075,0.827375
0.8355,0.816625
0.83025,0.801625
0.817125,0.796875
0.8115,0.809
0.822875,0.802625
0.832125,0.78825
0.81075,0.785
0.8095,0.783625
0.81525,0.77875
0.810875,0.802625
0.82,0.787
0.82175,0.7715
0.81525,0.782375
0.792625,0.770625
0.81375,0.777375
0.791375,0.766125
0.804,0.769375
0.8065,0.75975
0.790375,0.760625
0.80375,0.75475
0.7935,0.7745
0.799125,0.769875
0.78475,0.767125
0.785625,0.76875
0.779375,0.746
0.762625,0.764125
0.782125,0.767
0.7795,0.737125
0.77225,0.7385
0.75625,0.73525
0.753875,0.747875
0.75425,0.756625
0.7515,0.7445
0.755625,0.74275
0.76825,0.73175
0.76725,0.741375
0.751375,0.7285
0.75675,0.74075
0.7505,0.722125
0.746375,0.72525
0.753125,0.714
0.729125,0.721125
0.7445,0.731
0.726875,0.728875
0.731375,0.7265
0.736875,0.702375
0.732125,0.703875
0.736875,0.698625
0.73425,0.7005
0.72275,0.700125
0.71425,0.690875
0.721,0.683875
0.729,0.695375
0.70025,0.69875
0.70325,0.701625
0.7075,0.685375
0.706125,0.6755
0.71475,0.68375
0.706625,0.69825
0.69025,0.691375
0.69825,0.673875
0.7095,0.675
0.68325,0.674125
0.689875,0.668875
0.703125,0.6815
0.684,0.678
0.69225,0.662125
0.675875,0.66175
0.68175,0.649375
0.6685,0.667625
0.68975,0.660625
0.685375,0.646375
0.677,0.667125
0.673,0.65025
0.668875,0.635125
0.675375,0.659625
0.659125,0.63375
0.674125,0.63225
0.669125,0.644625
0.663,0.65075
0.662375,0.630125
0.6465,0.643375
0.65275,0.625
0.648125,0.6315
0.6415,0.635
0.6325,0.60975
0.637625,0.609125
0.62925,0.618875
0.627375,0.63125
0.63175,0.623875
0.62475,0.59875
0.629,0.625
0.63925,0.609
0.61975,0.59875
0.608375,0.591875
0.612125,0.615125
0.62,0.60125
0.622875,0.610125
0.6065,0.588875
0.611875,0.585125
0.617625,0.576
0.609875,0.59225
0.6065,0.5865
0.586625,0.58475
0.61175,0.58325
0.60275,0.58375
0.591125,0.581375
0.599,0.583125
0.5965,0.566125
0.59525,0.566875
0.59175,0.577125
0.588,0.5555
0.571875,0.561125
0.586125,0.570375
0.586375,0.561
0.566875,0.542125
0.568375,0.5505
0.571125,0.549
0.566875,0.55325
0.55525,0.553125
0.56325,0.5585
0.563375,0.5345
0.568125,0.55275
0.558,0.526875
0.56325,0.549875
0.561,0.530875
0.536625,0.52475
0.551375,0.5395
0.539875,0.517875
0.5445,0.526
0.5445,0.525125
0.545,0.5315
0.527625,0.5325
0.53525,0.522625
0.52675,0.508125
0.53375,0.52175
0.509625,0.519
0.526125,0.516125
0.523625,0.5125
0.52375,0.508125
0.516,0.50725
0.51225,0.51
0.509875,0.494
0.51525,0.48975
0.5025,0.503625
0.511375,0.483375
0.48725,0.492625
0.50925,0.478125
0.503625,0.47975
0.48525,0.48275
0.502,0.48325
0.485,0.4775
0.495125,0.47625
0.498125,0.482875
0.469375,0.471375
0.47075,0.472875
0.485375,0.452375
0.46525,0.471375
0.4835,0.456375
0.4835,0.44875
0.479125,0.4635
0.459,0.4605
0.453875,0.466125
0.45475,0.444
0.474875,0.45375
0.4695,0.43125
0.447625,0.436125
0.44675,0.443
0.4515,0.432
0.463125,0.432625
0.459,0.441375
0.432,0.442
0.439125,0.426375
0.45125,0.433625
0.42525,0.4295
0.447,0.436375
0.435,0.419
0.42325,0.426875
0.43925,0.427875
0.410375,0.410875
0.430625,0.424125
0.406875,0.415125
0.408375,0.401
0.409125,0.413375
0.405375,0.40075
0.41125,0.4075
0.397875,0.4045
0.399375,0.397625
0.40675,0.388
0.415625,0.377875
0.399125,0.39775
0.409,0.3775
0.383375,0.395375
0.39475,0.38775
0.381,0.37625
0.39675,0.3785
0.3865,0.375875
0.372375,0.379625
0.391625,0.3645
0.38775,0.369875
0.3715,0.360875
0.375875,0.35725
0.36525,0.373125
0.376625,0.367625
0.376875,0.362125
0.363125,0.343625
0.372375,0.35975
0.369625,0.34425
0.36525,0.341625
0.365125,0.357125
0.36775,0.336
0.3635,0.333125
0.34825,0.35375
0.338625,0.33475
0.341,0.339
0.3465,0.317875
0.3305,0.324875
0.322875,0.31875
0.323,0.322375
0.343125,0.32025
0.3415,0.332375
0.322,0.3205
0.318375,0.305375
0.32825,0.313125
0.329125,0.324125
0.331,0.312625
0.315875,0.300875
0.3025,0.3025
0.31,0.316875
0.297875,0.306875
0.31375,0.307375
0.313375,0.285125
0.2945,0.28625
0.28925,0.286375
0.287125,0.30125
0.295625,0.27475
0.30775,0.293875
0.289,0.267875
0.297125,0.268625
0.283875,0.28
0.29525,0.291
0.287125,0.273125
0.293625,0.26325
0.280375,0.280125
0.2755,0.269625
0.27275,0.268375
0.275375,0.2545
0.261625,0.252125
0.25375,0.25125
0.268875,0.256
0.265625,0.2665
0.259,0.25425
0.24275,0.255125
0.23875,0.23325
0.251875,0.232875
0.253125,0.241375
0.246625,0.22625
0.25,0.2475
0.23675,0.24625
0.23725,0.241875
0.224125,0.231
0.24225,0.22875
0.219625,0.236
0.235,0.213125
0.24025,0.208125
0.220375,0.2195
0.224,0.207375
0.21425,0.224375
0.226625,0.21325
0.216875,0.208875
0.222,0.19625
0.22575,0.21625
0.2035,0.19275
0.205,0.2035
0.210875,0.20175
0.193875,0.193625
0.2025,0.196375
0.198375,0.180625
0.18625,0.17925
0.196125,0.195625
0.192875,0.170375
0.182375,0.182875
0.185875,0.194375
0.16925,0.167375
0.168,0.19
0.182375,0.184625
0.1755,0.16925
0.174,0.177375
0.167625,0.177125
0.177,0.172875
0.181375,0.14925
0.1735,0.174
0.176875,0.164125
0.16025,0.1455
0.154375,0.14475
0.170125,0.16525
0.16125,0.1565
0.157125,0.147875
0.146,0.1475
0.15425,0.153375
0.1335,0.15175
0.141125,0.143625
0.143625,0.13825
0.12275,0.1415
0.12225,0.127625
0.117875,0.115625
0.122125,0.137
0.124125,0.134
0.1145,0.11775
0.11425,0.126125
0.13375,0.12025
0.131,0.125375
0.111125,0.0985
0.108375,0.107125
0.096625,0.112125
0.123,0.1165
0.101875,0.092
0.108875,0.1
0.094,0.08675
0.08775,0.100875
0.09125,0.09925
0.080125,0.080625
0.0915,0.088125
0.099,0.090875
0.09,0.077375
0.097375,0.073625
0.087,0.09525
0.094,0.079375
0.06975,0.084125
0.073,0.05875
0.076125,0.066125
0.061125,0.055
0.05575,0.065625
0.07375,0.050875
0.052125,0.0765
0.0625,0.07275
0.05825,0.055375
0.0705,0.0535
0.0645,0.06325
0.0405,0.043625
0.035625,0.040625
0.054125,0.0405
0.044625,0.05025
0.040125,0.042625
0.051375,0.054375
0.048375,0.03075
0.02675,0.0305
0.0405,0.023875
0.034375,0.043
0.017375,0.033625
0.032375,0.01675
0.037625,0.010375
0.008625,0.00725
0.02375,0.016625
0.03125,0.02925
0.02625,0.01575
0.002625,0.012375
0.01175,0.006
-0.003,0.01275
0.01325,-0.00375
0.01,-0.002875
-0.0055,0.001125
0.012,-0.001375
0.007375,0.01075
-0.0115,-0.0125
-0.004375,0.00175
0.006625,0.0055
0.00425,0.001375
0.005625,-0.0075
-0.00875,-0.005
-0.006375,-0.01
0.00525,0.011375
0.012875,0.000625
-0.00475,0.0105
0.011625,-0.007125
0.008875,0.006875
-0.00975,-0.005625
0.009,-0.003125
0.00175,0.00075
0.002,-0.0015
0.000125,0.008125
-0.005,-0.010125
-0.0045,0.013625
-0.000375,-0.009
0.007875,0.005375
-0.0085,-0.000125
-0.002,0.00025
-0.012125,0.012875
-0.000625,0.01275
0.0085,-0.0085
0.001875,-0.0085
0.003125,0.00375
-0.00025,-0.006375
0.013375,-0.012625
-0.013375,-0.001125
-0.010625,-0.00125
0.0,-0.0115
0.006375,0.004125
0.01125,0.012875
0.0065,-0.00575
-0.01075,0.00675
0.0115,-0.013125
0.010125,-0.00825
0.013,0.006125
-0.005625,0.005875
-0.000625,0.00475
0.006375,-0.004375
0.005,0.0085
0.001,-0.011375
-0.0085,-0.0045
-0.006125,-0.014375
-0.010125,-0.013
-0.008625,0.01025
0.005,-0.0045
-0.0025,-0.01225
0.010375,-0.01425
-0.01075,-0.00975
-0.001875,-0.0035
-0.011375,0.009625
-0.008,0.010375
0.00375,-0.010625
-0.013,0.009875
0.006375,0.0105
0.011625,0.0095
-0.0025,0.006625
0.01325,-0.000125
0.008375,-0.01325
-0.011875,0.01025
0.003875,0.00525
-0.000125,0.006
0.0105,-0.007
0.002625,-0.004375
-0.014375,0.001625
0.0085,-0.002375
0.0085,0.002125
-0.013625,0.010125
-0.00875,-0.00425
-0.00425,-0.000625
-0.00125,-0.014875
0.00475,-0.000875
0.00675,-0.00375
-0.013375,0.006375
-0.004625,-0.007625
-0.008625,-0.0135
0.005625,0.004625
-0.00475,0.007125
-0.005375,0.00025
0.00425,-0.011375
-0.002375,-0.010625
0.011375,-0.002125
0.015,0.013
-0.010375,-0.00775
-0.0085,0.010625
-0.013375,-0.0055
0.013375,-0.00725
0.008125,-0.00675
-0.000875,-0.006125
0.000375,-0.00375
-0.0115,-0.0065
0.011,0.002875
-0.000625,0.000875
0.0105,-0.009125
-0.0065,0.0125
0.013,-0.004
-0.000375,0.01375
-0.004125,-0.01375
-0.0065,-0.012625
-0.007875,0.00225
0.013125,0.003875
0.00175,0.009
0.01175,-0.014375
-0.013875,0.009
0.009625,-0.00225
-0.009875,-0.008375
0.01025,-0.001
-0.009,-0.012375
0.000375,0.0115
-0.002,0.01375
-0.01275,0.01225
-0.002125,-0.0025
-0.000875,-0.00625
-0.014125,0.001125
0.005,0.00125
0.013,-0.012
0.002125,-0.01425
0.01375,0.0065
0.0105,-0.006
-0.0095,-0.004
-0.011875,0.0085
0.012,0.0065
0.0005,-0.001625
-0.003,-0.006
0.002,-0.00475
-0.006875,0.00675
-0.003375,0.007625
0.006375,-0.012125
0.00325,0.008625
0.00225,-0.01375
-0.01275,0.014625
-0.00325,-0.014125
0.009375,-0.0035
-0.0075,-0.008875
-0.00475,-0.009875
-0.014875,-0.010875
0.0065,-0.003
0.010875,-0.001
0.006125,-0.01075
0.004875,-0.002625
0.013,0.00575
-0.011,0.0105
-0.002,-0.004125
-0.007875,-0.00975
-0.00025,-0.012125
0.014625,-0.006625
0.011625,0.00525
0.011125,-0.00775
-0.00575,0.00225
-0.00575,-0.0105
0.014875,0.000375
-0.011875,0.0045
0.012,0.012
0.00575,-0.010625
0.009125,-0.006875
-0.013625,-0.010125
-0.001,-0.013
-0.006,0.011
0.00475,-0.005125
0.000125,0.00375
0.00075,-0.0045
0.011125,-0.001125
-0.002,-0.000875
0.002,0.0115
-0.01225,-0.00175
-0.01075,-0.013
0.013625,0.00125
0.005,0.010875
-0.002125,-0.012875
-0.0135,0.001625
-0.00425,0.014375
-0.003875,0.00725
-0.014,0.014875
0.000875,0.009125
-0.006,-0.00725
-0.007875,-0.007625
-0.006,-0.01425
-0.01425,0.009375
-0.000875,0.0025
-0.003625,-0.0065
0.012125,0.01475
-0.01475,0.00475
-0.0125,0.012875
0.008,0.0065
-0.001125,0.003875
-0.008125,-0.00925
-0.0115,-0.006
-0.0085,0.001375
-0.006625,-0.0015
-0.006875,0.000625
-0.005125,0.008375
0.00625,0.004625
0.009625,-0.00975
0.011625,-0.00575
0.013,-0.006875
-0.001125,-0.003625
-0.006875,0.01175
0.007125,-0.007875
0.007125,0.0005
0.011625,0.004375
0.011375,-0.005875
-0.001125,0.00675
0.00925,-0.002
0.01375,0.000625
0.0055,0.0115
-0.002875,-0.00975
-0.0075,-0.003375
-0.009,0.011125
0.00675,0.002875
-0.004625,-0.0045
0.006,-0.00975
-0.01125,-0.003
-0.014625,0.00225
-0.0055,-0.00825
-0.00525,-0.00075
0.00475,-0.01225
-0.01375,-0.0115
-0.00075,0.00175
-0.00075,0.003125
0.013125,-0.005
-0.012375,0.002
0.009375,0.007
-0.004875,0.01225
0.0015,-0.0105
-0.01425,0.00375
-0.014,-0.00775
0.0045,-0.008125
0.006625,-0.004875
0.014625,-0.010375
-0.005875,0.004
-0.00325,0.005125
-0.003875,0.0145
0.005625,-0.0025
0.010125,-0.014875
0.00125,-0.00075
-0.006,-0.000125
-0.00025,0.008625
-0.010625,-0.004375
0.005,-0.01475
0.01375,0.011375
0.001375,-0.01425
-0.003375,0.003875
-0.014,0.003875
-0.013625,-0.004625
-0.012125,-0.013875
0.004,-0.00475
-0.011375,0.0005
-0.005625,-0.007375
-0.005625,-0.00325
-0.010125,-0.00775
-0.007875,-0.002375
-0.004125,0.013375
-0.010375,0.0135
0.002875,0.01475
0.008375,-0.01375
-0.0045,0.00025
0.003875,-0.00825
-0.008125,0.0035
-0.00875,-0.01025
0.00075,-0.001
-0.004375,-0.012625
0.002625,0.01125
-0.002375,0.006875
-0.004375,-0.00275
0.004125,0.007
-0.00875,-0.014875
-0.011125,-0.0105
0.00975,0.012375
0.006,0.003125
-0.001875,0.011
0.008625,-0.001
0.002875,-0.009625
-0.006375,0.00225
-0.006875,-0.013625
0.00725,0.00075
-0.01375,-0.009625
0.00025,0.00525
-0.01475,0.015
-0.010375,0.00125
-0.005875,-0.004625
-0.0095,-0.001875
-0.0145,0.001875
0.003375,-0.0115
0.006625,0.01
0.006125,-0.004875
0.0125,0.009625
0.006625,0.011625
-0.001375,-0.008875
0.012,0.006625
-0.008625,0.002625
-0.012125,-0.011375
-0.0145,-0.012
0.012625,0.009125
0.002125,0.010375
-0.014125,0.014125
0.010125,0.009625
0.0105,-0.0095
-0.01075,-0.009
0.014875,0.000625
-0.005,0.004625
0.0145,-0.002625
-0.012375,0.011375
-0.007375,0.00775
-0.010875,-0.003625
0.00075,0.001
-0.00825,-0.006375
0.009125,-0.00375
-0.013125,0.006
0.006875,-0.0055
-0.01,0.01325
0.006375,0.00625
-0.0005,-0.007375
-0.0015,-0.014625
0.001875,-0.014
0.003375,0.0045
0.0085,-0.012125
0.0105,0.000875
0.014875,0.01075
-0.007625,-0.013875
0.007625,0.0025
0.002625,0.0135
0.013875,-0.009
-0.000625,-0.009125
-0.000875,0.011125
0.00025,-0.008875
0.01275,0.002
0.00925,0.000125
-0.004625,0.010875
-0.013875,-0.013125
-0.003375,0.001375
-0.003625,-0.01375
-0.001375,-0.01025
0.0025,0.005375
0.006625,-0.011
0.000125,-0.014125
-0.00025,0.013375
-0.0005,-0.000125
0.0015,0.005875
-0.01375,-0.006625
0.012875,0.00675
0.001125,0.008
0.004,0.011625
0.01425,0.0075
0.007125,-0.006125
0.006625,0.014125
0.00125,0.014875
-0.005875,-0.005
0.006625,0.0075
0.004625,0.0005
-0.008125,0.00225
0.010625,-0.007375
-0.00425,0.009
0.01,-0.004875
0.00875,0.00475
-0.00675,-0.000625
0.00725,0.005125
-0.01175,0.00075
0.009125,-0.01125
-0.004375,0.000375
-0.003,-0.012
-0.01325,-0.01075
-0.0045,0.008
-0.0055,0.00825
0.011,0.004125
0.005625,-0.0075
0.0065,-0.009375
0.005375,0.001875
-0.0125,-0.0075
0.007,0.005375
0.008,-0.007625
0.004375,-0.00075
-0.0035,0.001125
0.010125,-0.003
-0.002375,0.007
-0.008125,-0.002375
0.002125,0.006875
-0.0105,0.003125
0.0065,0.003875
0.014625,0.01175
-0.008125,0.002625
0.0085,0.003625
0.0145,-0.014875
0.0095,0.004125
-0.01425,-0.002625
0.00075,0.008625
-0.013375,-0.007375
-0.01375,0.014125
-0.011375,-0.0145
-0.008375,-0.011125
0.004,0.013375
0.005125,-0.0095
-0.0125,-0.000375
-0.007375,0.01275
-0.005125,0.00025
0.012875,-0.002625
0.00825,0.009125
0.0105,-0.001375
0.008625,0.009625
-0.008625,0.002
-0.010625,-0.007375
-0.006125,0.011125
-0.00925,-0.0085
-0.001625,0.001125
0.002,-0.00175
0.008625,-0.012
0.01225,-0.00625
-0.002875,-0.012625
0.007,-0.0095
-0.014125,0.005375
0.000625,0.013375
0.00075,-0.014375
0.005125,-0.002625
-0.008625,0.012375
0.000375,-0.0095
0.0115,0.00325
-0.00925,-0.007625
-0.003,-0.001
-0.006375,-0.006
0.01,0.01425
0.009375,0.009625
0.000875,-0.011375
0.009875,0.0125
0.00525,-0.008
0.01375,0.01425
-0.014625,0.00525
0.009,-0.014625
0.010625,0.006
-0.011,0.0045
0.002375,-0.000875
-0.002875,0.01475
-0.003125,0.008625
0.002125,0.011875
0.01175,0.0135
-0.00025,-0.00025
-0.003125,0.0085
-0.002125,0.0
-0.01325,0.0055
-0.00275,0.00725
-0.00675,0.001625
0.000625,0.0145
0.00025,-0.012625
-0.0125,0.0145
0.00075,-0.0105
0.010125,-0.01275
0.00925,-0.004375
0.01,-0.0085
0.00675,0.004125
-0.00275,-0.010625
0.008125,-0.00975
-0.013875,0.006125
0.014125,0.010625
-0.012125,0.014375
-0.0145,0.003375
0.000625,-0.00625
-0.00125,-0.000375
-0.00875,0.006875
-0.009125,-0.0025
0.0145,0.012
0.010375,-0.00375
-0.00025,-0.012
-0.013125,-0.0105
0.01275,0.012625
-0.00875,0.012375
-0.0125,0.0025
-0.00725,-0.011
0.00225,-0.00475
-0.01125,0.01175
0.00675,0.000625
-0.00775,0.003125
-0.0115,-0.003625
-0.00925,-0.0035
0.013125,-0.012375
-0.0135,0.009
0.00375,-0.0055
-0.01025,0.01325
0.005,-0.003625
0.013375,-0.00475
-0.005375,0.00825
-0.008,0.009375
0.0115,0.009875
0.0065,-0.010625
0.010125,-0.013375
-0.012375,0.014875
0.010625,0.007625
-0.014375,-0.01125
0.0025,-0.01375
0.001875,-0.006875
0.001625,-0.012
0.003,-0.004875
0.011125,-0.0015
0.0045,0.011625
0.008125,-0.002
0.006125,-0.003375
0.008625,0.011125
0.0025,-0.00325
-0.004125,-0.010375
0.00925,-0.013
-0.01025,0.01275
-0.0015,-0.000625
-0.01175,-0.003875
-0.004375,-0.0015
0.005,-0.015
0.0015,-0.014625
0.007125,0.014125
-0.009625,-0.00725
0.007625,0.001
0.0125,-0.01025
-0.011375,0.000375
-0.00475,0.0065
-0.008625,-0.01075
-0.01475,-0.003625
0.000125,0.00275
0.00825,0.0125
0.001125,-0.00775
0.00025,0.005375
-0.00175,0.006
0.004125,0.009625
0.010125,0.0095
0.011875,-0.013875
0.004125,0.005375
-0.012625,0.014375
0.00225,-0.00225
-0.000375,0.0045
0.012125,-0.00175
-0.008,-0.004875
0.001125,0.013625
0.0025,0.011125
0.00325,-0.014875
-0.001875,-0.01475
0.00975,-0.00075
-0.00575,-0.004
-0.01075,-0.00075
0.00675,0.004125
0.00775,0.011375
0.0145,0.0125
-0.0085,-0.012125
-0.011875,-0.008125
0.0095,-0.005375
-0.01275,0.005625
-0.001875,-0.006375
0.0145,0.001875
-0.008875,0.012875
-0.00475,0.00675
-0.006625,0.00125
0.006875,0.0125
0.0135,-0.01325
-0.0015,-0.01
-0.01475,0.006875
-0.0055,-0.012375
-0.006375,-0.007875
0.004875,0.006875
0.006375,-0.00725
0.007875,-0.003625
0.006,0.003625
-0.01075,-0.0125
-0.01075,0.01375
-0.014375,-0.006125
-0.0005,-0.003125
-0.010125,-0.00325
-0.000375,-0.003125
0.002625,0.008625
0.006,0.01225
-0.01175,-0.00725
-0.000625,-0.0135
0.0125,0.008875
0.008375,0.00675
0.00825,0.00375
0.00725,0.00725
-0.00925,-0.01275
-0.00325,0.011
0.0095,-0.013625
0.000375,0.005625
0.006625,-0.006
0.005375,0.011125
-0.004125,-0.002375
0.00975,0.01425
-0.014,-0.003875
-0.009875,0.005625
0.002375,-0.0125
0.0,0.00475
0.000625,-0.009875
-0.0065,-0.01175
0.015,-0.01475
0.0055,0.011
0.002,-0.01375
0.01125,-0.000375
-0.010375,0.00675
0.00775,0.0115
0.00325,0.000625
-0.00675,0.011625
0.013375,-0.00875
-0.003125,-0.000375
-0.0055,-0.002625
0.013875,-0.012
-0.015,-0.002875
-0.006875,0.014
0.0065,-0.01025
-0.008125,0.00775
-0.001875,-0.01075
0.005375,-0.00875
-0.012375,-0.01425
0.00175,-0.012625
-0.0105,-0.008125
0.014375,-0.013125
-0.00325,0.001625
0.001625,-0.007375
0.00375,0.007125
0.008125,-0.008375
-0.013125,-0.0105
0.002125,-0.007375
-0.004375,0.012375
0.000125,-0.005125
-0.004125,-0.002625
-0.001625,0.0075
0.01175,0.0045
0.002625,-0.006125
0.009625,0.001125
0.014125,-0.007375
-0.009125,-0.012125
0.008125,0.011375
-0.015,-0.0065
-0.000375,0.006125
-0.003875,-0.011
-0.0025,0.012875
0.005875,-0.0025
0.009625,-0.005375
0.013625,-0.0025
-0.00925,-0.0135
0.003125,-0.007125
-0.007375,0.014875
-0.0055,0.00975
-0.012375,-0.013875
0.001875,0.01325
-0.005,-0.00475
0.006875,-0.00775
-0.014625,-0.01
-0.00975,-0.013875
0.003625,0.00175
0.008,-0.005875
-0.0015,0.012375
-0.002,-0.00525
0.014625,0.012375
-0.006625,-0.0095
0.000125,-0.001875
0.00575,-0.00375
-0.007375,0.01
0.00025,0.007
0.013,-0.0125
-0.009125,0.00275
0.01475,-0.01225
-0.014125,-0.001125
0.005875,-0.0045
-0.012375,0.014375
0.000625,-0.007125
0.004125,0.002375
-0.0085,0.008
-0.0015,-0.01025
-0.008,0.0015
0.004875,0.010625
-0.002625,-0.0045
-0.00025,0.002875
-0.002625,0.009875
0.002125,-0.002
0.003,-0.004625
-0.006,-0.0105
-0.007125,-0.014625
-0.00425,-0.011375
0.0005,0.00425
-0.012,-0.012375
0.007125,0.014625
0.00125,0.01025
-0.010125,0.011875
-0.01475,0.00925
0.001375,-0.003875
-0.01475,0.011875
-0.0005,-0.00275
0.004125,0.013625
-0.0035,0.011
0.00575,0.008375
-0.00425,0.011875
-0.01025,0.004875
-0.00375,-0.003375
-0.008125,0.011
-0.013875,0.004625
0.00775,0.01175
0.006875,0.005375
-0.013,-0.012875
0.008625,0.00775
-0.014625,-0.00275
0.0065,-0.00675
-0.00475,-0.014375
-0.007625,-0.008375
-0.005625,-0.0075
-0.014125,-0.00475
0.007375,0.014125
0.014,0.001625
0.0035,0.01325
-0.005,-0.014625
0.003125,-0.009
0.009375,0.006875
0.00725,-0.0105
0.012375,0.007125
-0.005875,0.00625
0.005375,0.0045
0.01475,-0.011
0.012625,0.005
0.01125,-0.007375
0.0075,0.00125
-0.003125,-0.008125
0.009875,-0.007
0.00675,0.006125
-0.00925,-0.00175
-0.007375,0.007125
0.013,-0.00225
-0.0125,-0.000625
0.0105,-0.001375
0.005125,0.000125
0.011625,-0.013625
-0.0005,0.010625
0.0,0.014375
-0.012875,-0.006875
-0.01275,0.0015
-0.012875,0.006875
0.010125,-0.003375
-0.00325,-0.010875
-0.014125,-0.015
-0.006875,-0.01025
-0.00325,-0.000875
0.014875,0.0105
0.013125,-0.00325
-0.008625,-0.007
0.00325,-0.007
-0.012,-0.007625
-0.003625,-0.009375
0.010125,0.008625
-0.008625,-0.0055
0.00425,-0.003375
-0.0135,0.01275
0.0,0.006875
0.009375,-0.014625
-0.00625,0.01475
0.00375,-0.003375
-0.01475,-0.012125
0.014875,-0.0005
0.00275,0.01375
0.004625,0.007875
0.00175,-0.00075
-0.013625,-0.006375
0.014875,-0.010875
-0.01425,0.006375
-0.00925,-0.005875
0.002875,0.0005
-0.004625,0.006
0.0105,0.01425
-0.000875,0.007375
0.002,-0.00225
0.00175,-0.013375
-0.004625,-0.012625
0.011,-0.010625
-0.002625,0.0015
0.003125,0.011125
-0.007875,-0.00925
0.00575,-0.00675
-0.0065,0.009375
0.00625,0.013625
-0.015,-0.009
0.00425,0.006375
-0.012,-0.000875
0.009625,0.00725
-0.0035,0.013
-0.013875,0.008125
-0.013125,0.00125
-0.004,0.003625
-0.008375,0.011625
0.012875,0.00325
0.001625,0.00625
-0.010875,0.00875
0.00375,0.004875
-0.00525,-0.000125
-0.008625,-0.01
0.004625,0.008125
-0.01425,-0.01475
-0.0035,0.0015
0.002,-0.00075
0.012875,0.00775
0.0045,0.012375
0.002,0.013
-0.0005,-0.013125
0.0105,-0.0105
-0.007625,0.01025
0.010375,0.007875
-0.007,-0.004125
-0.00425,-0.014625
0.00025,-0.01475
-0.0145,0.0105
0.000375,-0.006
-0.010375,-0.0125
0.000375,-0.0025
0.003,-0.006125
0.00375,-0.01275
-0.002,-0.0025
-0.006,-0.008625
0.002375,-0.011375
0.01375,-0.014625
-0.01475,0.009625
-0.012125,-0.002875
0.003,-0.001
0.00375,-0.01175
-0.007875,0.0005
-0.0005,0.006125
-0.005875,-0.005375
0.000375,-0.007125
0.003,0.013125
0.0075,-0.002375
-0.01225,0.003125
-0.011875,0.006125
0.006,-0.0075
-0.005375,0.007125
0.0115,0.011125
-0.000375,0.004
-0.007625,0.001625
0.001875,-0.0095
-0.01275,-0.014625
-0.009625,-0.002625
-0.013,-0.004875
-0.005625,0.005875
-0.0105,0.007875
-0.01475,-0.0095
0.01275,0.0065
0.00975,-0.0095
-0.002375,-0.011625
0.01275,-0.00225
-0.0015,0.015
0.005375,-0.01375
0.003125,0.007
-0.011375,-0.008625
-0.01175,-0.000125
0.002625,0.013
-0.007875,-0.001375
0.003375,0.006875
0.0095,0.00425
0.008125,0.004625
-0.008125,-0.007
-0.009,0.004875
0.014875,-0.0095
0.00625,-0.00025
0.009,-0.004375
0.006125,0.00275
0.00425,-0.012
-0.00475,0.013
0.01025,0.00175
0.00325,0.01025
-0.015,-0.01325
-0.009625,-0.007
0.00925,0.013125
0.009875,0.008125
0.011375,-0.01425
-0.009875,-0.014875
0.00725,-0.005125
-0.012875,-0.008625
0.012625,0.00325
0.014875,0.00475
0.010125,0.002375
-0.0095,0.003875
0.000875,0.005375
0.012875,-0.008375
0.011125,-0.009375
-0.007125,-0.0035
0.01425,-0.005875
-0.004875,-0.0115
-0.006,-0.00475
0.00925,-0.00125
0.010625,0.009625
0.005625,-0.001125
0.013625,0.0035
-0.00325,0.004
0.007125,-0.002375
-0.011125,-0.001375
-0.0045,-0.012875
-0.0105,-0.014125
-0.0015,-0.007
0.015,-0.008125
0.011,0.00175
0.0035,0.013875
-0.008375,0.00825
-0.00925,0.00575
-0.012375,-0.012875
-0.012625,0.014125
-0.0055,-0.01025
0.0015,0.014
-0.001375,-0.009
-0.004375,-0.001
0.013625,-0.01025
0.012375,0.009125
0.0065,-0.013375
-0.01125,-0.012125
-0.009625,0.008375
-0.011,-0.003875
0.002625,0.006625
0.0015,0.01475
0.005375,0.003
0.001375,-0.009625
0.010875,0.01475
-0.003125,0.0115
-0.003375,-0.008
0.010375,-0.01075
0.0135,0.011125
0.007875,-0.014375
-0.003125,-0.010125
0.003875,-0.002375
0.003125,-0.01475
-0.01375,-0.00925
0.005625,-0.007
-0.01225,-0.011625
0.003875,-0.013
-0.011875,-0.002125
-0.00275,-0.0065
0.00475,0.014125
-0.0105,-0.01125
-0.009,-0.008375
-0.00325,0.001375
0.001625,-0.013625
0.00375,-0.009875
0.011875,0.00025
0.003875,-0.012875
-0.009875,-0.004625
0.003125,-0.00425
-0.005375,-0.009625
-0.00225,-0.009125
-0.00725,-0.015
0.006875,-0.002625
-0.013875,-0.013
-0.012375,-0.009375
0.0115,-0.005
-0.001875,0.012375
-0.006125,0.007625
0.002125,0.013625
-0.004375,0.006625
-0.001125,-0.004875
-0.00425,-0.0115
-0.009625,-0.007875
-0.00075,0.00425
0.008625,0.009
0.001,-0.002875
0.014375,-0.009375
-0.0035,-0.01425
0.007375,0.011375
-0.0115,0.002625
0.0075,-0.009625
-0.012,0.000375
-0.00175,0.007875
-0.011875,-0.0125
0.0055,0.014875
-0.00325,-0.00275
-0.0075,-0.004375
0.0035,0.013625
-0.0145,0.004
-0.000375,-0.003125
-0.01425,0.005625
-0.005375,0.006625
-0.01025,0.011125
-0.00175,-0.012875
-0.012375,0.0075
-0.007625,-0.00575
0.00175,0.005875
0.0025,-0.006125
-0.006875,-0.00325
-0.013,-0.006625
-0.012625,0.009875
-0.000875,-0.013
0.007875,0.009
-0.009875,0.009
0.001625,0.0035
-0.00325,-0.009125
0.00775,0.01
-0.014,0.00325
-0.003625,0.006375
-0.000375,0.014125
0.00475,0.0025
0.012125,0.00575
-0.00025,-0.009875
0.012375,0.01275
-0.00325,-0.011875
0.012875,0.00525
0.005125,0.003125
-0.006875,-0.0105
-0.013125,-0.009
0.003125,0.008
0.01475,-0.010125
-0.005125,-0.009875
0.008375,0.01025
-0.014375,0.0105
0.004375,0.01
-0.0035,-0.006
-0.003625,0.000125
0.012125,-0.008
0.004375,0.013875
-0.00625,0.014625
-0.000625,-0.010625
-0.013375,0.01325
0.01175,0.0135
0.00725,-0.001125
-0.005625,-0.00975
0.007625,-0.008875
0.009625,0.00625
0.009625,0.002875
0.0005,0.003375
0.013625,-0.01125
0.012875,0.003875
-0.00625,0.01225
0.007625,-0.0095
-0.002625,-0.006375
-0.013625,0.003
0.01,-0.012875
0.012625,0.0055
0.0065,0.003
0.010125,-0.001
0.01475,0.000375
0.012625,0.005125
-0.007,-0.00425
-0.011125,0.00125
-0.003125,-0.005625
-0.003375,-0.008
0.006625,0.011875
-0.008875,-0.011125
0.002875,-0.002625
-0.014375,0.01325
-0.011375,-0.014625
-0.015,0.000125
-0.01075,-0.006875
0.003625,0.0055
-0.008125,-0.0025
-0.008,0.002875
-0.008,0.004625
-0.004875,0.006875
0.014125,-0.001
-0.0035,0.011875
0.006125,-0.000625
-0.004,0.012375
-0.008375,0.009125
-0.003125,0.014375
-0.01125,0.008375
0.00625,0.006625
0.005,-0.01025
0.00625,-0.012875
0.00125,0.008125
-0.000125,0.0085
0.013875,0.008
0.009375,0.000875
0.012375,0.01175
-0.005875,0.00775
-0.0135,0.004875
0.00075,-0.0115
-0.009,0.003875
0.009125,-0.003375
0.01075,0.01025
0.007125,-0.00025
0.009,0.008625
-0.008375,0.011625
0.01325,-0.0075
0.012,-0.01075
-0.003875,0.0095
-0.01225,0.01125
0.000625,-0.003
-0.006125,0.01225
-0.013,0.003375
-0.005375,-0.00875
-0.00975,0.002375
0.00475,0.006625
0.00825,0.001875
0.014875,0.0085
0.00375,-0.011375
-0.008875,0.01425
-0.007,-0.005625
0.0125,0.013875
-0.0085,-0.00175
-0.0115,0.006125
0.00125,-0.008875
-0.009625,0.01075
-0.01175,0.01225
0.0025,-0.01
-0.015,0.0105
0.00525,-0.011375
0.010125,-0.006875
-0.002875,0.00375
-0.004,-0.005375
-0.002875,0.0085
0.0005,-0.003625
0.009125,-0.003625
-0.014375,-0.003125
-0.00675,0.001625
0.01175,0.0015
0.004,-0.006625
-0.0095,-0.002125
0.0,-0.011
0.001375,-0.007625
0.00425,-0.014875
0.00625,0.01425
-0.007375,-0.0095
0.01375,-0.006875
0.00225,0.014625
0.00475,-0.01075
-0.0075,0.013125
0.003125,0.006625
-0.013625,-0.005625
0.013375,0.008375
-0.013625,0.003375
-0.007125,-0.00975
0.003375,-0.004625
-0.01175,0.002625
0.009875,0.001375
-0.004875,-0.002875
-0.010625,0.008875
0.0005,0.00175
-0.001,-0.012
-0.01025,-0.008375
-0.011625,-0.000875
0.003875,0.013375
0.0105,0.00075
0.00425,0.003875
-0.010875,0.012
-0.003875,-0.013
-0.005375,-0.011125
-0.012125,0.0065
-0.0095,-0.01175
-0.00575,0.002125
0.010125,0.008
0.005625,0.00175
-0.012125,-0.00675
0.012125,0.00675
0.00525,0.0135
-0.013625,0.01325
0.005375,0.00325
-0.01425,-0.00375
0.003875,-0.000625
0.00575,0.011375
-0.0075,-0.002625
-0.0055,0.001875
0.000875,-0.014
0.014625,0.013625
0.00775,0.01225
-0.009375,-0.00475
0.007625,0.009
-0.009875,0.006625
0.01275,0.01
0.00275,-0.011
0.011,-0.00225
0.005375,0.002
-0.004875,0.01175
-0.014625,0.00025
-0.00775,-0.010375
-0.007125,0.004875
-0.0075,0.012375
0.00025,-0.013
-0.009,0.006875
0.00675,-0.003
-0.012375,-0.003375
-0.00025,-0.009875
0.01075,0.014
0.00625,-0.002375
-0.002875,-0.009625
0.005125,0.012375
-0.00125,0.004625
-0.004625,-0.012
0.002125,0.0015
0.006125,0.00075
0.00525,0.012
0.0055,-0.01225
-0.0045,0.00775
-0.006875,-0.007375
0.014125,-0.00875
0.011625,0.007875
0.005,-0.009875
0.011375,0.001375
0.01325,-0.007625
0.005125,0.012125
0.01475,0.002125
0.000125,0.00425
0.013,-0.01075
0.01125,-0.01425
0.0085,-0.011
0.00475,0.01275
-0.01075,0.00625
0.01025,0.004
0.00025,0.011125
0.001625,0.007
0.010875,0.012625
-0.0025,-0.013875
-0.003125,-0.013625
0.01325,-0.00825
-0.005625,-0.005125
0.002875,-0.001375
0.002625,0.004875
0.0145,-0.005375
-0.006625,-0.015
0.004375,-0.006375
-0.009875,0.01325
-0.0075,0.008375
0.010875,-0.011
-0.000875,-0.00925
0.013375,-0.006875
0.00575,0.00375
0.0055,0.01325
0.000375,0.009875
0.005625,-0.0065
0.014,0.000875
-0.003125,-0.000875
-0.008875,-0.010125
-0.00225,0.012875
0.012875,0.01075
0.01225,0.01025
-0.005125,0.012
-0.01375,-0.009875
0.005125,0.00075
-0.003125,0.01075
0.0055,0.00125
0.0135,-0.008125
0.00925,0.012
0.007375,0.01125
0.00375,-0.013375
0.002875,0.005875
-0.004,0.012625
-0.012375,-0.005375
0.00425,0.01175
-0.00575,-0.00475
-0.0095,0.0035
0.0005,0.014875
-0.00875,0.014
0.00725,0.01375
-0.0045,0.009375
-0.012375,-0.01225
0.004,-0.00325
-0.004625,0.002875
-0.001125,0.008375
0.008625,-0.014375
0.007,-0.00475
-0.01075,0.0025
0.00825,-0.00475
0.012625,0.007375
-0.007,0.014625
-0.00225,0.014
0.008125,0.00925
-0.006625,0.002125
0.005125,-0.00575
-0.00175,-0.00375
0.002375,-0.010125
-0.005375,-0.012875
-0.0135,0.0
-0.009625,0.012
0.00075,0.00275
-0.01125,0.001125
-0.013375,-0.012625
0.013125,0.0025
0.0125,-0.00025
0.00075,0.006
0.0095,-0.01075
-0.00075,0.01025
-0.0025,0.013
0.01325,-0.01425
0.004875,-0.011
0.014125,-0.002875
-0.005,-0.001
0.003625,0.00975
0.0025,0.01175
-0.014875,0.013
-0.013375,0.001
-0.011375,-0.00725
-0.006625,-0.00375
0.00225,-0.008125
0.00025,-0.002875
0.0065,0.003125
-0.0075,-0.011375
-0.012875,0.00575
-0.012875,-0.01425
-0.007,0.011125
0.001125,0.011875
0.007625,-0.011125
0.0025,0.005375
-0.005875,0.00925
0.012125,0.0105
-0.002375,-0.004625
-0.002,0.012375
-0.006125,0.00025
-0.0025,-0.00725
0.001875,-0.007
-0.004625,-0.014
-0.011,0.010375
0.008,-0.00175
-0.010625,-0.00225
-0.0065,-0.009
0.012625,0.01325
0.009875,0.003125
0.01375,-0.003625
0.0115,-0.01025
0.00475,0.002875
-0.01025,0.008
-0.001,0.005625
0.0135,-0.006
-0.00575,-0.014375
-0.008125,-0.006125
-0.009125,0.00775
-0.0135,-0.007125
0.0095,0.014
-0.008875,-0.003125
-0.00675,0.013375
-0.0115,0.006875
0.0025,-0.005
0.005,-0.005875
0.001625,0.0055
-0.003625,0.00375
-0.00825,0.005
0.002875,0.008875
-0.01125,-0.00375
0.01225,0.002875
-0.01275,0.005625
0.00775,0.00525
0.00725,0.0095
-0.008375,0.006375
-0.00475,-0.011625
0.000625,0.008625
-0.01225,0.013
0.012,-0.011125
0.01425,0.0055
0.005875,-0.002
0.012875,-0.012125
-0.005,-0.000125
0.005625,-0.0125
0.0095,-0.00875
0.012375,0.01225
0.011375,-0.008375
0.008625,0.0035
0.01,0.01425
-0.007,0.00925
-0.0135,0.015
0.00075,-0.004
0.003875,-0.0025
0.001625,-0.012875
0.003125,0.00975
0.0115,-0.0145
-0.004125,-0.01225
-0.004125,0.010375
-0.01275,0.005125
0.00175,-0.010875
-0.011,-0.002
-0.003,-0.005375
-0.014,0.002625
-0.005,-0.012
0.004125,0.01125
-0.01325,-0.008125
0.01125,-0.014625
-0.011625,0.014
0.003375,-0.00175
-0.01475,-0.01375
0.015,-0.010125
-0.00325,-0.012625
-0.00125,0.011875
-0.004125,0.013125
0.005625,0.013125
-0.0005,-0.007
0.010375,0.00475
0.010375,0.00125
-0.009375,0.007125
0.008,0.014375
-0.0095,-0.005875
0.007375,-0.013875
0.007125,-0.010125
-0.014625,0.0025
0.0075,-0.013875
-0.00025,-0.0055
0.004625,-0.0125
0.005,-0.010875
-0.00375,0.005125
-0.004,-0.005625
-0.013875,0.001625
0.003125,-0.012625
-0.0085,-0.0085
0.00625,0.007875
0.002875,-0.00975
0.009,-0.0005
-0.005875,0.00425
0.00225,0.003125
-0.006875,-0.001125
-0.013875,0.00675
-0.006125,0.000625
0.008375,-0.00275
0.014,-0.0095
0.0145,-0.01175
0.006375,-0.007125
0.012125,-0.00675
-0.009,0.01425
-0.015,-0.010125
-0.014,-0.011
0.012625,-0.013
-0.0085,-0.003625
-0.012875,-0.00475
0.014125,-0.007875
0.0025,0.010375
0.003125,-0.013375
-0.002875,0.0075
0.0035,-0.00675
-0.00225,-0.00675
-0.00025,0.007
0.00575,-0.009625
0.00575,-0.014
-0.0115,-0.007
0.005625,0.011875
0.007625,0.0065
-0.0045,0.01425
-0.00125,0.004375
-0.006375,-0.013125
-0.008125,0.002625
-0.013875,-0.002375
-0.013875,-0.003
0.009375,0.008375
0.00825,0.006125
-0.00775,-0.001125
-0.000625,-0.008375
0.013,0.010625
0.000875,-0.001625
-0.013375,-0.01475
0.00075,-0.004125
-0.01425,-0.01025
-0.00325,0.009125
-0.011375,0.0135
-0.011375,0.000875
-0.007625,-0.008625
-0.014375,-0.01175
0.00175,-0.014
-0.00125,-0.009
-0.000375,0.01125
-0.00425,-0.002875
-0.010625,0.0145
-0.014125,0.00775
-0.0115,0.014375
-0.005625,0.009375
-0.005875,0.00475
0.009375,-0.011
0.013125,0.00525
0.001,0.0045
0.0105,-0.007625
-0.003375,-0.011375
-0.009,0.0085
-0.0065,-0.000125
-0.00725,0.007875
0.014,0.003625
0.004,0.0095
0.0025,-0.01375
-0.014625,-0.0105
0.0045,0.00425
0.003625,0.00325
0.00975,0.00375
-0.001375,-0.004875
0.002375,-0.01475
0.00425,0.010875
0.01375,-0.0145
0.008875,0.00925
-0.012625,-0.006875
-0.007375,0.0035
-0.004375,-0.00575
-0.000625,-0.01475
-0.0095,0.009375
-0.010875,0.003125
-0.00225,0.00025
-0.009625,-0.003625
0.002375,-0.01175
0.002625,-0.012375
-0.00175,0.015
0.002875,0.00825
0.007,-0.008625
-0.000375,-0.008125
0.002,-0.01425
0.01025,-0.01225
-0.00125,0.01125
0.005125,0.013625
0.0115,-0.008
0.009125,0.005375
0.010875,0.002625
0.007625,0.0125
-0.00825,-0.014
-0.01375,0.01075
0.01025,0.00375
0.013125,-0.010875
0.008625,0.00875
0.00075,-0.004125
0.002875,-0.01275
0.0015,0.014375
-0.00775,-0.0075
-0.000125,0.0055
0.0035,0.00125
-0.009125,0.007875
-0.008875,0.008125
0.002375,0.00525
0.0,-0.013125
0.00075,0.014375
-0.01475,-0.001125
0.01275,0.010375
0.011375,0.011125
0.00125,0.00775
0.01125,-0.001
0.009125,0.013625
0.00725,0.01025
-0.009375,-0.002125
-0.01175,0.00325
-0.014125,0.01475
0.007375,0.014875
-0.000875,-0.010875
-0.0045,0.0085
0.003625,-0.012375
-0.00775,-0.012125
-0.007,0.003875
-0.0015,-0.004125
0.011375,-0.009125
-0.0045,0.000375
-0.004375,0.009875
-0.013125,0.005
0.013875,0.003
0.012,-0.007625
-0.00575,0.00575
-0.003125,0.004125
-0.000125,0.0045
-0.014,-0.003875
-0.004,-0.014125
0.008625,-0.002125
0.01,-0.001625
0.005125,-0.002
-0.006625,-0.01475
0.00575,-0.001
-0.00825,-0.011625
-0.01125,0.00425
0.00225,-0.010875
-0.007375,0.009625
-0.0085,0.011625
-0.00975,-0.006375
-0.012625,-0.011
-0.00675,-0.01025
-0.004625,0.010875
-0.0115,-0.009875
-0.01075,0.00175
-0.00225,-0.01475
0.00925,0.010875
0.009125,0.0065
0.00025,-0.003125
-0.0065,0.01025
0.005,-0.000375
0.01425,0.00275
-0.005625,0.012375
0.002875,-0.011625
-0.010625,0.00675
-0.004625,-0.014875
-0.01,-0.00275
0.013125,-0.006625
0.00725,0.000375
0.012125,-0.009375
-0.008125,-0.00925
-0.007375,0.004875
-0.002875,-0.013625
-0.0085,0.015
0.0015,0.006375
0.00275,-0.011125
-0.015,0.00175
-0.01075,0.001375
-0.014375,-0.0115
-0.0015,-0.00175
0.012625,0.013875
-0.009875,0.002875
0.009875,-0.014125
0.00975,-0.003625
0.011,-0.004
-0.00875,-0.003625
-0.0005,-0.003875
0.00375,0.014375
-0.003375,0.0045
-0.006875,0.009375
-0.006375,0.003125
0.006,-0.00375
0.00975,0.01
-0.008125,-0.009875
-0.004375,-0.000125
0.004375,-0.006625
0.009625,-0.013375
0.01475,-0.0105
0.01175,0.01475
-0.0145,-0.003375
0.012875,0.002125
0.006,0.01
0.005375,-0.009
0.0075,-0.01125
-0.004875,0.0125
-0.000125,0.00375
-0.01475,-0.001625
-0.01225,0.011125
0.01025,-0.0075
0.00325,0.001
-0.000125,-0.013625
-0.011625,-0.004
-0.01,-0.001125
-0.005875,-0.008875
0.005125,0.0025
0.005875,0.012
-0.00675,0.006625
0.004875,-0.004
0.00475,0.001375
0.013625,0.009125
-0.000375,-0.013625
0.005875,-0.007125
-0.000375,0.0115
0.00225,0.004
0.01325,0.01025
-0.0055,-0.011875
0.00875,-0.01475
0.0005,0.00075
-0.004875,-0.010625
-0.00025,-0.012125
-0.0025,-0.0005
-0.008,-0.0035
-0.00675,0.009125
0.0115,-0.007375
-0.010125,0.012125
-0.002125,0.002125
0.002625,0.00025
-0.013875,0.0135
-0.01125,0.00925
0.0145,0.005125
-0.013875,-0.00375
0.001125,-0.012
-0.009375,0.006875
0.002125,-0.01075
0.008125,-0.0005
0.005875,-0.002375
0.009,-0.008625
0.0045,-0.00075
-0.002625,0.0145
0.00425,-0.002625
-0.00875,-0.007375
-0.003,0.012
0.007,-0.0145
-0.0015,0.0105
-0.00025,0.003625
0.001875,0.004625
0.012625,-0.0055
-0.01275,-0.003375
-0.00725,-0.0145
0.008375,-0.00425
-0.011125,0.0005
0.014375,0.012625
0.005875,0.009125
0.005375,0.00325
-0.0025,-0.009625
-0.005125,0.002625
0.0085,0.0055
0.010125,0.00075
0.006375,-0.000375
-0.0055,-0.00725
-0.009,-0.007875
-0.00475,-0.006
-0.01375,-0.01075
-0.006875,-0.013875
-0.0145,0.010625
-0.010375,-0.0145
0.0065,-0.0135
0.00275,-0.0005
-0.005375,-0.004375
-0.010125,0.004125
0.005625,-0.008
-0.002,0.013125
-0.003,-0.0105
-0.011625,0.010125
-0.00975,0.00775
-0.01025,0.004875
-0.01275,0.002625
0.012375,-0.0135
0.005625,0.003375
-0.00375,-0.005125
-0.0005,-0.011
0.0095,-0.01325
-0.013625,0.01
-0.00475,0.0145
-0.0055,-0.004875
0.013625,-0.0125
0.0145,0.015
0.008125,0.008375
0.014125,-0.007625
0.00225,-0.00575
-0.014125,0.005
0.0085,-0.003875
0.009375,-0.005875
-0.00175,0.011125
-0.000375,-0.007125
-0.011875,-0.00425
-0.003,-0.000625
-0.010875,-0.00125
-0.007375,-0.000875
-0.003125,-0.01175
0.003625,-0.00425
-0.001375,0.014625
-0.013375,0.00425
-0.00325,0.00775
-0.013375,-0.005
-0.000375,-0.002375
-0.004,0.001625
-0.002125,-0.00925
-0.006875,-0.014375
-0.002625,0.004625
-0.011375,0.008375
0.009625,0.011125
0.006375,-0.000625
0.00325,0.0125
0.000375,-0.004375
-0.014125,-0.010375
-0.01025,-0.00975
0.00375,-0.01175
0.0095,0.00025
0.008125,-0.00625
-0.006375,-0.002375
0.01075,-0.0045
0.004625,0.0145
-0.00525,-0.000375
0.008875,-0.01475
0.002,0.002875
-0.010375,0.007
0.007,0.0015
-0.00775,0.0085
-0.01125,0.009
0.014,0.0
0.015,0.014125
0.000375,0.00825
-0.007625,-0.000125
0.002875,-0.00575
0.0115,-0.006625
0.009625,0.010875
-0.0095,-0.010125
-0.003625,0.0025
0.00525,0.007875
0.00725,-0.00425
-0.008625,-0.00375
-0.007375,-0.011
-0.007,0.006125
0.00025,-0.014625
-0.00625,-0.010625
-0.00675,0.01175
0.005375,0.005625
-0.011375,0.001
-0.009,-0.010375
-0.001,-0.003125
0.011375,0.01075
0.012875,0.00625
-0.000125,0.014375
-0.003125,0.01375
0.00025,0.005375
0.01275,-0.013875
-0.000375,0.007
-0.00425,-0.003375
0.0105,-0.0005
0.001,0.00225
-0.001625,0.003
0.00525,-0.00625
-0.0065,-0.013125
0.010625,0.012125
-0.002375,0.0
0.008875,-0.006375
0.00675,-0.01475
0.0045,0.00575
-0.0075,-0.00925
-0.012875,-0.000625
-0.00725,0.002625
-0.0105,-0.012125
-0.001625,0.007625
-0.010625,-0.003375
-0.00725,-0.000625
-0.0075,-0.014125
-0.014625,0.0045
-0.012125,0.008
-0.010875,-0.000625
-0.01025,0.005625
0.012125,-0.00575
-0.00375,0.007125
-0.0035,-0.009
-0.003625,0.01225
0.010625,0.0125
-0.00375,-0.00675
0.01125,-0.00375
-0.010375,0.006
0.008125,-0.002
0.011,0.008625
0.003625,0.01375
-0.00125,0.01475
0.000875,0.00625
0.001625,0.01275
-0.002125,-0.010625
0.002625,-0.00675
-0.013875,-0.00575
0.004375,0.006375
0.004375,0.01075
0.003125,0.013
-0.00075,0.005125
0.003125,-0.004625
0.00125,0.0105
0.006875,0.013875
-0.001,-0.00475
0.0035,-0.004375
-0.004125,0.01025
0.006,-0.012375
-0.011125,-0.002625
0.001625,-0.003625
0.011125,-0.004625
0.00625,-0.013
-0.011625,0.00075
-0.007125,-0.0015
0.00825,0.010375
-0.01075,-0.00775
-0.011125,0.007625
0.008875,0.0075
-0.007125,-0.0125
0.003125,-0.00425
-0.003375,-0.00225
-0.004125,0.004875
-0.010375,-0.01325
0.001375,0.00625
0.011,0.005125
0.01375,0.00375
-0.006375,-0.008375
0.010375,-0.009
-0.003875,-0.014375
0.0,0.005625
0.00175,0.007875
0.01325,-0.01025
0.008125,-0.00675
0.002625,0.003125
0.007625,0.003625
0.011125,0.00875
0.013375,0.015
-0.0045,-0.0095
0.015,-0.0045
-0.009625,-0.0115
0.014125,-0.012625
0.0095,-0.01375
-0.013375,-0.00175
-0.003125,0.013625
0.00575,0.01275
-0.012375,-0.00525
-0.001,-0.01425
-0.01475,-0.014375
0.013875,-0.00275
-0.0015,-0.002125
-0.0025,-0.011625
-0.0055,0.004
0.0125,-0.005625
-0.010875,0.004875
-0.004375,-0.011625
-0.014875,0.00675
-0.004875,-0.00775
0.001875,-0.01125
0.01375,0.0065
-0.0135,0.001125
-0.0105,0.002875
0.01125,-0.012375
-0.010875,-0.003125
-0.00075,0.00525
-0.005875,-0.00875
0.0075,0.014875
-0.014875,-0.014
0.014375,-0.009
-0.0055,-0.008375
0.008,-0.01175
0.000125,0.0145
-0.007875,-0.00525
0.013125,-0.00875
0.011875,-0.004
0.005375,-0.003625
0.00125,-0.011375
0.010375,0.003875
0.006125,0.013625
0.007625,0.004625
0.00625,-0.00675
0.010875,-0.01075
0.004625,-0.014375
0.00675,-0.000875
-0.000125,0.0115
-0.0005,0.001875
-0.001875,0.01475
-0.015,-0.004125
-0.014875,0.003125
0.009,0.002875
0.01425,0.00975
-0.0035,0.01025
0.002375,-0.00525
-0.00425,-0.010625
0.004375,-0.002375
0.01025,-0.008375
0.005375,0.010375
-0.01325,-0.012125
0.007625,-0.01025
-0.012875,-0.00425
-0.01325,-0.01475
0.013625,-0.00525
-0.008,-0.011625
-0.002875,-0.00475
0.006625,0.010375
-0.000875,-0.014125
0.0045,-0.01375
0.00725,0.0
0.013,0.013625
-0.012,-0.000125
0.013625,-0.009125
0.005375,0.004
-0.014375,0.005875
-0.001375,-0.004625
-0.0115,-0.003
0.013125,-0.003125
0.013125,0.0075
0.003375,0.00625
0.005,0.001125
0.01425,-0.001125
0.012625,0.002875
0.002875,0.013875
0.010875,-0.008625
0.00925,0.01275
0.01025,0.00575
-0.00875,-0.01425
0.014125,-0.012625
0.008875,-0.003375
-0.01,-0.005125
0.008125,0.01125
0.00425,0.010375
0.012875,0.0085
0.009,-0.000125
-0.004,0.013
0.01475,-0.00125
-0.005625,0.01175
-0.01275,0.014375
-0.00425,-0.012625
0.012625,-0.009375
0.001625,0.005375
0.0115,-0.0105
-0.006375,-0.005625
0.007125,-0.006625
-0.003125,0.00325
-0.007375,-0.009125
-0.002,0.014875
0.007875,0.002375
0.011625,-0.010875
0.010125,-0.00025
-0.01275,-0.010375
-0.004125,0.001875
0.005875,-0.006625
-0.00275,0.005875
-0.007625,-0.006625
0.002375,0.014375
-0.00375,-0.0085
0.004375,0.010625
0.00725,-0.010375
-0.00325,-0.011125
0.013875,-0.004625
0.014125,0.006125
0.014875,-0.003375
0.012125,-0.008125
0.014375,0.005375
-0.01125,-0.014125
-0.0125,0.00475
-0.014125,0.005
0.01375,-0.00075
-0.002125,0.003875
0.00475,-0.0105
-0.002125,-0.005875
0.009375,0.006375
-0.014625,0.00425
0.00625,-0.01425
-0.006375,-0.011375
0.000625,-0.002125
-0.001625,-0.012625
0.004375,-0.009625
-0.00225,-0.001
-0.0145,0.000875
0.006125,-0.000375
0.006125,-0.012875
0.01375,0.006
0.01325,0.002875
0.00025,0.00375
0.006125,0.01
-0.00625,-0.00825
-0.004375,-0.009625
-0.0075,0.01425
0.01675,0.016875
0.00175,0.0055
0.010375,0.013125
0.0015,0.01675
0.020875,0.0275
0.0155,0.005375
0.029875,0.031375
0.024375,0.035375
0.034375,0.027
0.04,0.030375
0.033,0.0245
0.04125,0.043
0.02675,0.03
0.03375,0.035375
0.045125,0.030875
0.034125,0.038
0.049125,0.028875
0.034,0.05775
0.039625,0.035
0.035375,0.042375
0.03775,0.04825
0.056,0.053
0.051125,0.053625
0.054875,0.06825
0.0565,0.060625
0.06925,0.059875
0.078,0.0755
0.066625,0.0545
0.07175,0.080125
0.058375,0.067375
0.07425,0.062625
0.066875,0.06625
0.081,0.08325
0.0845,0.0855
0.086625,0.093
0.081,0.071875
0.08375,0.09325
0.102,0.0775
0.104625,0.10325
0.084875,0.09775
0.0865,0.08575
0.08625,0.1115
0.101875,0.085625
0.11775,0.089625
0.113875,0.1075
0.117125,0.12175
0.10225,0.103125
0.106875,0.11975
0.1065,0.122625
0.131,0.102625
0.121125,0.12975
0.119375,0.13525
0.1215,0.126125
0.116375,0.1375
0.142625,0.1205
0.133125,0.12425
0.146,0.117375
0.130125,0.1395
0.126125,0.145875
0.141,0.152625
0.151125,0.137125
0.1325,0.13825
0.162,0.159625
0.1515,0.1425
0.143375,0.1515
0.163125,0.145
0.170375,0.163625
0.1495,0.142875
0.176125,0.1545
0.178875,0.171125
0.17925,0.16875
0.167375,0.1755
0.175875,0.15775
0.173375,0.162625
0.1825,0.16725
0.1905,0.165
0.182375,0.166875
0.188,0.170875
0.185875,0.181125
0.186625,0.174375
0.18375,0.184
0.183625,0.19275
0.182875,0.203875
0.209625,0.180875
0.204125,0.18475
0.207875,0.19575
0.207,0.210875
0.220125,0.194375
0.213,0.2005
0.213,0.218375
0.217375,0.2105
0.21525,0.1985
0.209,0.203125
0.23575,0.207875
0.215375,0.212375
0.225125,0.231875
0.217375,0.2305
0.220625,0.210625
0.23525,0.226375
0.2405,0.236125
0.231,0.21875
0.247125,0.247625
0.256,0.23625
0.237875,0.228375
0.242125,0.231
0.247,0.248375
0.253375,0.247125
0.24725,0.247
0.252125,0.2595
0.273,0.2525
0.275375,0.240125
0.27225,0.263
0.274375,0.24875
0.269125,0.265125
0.25775,0.271625
0.260375,0.2545
0.27125,0.261
0.277875,0.2715
0.268625,0.267
0.270875,0.26175
0.271625,0.264
0.29625,0.264875
0.296625,0.290125
0.29125,0.29225
0.28825,0.284875
0.287,0.277375
0.293875,0.301625
0.307625,0.285125
0.30075,0.2915
0.31825,0.29375
0.3075,0.305
0.30425,0.292125
0.318125,0.31075
0.3265,0.295375
0.316375,0.301
0.31125,0.30975
0.3315,0.308625
0.32875,0.3175
0.316125,0.304375
0.333,0.3135
0.341125,0.326
0.33675,0.31725
0.333,0.32525
0.35275,0.3245
0.3265,0.323125
0.33575,0.32
0.349,0.3375
0.33525,0.34175
0.3385,0.336
0.34825,0.3305
0.346125,0.3365
0.365,0.34325
0.3575,0.364375
0.36475,0.353
0.350625,0.350125
0.374875,0.353125
0.377875,0.345125
0.384375,0.348625
0.37175,0.36825
0.37875,0.37225
0.371625,0.369125
0.3665,0.355125
0.386,0.358125
0.395875,0.3795
0.400125,0.36375
0.398125,0.386
0.40575,0.375875
0.4055,0.39525
0.394625,0.399375
0.404875,0.37725
0.39075,0.37725
0.4185,0.38275
0.41,0.380375
0.414125,0.40575
0.4165,0.407625
0.400625,0.3995
0.406625,0.399
0.415625,0.406
0.419375,0.401375
0.436625,0.4185
0.432125,0.426625
0.41425,0.405125
0.414875,0.426875
0.42075,0.42075
0.422875,0.4145
0.42175,0.429625
0.426625,0.437625
0.454875,0.42075
0.4405,0.445625
0.433875,0.438375
0.447375,0.42525
0.453,0.432375
0.44975,0.42625
0.46275,0.45025
0.451,0.446875
0.446625,0.44425
0.46325,0.445
0.457,0.44525
0.45575,0.464625
0.471375,0.453125
0.478125,0.455875
0.45825,0.46725
0.46025,0.473375
0.490625,0.451125
0.485,0.474375
0.4745,0.454
0.473125,0.484875
0.475625,0.462625
0.50225,0.478875
0.493375,0.478875
0.480875,0.4845
0.508125,0.474625
0.504,0.491
0.5055,0.47225
0.51025,0.479375
0.50675,0.486125
0.51775,0.4925
0.510375,0.501375
0.517,0.486875
0.5255,0.504625
0.52625,0.516625
0.51275,0.491625
0.53275,0.495375
0.537125,0.5235
0.5385,0.5155
0.513625,0.50525
0.539375,0.522625
0.52425,0.521375
0.539375,0.518875
0.542125,0.5255
0.53225,0.52125
0.538375,0.537125
0.536875,0.541875
0.546875,0.538125
0.549125,0.530125
0.56325,0.5485
0.549125,0.546625
0.566625,0.55
0.563375,0.548875
0.557375,0.541
0.5755,0.544625
0.550625,0.54775
0.561875,0.55925
0.55675,0.553375
0.561125,0.550875
0.58875,0.55375
0.567625,0.566375
0.56575,0.565875
0.5685,0.5695
0.5835,0.572875
0.58675,0.571625
0.573125,0.5695
0.604625,0.58425
0.597375,0.57675
0.585,0.584625
0.599,0.580125
0.5975,0.5875
0.595125,0.582125
0.6005,0.592875
0.61675,0.57725
0.61425,0.59275
0.607,0.583875
0.625375,0.60975
0.627,0.606375
0.626125,0.60175
0.63225,0.602
0.622625,0.60975
0.627125,0.61625
0.616,0.60775
0.61525,0.606875
0.644625,0.607375
0.630375,0.609375
0.634125,0.604375
0.647875,0.61825
0.638875,0.6215
0.639125,0.619125
0.63575,0.632625
0.652125,0.6315
0.646,0.63675
0.638,0.64425
0.65675,0.64675
0.64125,0.653125
0.668375,0.628375
0.667875,0.639125
0.659125,0.639125
0.673,0.658375
0.660125,0.648
0.671875,0.641625
0.664,0.655375
0.686,0.660625
0.681375,0.66775
0.671625,0.656
0.67675,0.66575
0.68875,0.661125
0.678,0.65325
0.6865,0.6735
0.68275,0.66575
0.70325,0.663
0.69475,0.661875
0.682125,0.66825
0.711125,0.6935
0.6875,0.668625
0.699125,0.688625
0.69975,0.680625
0.720125,0.692
0.717875,0.67925
0.725875,0.691875
0.73025,0.709125
0.705875,0.711875
0.706625,0.713875
0.710625,0.692625
0.731375,0.718625
0.7195,0.691625
0.735625,0.722
0.742375,0.71725
0.7315,0.721375
0.720625,0.724125
0.7435,0.719
0.746875,0.7315
0.753,0.725875
0.743875,0.733125
0.74625,0.737125
0.7605,0.73325
0.75825,0.741375
0.761125,0.732375
0.766375,0.732625
0.749625,0.73225
0.775,0.742625
0.774375,0.741125
0.74975,0.74525
0.762625,0.738375
0.772875,0.73725
0.765375,0.758625
0.780125,0.74275
0.789875,0.74725
0.7865,0.77175
0.795,0.7455
0.7815,0.7495
0.792,0.759625
0.797625,0.7525
0.7755,0.778875
0.785875,0.77375
0.786875,0.779625
0.79275,0.7785
0.80775,0.781875
0.788875,0.789
0.80175,0.787875
0.808375,0.795
0.7985,0.775875
0.800875,0.787625
0.81,0.796
0.807625,0.801625
0.81725,0.79925
0.829625,0.784375
0.809375,0.81025
0.809875,0.801875
0.81925,0.79825
0.821625,0.815
0.8425,0.79625
0.844125,0.810375
0.833125,0.80575
0.84575,0.81275
0.838,0.819
0.840875,0.8215
0.854625,0.833
0.8435,0.808625
0.85175,0.81275
0.853125,0.81325
0.8655,0.834375
0.862125,0.84325
0.851,0.8355
0.87175,0.83575
0.876,0.826125
0.87625,0.846125
0.856375,0.8515
0.871875,0.849875
0.883,0.83475
0.8745,0.85125
0.8605,0.849125
0.869125,0.861625
0.864875,0.869375
0.890875,0.850375
0.876125,0.87075
0.8725,0.868
0.879375,0.87125
0.885375,0.855
0.887375,0.8585
0.881,0.870125
0.894875,0.8715
0.89575,0.86525
0.9105,0.887625
0.897375,0.878125
0.90225,0.872875
0.912,0.8815
0.903,0.892375
0.91025,0.877
0.920125,0.900125
0.91625,0.876375
0.933625,0.89575
0.9225,0.905875
0.914625,0.886125
0.9245,0.8955
0.935375,0.894
0.943625,0.9165
0.940125,0.896625
0.921375,0.914375
0.927375,0.924625
0.944625,0.91775
0.93625,0.9115
0.94,0.930375
0.942125,0.92575
0.937875,0.9345
0.96225,0.92875
0.96025,0.932625
0.968375,0.928875
0.946875,0.926875
0.961125,0.9295
0.974125,0.9205
0.96375,0.922875
0.963125,0.951125
0.9645,0.937125
0.9745,0.95275
0.9605,0.951625
0.96725,0.962
0.983875,0.935125
0.984625,0.943875
0.971375,0.953375
0.98925,0.949375
0.97525,0.943625
0.975125,0.9475
0.977,0.9595
0.977625,0.969875
0.9935,0.971625
1.000125,0.960125
0.989625,0.97425
0.99225,0.9795
1.003875,0.97525
1.001875,0.9715
1.016875,0.976375
1.00125,0.969
1.0025,0.993625
1.017875,0.981625
1.0225,1.00225
1.013125,0.990125
1.025375,0.997375
1.0185,1.000125
1.03575,0.99425
1.03525,0.986
1.038875,1.005
1.035,1.0055
1.029125,1.0025
1.0205,1.009875
1.051625,1.015875
1.024,1.0205
1.028625,1.00375
1.05225,1.005125
1.035875,1.0165
1.041625,1.026
1.06025,1.025375
1.043125,1.034875
1.044,1.022375
1.070375,1.01325
1.071625,1.035625
1.04675,1.026
1.0625,1.0285
1.0645,1.046
1.05575,1.03275
1.05525,1.02925
1.0575,1.049875
1.08525,1.0425
1.084,1.044375
1.092125,1.049125
1.08475,1.051
1.080625,1.061375
1.0935,1.061
1.0725,1.042375
1.099875,1.073875
1.08175,1.060625
1.091375,1.05975
1.10225,1.079875
1.091,1.06025
1.0985,1.062875
1.0985,1.06325
1.0965,1.071625
1.119625,1.078875
1.098375,1.07575
1.09825,1.06975
1.1225,1.094
1.120875,1.0765
1.121375,1.090125
1.127,1.094875
1.109375,1.086875
1.127375,1.1025
1.1165,1.080625
1.138875,1.1065
1.138,1.0995
1.13125,1.10775
1.13875,1.0955
1.121125,1.09675
1.131375,1.116625
1.148125,1.123875
1.128625,1.102375
1.15075,1.1235
1.133125,1.11375
1.133875,1.125
1.1365,1.10975
1.1435,1.11475
1.16725,1.13375
1.14325,1.119
1.163625,1.131625
1.167375,1.123875
1.163125,1.121
1.17275,1.134625
1.171375,1.1365
1.156875,1.151
1.174,1.1535
1.1795,1.149125
1.18575,1.14875
1.17175,1.142
1.195375,1.15625
1.197125,1.141
1.186625,1.143875
1.178375,1.16875
1.20025,1.168375
1.19275,1.157875
1.188875,1.167625
1.208625,1.1635
1.190625,1.17275
1.21075,1.156625
1.206625,1.177625
1.19875,1.162125
1.21725,1.178125
1.208,1.16425
1.219625,1.16825
1.2045,1.193375
1.21825,1.19475
1.230875,1.180875
1.223,1.192875
1.23525,1.176
1.22775,1.199
1.211875,1.183
1.237625,1.203
1.2335,1.208125
1.22775,1.18425
1.24775,1.197
1.245125,1.2035
1.22375,1.193125
1.2455,1.20375
1.255875,1.193
1.233,1.207375
1.2315,1.2025
1.242,1.202
1.240125,1.22025
1.259125,1.224375
1.239375,1.228875
1.266,1.219375
1.261875,1.216
1.246625,1.232125
1.26725,1.230125
1.254,1.218625
1.280125,1.2385
1.253375,1.22675
1.259125,1.2265
1.264625,1.227875
1.27825,1.24725
1.284125,1.253875
1.26475,1.25375
1.28725,1.256625
1.285625,1.233375
1.28175,1.257875
1.2995,1.261375
1.30325,1.240625
1.30125,1.257125
1.281125,1.26175
1.307125,1.261125
1.294125,1.270875
1.295375,1.263875
1.30025,1.25725
1.3105,1.27925
1.2985,1.283125
1.295375,1.262
1.302125,1.26775
1.321875,1.261125
1.315625,1.27675
1.3085,1.27375
1.326375,1.292125
1.320875,1.294375
1.317125,1.282
1.324,1.283125
1.324375,1.295875
1.31675,1.277
1.316375,1.27975
1.317875,1.287375
1.347375,1.305625
1.3305,1.28675
1.335375,1.293375
1.3515,1.31525
1.3495,1.296125
1.331875,1.298125
1.345125,1.318
1.338625,1.32075
1.35175,1.32875
1.361,1.325125
1.3495,1.316625
1.3525,1.3265
1.347875,1.332625
1.36175,1.311875
1.37575,1.334875
1.362,1.332375
1.3575,1.34325
1.357375,1.32925
1.364625,1.331625
1.364875,1.3275
1.3755,1.338375
1.372375,1.328125
1.367625,1.33175
1.3835,1.335875
1.379375,1.353125
1.389625,1.341375
1.392,1.345625
1.37625,1.3525
1.3935,1.36075
1.406625,1.360875
1.39375,1.35025
1.40425,1.362
1.40875,1.369125
1.416375,1.369375
1.417125,1.3635
1.41675,1.365875
1.40825,1.366125
1.409375,1.359
1.404375,1.386875
1.415875,1.36175
1.412125,1.384875
1.41625,1.377375
1.41,1.37075
1.42125,1.380375
1.434125,1.393625
1.437875,1.37675
1.437375,1.402625
1.434,1.397625
1.4405,1.388125
1.431625,1.403875
1.431,1.410625
1.437125,1.397375
1.4405,1.396375
1.426875,1.41025
1.43575,1.413375
1.445875,1.395
1.448875,1.4005
1.459875,1.419125
1.4555,1.402125
1.454625,1.408875
1.452,1.419625
1.468125,1.406125
1.4505,1.41825
1.457375,1.40775
1.47075,1.410625
1.4785,1.413375
1.46575,1.426375
1.483125,1.444125
1.4595,1.43725
1.46675,1.437375
1.48875,1.449375
1.466625,1.45125
1.4725,1.427875
1.479375,1.435875
1.477875,1.44425
1.49025,1.45575
1.47275,1.450875
1.4985,1.456875
1.488625,1.450625
1.47925,1.449625
1.492375,1.44775
1.484625,1.46
1.4925,1.453375
1.503,1.446
1.51625,1.45975
1.51925,1.453375
1.517875,1.451375
1.505875,1.471875
1.524375,1.465875
1.5165,1.4825
1.5195,1.483
1.504875,1.46475
1.523375,1.466
1.5285,1.481
1.53,1.483375
1.52325,1.480625
1.53225,1.481125
1.532375,1.49175
1.51675,1.491875
1.539625,1.498375
1.531125,1.478375
1.521875,1.506625
1.548875,1.50675
1.54675,1.500625
1.528125,1.504375
1.554125,1.51625
1.541,1.500125
1.55475,1.4965
1.55075,1.5015
1.548125,1.5175
1.5435,1.51175
1.548375,1.505875
1.5445,1.51775
1.573125,1.519875
1.562875,1.516875
1.567375,1.52725
1.55125,1.515375
1.55675,1.53375
1.566625,1.529375
1.561625,1.528625
1.587625,1.5305
1.560875,1.544875
1.576875,1.52
1.568625,1.545375
1.592125,1.541375
1.580125,1.544375
1.596125,1.536625
1.574,1.534125
1.590125,1.53975
1.578625,1.55775
1.577375,1.5485
1.584125,1.5515
1.602,1.539
1.610875,1.562625
1.606625,1.55275
1.609,1.5585
1.600875,1.550625
1.60175,1.548375
1.602125,1.5545
1.618125,1.562125
1.6,1.570875
1.612875,1.57525
1.6255,1.563625
1.630875,1.564875
1.621875,1.569
1.608,1.575375
1.611,1.59225
1.629625,1.56675
1.615375,1.59225
1.6405,1.5855
1.618875,1.573625
1.635625,1.585375
1.639,1.584
1.6435,1.588875
1.6275,1.598125
1.648125,1.58825
1.6555,1.592
1.63875,1.605625
1.65775,1.607625
1.6515,1.60875
1.656625,1.60675
1.66225,1.591875
1.652125,1.6205
1.666375,1.596
1.660375,1.621625
1.66225,1.60975
1.645375,1.616625
1.653625,1.612375
1.6775,1.62725
1.67325,1.616625
1.66025,1.610625
1.66875,1.615125
1.67975,1.622125
1.66425,1.634625
1.66,1.64375
1.678875,1.627875
1.67725,1.629375
1.68875,1.645
1.6815,1.633125
1.6755,1.63625
1.697875,1.627875
1.687,1.63475
1.693,1.646375
1.6945,1.6555
1.698375,1.66025
1.68475,1.64175
1.697125,1.637
1.685875,1.648125
1.70375,1.649625
1.69125,1.665625
1.693625,1.665125
1.7165,1.6655
1.698375,1.647375
1.719875,1.6725
1.703875,1.676
1.7185,1.671
1.729125,1.66575
1.724375,1.667875
1.705125,1.683
1.72025,1.68775
1.736,1.676
1.71275,1.662875
1.71425,1.676875
1.717,1.66725
1.724625,1.67675
1.72225,1.696625
1.728875,1.672125
1.74825,1.69425
1.726375,1.703125
1.751125,1.699
1.74475,1.687
1.744625,1.688
1.729625,1.706625
1.756625,1.685875
1.760375,1.7025
1.735375,1.68725
1.745,1.716375
1.746875,1.720125
1.7485,1.70575
1.752375,1.6995
1.7645,1.696125
1.76825,1.720375
1.770125,1.715
1.77425,1.708625
1.75825,1.71875
1.78075,1.723
1.78075,1.712875
1.781875,1.715625
1.7845,1.72275
1.785125,1.741375
1.770625,1.738
1.784125,1.718375
1.79125,1.721625
1.782375,1.739
1.78,1.726875
1.781875,1.738125
1.789,1.72925
1.777125,1.74425
1.789875,1.74075
1.78275,1.74025
1.788,1.7535
1.795875,1.7565
1.788625,1.763
1.7915,1.739625
1.78925,1.76175
1.792,1.74075
1.807,1.75875
1.8075,1.761625
1.819125,1.747125
1.813625,1.757875
1.818125,1.753375
1.811375,1.75225
1.82375,1.757625
1.812875,1.75375
1.813,1.779
1.81125,1.77825
1.8295,1.78375
1.81875,1.771375
1.81275,1.7695
1.824,1.792125
1.839375,1.773
1.840625,1.787875
1.825375,1.791625
1.833375,1.786125
1.843125,1.7985
1.833875,1.781125
1.839625,1.795375
1.85525,1.800125
1.8385,1.799375
1.854375,1.799375
1.84,1.790875
1.848125,1.801375
1.850125,1.81225
1.849125,1.804125
1.84325,1.81075
1.868125,1.791125
1.846875,1.80625
1.856375,1.795625
1.855625,1.8205
1.8575,1.82175
1.87425,1.809375
1.88075,1.824375
1.877875,1.820375
1.869125,1.829375
1.861,1.835
1.8875,1.81775
1.875625,1.81175
1.865625,1.832
1.879625,1.8155
1.867,1.83625
1.8905,1.823125
1.868875,1.8435
1.88425,1.83825
1.8965,1.824875
1.893875,1.843625
1.8875,1.84725
1.90225,1.847625
1.895625,1.8545
1.90025,1.83775
1.884125,1.835
1.88475,1.852875
1.900375,1.842
1.908,1.8475
1.91575,1.8585
1.891375,1.848625
1.90325,1.85325
1.897125,1.85075
1.91825,1.871125
1.917,1.871875
1.90675,1.847125
1.9025,1.865125
1.925375,1.867375
1.924,1.861375
1.915125,1.86325
1.929375,1.8805
1.920625,1.882125
1.9235,1.858875
1.91925,1.875375
1.92475,1.8835
1.918625,1.882
1.919625,1.8865
1.948375,1.89175
1.949,1.889375
1.926625,1.871625
1.928375,1.877
1.926375,1.876
1.942375,1.878625
1.93425,1.887125
1.938625,1.891875
1.942875,1.904
1.959875,1.909125
1.9555,1.892875
1.94075,1.898875
1.96625,1.88875
1.94625,1.912375
1.967375,1.888875
1.958125,1.917
1.96625,1.90575
1.95825,1.9225
1.972375,1.920875
1.954125,1.907375
1.975125,1.906875
1.957375,1.903375
1.95625,1.90775
1.9705,1.90675
1.97875,1.917125
1.989375,1.919875
1.9895,1.92275
1.96675,1.91525
1.96525,1.916625
1.98975,1.938625
1.983125,1.93375
1.97475,1.918375
1.98425,1.94525
1.997125,1.94025
1.987375,1.93625
1.9845,1.92725
2.003,1.94575
1.9815,1.92625
1.983625,1.935875
1.986125,1.936625
2.002125,1.942875
1.98725,1.944875
2.01325,1.95775
1.995,1.944625
2.014,1.958875
2.018375,1.94275
2.00575,1.962625
2.00375,1.962625
2.007875,1.94975
2.0045,1.95675
2.028,1.9585
2.020125,1.976
2.00725,1.957875
2.007875,1.975375
2.02775,1.95725
2.021375,1.95525
2.024125,1.97475
2.01775,1.96025
2.024,1.960875
2.028,1.97575
2.024375,1.98875
2.03075,1.992375
2.047,1.98325
2.026625,1.979
2.032625,1.9915
2.049,1.99675
2.050875,1.994875
2.032125,1.983125
2.03725,1.9825
2.0555,1.987375
2.04225,1.98725
2.054625,1.993
2.0415,1.998
2.05875,2.009375
2.048,1.984
2.05,1.987875
2.051375,1.992125
2.061125,2.0065
2.053875,1.9985
2.056,2.005375
2.055,1.992125
2.063625,2.00825
2.080375,2.015
2.0605,2.020375
2.082125,2.024125
2.06425,2.025875
2.057625,2.027
2.081875,2.014625
2.06775,2.015
2.069125,2.01675
2.077125,2.02825
2.0815,2.020125
2.078375,2.016625
2.07475,2.015375
2.077125,2.015
2.076125,2.041125
2.097625,2.045125
2.07975,2.046125
2.096,2.041625
2.087,2.0215
2.095125,2.031125
2.099125,2.043875
2.104875,2.039625
2.100375,2.051875
2.111,2.0565
2.108625,2.045625
2.10775,2.04375
2.091375,2.042125
2.106375,2.04175
2.099125,2.054875
2.110875,2.04125
2.118875,2.05475
2.11,2.068375
2.12275,2.0455
2.11225,2.06725
2.113125,2.050625
2.12725,2.0575
2.117,2.049125
2.132875,2.05725
2.13475,2.06075
2.112875,2.050625
2.1345,2.078625
2.118625,2.083125
2.12825,2.058875
2.12375,2.070125
2.140875,2.084
2.144375,2.087375
2.131875,2.08575
2.137125,2.07475
2.124375,2.06825
2.131,2.09425
2.142375,2.086375
2.130875,2.067625
2.148625,2.08575
2.132375,2.087875
2.140125,2.10075
2.14275,2.090875
2.146125,2.10025
2.157375,2.09825
2.1535,2.105125
2.156375,2.105125
2.15,2.0975
2.149625,2.10175
2.142125,2.101875
2.14975,2.084625
2.175,2.108
2.1635,2.109875
2.17,2.09425
2.171875,2.12
2.17125,2.115625
2.1595,2.114875
2.17675,2.121
2.175125,2.121
2.185875,2.1165
2.176375,2.1155
2.174,2.104375
2.163125,2.10825
2.174125,2.132125
2.166375,2.117625
2.19025,2.135125
2.180875,2.136625
2.177,2.120375
2.184,2.13375
2.189125,2.131125
2.184875,2.1265
2.17625,2.1165
2.18475,2.132375
2.20375,2.137375
2.179125,2.12875
2.19225,2.128375
2.194125,2.1425
2.201,2.130875
2.20825,2.13875
2.2125,2.133
2.207625,2.147125
2.2165,2.13475
2.213625,2.14425
2.20525,2.136
2.211375,2.143125
2.204375,2.147875
2.216375,2.1545
2.22475,2.163625
2.2175,2.139625
2.2145,2.15625
2.22225,2.169
2.220375,2.16125
2.23275,2.155875
2.22075,2.152875
2.224625,2.150375
2.229875,2.17125
2.23175,2.159
2.238875,2.169625
2.212625,2.17725
2.235875,2.153
2.22575,2.183
2.23975,2.159875
2.242875,2.184
2.225,2.17025
2.232875,2.1675
2.250875,2.169
2.231,2.183
2.228125,2.17975
2.230375,2.193375
2.2355,2.193875
2.242,2.188625
2.251875,2.183375
2.237375,2.19375
2.234625,2.175125
2.242,2.17375
2.264375,2.1935
2.255,2.193875
2.23775,2.2025
2.267875,2.182625
2.247125,2.19025
2.250125,2.184
2.27225,2.198625
2.272125,2.204375
2.25375,2.20725
2.261,2.19675
2.26875,2.202875
2.271625,2.214375
2.270875,2.21225
2.2715,2.192125
2.258,2.2095
2.261,2.20225
2.28275,2.2155
2.283875,2.217
2.2865,2.218875
2.272625,2.212375
2.2815,2.20025
2.26475,2.22875
2.273875,2.205
2.28875,2.2085
2.28325,2.209125
2.2835,2.213375
2.2735,2.210625
2.295625,2.2355
2.288875,2.21575
2.298625,2.23
2.293875,2.22675
2.304,2.231375
2.297125,2.217
2.301,2.2455
2.293125,2.228625
2.29525,2.244625
2.29325,2.238
2.29875,2.249625
2.307,2.25
2.29775,2.2375
2.311875,2.24425
2.29275,2.25375
2.308,2.238125
2.3045,2.2485
2.2985,2.238875
2.31925,2.252375
2.30175,2.236875
2.299375,2.23425
2.3105,2.243625
2.326625,2.25
2.311375,2.239625
2.3065,2.259375
2.318375,2.257375
2.331125,2.255
2.316,2.266
2.324125,2.26525
2.3235,2.256375
2.312,2.259875
2.33125,2.24825
2.318625,2.276
2.3335,2.271
2.336625,2.25275
2.344125,2.27175
2.332,2.279625
2.324375,2.271625
2.330125,2.277375
2.330875,2.26075
2.347625,2.26775
2.341875,2.279875
2.33025,2.26325
2.3515,2.26525
2.340375,2.291625
2.346875,2.268625
2.35825,2.27825
2.340375,2.295125
2.331625,2.2885
2.350875,2.270875
2.35325,2.287
2.33875,2.2995
2.34,2.27475
2.364375,2.3025
2.3455,2.297625
2.35625,2.286375
2.367125,2.279875
2.359875,2.306875
2.372875,2.294875
2.3685,2.29925
2.354125,2.305875
2.35875,2.282125
2.36525,2.307125
2.35575,2.296375
2.36425,2.289375
2.357125,2.3015
2.3535,2.289125
2.371875,2.30575
2.385,2.29625
2.368125,2.3175
2.36275,2.293
2.374,2.296
2.368875,2.30125
2.362625,2.306
2.369375,2.301375
2.386625,2.317
2.391125,2.322125
2.388625,2.330375
2.367375,2.32925
2.380875,2.313875
2.396,2.310375
2.383375,2.33
2.399625,2.308875
2.39675,2.321125
2.39125,2.3215
2.39,2.33475
2.377,2.327875
2.402375,2.322
2.396875,2.33075
2.3845,2.32975
2.40025,2.343625
2.384125,2.322
2.412625,2.339875
2.401375,2.34575
2.388625,2.34175
2.398,2.32375
2.397625,2.330625
2.39625,2.335375
2.413,2.348625
2.408625,2.338125
2.399375,2.346
2.39325,2.357
2.398,2.341125
2.4015,2.343
2.402125,2.342625
2.400625,2.3475
2.41675,2.353875
2.408,2.3585
2.41725,2.3525
2.403625,2.35025
2.417375,2.358125
2.428125,2.368375
2.434375,2.356625
2.420625,2.36675
2.429875,2.36625
2.421375,2.359
2.415125,2.3595
2.428625,2.364625
2.420375,2.34675
2.41875,2.371625
2.419375,2.369
2.445125,2.37325
2.431125,2.35025
2.428625,2.36175
2.44225,2.36125
2.419875,2.35475
2.43,2.367625
2.439375,2.375625
2.447625,2.359625
2.430375,2.358
2.436,2.37875
2.4405,2.372375
2.43825,2.385
2.456,2.383125
2.454125,2.363625
2.4375,2.390625
2.45,2.38975
2.45075,2.37825
2.4385,2.382625
2.4635,2.368125
2.462125,2.384625
2.442625,2.384
2.459,2.397875
2.4685,2.377
2.44225,2.37975
2.44625,2.381
2.45625,2.38675
2.4565,2.38225
2.46675,2.392
2.452375,2.39875
2.45,2.39925
2.45625,2.399875
2.4705,2.38725
2.47525,2.390375
2.477,2.405625
2.464375,2.385
2.454625,2.410875
2.471625,2.4005
2.458875,2.402125
2.469,2.393875
2.479375,2.403875
2.464375,2.399125
2.484625,2.4155
2.474875,2.4
2.489375,2.40525
2.484875,2.39725
2.47975,2.412875
2.466875,2.404625
2.482875,2.402
2.485375,2.40325
2.491125,2.404125
2.476375,2.42625
2.483125,2.4165
2.48,2.42175
2.478875,2.41325
2.479875,2.417875
2.498375,2.426875
2.491625,2.413375
2.4965,2.40775
2.498,2.41475
2.496125,2.409
2.48475,2.417375
2.4935,2.440125
2.506625,2.4275
2.48225,2.415375
2.498,2.421125
2.5015,2.42275
2.5105,2.43775
2.50525,2.421125
2.4905,2.441
2.515625,2.435
2.515125,2.43425
2.5155,2.43125
2.499875,2.436875
2.517875,2.44175
2.520875,2.426875
2.5105,2.453
2.493875,2.4275
2.505625,2.43325
2.505625,2.438625
2.522125,2.444375
2.50275,2.44825
2.525375,2.4315
2.5005,2.434125
2.5265,2.436375
2.50225,2.433125
2.525375,2.453375
2.53025,2.44925
2.516,2.46425
2.51325,2.457625
2.51175,2.44
2.509125,2.450375
2.52375,2.45775
2.533,2.4685
2.536375,2.4705
2.536,2.462625
2.51175,2.449375
2.52875,2.46625
2.51475,2.472625
2.5145,2.464375
2.53475,2.44825
2.5325,2.468
2.531875,2.46825
2.535,2.468875
2.529625,2.473
2.530125,2.479
2.54825,2.481
2.548875,2.46275
2.546875,2.46975
2.538,2.463125
2.526,2.462375
2.53625,2.46525
2.530875,2.468625
2.5485,2.472375
2.5505,2.477625
2.55525,2.48225
2.530125,2.476125
2.531625,2.483375
2.55825,2.463
2.538,2.481
2.53725,2.483875
2.539625,2.47625
2.55025,2.491625
2.54925,2.473125
2.5665,2.48725
2.540375,2.495375
2.560125,2.481
2.5625,2.492
2.564875,2.479875
2.551,2.50125
2.54575,2.489875
2.56,2.495
2.563,2.498
2.55175,2.486
2.567125,2.4975
2.560625,2.494875
2.572125,2.50475
2.566625,2.493375
2.551375,2.508
2.557,2.49975
2.5615,2.488625
2.56125,2.498375
2.56475,2.486
2.553625,2.510875
2.564375,2.495375
2.56175,2.50675
2.579125,2.498
2.5755,2.488125
2.586375,2.5165
2.56675,2.489375
2.57975,2.50875
2.564125,2.495625
2.582875,2.495375
2.5825,2.50825
2.585625,2.5025
2.571375,2.513
2.574,2.504625
2.568875,2.515125
2.592125,2.495875
2.566875,2.503625
2.571625,2.509
2.576875,2.523
2.57,2.50725
2.5955,2.503625
2.57325,2.507
2.5845,2.519875
2.5775,2.5295
2.581625,2.515125
2.59125,2.53025
2.588875,2.52825
2.585375,2.518
2.592875,2.52275
2.594875,2.528625
2.589375,2.52525
2.580875,2.51075
2.6085,2.527375
2.60075,2.517125
2.5985,2.512125
2.595,2.537375
2.591375,2.52275
2.60275,2.51175
2.593625,2.535
2.6125,2.531
2.60025,2.527375
2.58575,2.526625
2.610875,2.52075
2.602125,2.53925
2.599,2.54425
2.608375,2.531625
2.602125,2.53975
2.612125,2.528875
2.601125,2.546625
2.61425,2.52175
2.621125,2.527875
2.617375,2.5365
2.62375,2.5435
2.624,2.53825
2.60875,2.537625
2.609,2.549625
2.59825,2.53225
2.624625,2.52825
2.603875,2.55225
2.60275,2.5545
2.611125,2.5445
2.601,2.5405
2.603375,2.546625
2.60775,2.55375
2.624375,2.545
2.610375,2.556625
2.628375,2.555875
2.609875,2.539375
2.611625,2.554
2.61275,2.562375
2.609625,2.539375
2.6235,2.557375
2.626,2.56125
2.636125,2.5515
2.635375,2.554625
2.617875,2.540125
2.622375,2.553
2.612875,2.54675
2.632125,2.56
2.615125,2.549375
2.631625,2.56725
2.622125,2.569875
2.637375,2.543625
2.6165,2.559125
2.6175,2.554
2.632125,2.555375
2.62425,2.569
2.6365,2.569125
2.647875,2.560875
2.63475,2.56525
2.63275,2.578375
2.64125,2.561625
2.63675,2.565625
2.631875,2.55775
2.630375,2.564
2.633375,2.5655
2.62775,2.56825
2.65025,2.562375
2.627625,2.5625
2.64175,2.578875
2.651125,2.577875
2.6505,2.560875
2.65625,2.566125
2.6345,2.573375
2.6485,2.583125
2.658375,2.581
2.643375,2.559
2.652625,2.577125
2.658625,2.562375
