idx,die_code,sleep_pct,load1,load2,tmp0,tmp1,tmp2,tmp3,bpx65_a,bpx65_b,bpw34_a,bpw34_b,n3163_a,n3163_b,adr4525,psram,fram,eeprom
0,35,94,1,1,-1423,-1116,-1649,-899,105,-108,46,-85,0,0,20477,1,1,5
1,35,96,1,0,-1411,-1113,-1651,-891,29,-67,0,19,0,0,20482,3,5,2
2,35,98,1,0,-1415,-1106,-1643,-882,1,106,-112,105,0,0,20476,2,2,5
3,35,96,1,0,-1417,-1105,-1633,-889,136,17,177,43,0,0,20482,5,5,4
4,35,97,1,0,-1407,-1096,-1631,-889,148,-34,115,143,0,0,20485,4,1,3
5,35,97,1,0,-1412,-1089,-1631,-887,158,55,180,141,0,0,20477,2,1,5
6,35,94,1,0,-1410,-1090,-1634,-882,43,160,12,86,0,0,20474,1,4,3
7,35,95,1,0,-1404,-1086,-1633,-875,243,167,223,39,0,0,20484,5,5,2
8,35,96,1,1,-1395,-1097,-1628,-879,101,155,31,154,0,0,20473,4,5,2
9,35,97,1,0,-1400,-1083,-1623,-866,171,163,161,99,0,0,20487,5,2,3
10,35,96,1,0,-1399,-1082,-1622,-865,302,89,163,77,0,0,20478,5,4,2
11,35,96,1,0,-1383,-1085,-1617,-871,304,191,239,135,0,0,20478,4,4,1
12,35,94,1,0,-1383,-1073,-1619,-861,316,243,199,114,0,1,20487,2,5,5
13,35,98,1,0,-1378,-1083,-1619,-865,345,321,167,184,0,0,20472,3,3,4
14,35,97,1,0,-1376,-1069,-1606,-860,246,330,271,248,0,0,20480,1,3,3
15,35,97,1,0,-1374,-1074,-1619,-857,342,365,379,145,0,0,20481,5,5,4
16,35,98,1,1,-1374,-1080,-1615,-862,258,261,395,254,0,0,20486,4,5,4
17,35,96,1,0,-1370,-1066,-1612,-860,267,245,130,283,0,0,20474,4,4,4
18,35,96,1,0,-1378,-1065,-1607,-851,401,396,135,335,0,0,20478,1,4,4
19,35,94,1,0,-1378,-1069,-1596,-854,441,465,169,213,0,0,20484,1,3,4
20,35,96,1,0,-1377,-1068,-1598,-849,341,316,463,268,0,0,20474,4,1,1
21,35,98,1,0,-1374,-1060,-1600,-846,463,387,182,265,0,0,20487,4,3,5
22,35,96,1,0,-1357,-1057,-1593,-834,521,432,299,277,0,0,20480,1,2,3
23,35,95,1,0,-1355,-1056,-1600,-837,424,461,381,269,0,0,20488,2,2,3
24,35,96,1,1,-1360,-1057,-1583,-842,351,406,479,287,0,0,20487,2,1,4
25,35,98,1,0,-1363,-1052,-1583,-826,385,356,293,450,0,0,20481,3,1,5
26,35,97,1,0,-1355,-1052,-1593,-832,504,471,270,405,0,0,20483,5,2,4
27,35,96,1,0,-1348,-1042,-1592,-831,533,578,287,395,1,0,20486,3,5,2
28,35,97,1,0,-1359,-1043,-1582,-821,456,541,472,356,0,0,20487,1,1,4
29,35,98,1,0,-1345,-1045,-1579,-820,569,593,554,491,0,0,20479,5,3,2
30,35,94,1,0,-1339,-1047,-1585,-815,535,462,403,423,0,0,20481,2,1,3
31,35,94,1,0,-1344,-1036,-1568,-819,601,488,485,415,0,0,20487,1,4,1
32,36,95,1,1,-1334,-1040,-1579,-820,652,635,560,420,0,0,20482,1,1,1
33,36,97,1,0,-1345,-1039,-1576,-810,580,672,648,506,0,0,20487,5,3,4
34,36,97,1,0,-1343,-1022,-1570,-806,701,626,613,447,0,0,20477,5,5,4
35,36,98,1,0,-1340,-1021,-1561,-805,648,525,689,533,0,0,20483,2,4,3
36,36,97,1,0,-1334,-1023,-1565,-808,616,535,701,496,0,0,20477,3,2,1
37,36,96,1,0,-1335,-1029,-1567,-812,802,644,489,564,0,0,20475,3,1,5
38,36,96,1,0,-1321,-1019,-1557,-808,698,590,512,528,0,0,20485,2,3,2
39,36,95,1,0,-1323,-1019,-1553,-800,766,756,464,548,0,0,20478,4,2,5
40,36,97,1,1,-1328,-1021,-1546,-803,815,625,729,643,0,0,20484,5,2,4
41,36,96,1,0,-1315,-1020,-1545,-792,683,785,661,573,0,0,20472,1,3,2
42,36,97,1,0,-1312,-1005,-1554,-793,812,797,526,726,0,0,20478,4,3,2
43,36,98,1,0,-1315,-1009,-1554,-787,713,790,532,685,0,0,20485,2,4,3
44,36,98,1,0,-1306,-1001,-1552,-794,888,903,569,756,0,0,20488,3,5,3
45,36,96,1,0,-1312,-1004,-1538,-788,845,840,772,760,0,0,20485,3,2,5
46,36,95,1,0,-1315,-1008,-1538,-792,956,933,691,638,0,0,20479,4,4,1
47,36,95,1,0,-1306,-1003,-1529,-780,791,829,727,725,0,0,20472,1,4,3
48,36,96,1,1,-1308,-990,-1541,-784,889,913,760,771,0,0,20480,1,2,5
49,36,97,1,0,-1300,-992,-1529,-775,1016,860,653,676,0,0,20477,4,2,1
50,36,95,1,0,-1291,-986,-1527,-771,1007,1002,747,860,0,0,20477,2,3,2
51,36,98,1,0,-1290,-997,-1532,-773,863,891,819,782,0,0,20478,3,3,4
52,36,94,1,0,-1301,-985,-1529,-766,1082,1021,887,878,0,0,20479,3,1,4
53,36,95,1,0,-1298,-990,-1524,-765,1104,1003,914,831,1,0,20487,5,4,3
54,36,97,1,0,-1287,-979,-1517,-770,906,932,753,800,0,0,20488,3,3,2
55,36,96,1,0,-1286,-986,-1515,-756,1097,914,1005,822,0,1,20488,4,2,1
56,36,96,1,1,-1281,-981,-1511,-768,1162,1040,852,896,0,0,20487,3,5,5
57,36,95,1,0,-1281,-970,-1517,-765,1079,1133,945,911,0,0,20479,5,3,2
58,36,96,1,0,-1283,-968,-1509,-750,978,1075,953,986,0,0,20472,3,2,2
59,36,97,1,0,-1280,-970,-1509,-760,1039,1167,908,940,0,0,20485,2,5,3
60,36,97,1,0,-1279,-974,-1506,-749,1009,1074,1024,964,0,0,20475,4,3,2
61,36,98,1,0,-1266,-958,-1510,-752,1032,1136,865,890,0,0,20488,1,2,5
62,36,98,1,0,-1267,-966,-1507,-747,1182,1145,829,975,0,0,20475,2,4,2
63,36,98,1,0,-1269,-958,-1496,-748,1184,1248,1058,1019,0,0,20488,5,5,5
64,36,94,1,1,-1273,-965,-1492,-741,1247,1230,911,911,0,0,20473,4,4,2
65,36,95,1,0,-1259,-960,-1497,-741,1211,1072,1067,923,0,0,20474,2,3,3
66,36,98,1,0,-1268,-961,-1497,-733,1251,1300,1020,1090,0,0,20482,1,5,2
67,36,96,1,0,-1260,-957,-1493,-740,1347,1265,1151,1099,0,0,20480,1,4,3
68,36,95,1,0,-1253,-956,-1486,-735,1330,1324,961,1118,0,0,20480,2,5,1
69,36,97,1,0,-1256,-954,-1490,-731,1179,1147,1105,1075,0,0,20480,5,5,2
70,36,97,1,0,-1247,-936,-1479,-721,1395,1390,1066,1165,0,0,20482,3,2,4
71,36,95,1,0,-1241,-946,-1483,-716,1294,1250,1127,1138,0,0,20488,3,4,3
72,36,98,1,1,-1238,-931,-1478,-728,1413,1304,1068,1170,0,0,20486,2,3,2
73,36,97,1,0,-1246,-935,-1466,-719,1425,1434,1085,1100,0,0,20486,2,5,5
74,36,98,1,0,-1236,-942,-1464,-710,1404,1255,1045,1187,0,0,20477,4,1,2
75,36,94,1,0,-1245,-928,-1474,-710,1457,1335,1277,1082,0,1,20484,3,1,4
76,36,96,1,0,-1236,-927,-1468,-713,1457,1400,1201,1250,0,0,20472,4,4,2
77,36,96,1,0,-1236,-927,-1464,-707,1441,1381,1062,1112,0,0,20477,1,1,1
78,36,94,1,0,-1233,-927,-1457,-705,1475,1449,1180,1235,0,0,20473,5,1,3
79,36,96,1,0,-1234,-914,-1456,-700,1362,1437,1347,1201,0,0,20484,2,4,3
80,36,95,1,1,-1227,-914,-1463,-697,1593,1356,1232,1270,0,0,20476,5,2,4
81,36,97,1,0,-1216,-923,-1462,-698,1624,1447,1240,1315,0,0,20474,1,5,2
82,36,96,1,0,-1214,-908,-1457,-694,1597,1603,1390,1266,0,0,20472,3,3,4
83,36,97,1,0,-1213,-916,-1457,-694,1473,1416,1259,1218,0,0,20488,4,2,2
84,36,95,1,0,-1209,-912,-1447,-697,1473,1548,1239,1261,0,0,20482,3,1,5
85,37,94,1,0,-1208,-902,-1449,-688,1680,1479,1190,1344,0,0,20482,5,5,1
86,37,94,1,0,-1216,-898,-1442,-679,1571,1494,1347,1409,1,0,20472,1,3,3
87,37,94,1,0,-1203,-907,-1438,-685,1646,1474,1519,1298,0,0,20476,4,1,3
88,37,94,1,1,-1208,-906,-1436,-682,1741,1608,1391,1337,0,0,20485,1,4,5
89,37,95,1,0,-1198,-896,-1434,-680,1721,1666,1313,1428,0,0,20482,2,1,1
90,37,95,1,0,-1196,-891,-1427,-672,1787,1518,1553,1353,0,0,20487,5,5,3
91,37,95,1,0,-1201,-897,-1436,-681,1695,1674,1327,1341,0,0,20481,4,4,4
92,37,95,1,0,-1203,-889,-1427,-676,1667,1590,1567,1355,0,0,20477,3,5,1
93,37,97,1,0,-1201,-894,-1420,-667,1652,1699,1323,1397,1,0,20482,4,3,2
94,37,95,1,0,-1189,-880,-1424,-662,1842,1794,1477,1489,0,0,20486,4,5,3
95,37,94,1,0,-1190,-887,-1416,-660,1716,1779,1460,1384,0,0,20479,3,1,5
96,37,95,1,1,-1186,-881,-1415,-661,1760,1782,1555,1470,0,0,20485,2,2,3
97,37,96,1,0,-1179,-883,-1418,-657,1793,1824,1519,1432,0,0,20472,1,5,2
98,37,95,1,0,-1180,-881,-1406,-653,1766,1702,1581,1559,0,0,20484,4,3,5
99,37,98,1,0,-1174,-876,-1411,-651,1930,1706,1465,1488,0,0,20477,1,4,4
100,37,95,1,0,-1182,-867,-1406,-646,1759,1752,1603,1524,0,0,20478,2,3,1
101,37,94,1,0,-1175,-864,-1406,-645,1952,1739,1677,1625,0,1,20477,5,1,5
102,37,95,1,0,-1172,-859,-1409,-643,1970,1895,1535,1647,0,0,20472,1,5,5
103,37,96,1,0,-1162,-860,-1405,-637,1955,1830,1560,1660,0,0,20485,4,5,2
104,37,96,1,1,-1159,-854,-1392,-644,2050,1996,1676,1622,0,0,20484,4,3,3
105,37,94,1,0,-1162,-851,-1394,-633,1864,1962,1659,1540,0,0,20480,3,4,3
106,37,94,1,0,-1163,-847,-1385,-637,1942,2009,1785,1648,0,0,20479,4,2,3
107,37,94,1,0,-1165,-855,-1382,-637,2102,1895,1702,1711,0,0,20481,1,2,5
108,37,95,1,0,-1152,-842,-1391,-637,2070,1896,1843,1648,0,0,20484,4,4,4
109,37,94,1,0,-1162,-842,-1388,-631,1964,2067,1830,1674,0,0,20488,4,2,3
110,37,98,1,0,-1153,-838,-1381,-620,2119,2061,1808,1766,0,0,20487,1,4,3
111,37,98,1,0,-1153,-839,-1372,-625,2107,1985,1676,1745,0,0,20474,3,4,2
112,37,94,1,1,-1147,-842,-1380,-616,2206,1922,1756,1733,0,0,20488,5,2,4
113,37,94,1,0,-1142,-833,-1383,-627,2175,2119,1769,1831,0,0,20474,4,3,5
114,37,97,1,0,-1142,-830,-1380,-611,2247,2113,1781,1845,0,0,20484,2,3,3
115,37,98,1,0,-1147,-836,-1370,-622,2106,2187,1931,1857,0,0,20488,3,5,1
116,37,96,1,0,-1138,-827,-1369,-606,2271,2106,1903,1728,0,0,20475,4,3,5
117,37,96,1,0,-1133,-823,-1369,-616,2223,2016,1966,1788,0,0,20479,1,2,3
118,37,97,1,0,-1129,-820,-1369,-612,2186,2178,1872,1783,0,0,20474,5,3,1
119,37,98,1,0,-1133,-827,-1358,-599,2182,2089,1918,1824,0,0,20475,4,1,2
120,37,94,1,1,-1127,-813,-1361,-608,2253,2290,1837,1818,0,0,20472,2,4,3
121,37,94,1,0,-1131,-817,-1361,-592,2255,2113,2029,1926,0,0,20485,1,3,3
122,37,94,1,0,-1118,-818,-1346,-601,2212,2140,1957,1914,0,0,20486,5,2,5
123,37,97,1,0,-1118,-809,-1342,-592,2370,2283,1926,1908,1,0,20482,4,3,2
124,37,98,1,0,-1122,-815,-1351,-584,2351,2185,1972,2007,0,0,20478,5,5,5
125,37,98,1,0,-1110,-813,-1351,-592,2332,2207,1915,1988,0,0,20481,5,5,2
126,37,94,1,0,-1105,-809,-1337,-593,2455,2261,2068,1923,0,0,20485,2,3,1
127,37,97,1,0,-1110,-807,-1332,-579,2314,2271,2072,1884,0,0,20479,4,2,1
128,37,96,1,1,-1109,-799,-1337,-578,2489,2252,1927,1892,0,0,20481,2,1,2
129,37,95,1,0,-1112,-795,-1328,-573,2291,2370,2117,1906,0,0,20473,3,4,2
130,37,98,1,0,-1101,-793,-1330,-573,2515,2303,2113,2061,0,0,20481,2,2,4
131,37,98,1,0,-1094,-788,-1337,-574,2565,2487,2051,1973,0,0,20488,3,4,2
132,37,97,1,0,-1089,-785,-1320,-579,2517,2434,2001,2102,0,0,20473,5,3,3
133,37,95,1,0,-1086,-793,-1318,-565,2478,2457,2182,2092,0,0,20482,3,3,4
134,37,97,1,0,-1095,-792,-1314,-570,2478,2332,1986,1991,0,0,20478,5,2,2
135,37,95,1,0,-1091,-780,-1313,-560,2593,2361,2091,2115,0,0,20472,4,2,5
136,38,95,1,1,-1091,-780,-1318,-564,2446,2485,2167,2022,0,0,20473,5,3,4
137,38,96,1,0,-1090,-783,-1309,-560,2619,2542,2019,2171,0,0,20479,2,2,3
138,38,95,1,0,-1087,-766,-1316,-556,2539,2412,2071,2139,0,0,20487,1,4,5
139,38,97,1,0,-1082,-769,-1311,-547,2661,2642,2248,2168,0,1,20488,1,2,1
140,38,94,1,0,-1078,-763,-1311,-551,2657,2628,2256,2252,0,0,20479,1,4,2
141,38,94,1,0,-1072,-763,-1300,-546,2564,2473,2187,2112,0,0,20480,5,3,4
142,38,97,1,0,-1067,-763,-1305,-547,2744,2462,2284,2159,0,0,20483,5,5,3
143,38,94,1,0,-1065,-763,-1301,-537,2736,2606,2267,2288,0,0,20472,3,2,3
144,38,98,1,1,-1058,-761,-1297,-547,2791,2713,2291,2156,0,0,20478,3,5,2
145,38,96,1,0,-1062,-762,-1286,-538,2689,2708,2147,2220,0,0,20480,4,2,5
146,38,95,1,0,-1058,-747,-1292,-530,2759,2610,2195,2345,0,0,20473,1,1,3
147,38,96,1,0,-1063,-749,-1293,-538,2732,2778,2187,2353,0,0,20487,4,3,1
148,38,96,1,0,-1060,-749,-1291,-537,2857,2623,2431,2284,0,0,20485,5,2,1
149,38,95,1,0,-1060,-741,-1276,-523,2835,2794,2329,2297,0,0,20481,1,3,3
150,38,97,1,0,-1054,-750,-1276,-526,2755,2837,2255,2307,0,0,20475,5,5,3
151,38,95,1,0,-1043,-748,-1276,-517,2898,2855,2322,2411,0,0,20476,3,2,5
152,38,98,1,1,-1045,-731,-1269,-517,2757,2788,2518,2337,0,0,20487,5,4,5
153,38,97,1,0,-1047,-731,-1267,-510,2961,2789,2468,2338,0,0,20479,1,2,5
154,38,96,1,0,-1043,-739,-1274,-515,2850,2839,2344,2342,0,0,20476,1,5,4
155,38,95,1,0,-1042,-735,-1267,-510,2852,2802,2388,2350,0,0,20474,4,4,5
156,38,95,1,0,-1034,-732,-1261,-513,3015,2897,2504,2491,0,0,20485,3,3,4
157,38,96,1,0,-1036,-728,-1258,-500,2960,2735,2316,2357,0,0,20474,3,1,2
158,38,97,1,0,-1030,-721,-1267,-504,2947,2873,2532,2480,0,0,20475,3,2,3
159,38,97,1,0,-1023,-723,-1256,-500,3007,2942,2613,2430,0,0,20483,4,3,3
160,38,95,1,1,-1026,-715,-1249,-505,3095,2992,2476,2456,0,0,20483,3,3,1
161,38,96,1,0,-1023,-718,-1254,-500,2889,2952,2631,2556,0,0,20472,2,2,4
162,38,96,1,0,-1016,-715,-1255,-494,3083,2894,2662,2463,0,0,20475,1,2,5
163,38,94,1,0,-1013,-713,-1248,-499,2992,2883,2584,2430,0,0,20484,3,3,4
164,38,98,1,0,-1008,-699,-1251,-486,3054,2945,2617,2481,0,0,20475,3,1,1
165,38,98,1,0,-1006,-710,-1233,-483,3039,2979,2701,2565,0,0,20481,3,2,5
166,38,97,1,0,-1016,-705,-1233,-490,3101,3082,2483,2573,0,0,20473,5,1,1
167,38,98,1,0,-1007,-700,-1241,-473,3104,3134,2754,2523,0,1,20474,2,1,3
168,38,94,1,1,-995,-688,-1227,-479,3087,3022,2719,2585,0,0,20481,3,1,1
169,38,98,1,0,-995,-698,-1231,-479,3194,3120,2723,2552,0,0,20476,2,3,5
170,38,98,1,0,-994,-684,-1232,-469,3268,3100,2663,2611,1,0,20476,2,3,4
171,38,94,1,0,-992,-687,-1219,-475,3178,3184,2788,2653,0,0,20478,5,2,2
172,38,96,1,0,-1000,-680,-1227,-471,3167,3055,2588,2589,0,0,20475,4,2,5
173,38,98,1,0,-982,-684,-1224,-471,3192,3228,2653,2736,0,0,20479,3,5,2
174,38,95,1,0,-982,-672,-1212,-458,3322,3103,2760,2602,0,0,20473,3,3,5
175,38,97,1,0,-984,-672,-1221,-458,3222,3106,2648,2699,0,0,20473,5,4,3
176,38,97,1,1,-988,-677,-1208,-452,3292,3224,2840,2701,0,0,20483,2,2,4
177,38,96,1,0,-977,-671,-1213,-453,3338,3236,2776,2663,0,0,20485,5,4,2
178,38,95,1,0,-983,-674,-1211,-454,3339,3188,2694,2813,0,0,20479,3,5,4
179,38,94,1,0,-974,-673,-1202,-450,3251,3202,2950,2831,0,0,20473,4,1,3
180,38,95,1,0,-965,-658,-1202,-439,3453,3343,2763,2768,0,0,20473,3,4,3
181,38,95,1,0,-967,-663,-1203,-446,3482,3299,2834,2746,0,0,20481,4,2,4
182,38,98,1,0,-968,-663,-1192,-437,3366,3286,2853,2795,0,0,20476,1,1,3
183,38,94,1,0,-967,-648,-1195,-441,3345,3236,2830,2763,0,0,20479,5,2,2
184,38,95,1,1,-955,-646,-1196,-428,3336,3318,2781,2876,0,0,20474,3,3,1
185,39,97,1,0,-950,-655,-1182,-425,3523,3377,2752,2859,0,1,20482,4,5,2
186,39,95,1,0,-949,-649,-1181,-432,3367,3361,3005,2822,0,0,20488,3,4,4
187,39,96,1,0,-954,-649,-1182,-436,3568,3325,2906,2823,0,0,20475,2,5,3
188,39,98,1,0,-955,-647,-1188,-429,3619,3350,3045,2834,0,0,20486,5,1,4
189,39,98,1,0,-942,-639,-1175,-429,3616,3491,2859,2923,0,0,20474,4,3,2
190,39,94,1,0,-941,-640,-1183,-415,3588,3330,2958,2940,0,0,20474,3,2,1
191,39,95,1,0,-946,-628,-1177,-420,3510,3387,2974,3025,0,0,20484,5,5,4
192,39,95,1,1,-932,-633,-1166,-407,3572,3469,2883,2917,0,0,20480,3,1,5
193,39,96,1,0,-944,-636,-1167,-405,3620,3554,3043,2990,0,0,20484,3,5,4
194,39,95,1,0,-935,-627,-1159,-416,3726,3506,3118,2987,0,0,20475,1,1,2
195,39,98,1,0,-925,-629,-1158,-399,3595,3487,2990,3025,0,0,20474,3,4,3
196,39,97,1,0,-922,-621,-1156,-408,3603,3532,2937,3051,0,0,20481,1,5,1
197,39,94,1,0,-934,-624,-1159,-406,3658,3688,3119,3111,0,0,20479,2,3,4
198,39,98,1,0,-919,-620,-1147,-398,3680,3659,3085,3007,0,0,20476,5,1,3
199,39,95,1,0,-923,-620,-1157,-394,3800,3501,3167,3052,0,0,20483,4,2,1
200,39,98,1,1,-924,-603,-1142,-389,3756,3541,3015,3106,0,0,20474,4,2,3
201,39,98,1,0,-913,-608,-1144,-385,3681,3748,3006,3156,0,0,20480,3,3,4
202,39,95,1,0,-911,-609,-1144,-386,3855,3780,3137,3118,0,0,20486,3,2,5
203,39,97,1,0,-912,-595,-1148,-380,3684,3698,3125,3075,0,0,20484,5,2,3
204,39,94,1,0,-905,-606,-1139,-377,3919,3654,3092,3067,0,0,20475,1,2,5
205,39,94,1,0,-899,-590,-1134,-380,3759,3718,3203,3190,0,0,20472,5,3,4
206,39,98,1,0,-904,-589,-1135,-373,3754,3830,3324,3208,0,0,20478,5,1,1
207,39,97,1,0,-896,-585,-1136,-379,3851,3839,3188,3132,0,0,20486,5,5,2
208,39,94,1,1,-900,-589,-1132,-372,3824,3821,3307,3276,0,0,20483,4,4,5
209,39,98,1,0,-899,-581,-1125,-371,3972,3820,3270,3180,1,0,20475,5,5,5
210,39,96,1,0,-890,-581,-1121,-362,3917,3820,3412,3303,0,0,20479,2,1,5
211,39,96,1,0,-882,-577,-1113,-371,3820,3791,3414,3203,0,0,20474,2,1,1
212,39,98,1,0,-878,-577,-1111,-357,3896,3922,3275,3262,0,0,20480,3,2,5
213,39,97,1,0,-883,-579,-1121,-366,3995,3949,3257,3351,0,0,20483,3,1,5
214,39,98,1,0,-874,-573,-1104,-358,3990,3809,3432,3285,0,0,20484,2,4,1
215,39,96,1,0,-877,-569,-1110,-359,3889,3994,3493,3242,0,0,20487,1,2,2
216,39,94,1,1,-873,-562,-1097,-346,3986,3951,3260,3366,0,0,20482,1,5,1
217,39,98,1,0,-866,-560,-1096,-345,3991,4020,3385,3390,0,0,20472,1,2,1
218,39,97,1,0,-873,-570,-1100,-347,3947,3868,3311,3343,0,0,20477,3,2,5
219,39,97,1,0,-870,-561,-1099,-344,4192,3848,3312,3359,0,0,20488,4,3,5
220,39,96,1,0,-857,-549,-1097,-334,4069,3913,3502,3377,0,0,20487,2,1,5
221,39,94,1,0,-866,-558,-1094,-339,3996,4062,3331,3447,0,0,20474,3,5,1
222,39,95,1,0,-856,-545,-1094,-327,4227,3935,3362,3416,0,0,20482,5,1,2
223,39,96,1,0,-858,-548,-1081,-333,4076,3952,3579,3366,0,0,20480,4,5,2
224,39,94,1,1,-850,-538,-1085,-328,4289,3996,3437,3538,0,0,20481,2,4,3
225,39,96,1,0,-849,-544,-1088,-333,4144,4034,3645,3408,0,0,20478,4,2,3
226,39,98,1,0,-846,-543,-1080,-326,4249,4040,3436,3472,0,0,20487,5,3,3
227,39,95,1,0,-851,-544,-1073,-321,4263,4230,3612,3550,0,0,20481,1,3,2
228,39,98,1,0,-847,-534,-1070,-322,4265,4088,3660,3571,0,0,20476,2,5,3
229,39,94,1,0,-844,-536,-1075,-314,4241,4210,3585,3562,0,0,20482,2,5,3
230,39,97,1,0,-838,-528,-1071,-317,4252,4251,3621,3614,0,0,20477,3,1,4
231,39,95,1,0,-831,-521,-1068,-305,4209,4252,3747,3551,0,0,20477,2,2,4
232,40,95,1,1,-830,-519,-1054,-301,4204,4315,3743,3602,0,0,20476,3,2,2
233,40,94,1,0,-826,-517,-1064,-309,4255,4273,3694,3500,1,1,20482,5,5,4
234,40,94,1,0,-826,-516,-1064,-308,4449,4249,3723,3628,0,0,20478,1,1,5
235,40,95,1,0,-822,-513,-1055,-294,4469,4172,3696,3644,0,0,20478,1,2,4
236,40,98,1,0,-819,-506,-1052,-298,4402,4364,3755,3584,0,0,20481,2,1,3
237,40,97,1,0,-825,-509,-1053,-287,4323,4297,3617,3718,0,0,20488,3,4,3
238,40,94,1,0,-817,-507,-1053,-290,4467,4272,3817,3579,0,0,20483,4,4,2
239,40,94,1,0,-816,-510,-1040,-284,4448,4298,3604,3694,0,0,20485,3,1,2
240,40,98,1,1,-801,-504,-1041,-291,4565,4461,3849,3661,0,0,20486,2,2,5
241,40,97,1,0,-814,-506,-1032,-287,4576,4277,3856,3684,0,0,20476,4,1,5
242,40,97,1,0,-800,-504,-1040,-280,4517,4341,3656,3666,0,0,20473,5,2,3
243,40,96,1,0,-805,-488,-1034,-275,4621,4416,3826,3790,0,0,20478,3,3,2
244,40,94,1,0,-790,-497,-1036,-269,4655,4407,3715,3788,0,0,20475,2,1,5
245,40,95,1,0,-799,-486,-1018,-270,4661,4374,3978,3808,0,0,20485,1,5,1
246,40,95,1,0,-794,-489,-1031,-272,4649,4451,3972,3740,0,0,20479,5,3,3
247,40,98,1,0,-788,-489,-1016,-264,4644,4404,3857,3841,0,0,20486,5,5,5
248,40,94,1,1,-779,-484,-1025,-261,4688,4459,3821,3752,0,0,20481,1,5,5
249,40,96,1,0,-777,-472,-1018,-254,4683,4393,3840,3750,0,0,20488,5,2,5
250,40,98,1,0,-774,-476,-1017,-258,4652,4530,3763,3875,0,0,20474,2,3,3
251,40,98,1,0,-780,-466,-1004,-262,4760,4441,4027,3946,0,0,20488,2,3,1
252,40,97,1,0,-768,-471,-1005,-252,4633,4672,3922,3825,0,0,20481,2,2,2
253,40,97,1,0,-769,-463,-1006,-248,4737,4543,3845,3850,0,0,20484,4,5,3
254,40,98,1,0,-772,-470,-1002,-244,4675,4529,4016,3829,0,0,20473,2,3,5
255,40,97,1,0,-773,-462,-1006,-243,4837,4617,3965,3946,0,0,20482,5,1,1
256,40,96,1,1,-770,-454,-991,-235,4876,4685,3976,3983,0,0,20478,4,1,3
257,40,98,1,0,-762,-447,-992,-241,4857,4664,4066,4012,0,0,20487,4,2,3
258,40,96,1,0,-753,-451,-996,-237,4770,4663,4071,3957,0,0,20473,4,1,2
259,40,97,1,0,-756,-447,-986,-228,4819,4587,4005,3929,0,0,20488,4,3,5
260,40,94,1,0,-761,-441,-976,-225,4946,4798,4203,4040,0,1,20486,3,5,1
261,40,95,1,0,-748,-437,-980,-220,4810,4744,3960,3972,0,0,20484,1,4,3
262,40,96,1,0,-748,-449,-973,-216,4747,4665,4229,4092,0,0,20486,2,3,1
263,40,95,1,0,-738,-430,-976,-222,4905,4835,4041,4131,0,0,20472,4,2,5
264,40,96,1,1,-739,-438,-976,-225,4960,4774,4021,4009,0,0,20488,2,2,1
265,40,97,1,0,-738,-427,-974,-219,4886,4850,4285,4057,1,0,20485,2,1,2
266,40,97,1,0,-737,-430,-975,-219,4949,4887,4158,4143,0,0,20475,3,4,5
267,40,95,1,0,-737,-422,-972,-217,4981,4845,4106,4027,0,0,20479,3,1,4
268,40,98,1,0,-736,-422,-958,-212,4921,4953,4154,4194,0,0,20473,3,3,2
269,40,94,1,0,-725,-415,-951,-209,4962,4915,4329,4073,0,0,20474,2,5,2
270,40,95,1,0,-718,-424,-960,-209,4916,4784,4244,4231,0,0,20488,2,2,3
271,40,94,1,0,-729,-414,-950,-192,4984,4837,4360,4153,0,0,20485,4,1,5
272,40,98,1,1,-727,-414,-949,-192,5070,4879,4219,4183,0,0,20482,1,3,5
273,40,98,1,0,-712,-408,-950,-199,4966,5029,4258,4118,0,0,20481,4,1,3
274,40,95,1,0,-717,-402,-948,-183,5017,4999,4273,4176,0,0,20483,3,2,5
275,40,97,1,0,-713,-398,-938,-182,5088,4965,4316,4200,0,0,20484,5,1,5
276,40,94,1,0,-712,-399,-942,-191,5212,4875,4276,4312,0,0,20472,1,4,5
277,40,96,1,0,-698,-407,-937,-189,5234,5074,4462,4220,0,0,20488,4,4,5
278,41,95,1,0,-706,-390,-927,-171,5185,4903,4448,4178,0,0,20483,4,5,1
279,41,98,1,0,-694,-392,-936,-182,5212,5023,4432,4195,0,0,20488,4,3,5
280,41,97,1,1,-705,-387,-933,-175,5162,5023,4441,4347,0,0,20481,3,1,2
281,41,95,1,0,-696,-392,-933,-166,5281,4960,4241,4381,0,0,20485,3,1,5
282,41,97,1,0,-688,-380,-930,-160,5149,5187,4315,4399,0,0,20479,1,2,5
283,41,98,1,0,-691,-390,-926,-157,5310,5136,4319,4364,0,0,20476,2,5,5
284,41,98,1,0,-688,-387,-925,-158,5256,5179,4540,4440,0,0,20479,4,2,3
285,41,94,1,0,-681,-383,-917,-159,5211,5252,4509,4390,0,0,20481,3,5,5
286,41,97,1,0,-683,-377,-911,-153,5333,5063,4510,4317,0,0,20482,2,1,5
287,41,96,1,0,-675,-373,-902,-152,5331,5124,4365,4320,0,1,20485,2,3,3
288,41,95,1,1,-670,-374,-913,-153,5271,5304,4444,4454,1,0,20477,2,1,2
289,41,98,1,0,-666,-360,-898,-153,5275,5142,4473,4495,0,0,20484,3,5,2
290,41,97,1,0,-662,-356,-897,-140,5458,5228,4610,4527,0,0,20473,5,3,1
291,41,96,1,0,-660,-362,-894,-137,5469,5272,4548,4407,0,0,20475,4,2,4
292,41,95,1,0,-663,-362,-894,-134,5530,5184,4616,4503,0,0,20485,3,4,2
293,41,95,1,0,-658,-347,-899,-144,5372,5267,4586,4490,0,0,20474,5,2,4
294,41,95,1,0,-658,-355,-896,-128,5408,5354,4528,4452,0,0,20474,2,1,4
295,41,94,1,0,-658,-356,-892,-133,5554,5304,4692,4555,0,0,20481,4,1,1
296,41,94,1,1,-649,-338,-888,-120,5481,5396,4705,4529,0,0,20488,1,5,5
297,41,96,1,0,-650,-350,-872,-133,5481,5374,4516,4605,0,0,20483,3,2,3
298,41,97,1,0,-639,-343,-882,-119,5423,5462,4578,4604,0,0,20488,3,5,1
299,41,94,1,0,-647,-339,-879,-115,5451,5484,4736,4544,0,0,20485,4,2,5
300,41,97,1,0,-633,-335,-864,-120,5601,5433,4799,4584,0,0,20476,1,4,1
301,41,97,1,0,-632,-326,-865,-107,5635,5317,4818,4530,0,0,20486,3,2,1
302,41,96,1,0,-635,-335,-866,-111,5506,5473,4816,4561,0,0,20475,2,4,3
303,41,96,1,0,-630,-320,-862,-109,5611,5399,4739,4720,0,0,20480,1,2,4
304,41,94,1,1,-630,-330,-852,-110,5562,5595,4707,4597,0,0,20488,2,2,1
305,41,97,1,0,-622,-315,-855,-96,5653,5535,4651,4612,0,0,20473,1,2,5
306,41,94,1,0,-624,-319,-852,-104,5633,5568,4728,4640,0,0,20472,5,3,5
307,41,97,1,0,-615,-313,-855,-101,5674,5595,4832,4686,0,0,20484,4,5,3
308,41,97,1,0,-613,-319,-844,-86,5599,5430,4736,4659,0,0,20484,4,5,3
309,41,96,1,0,-621,-311,-847,-84,5840,5652,4895,4687,0,0,20475,2,3,4
310,41,95,1,0,-611,-298,-839,-83,5656,5548,4874,4822,1,1,20481,2,3,4
311,41,98,1,0,-615,-305,-838,-89,5732,5611,4846,4709,0,0,20477,3,1,5
312,41,96,1,1,-612,-306,-844,-77,5843,5564,4804,4711,0,0,20475,5,1,5
313,41,94,1,0,-603,-293,-834,-82,5732,5690,4831,4878,0,0,20473,2,1,4
314,41,95,1,0,-609,-288,-825,-81,5795,5578,4848,4857,0,0,20484,5,2,4
315,41,98,1,0,-598,-297,-830,-81,5754,5580,4766,4824,0,0,20473,2,5,3
316,41,98,1,0,-595,-282,-819,-78,5802,5740,4923,4908,0,0,20486,5,1,3
317,41,95,1,0,-596,-287,-817,-68,5915,5721,5047,4908,0,0,20487,4,5,1
318,41,94,1,0,-587,-280,-823,-66,5966,5804,4897,4952,0,0,20480,2,2,4
319,41,96,1,0,-592,-278,-813,-59,6008,5641,4920,4818,0,0,20487,1,4,3
320,41,94,1,1,-583,-270,-822,-53,5888,5791,4872,4937,0,0,20485,3,5,1
321,41,94,1,0,-582,-275,-811,-54,5973,5811,5034,4906,0,0,20483,1,3,5
322,41,95,1,0,-581,-275,-811,-46,5866,5716,5064,4855,0,0,20473,5,3,3
323,42,97,1,0,-577,-260,-802,-57,6018,5921,5135,4930,0,0,20476,2,5,1
324,42,98,1,0,-567,-265,-802,-43,5874,5944,5109,5025,0,0,20481,4,4,5
325,42,95,1,0,-576,-265,-806,-37,6028,5871,5181,5059,0,0,20473,1,5,1
326,42,98,1,0,-568,-267,-796,-50,5992,5880,4934,4950,0,0,20479,1,5,4
327,42,94,1,0,-559,-255,-798,-40,6012,5921,5157,5067,0,0,20478,2,4,1
328,42,95,1,1,-560,-254,-788,-44,6142,5943,5237,5096,0,0,20482,4,3,5
329,42,97,1,0,-554,-257,-787,-38,5999,5883,5236,5108,0,0,20472,5,1,5
330,42,98,1,0,-554,-245,-787,-29,6207,5882,5094,4970,0,0,20480,5,4,5
331,42,94,1,0,-554,-246,-784,-35,6149,5904,5053,4975,0,0,20478,3,5,4
332,42,97,1,0,-552,-235,-785,-19,6208,5999,5079,4996,0,0,20488,4,3,3
333,42,94,1,0,-541,-237,-772,-26,6141,6095,5111,5023,0,1,20484,5,2,3
334,42,94,1,0,-540,-235,-770,-21,6203,6016,5334,5139,0,0,20483,2,2,5
335,42,94,1,0,-548,-241,-766,-12,6206,5931,5267,5035,0,0,20488,2,3,4
336,42,95,1,1,-534,-232,-763,-19,6173,5968,5179,5055,0,0,20481,3,2,5
337,42,95,1,0,-535,-225,-762,-2,6312,6004,5283,5226,0,0,20479,5,5,2
338,42,96,1,0,-529,-233,-766,-5,6232,6071,5380,5168,0,0,20472,5,3,1
339,42,97,1,0,-528,-225,-761,-6,6203,6062,5325,5224,0,0,20472,4,2,4
340,42,96,1,0,-520,-213,-757,-9,6278,6079,5411,5243,0,0,20480,2,4,1
341,42,98,1,0,-531,-221,-752,8,6390,6235,5446,5132,0,0,20478,5,5,2
342,42,96,1,0,-527,-207,-751,0,6286,6113,5413,5193,0,0,20484,3,1,4
343,42,95,1,0,-523,-212,-754,3,6229,6186,5331,5325,0,0,20474,5,3,1
344,42,95,1,1,-517,-213,-748,9,6367,6204,5306,5199,0,0,20476,2,2,1
345,42,96,1,0,-514,-202,-750,14,6462,6252,5485,5267,0,0,20477,2,2,2
346,42,98,1,0,-511,-203,-735,8,6354,6193,5351,5268,0,0,20484,4,1,1
347,42,97,1,0,-501,-203,-743,14,6387,6262,5442,5285,1,0,20478,3,3,5
348,42,95,1,0,-497,-195,-737,27,6417,6231,5500,5386,0,0,20482,3,1,2
349,42,95,1,0,-508,-188,-734,32,6394,6191,5319,5307,0,0,20486,2,1,5
350,42,96,1,0,-505,-190,-726,31,6367,6373,5565,5353,0,0,20488,1,4,1
351,42,97,1,0,-496,-190,-723,33,6572,6417,5430,5327,0,0,20478,1,4,3
352,42,95,1,1,-488,-182,-715,28,6581,6212,5591,5379,0,0,20482,2,1,1
353,42,95,1,0,-483,-186,-727,29,6560,6354,5393,5307,0,0,20473,1,1,3
354,42,94,1,0,-487,-175,-716,47,6551,6336,5533,5457,0,0,20484,1,3,3
355,42,95,1,0,-475,-179,-719,49,6522,6375,5561,5491,0,0,20487,2,5,5
356,42,98,1,0,-481,-166,-711,45,6522,6492,5617,5520,0,0,20479,3,3,1
357,42,96,1,0,-483,-168,-715,42,6555,6520,5660,5525,0,0,20476,4,3,2
358,42,94,1,0,-470,-174,-703,52,6510,6396,5463,5378,0,0,20479,4,3,4
359,42,94,1,0,-468,-165,-694,58,6605,6462,5570,5467,0,0,20488,4,5,4
360,42,97,1,1,-464,-162,-691,64,6536,6359,5610,5545,0,0,20479,3,1,3
361,42,96,1,0,-469,-155,-689,67,6599,6435,5626,5452,0,0,20472,1,5,4
362,42,96,1,0,-458,-151,-695,69,6567,6536,5545,5480,0,0,20482,5,4,2
363,42,96,1,0,-464,-147,-683,72,6710,6529,5564,5613,0,0,20476,2,2,3
364,42,98,1,0,-460,-145,-693,61,6825,6490,5707,5510,0,0,20477,5,5,5
365,42,95,1,0,-455,-153,-686,64,6757,6448,5544,5609,0,0,20474,2,3,4
366,42,96,1,0,-456,-145,-682,70,6733,6634,5680,5500,0,0,20485,3,5,3
367,43,96,1,0,-450,-139,-673,79,6723,6560,5590,5578,0,0,20478,2,1,2
368,43,98,1,1,-451,-132,-678,78,6687,6515,5827,5610,0,0,20480,5,4,4
369,43,96,1,0,-447,-137,-666,89,6766,6596,5839,5535,0,0,20485,4,2,1
370,43,96,1,0,-445,-137,-669,86,6735,6511,5654,5696,0,0,20488,5,2,5
371,43,94,1,0,-428,-134,-664,90,6808,6614,5670,5731,0,0,20479,2,4,3
372,43,96,1,0,-441,-119,-662,88,6956,6634,5647,5625,0,0,20488,4,5,3
373,43,96,1,0,-425,-118,-668,101,6931,6691,5643,5625,0,0,20483,5,1,4
374,43,95,1,0,-426,-124,-652,90,6972,6766,5793,5692,0,0,20476,3,3,5
375,43,96,1,0,-428,-123,-661,103,6789,6631,5748,5748,0,0,20478,4,2,3
376,43,97,1,1,-426,-119,-652,111,7029,6802,5881,5696,0,1,20482,3,1,1
377,43,96,1,0,-412,-107,-646,105,7049,6868,5706,5822,0,0,20473,1,4,4
378,43,95,1,0,-409,-116,-652,115,6915,6718,5865,5678,0,0,20474,4,3,2
379,43,97,1,0,-405,-110,-647,109,6980,6693,5931,5714,0,0,20485,2,3,2
380,43,96,1,0,-406,-94,-633,112,6925,6794,5918,5750,0,0,20477,5,1,5
381,43,98,1,0,-410,-92,-633,123,7044,6746,5966,5866,0,0,20473,1,1,4
382,43,98,1,0,-410,-99,-627,128,6952,6813,5878,5873,0,0,20485,3,3,5
383,43,98,1,0,-397,-101,-639,120,7005,6879,5993,5856,0,0,20478,4,4,4
384,43,98,1,1,-395,-92,-628,121,7030,6792,5912,5804,1,0,20482,4,4,5
385,43,97,1,0,-392,-91,-622,134,7147,6831,5945,5784,0,0,20479,5,2,2
386,43,95,1,0,-384,-83,-627,128,6999,6840,5854,5933,0,0,20483,4,3,2
387,43,96,1,0,-386,-75,-618,137,7098,6859,5892,5803,0,0,20478,2,4,2
388,43,95,1,0,-392,-82,-617,144,7255,7029,6110,5917,0,0,20488,3,5,4
389,43,96,1,0,-384,-76,-618,148,7200,7006,6146,5931,0,0,20482,3,1,1
390,43,95,1,0,-372,-70,-617,137,7220,7001,6010,5972,0,0,20483,4,3,1
391,43,95,1,0,-382,-63,-605,156,7216,6915,5928,6021,0,0,20484,5,2,5
392,43,95,1,1,-380,-71,-606,159,7093,7097,5989,5933,0,0,20485,1,1,1
393,43,95,1,0,-379,-65,-596,155,7244,7141,6015,6012,0,0,20487,4,3,5
394,43,94,1,0,-360,-60,-592,161,7189,7030,6165,6080,0,0,20480,4,3,3
395,43,96,1,0,-366,-55,-594,155,7328,7154,5956,6026,0,0,20488,2,1,2
396,43,96,1,0,-360,-52,-598,161,7168,6980,6207,5975,1,0,20474,1,1,1
397,43,94,1,0,-354,-60,-595,162,7192,7172,6074,6004,0,0,20485,2,2,1
398,43,97,1,0,-359,-52,-583,166,7225,7111,6039,6023,0,0,20486,5,2,5
399,43,98,1,0,-351,-45,-590,165,7445,7217,6096,6078,0,0,20472,2,5,3
400,43,98,1,1,-350,-48,-583,175,7400,7151,6273,6160,0,0,20477,3,2,2
401,43,96,1,0,-347,-45,-574,178,7421,7142,6115,6068,0,0,20476,2,1,1
402,43,97,1,0,-339,-40,-571,182,7297,7070,6073,6031,0,0,20474,4,3,1
403,43,98,1,0,-349,-33,-567,183,7457,7218,6270,6045,0,0,20482,1,1,1
404,43,96,1,0,-342,-35,-575,183,7518,7135,6252,6133,0,0,20473,3,3,2
405,43,94,1,0,-343,-28,-572,184,7390,7327,6185,6210,0,0,20481,2,5,3
406,43,94,1,0,-327,-30,-570,194,7504,7154,6265,6216,0,0,20472,2,3,5
407,43,98,1,0,-332,-18,-564,197,7412,7298,6316,6169,0,0,20479,1,2,3
408,43,98,1,1,-324,-27,-556,205,7382,7300,6276,6184,0,0,20473,2,3,4
409,43,95,1,0,-327,-11,-547,206,7555,7413,6360,6172,0,0,20485,4,3,5
410,43,94,1,0,-328,-15,-552,209,7545,7374,6418,6221,0,0,20481,1,5,2
411,44,97,1,0,-323,-18,-550,203,7500,7456,6420,6296,0,0,20484,5,5,4
412,44,97,1,0,-320,-2,-542,209,7596,7399,6506,6209,0,0,20488,5,5,4
413,44,95,1,0,-314,-2,-534,206,7540,7329,6378,6269,0,0,20474,5,5,1
414,44,94,1,0,-305,-7,-536,217,7652,7455,6283,6198,0,1,20475,3,4,5
415,44,97,1,0,-299,0,-544,227,7678,7505,6333,6289,0,0,20478,4,2,3
416,44,94,1,1,-301,5,-537,221,7547,7500,6467,6393,0,0,20483,2,5,5
417,44,96,1,0,-292,0,-531,224,7662,7361,6481,6326,0,0,20488,4,4,1
418,44,98,1,0,-297,17,-524,227,7561,7436,6516,6308,0,0,20480,1,5,2
419,44,96,1,0,-301,8,-527,238,7636,7425,6521,6324,0,0,20484,4,2,5
420,44,96,1,0,-284,14,-522,235,7603,7570,6619,6289,0,0,20476,3,4,5
421,44,97,1,0,-283,20,-524,233,7606,7619,6626,6422,0,0,20479,1,4,4
422,44,98,1,0,-277,29,-514,244,7820,7584,6481,6322,0,0,20486,1,2,5
423,44,94,1,0,-275,32,-511,237,7635,7432,6388,6403,0,0,20478,5,2,3
424,44,94,1,1,-277,21,-508,247,7725,7488,6652,6398,1,0,20473,1,3,5
425,44,96,1,0,-277,24,-505,255,7694,7473,6503,6471,0,0,20481,5,1,1
426,44,95,1,0,-265,28,-507,252,7859,7531,6631,6544,0,0,20473,1,1,4
427,44,97,1,0,-270,32,-498,263,7929,7505,6475,6423,0,0,20479,4,2,3
428,44,96,1,0,-272,34,-497,266,7856,7672,6597,6492,0,0,20475,4,1,2
429,44,96,1,0,-270,43,-494,265,7743,7631,6624,6519,0,0,20485,1,3,3
430,44,97,1,0,-266,54,-496,265,7764,7702,6765,6516,0,0,20483,4,4,1
431,44,98,1,0,-256,48,-491,271,7780,7677,6697,6552,0,0,20486,2,1,3
432,44,94,1,1,-256,56,-479,275,7982,7764,6618,6503,0,1,20485,3,1,1
433,44,97,1,0,-257,62,-477,273,7866,7618,6808,6638,0,0,20488,2,1,1
434,44,97,1,0,-249,52,-482,275,8006,7772,6536,6558,0,0,20473,1,5,4
435,44,97,1,0,-246,55,-484,273,8015,7675,6613,6548,0,0,20484,2,3,3
436,44,97,1,0,-235,64,-480,279,7996,7769,6857,6522,0,0,20475,5,3,2
437,44,96,1,0,-238,73,-475,280,7910,7858,6781,6667,0,0,20479,3,4,1
438,44,94,1,0,-244,63,-461,282,8042,7693,6719,6695,0,0,20484,3,5,4
439,44,97,1,0,-240,70,-463,291,7970,7727,6713,6699,0,0,20480,2,2,1
440,44,94,1,1,-232,78,-468,288,8161,7781,6660,6686,0,0,20484,2,4,4
441,44,96,1,0,-225,73,-465,289,8154,7808,6906,6614,0,0,20474,1,4,4
442,44,97,1,0,-225,86,-451,296,8055,7871,6918,6729,0,0,20474,4,5,5
443,44,98,1,0,-229,78,-460,307,8067,7782,6728,6640,0,0,20473,3,2,5
444,44,97,1,0,-219,94,-447,307,8169,7930,6810,6696,0,0,20478,3,3,1
445,44,96,1,0,-216,95,-445,316,8149,7814,6785,6745,0,0,20481,1,1,4
446,44,95,1,0,-205,88,-437,315,8035,7986,6959,6689,0,0,20481,2,2,3
447,44,97,1,0,-214,105,-432,310,8139,7946,6909,6759,0,0,20474,5,4,3
448,44,94,1,1,-209,94,-436,313,8310,7863,6822,6731,0,0,20472,1,2,4
449,44,96,1,0,-210,96,-430,320,8191,8096,6943,6879,0,0,20480,4,2,2
450,44,96,1,0,-199,105,-427,318,8318,7967,6836,6799,0,0,20477,3,1,3
451,44,94,1,0,-190,104,-425,328,8155,8036,6897,6734,0,0,20485,4,4,5
452,44,98,1,0,-192,113,-430,338,8310,8126,7090,6825,0,0,20484,2,3,1
453,45,98,1,0,-194,109,-428,327,8171,8171,6940,6919,0,0,20475,5,3,4
454,45,95,1,0,-185,125,-424,334,8370,8039,7059,6824,0,0,20479,5,3,2
455,45,94,1,0,-183,128,-408,342,8270,7986,6928,6808,0,0,20475,4,1,2
456,45,95,1,1,-188,129,-418,349,8438,8167,6878,6928,0,0,20473,5,4,1
457,45,97,1,0,-178,135,-409,343,8246,8145,7083,6825,1,0,20480,2,4,5
458,45,95,1,0,-174,127,-409,343,8409,8037,7060,6844,0,0,20480,4,4,3
459,45,97,1,0,-179,141,-406,355,8362,8105,7179,6848,0,0,20476,2,1,1
460,45,94,1,0,-164,138,-402,349,8492,8136,6974,6988,0,0,20473,4,2,4
461,45,94,1,0,-167,142,-399,350,8489,8194,6975,6924,0,1,20487,5,4,3
462,45,94,1,0,-157,144,-401,367,8539,8214,7149,6978,0,0,20485,4,4,3
463,45,98,1,0,-165,145,-396,363,8393,8138,7185,6981,0,0,20472,4,4,2
464,45,96,1,1,-154,148,-396,365,8539,8264,7170,6948,0,0,20474,4,2,3
465,45,97,1,0,-153,147,-378,368,8543,8227,7262,7040,0,0,20472,1,1,3
466,45,96,1,0,-155,161,-376,369,8478,8341,7138,6999,0,0,20477,3,4,1
467,45,95,1,0,-148,166,-385,368,8562,8253,7206,7018,0,0,20483,1,2,4
468,45,98,1,0,-151,166,-379,382,8594,8327,7170,7087,0,0,20487,4,1,1
469,45,97,1,0,-151,170,-368,385,8592,8431,7270,7140,0,0,20476,3,3,1
470,45,97,1,0,-147,165,-376,392,8543,8291,7323,7179,0,0,20483,4,2,5
471,45,98,1,0,-145,168,-374,395,8470,8253,7218,7063,0,0,20486,1,1,3
472,45,97,1,1,-129,165,-363,388,8702,8411,7374,7139,0,0,20481,4,2,5
473,45,98,1,0,-123,168,-361,400,8678,8319,7225,7044,0,0,20482,5,5,2
474,45,95,1,0,-125,179,-357,390,8581,8459,7179,7227,0,0,20472,2,4,3
475,45,97,1,0,-128,185,-357,402,8646,8444,7423,7081,0,0,20479,3,3,3
476,45,98,1,0,-126,181,-356,396,8786,8463,7222,7117,0,0,20473,4,1,2
477,45,95,1,0,-115,188,-354,405,8667,8559,7434,7245,0,0,20481,1,1,1
478,45,94,1,0,-112,198,-346,403,8758,8505,7206,7278,0,0,20486,2,2,1
479,45,94,1,0,-114,201,-350,404,8702,8433,7302,7291,0,0,20478,3,1,5
480,45,94,1,1,-116,205,-345,407,8805,8471,7494,7237,0,0,20484,4,2,1
481,45,94,1,0,-102,199,-338,423,8741,8490,7392,7263,0,0,20472,1,5,4
482,45,96,1,0,-97,211,-329,420,8704,8460,7266,7203,0,1,20473,3,3,3
483,45,96,1,0,-93,205,-332,419,8719,8503,7286,7298,0,0,20474,5,1,2
484,45,95,1,0,-105,206,-336,422,8727,8505,7404,7277,0,0,20473,1,4,4
485,45,95,1,0,-93,210,-325,435,8939,8518,7365,7280,0,0,20472,5,2,2
486,45,96,1,0,-89,217,-327,437,8812,8489,7535,7257,0,0,20485,1,5,2
487,45,97,1,0,-81,216,-324,443,8922,8739,7334,7378,0,0,20473,5,3,1
488,45,96,1,1,-85,224,-318,444,8881,8746,7327,7346,0,0,20479,3,5,1
489,45,98,1,0,-87,222,-306,444,8900,8665,7499,7400,0,0,20481,4,2,4
490,45,96,1,0,-75,234,-312,439,8908,8740,7591,7399,0,0,20488,1,4,5
491,45,96,1,0,-70,226,-300,454,8978,8595,7468,7395,0,0,20476,2,2,5
492,45,97,1,0,-81,231,-307,444,8860,8790,7581,7466,0,0,20481,3,4,2
493,45,97,1,0,-65,243,-299,456,8908,8783,7395,7366,0,0,20473,5,4,1
494,45,95,1,0,-65,244,-300,463,8906,8773,7535,7397,0,0,20485,5,5,4
495,45,96,1,0,-62,250,-302,467,8982,8670,7628,7427,0,0,20476,5,4,1
496,46,94,1,1,-56,246,-286,457,8981,8845,7567,7381,0,0,20479,4,4,2
497,46,96,1,0,-58,243,-294,463,9136,8770,7573,7397,0,0,20479,1,1,5
498,46,96,1,0,-55,257,-293,475,8987,8874,7701,7506,0,0,20473,3,1,5
499,46,97,1,0,-60,257,-277,467,9006,8882,7588,7560,1,0,20474,2,4,3
500,46,96,1,0,-45,258,-287,484,8997,8728,7720,7594,0,0,20472,4,1,3
501,46,98,1,0,-47,255,-275,478,9000,8757,7557,7480,0,0,20474,1,2,3
502,46,98,1,0,-47,270,-278,481,9106,8961,7610,7577,0,0,20479,1,4,5
503,46,97,1,0,-43,262,-275,486,9113,9004,7635,7501,0,0,20481,2,3,1
504,46,96,1,1,-37,272,-270,491,9135,8946,7585,7579,0,0,20483,2,5,4
505,46,96,1,0,-41,279,-266,495,9167,8893,7819,7619,0,0,20479,4,1,2
506,46,98,1,0,-36,269,-257,494,9233,8857,7844,7588,0,0,20487,4,4,5
507,46,98,1,0,-22,277,-255,505,9156,8992,7856,7540,0,0,20488,1,1,4
508,46,94,1,0,-29,289,-262,508,9246,8906,7772,7556,0,0,20473,3,5,4
509,46,97,1,0,-25,291,-259,496,9321,8991,7728,7570,0,0,20476,3,2,3
510,46,97,1,0,-13,283,-246,512,9365,9120,7658,7633,0,0,20477,4,2,3
511,46,97,1,0,-11,295,-252,508,9230,9112,7898,7683,0,0,20484,5,2,3
512,46,95,1,1,-13,300,-250,518,9280,9000,7819,7705,0,0,20480,2,1,4
513,46,95,1,0,-5,305,-243,511,9253,9019,7922,7766,0,0,20482,3,4,4
514,46,97,1,0,-3,305,-239,518,9384,9018,7815,7644,0,0,20476,4,2,3
515,46,97,1,0,-5,303,-236,526,9304,8994,7920,7787,0,0,20477,3,1,4
516,46,96,1,0,-4,306,-224,517,9280,8995,7968,7773,0,0,20480,5,1,4
517,46,95,1,0,6,309,-223,520,9273,9211,7914,7809,0,0,20480,3,3,2
518,46,97,1,0,10,308,-225,523,9418,9239,8029,7829,0,0,20487,5,2,3
519,46,97,1,0,11,314,-215,528,9519,9053,7820,7825,0,0,20488,1,3,1
520,46,97,1,1,14,320,-210,532,9342,9177,7876,7770,0,0,20472,2,4,1
521,46,96,1,0,10,327,-215,536,9395,9225,8074,7792,0,0,20480,4,5,4
522,46,95,1,0,12,322,-217,542,9568,9213,8094,7750,0,0,20483,2,5,3
523,46,98,1,0,29,329,-202,546,9366,9252,7972,7892,0,0,20484,5,4,5
524,46,95,1,0,30,337,-208,548,9588,9148,7842,7934,0,0,20475,4,1,2
525,46,95,1,0,28,343,-209,553,9467,9279,7897,7781,0,0,20483,4,4,1
526,46,98,1,0,31,337,-193,557,9641,9371,7898,7971,0,0,20476,3,1,2
527,46,95,1,0,40,336,-190,563,9622,9167,8005,7883,0,0,20484,1,3,3
528,46,95,1,1,41,344,-200,568,9468,9397,7916,7856,0,0,20479,3,1,4
529,46,95,1,0,41,345,-195,567,9534,9273,8086,7835,0,0,20481,5,1,5
530,46,96,1,0,43,357,-185,563,9511,9276,8149,7936,0,0,20488,4,3,4
531,46,96,1,0,50,347,-191,579,9653,9236,8109,7863,0,0,20476,3,4,1
532,46,98,1,0,43,360,-176,572,9740,9336,8028,7987,0,0,20474,1,2,5
533,46,94,1,0,59,367,-174,584,9557,9346,8104,8000,0,0,20487,2,4,5
534,46,96,1,0,59,356,-178,585,9596,9402,8202,7954,0,0,20481,4,1,1
535,46,94,1,0,57,361,-173,591,9644,9432,8018,7951,0,0,20477,3,1,1
536,46,95,1,1,69,374,-173,586,9722,9363,8026,8011,0,0,20478,1,1,1
537,47,96,1,0,70,378,-162,593,9809,9427,8182,8095,0,0,20472,2,1,1
538,47,95,1,0,60,379,-163,590,9758,9443,8100,8008,1,1,20487,2,3,4
539,47,95,1,0,64,383,-153,590,9751,9369,8151,8050,0,0,20483,1,5,2
540,47,96,1,0,69,385,-160,592,9793,9586,8257,8139,0,0,20488,5,3,3
541,47,97,1,0,78,383,-147,600,9704,9601,8301,8066,0,0,20487,3,2,4
542,47,95,1,0,75,383,-152,609,9785,9573,8366,8094,0,1,20482,2,4,2
543,47,95,1,0,79,397,-140,607,9866,9460,8231,8078,0,0,20475,5,1,1
544,47,98,1,1,85,388,-148,612,9740,9552,8370,8108,0,0,20473,1,1,2
545,47,98,1,0,88,398,-140,609,9913,9567,8327,8106,0,0,20486,3,1,3
546,47,95,1,0,99,405,-135,609,9861,9564,8182,8148,0,0,20476,5,5,3
547,47,95,1,0,90,405,-143,619,9828,9590,8303,8252,0,0,20488,4,5,3
548,47,97,1,0,96,404,-140,622,9866,9640,8190,8191,0,0,20485,1,5,2
549,47,95,1,0,109,404,-126,624,9913,9742,8441,8132,0,0,20486,3,2,5
550,47,96,1,0,106,409,-126,622,9874,9546,8352,8288,0,0,20482,3,5,2
551,47,95,1,0,107,421,-120,634,9969,9699,8418,8182,0,0,20475,4,5,4
552,47,94,1,1,103,417,-114,632,9904,9786,8279,8254,0,0,20488,2,2,5
553,47,94,1,0,117,424,-122,643,10040,9704,8309,8217,0,0,20486,1,5,4
554,47,95,1,0,121,428,-118,648,10039,9764,8445,8218,0,0,20488,1,4,4
555,47,95,1,0,123,427,-106,649,10116,9734,8560,8231,0,0,20473,1,1,5
556,47,98,1,0,124,427,-106,645,10085,9679,8382,8358,0,0,20472,2,2,5
557,47,95,1,0,119,434,-100,655,10137,9703,8318,8354,0,0,20476,2,5,2
558,47,96,1,0,128,437,-96,662,10031,9906,8588,8256,0,0,20488,1,3,5
559,47,95,1,0,131,435,-106,659,10116,9921,8466,8374,1,0,20480,1,5,3
560,47,95,1,1,128,445,-103,660,10129,9880,8479,8439,0,0,20479,2,1,4
561,47,96,1,0,135,446,-89,661,10094,9748,8372,8390,0,0,20475,5,3,2
562,47,95,1,0,142,445,-89,659,10086,9933,8460,8321,0,0,20478,2,5,3
563,47,95,1,0,149,456,-89,667,10187,9971,8514,8317,0,0,20484,3,4,1
564,47,98,1,0,143,463,-86,674,10116,9969,8608,8334,0,0,20476,5,5,3
565,47,98,1,0,150,452,-81,684,10117,9880,8517,8396,0,0,20486,3,5,2
566,47,97,1,0,149,465,-81,674,10243,9976,8638,8415,0,0,20488,5,1,5
567,47,95,1,0,160,468,-81,682,10326,10000,8577,8434,0,0,20479,2,2,5
568,47,94,1,1,160,474,-71,684,10244,9990,8534,8442,0,0,20485,5,1,5
569,47,95,1,0,158,477,-67,691,10274,9997,8729,8506,0,0,20477,5,1,4
570,47,95,1,0,174,474,-58,684,10306,9907,8658,8490,0,0,20480,4,4,3
571,47,96,1,0,176,478,-63,692,10175,9959,8745,8575,0,0,20474,5,3,1
572,47,98,1,0,165,472,-51,694,10395,10103,8769,8477,0,0,20479,4,3,5
573,47,98,1,0,176,483,-57,698,10296,10134,8744,8531,0,0,20486,3,1,4
574,47,98,1,0,175,490,-53,701,10430,10028,8660,8617,0,0,20488,1,1,2
575,47,95,1,0,181,494,-50,705,10291,9964,8633,8622,0,0,20488,1,3,1
576,47,98,1,1,180,485,-50,710,10305,10188,8811,8487,0,0,20480,2,2,1
577,47,97,1,0,180,502,-45,712,10392,10022,8585,8557,0,0,20475,1,1,4
578,47,97,1,0,189,492,-47,716,10296,10227,8768,8555,0,0,20486,4,4,4
579,48,96,1,0,188,508,-37,720,10376,10148,8704,8674,0,0,20479,3,5,4
580,48,97,1,0,197,502,-28,722,10493,10116,8655,8683,0,0,20479,4,2,4
581,48,96,1,0,195,501,-25,729,10417,10228,8762,8561,0,0,20475,5,5,2
582,48,98,1,0,205,519,-25,731,10385,10133,8769,8584,0,0,20486,2,5,5
583,48,97,1,0,212,508,-31,730,10501,10257,8956,8612,0,0,20475,3,5,1
584,48,97,1,1,203,525,-15,740,10465,10184,8731,8695,0,0,20472,1,1,3
585,48,97,1,0,219,521,-11,744,10451,10128,8872,8625,0,0,20487,5,1,1
586,48,98,1,0,222,523,-9,738,10517,10353,8740,8707,0,0,20474,3,5,2
587,48,96,1,0,215,530,-10,752,10454,10237,8757,8811,0,0,20473,1,1,5
588,48,94,1,0,218,532,0,750,10529,10211,8758,8691,0,0,20476,1,4,4
589,48,96,1,0,218,534,-4,745,10567,10394,8877,8800,0,0,20475,4,2,5
590,48,96,1,0,221,539,2,751,10509,10362,8879,8737,1,0,20472,1,1,4
591,48,98,1,0,232,535,0,750,10604,10284,8820,8714,0,0,20476,1,5,3
592,48,98,1,1,242,547,11,756,10560,10244,8842,8746,0,0,20488,4,3,5
593,48,98,1,0,236,541,1,769,10730,10409,9080,8738,0,0,20481,3,2,1
594,48,94,1,0,234,554,16,767,10752,10398,8858,8800,0,0,20475,5,4,2
595,48,95,1,0,240,550,8,775,10683,10470,9052,8777,0,0,20486,1,1,4
596,48,95,1,0,250,554,13,764,10666,10294,9098,8768,0,0,20482,2,1,2
597,48,97,1,0,251,554,17,783,10828,10395,8932,8947,0,0,20487,4,2,3
598,48,94,1,0,258,554,29,776,10758,10318,8967,8870,0,0,20478,1,1,1
599,48,95,1,0,258,558,30,789,10642,10375,8925,8836,0,1,20476,2,1,5
600,48,94,1,1,257,571,29,787,10763,10523,8959,8938,0,0,20473,5,2,5
601,48,98,1,0,269,570,40,790,10686,10566,9004,8888,0,0,20488,1,3,1
602,48,95,1,0,268,573,33,792,10908,10614,8993,8951,0,0,20482,3,2,2
603,48,95,1,0,273,573,45,786,10758,10546,9009,8890,0,0,20472,4,3,3
604,48,96,1,0,267,573,40,795,10734,10577,9038,8866,0,0,20481,4,4,4
605,48,94,1,0,275,577,43,799,10882,10433,9174,9056,0,1,20486,2,5,4
606,48,95,1,0,278,592,55,807,10762,10503,9148,9007,0,0,20476,3,3,2
607,48,98,1,0,275,594,46,803,10933,10555,9127,9010,0,0,20474,1,4,5
608,48,98,1,1,277,598,46,804,10811,10549,9054,8974,0,0,20474,5,5,3
609,48,97,1,0,280,588,54,815,10982,10499,9250,8998,0,0,20479,3,2,5
610,48,98,1,0,294,595,55,815,10897,10685,9260,9080,0,0,20482,2,1,4
611,48,98,1,0,294,594,70,818,11023,10706,9154,9091,0,0,20481,3,4,1
612,48,97,1,0,289,598,65,829,10932,10744,9129,8980,0,0,20487,1,3,5
613,48,97,1,0,296,611,76,825,10953,10744,9286,8985,0,0,20473,2,2,4
614,48,94,1,0,295,618,78,834,11059,10701,9088,9030,0,0,20487,1,5,3
615,48,96,1,0,302,612,69,831,11092,10693,9258,9132,0,0,20474,5,3,1
616,48,98,1,1,316,622,83,833,11103,10678,9226,9200,1,0,20472,4,2,4
617,48,98,1,0,315,612,87,835,10967,10804,9222,9106,0,0,20482,1,5,2
618,48,98,1,0,318,628,84,843,11100,10658,9206,9126,0,0,20483,4,5,2
619,48,96,1,0,312,623,80,841,11125,10748,9390,9212,0,0,20472,2,4,3
620,49,95,1,0,327,635,95,846,11062,10699,9364,9136,0,0,20483,2,2,4
621,49,95,1,0,323,636,99,844,11155,10819,9407,9147,0,0,20485,5,1,1
622,49,95,1,0,333,636,96,845,11152,10893,9478,9236,0,0,20486,4,4,5
623,49,98,1,0,331,636,94,858,11159,10846,9219,9134,0,0,20486,3,3,3
624,49,96,1,1,326,646,97,855,11248,10730,9386,9262,0,0,20473,2,2,3
625,49,94,1,0,341,639,111,856,11230,10760,9406,9250,0,0,20474,4,4,3
626,49,97,1,0,334,654,109,873,11126,10881,9453,9309,0,0,20482,3,2,1
627,49,95,1,0,338,644,117,862,11085,10865,9264,9329,0,0,20482,1,4,3
628,49,94,1,0,343,660,114,865,11328,10854,9444,9279,0,0,20485,5,5,3
629,49,94,1,0,355,661,122,880,11231,10909,9404,9270,0,0,20478,1,3,2
630,49,95,1,0,351,654,124,874,11124,10942,9546,9221,0,0,20483,4,4,5
631,49,97,1,0,362,659,119,883,11213,10978,9568,9284,0,0,20475,2,3,1
632,49,96,1,1,367,660,125,876,11353,11078,9490,9307,0,0,20483,4,2,1
633,49,98,1,0,362,665,125,892,11405,11073,9359,9423,0,0,20488,5,2,2
634,49,98,1,0,373,678,131,889,11330,10880,9529,9335,0,0,20484,2,1,3
635,49,98,1,0,371,683,142,888,11360,11084,9560,9347,0,0,20479,4,1,4
636,49,95,1,0,371,671,138,900,11294,10912,9394,9425,0,0,20481,3,4,5
637,49,95,1,0,381,688,140,907,11308,10941,9539,9436,0,0,20485,4,4,1
638,49,97,1,0,378,691,155,904,11339,11056,9447,9387,0,0,20488,5,1,2
639,49,94,1,0,378,683,143,911,11363,11196,9478,9464,0,0,20484,5,4,4
640,49,95,1,1,377,696,160,902,11509,11096,9530,9505,0,0,20482,2,5,1
641,49,98,1,0,383,701,149,919,11400,11173,9667,9365,0,0,20483,2,3,4
642,49,94,1,0,395,696,162,919,11476,11105,9539,9548,0,0,20486,4,2,3
643,49,98,1,0,398,695,163,918,11441,11172,9683,9498,1,0,20476,5,5,5
644,49,98,1,0,392,710,166,926,11439,11054,9627,9460,0,0,20478,4,4,1
645,49,94,1,0,398,699,169,927,11594,11063,9630,9496,0,0,20483,5,3,4
646,49,94,1,0,403,717,176,922,11560,11305,9820,9553,0,0,20487,5,1,1
647,49,96,1,0,401,705,173,933,11556,11295,9775,9529,0,0,20472,1,2,2
648,49,97,1,1,415,713,178,931,11577,11322,9703,9500,0,0,20482,1,3,4
649,49,96,1,0,416,719,179,943,11649,11151,9597,9592,0,0,20478,2,1,2
650,49,95,1,0,423,722,178,946,11629,11150,9811,9648,0,0,20485,4,2,3
651,49,96,1,0,421,727,185,938,11481,11261,9800,9571,0,0,20477,3,5,5
652,49,96,1,0,421,731,190,943,11691,11367,9686,9676,0,0,20483,2,2,4
653,49,97,1,0,426,725,200,944,11508,11285,9664,9660,0,0,20479,3,1,3
654,49,94,1,0,435,732,192,947,11561,11411,9754,9685,0,0,20483,3,3,4
655,49,98,1,0,432,739,201,963,11540,11428,9786,9720,0,0,20487,4,1,2
656,49,95,1,1,434,740,199,962,11717,11226,9674,9583,0,0,20472,5,2,2
657,49,98,1,0,443,740,203,969,11584,11395,9749,9641,0,0,20486,1,3,2
658,49,95,1,0,439,746,203,961,11612,11371,9927,9635,0,1,20485,2,2,4
659,49,95,1,0,435,757,213,963,11702,11279,9898,9735,0,0,20483,4,5,4
660,49,94,1,0,454,758,222,966,11742,11329,9975,9725,0,0,20483,1,2,3
661,50,94,1,0,451,762,216,970,11636,11369,9890,9718,0,0,20482,3,3,4
662,50,97,1,0,458,762,230,984,11718,11529,9836,9712,0,0,20480,2,2,4
663,50,96,1,0,448,769,219,979,11738,11564,9873,9809,0,0,20486,5,5,2
664,50,94,1,1,459,762,224,989,11765,11362,9848,9748,0,0,20472,3,2,1
665,50,97,1,0,466,761,229,980,11756,11391,9986,9693,0,0,20488,5,4,1
666,50,95,1,0,466,768,229,992,11814,11567,9866,9695,0,0,20479,4,2,3
667,50,95,1,0,463,776,234,986,11860,11532,9941,9808,0,0,20479,2,1,4
668,50,98,1,0,469,774,234,995,11920,11575,9828,9868,0,1,20487,3,4,4
669,50,95,1,0,472,775,239,1000,11822,11442,9887,9781,0,0,20480,3,3,1
670,50,94,1,0,472,791,246,1000,11805,11607,9859,9755,0,0,20486,1,4,1
671,50,95,1,0,487,790,253,1012,12011,11677,10110,9908,0,0,20484,2,1,3
672,50,95,1,1,481,796,245,1002,11881,11490,10011,9903,0,0,20475,1,1,3
673,50,98,1,0,482,790,251,1010,12016,11620,10012,9849,0,0,20473,4,3,4
674,50,95,1,0,492,793,254,1018,11958,11690,10002,9939,0,0,20479,3,4,1
675,50,96,1,0,495,796,260,1019,11953,11559,9955,9907,0,0,20483,1,5,4
676,50,98,1,0,496,806,268,1021,12092,11644,9984,9918,0,0,20488,4,2,2
677,50,97,1,0,503,806,276,1028,12105,11768,10202,9861,0,0,20484,3,3,1
678,50,96,1,0,500,806,276,1031,11970,11580,10176,9902,0,0,20477,4,2,5
679,50,95,1,0,513,816,271,1026,12103,11705,9962,9962,0,0,20474,1,2,1
680,50,95,1,1,512,821,279,1036,12085,11801,10157,9988,0,0,20483,2,4,5
681,50,94,1,0,508,823,277,1038,12027,11683,10184,10037,0,0,20486,3,3,3
682,50,96,1,0,520,828,278,1036,12004,11629,10078,10027,0,0,20473,4,2,4
683,50,95,1,0,522,825,282,1045,11982,11700,10159,9966,0,0,20477,2,5,3
684,50,95,1,0,522,832,287,1048,12100,11818,10128,10092,1,0,20486,1,2,5
685,50,95,1,0,525,836,298,1049,12234,11842,10325,9977,0,0,20479,4,1,1
686,50,96,1,0,532,842,294,1057,12114,11845,10147,9986,0,0,20486,5,4,5
687,50,97,1,0,525,839,301,1063,12084,11873,10221,10088,0,0,20487,5,1,4
688,50,94,1,1,530,833,309,1062,12215,11921,10338,10140,0,0,20485,3,4,1
689,50,97,1,0,535,851,310,1059,12126,11828,10126,9995,0,0,20473,3,3,4
690,50,97,1,0,540,844,317,1068,12225,11774,10153,10088,0,0,20473,3,4,3
691,50,95,1,0,547,845,311,1073,12155,11983,10278,10085,0,0,20475,3,2,3
692,50,95,1,0,538,851,322,1071,12175,11942,10311,10136,0,0,20473,1,1,5
693,50,94,1,0,544,850,311,1074,12291,11798,10198,10090,0,0,20474,3,5,2
694,50,96,1,0,544,864,319,1081,12367,11807,10247,10192,0,0,20483,4,4,1
695,50,96,1,0,554,855,327,1072,12289,12010,10402,10117,0,0,20481,4,3,5
696,50,96,1,1,551,873,332,1082,12352,11950,10205,10188,0,0,20487,5,4,2
697,50,97,1,0,556,864,327,1081,12421,11986,10371,10121,0,0,20475,4,2,1
698,50,98,1,0,561,878,335,1087,12310,12048,10494,10273,0,0,20475,5,3,3
699,50,96,1,0,565,880,341,1096,12334,11914,10248,10139,0,0,20475,4,4,3
700,50,97,1,0,566,870,346,1093,12279,12066,10377,10185,0,0,20475,4,5,3
701,50,96,1,0,579,877,351,1091,12330,12029,10490,10202,0,0,20473,1,3,3
702,51,95,1,0,583,891,347,1097,12363,12020,10551,10226,1,0,20487,2,5,2
703,51,98,1,0,588,881,342,1100,12381,11979,10520,10183,0,0,20484,4,3,3
704,51,98,1,1,587,884,354,1106,12461,12016,10446,10224,0,0,20481,3,3,3
705,51,97,1,0,590,900,360,1105,12308,12004,10566,10313,0,0,20474,1,1,2
706,51,94,1,0,592,898,360,1117,12558,12214,10491,10324,0,0,20486,4,5,3
707,51,98,1,0,599,893,361,1114,12444,12016,10391,10248,0,0,20487,5,4,5
708,51,96,1,0,597,903,369,1118,12420,12152,10416,10320,0,0,20478,3,3,1
709,51,96,1,0,591,902,375,1129,12581,12263,10441,10369,0,0,20476,1,2,3
710,51,98,1,0,607,903,375,1134,12508,12179,10665,10257,0,0,20477,3,5,3
711,51,96,1,0,606,914,381,1129,12535,12214,10602,10282,0,0,20483,2,3,1
712,51,95,1,1,612,908,386,1137,12445,12162,10408,10352,0,0,20473,4,2,3
713,51,95,1,0,605,921,377,1140,12497,12156,10499,10330,0,0,20484,5,3,4
714,51,96,1,0,611,929,389,1141,12494,12135,10666,10368,0,0,20488,3,3,1
715,51,98,1,0,611,929,386,1136,12651,12183,10471,10476,0,0,20485,2,5,3
716,51,97,1,0,622,936,386,1146,12552,12340,10544,10501,0,1,20485,5,1,5
717,51,96,1,0,624,927,392,1149,12688,12325,10572,10348,0,0,20479,3,1,2
718,51,94,1,0,629,942,389,1154,12688,12228,10628,10447,0,0,20483,5,5,1
719,51,96,1,0,631,933,407,1155,12750,12307,10687,10406,0,0,20479,2,3,4
720,51,98,1,1,638,943,399,1155,12694,12225,10667,10550,0,0,20473,3,2,3
721,51,98,1,0,636,938,414,1162,12609,12227,10661,10545,0,0,20480,1,1,4
722,51,96,1,0,633,945,403,1171,12656,12245,10690,10537,1,0,20473,2,2,2
723,51,95,1,0,639,945,406,1162,12662,12478,10683,10513,0,0,20475,4,2,4
724,51,98,1,0,652,957,423,1168,12824,12310,10772,10502,0,0,20487,5,5,5
725,51,95,1,0,647,948,423,1174,12687,12335,10598,10569,0,0,20478,3,2,3
726,51,95,1,0,644,958,415,1182,12793,12391,10611,10501,0,0,20478,1,2,4
727,51,95,1,0,649,966,425,1177,12708,12367,10698,10514,0,0,20472,2,5,4
728,51,97,1,1,653,958,433,1188,12836,12456,10744,10552,0,0,20486,1,1,3
729,51,94,1,0,661,962,436,1180,12795,12521,10783,10497,0,0,20476,3,3,4
730,51,95,1,0,668,964,440,1185,12920,12489,10701,10656,0,0,20475,1,2,4
731,51,97,1,0,669,969,434,1191,12716,12386,10707,10531,0,0,20479,2,1,1
732,51,98,1,0,671,982,441,1188,12810,12603,10937,10582,0,0,20480,1,1,2
733,51,96,1,0,667,987,441,1197,12962,12448,10958,10599,0,0,20473,3,5,5
734,51,98,1,0,672,979,450,1207,12870,12499,10759,10728,0,0,20477,1,1,5
735,51,95,1,0,672,990,442,1211,12927,12463,10856,10727,0,0,20482,2,5,3
736,51,95,1,1,683,985,446,1200,12998,12630,10780,10648,0,0,20485,1,4,5
737,51,95,1,0,694,989,453,1219,12879,12518,10799,10678,0,0,20477,2,5,5
738,51,98,1,0,685,990,456,1209,12949,12482,10934,10751,0,0,20480,2,4,5
739,51,95,1,0,699,1000,470,1215,12959,12500,10800,10739,0,0,20472,3,3,1
740,51,96,1,0,701,1004,462,1218,12911,12629,10841,10639,0,0,20475,1,1,3
741,51,95,1,0,699,1003,473,1221,12878,12564,11018,10815,0,0,20484,3,5,1
742,51,97,1,0,695,1011,474,1230,13059,12641,10819,10817,0,0,20481,2,1,3
743,52,94,1,0,712,1008,477,1235,12892,12708,10871,10819,0,0,20476,3,4,1
744,52,94,1,1,713,1021,474,1225,13083,12674,10874,10850,0,0,20486,2,4,4
745,52,95,1,0,703,1016,478,1237,12930,12728,11047,10834,0,0,20487,4,1,2
746,52,98,1,0,710,1015,481,1236,13124,12730,10964,10802,0,0,20477,3,2,1
747,52,97,1,0,724,1022,488,1236,12958,12706,11061,10891,0,1,20473,5,4,1
748,52,94,1,0,719,1021,482,1253,12980,12729,11138,10906,0,0,20486,5,1,4
749,52,96,1,0,725,1023,497,1251,13010,12627,10947,10875,0,0,20481,3,2,3
750,52,96,1,0,724,1038,491,1251,13177,12709,11123,10862,0,0,20475,2,2,4
751,52,96,1,0,736,1043,507,1256,13220,12866,10999,10793,0,0,20476,3,3,2
752,52,98,1,1,739,1048,497,1255,13237,12807,10992,10798,0,0,20473,4,5,2
753,52,94,1,0,728,1037,508,1266,13126,12909,11171,10813,0,0,20472,3,3,2
754,52,98,1,0,744,1050,515,1268,13270,12786,11058,10825,0,0,20488,5,4,5
755,52,97,1,0,741,1054,518,1275,13209,12771,11130,10850,0,0,20488,3,4,1
756,52,98,1,0,739,1056,520,1270,13177,12795,10955,10934,0,0,20473,5,3,3
757,52,97,1,0,747,1048,522,1269,13203,12866,11109,10851,0,0,20485,1,3,5
758,52,96,1,0,748,1066,515,1272,13262,12902,11174,10965,0,0,20480,2,5,4
759,52,97,1,0,758,1055,518,1282,13342,12827,11141,10941,0,0,20487,3,1,4
760,52,96,1,1,756,1066,532,1290,13169,12808,11239,10942,0,0,20488,3,3,4
761,52,94,1,0,767,1068,524,1283,13396,12902,11285,11044,0,0,20477,2,3,5
762,52,98,1,0,759,1070,528,1296,13325,12843,11292,10996,0,0,20474,4,1,3
763,52,94,1,0,767,1078,544,1297,13374,12884,11298,10958,0,0,20473,5,5,5
764,52,95,1,0,770,1072,542,1288,13218,13029,11257,10932,0,0,20472,3,5,1
765,52,97,1,0,773,1078,550,1297,13248,12962,11088,10955,0,0,20483,3,4,5
766,52,96,1,0,769,1076,543,1300,13380,12893,11263,10989,0,0,20480,3,3,5
767,52,94,1,0,773,1088,557,1298,13480,12950,11349,11042,0,0,20473,3,4,4
768,52,97,1,1,775,1083,549,1303,13402,13097,11360,11009,0,0,20474,3,5,5
769,52,97,1,0,783,1089,558,1305,13516,13037,11207,11131,0,0,20487,2,1,5
770,52,95,1,0,787,1092,553,1320,13401,12927,11158,11118,0,0,20485,5,5,1
771,52,95,1,0,793,1103,554,1319,13356,13133,11280,11095,0,0,20486,1,4,5
772,52,96,1,0,800,1106,568,1318,13448,12962,11431,11209,0,0,20481,4,2,5
773,52,96,1,0,798,1105,564,1320,13416,13093,11353,11149,0,0,20474,2,2,2
774,52,95,1,0,793,1115,569,1322,13545,13078,11325,11114,1,0,20479,4,5,2
775,52,95,1,0,808,1113,580,1326,13462,13220,11331,11159,0,0,20473,2,2,1
776,52,96,1,1,802,1118,585,1326,13461,13148,11317,11106,0,0,20485,3,3,2
777,52,98,1,0,813,1125,579,1343,13572,13253,11442,11105,0,1,20479,2,2,3
778,52,96,1,0,816,1124,587,1339,13595,13115,11333,11125,0,0,20480,4,3,4
779,52,94,1,0,819,1121,582,1341,13525,13253,11479,11204,0,0,20474,5,5,4
780,52,96,1,0,825,1123,584,1337,13558,13097,11470,11162,0,0,20475,3,4,3
781,52,95,1,0,821,1126,595,1344,13674,13125,11350,11273,0,0,20478,3,4,4
782,52,98,1,0,826,1139,599,1353,13661,13295,11355,11272,0,0,20487,1,2,2
783,52,96,1,0,828,1136,591,1351,13570,13332,11540,11288,0,0,20473,4,2,5
784,53,96,1,1,832,1132,604,1353,13536,13267,11493,11277,0,0,20479,5,2,1
785,53,96,1,0,836,1135,610,1362,13607,13382,11440,11329,0,0,20482,3,3,1
786,53,96,1,0,832,1148,607,1360,13617,13266,11547,11203,0,0,20479,3,5,3
787,53,98,1,0,840,1156,611,1374,13650,13206,11435,11231,0,0,20475,3,5,4
788,53,97,1,0,838,1153,620,1367,13730,13352,11357,11306,0,0,20479,5,5,5
789,53,96,1,0,855,1161,618,1366,13744,13215,11577,11409,0,1,20483,3,1,1
790,53,95,1,0,858,1162,625,1379,13681,13248,11671,11317,0,0,20485,2,5,3
791,53,94,1,0,859,1169,622,1385,13659,13257,11541,11264,0,0,20481,3,1,1
792,53,96,1,1,857,1160,623,1380,13670,13385,11684,11386,0,0,20488,1,3,2
793,53,95,1,0,865,1168,632,1382,13678,13456,11498,11404,0,0,20476,2,5,1
794,53,94,1,0,862,1177,626,1392,13657,13475,11526,11393,0,0,20483,4,2,5
795,53,98,1,0,871,1169,643,1397,13748,13295,11738,11469,0,0,20488,2,4,3
796,53,95,1,0,867,1174,635,1395,13856,13517,11471,11435,0,0,20486,5,3,2
797,53,94,1,0,871,1172,638,1396,13713,13317,11578,11469,0,0,20479,5,4,5
798,53,96,1,0,878,1179,653,1403,13894,13516,11694,11520,0,0,20483,4,5,4
799,53,95,1,0,878,1179,642,1403,13830,13542,11505,11426,0,0,20486,3,5,1
800,53,96,1,1,884,1191,651,1405,13734,13500,11741,11446,0,0,20473,4,5,1
801,53,96,1,0,881,1192,653,1409,13831,13398,11812,11464,0,0,20478,5,1,4
802,53,96,1,0,885,1199,653,1410,13992,13591,11638,11427,0,0,20476,3,4,1
803,53,96,1,0,895,1195,660,1421,13834,13508,11722,11462,0,0,20472,1,3,2
804,53,98,1,0,894,1201,657,1417,13998,13412,11756,11500,0,0,20488,1,4,3
805,53,98,1,0,898,1205,667,1429,14019,13429,11635,11596,0,0,20474,5,2,4
806,53,96,1,0,904,1207,670,1420,14039,13573,11870,11613,0,0,20475,1,4,1
807,53,98,1,0,901,1218,679,1432,13959,13559,11798,11534,0,0,20488,4,4,3
808,53,97,1,1,911,1216,678,1428,13985,13483,11786,11646,1,0,20479,3,5,2
809,53,97,1,0,905,1220,676,1441,13961,13667,11817,11550,0,0,20485,1,4,4
810,53,95,1,0,919,1222,683,1432,14108,13652,11842,11664,0,1,20478,4,5,4
811,53,95,1,0,917,1218,681,1434,13914,13676,11894,11536,0,0,20482,5,3,5
812,53,97,1,0,921,1221,684,1442,14039,13534,11742,11571,0,0,20488,3,3,4
813,53,98,1,0,928,1230,691,1446,13958,13693,11841,11707,0,0,20482,4,1,4
814,53,96,1,0,918,1240,692,1450,14016,13577,11853,11704,0,0,20482,3,2,3
815,53,98,1,0,921,1227,697,1447,14000,13574,11802,11601,0,0,20484,2,5,5
816,53,95,1,1,935,1243,694,1453,14128,13662,11765,11671,0,0,20475,5,2,1
817,53,97,1,0,939,1241,711,1454,14197,13652,11814,11589,0,0,20473,4,2,1
818,53,94,1,0,936,1246,710,1467,14060,13823,11995,11616,0,0,20480,2,2,5
819,53,95,1,0,948,1246,717,1473,14199,13727,11884,11751,1,0,20477,1,2,2
820,53,96,1,0,942,1249,710,1467,14259,13669,11773,11666,0,0,20483,1,1,2
821,53,94,1,0,946,1252,712,1470,14265,13869,11930,11773,0,0,20477,5,5,2
822,53,95,1,0,948,1251,718,1477,14067,13835,11935,11639,0,0,20481,2,1,5
823,53,94,1,0,960,1252,722,1482,14157,13808,11779,11717,0,0,20475,4,3,1
824,53,98,1,1,962,1258,729,1482,14300,13705,11948,11688,0,0,20486,4,1,1
825,53,94,1,0,961,1268,722,1476,14171,13877,11907,11736,0,0,20477,2,4,3
826,54,95,1,0,959,1262,725,1483,14205,13724,12014,11846,0,0,20483,3,4,2
827,54,97,1,0,966,1276,736,1497,14157,13756,12050,11800,0,0,20477,4,3,5
828,54,95,1,0,972,1272,736,1494,14177,13788,12089,11815,0,0,20476,1,3,3
829,54,97,1,0,975,1272,741,1498,14260,13902,12076,11729,0,0,20487,5,5,4
830,54,95,1,0,969,1288,746,1506,14360,13997,12139,11843,0,0,20484,5,4,3
831,54,96,1,0,985,1284,749,1499,14399,14015,12162,11868,0,0,20474,1,5,1
832,54,97,1,1,983,1282,748,1504,14419,14020,11977,11890,0,0,20477,2,2,1
833,54,95,1,0,987,1298,757,1502,14420,13979,12134,11861,0,0,20482,2,1,5
834,54,94,1,0,980,1299,749,1514,14456,13965,11992,11795,0,0,20483,5,5,2
835,54,97,1,0,992,1303,759,1514,14301,13904,12016,11917,0,0,20479,2,5,4
836,54,95,1,0,986,1297,768,1511,14358,14087,12151,11889,0,0,20487,1,2,3
837,54,97,1,0,990,1307,764,1528,14485,13896,12180,11813,0,0,20473,1,2,4
838,54,96,1,0,992,1301,772,1528,14398,14104,12225,11989,0,0,20487,2,3,4
839,54,98,1,0,1008,1317,765,1533,14471,13994,12267,11975,0,0,20485,2,1,5
840,54,97,1,1,1006,1312,767,1526,14516,14116,12106,11948,0,0,20480,3,5,1
841,54,94,1,0,1001,1312,776,1527,14333,14069,12128,12018,0,0,20485,5,5,3
842,54,95,1,0,1010,1322,786,1528,14489,14071,12175,11990,0,0,20482,3,4,3
843,54,97,1,0,1014,1325,789,1531,14396,13986,12150,11979,0,0,20486,4,1,4
844,54,94,1,0,1013,1322,781,1549,14541,14089,12277,11989,0,0,20486,1,4,4
845,54,94,1,0,1025,1335,790,1542,14480,14160,12263,12016,1,0,20474,5,5,4
846,54,95,1,0,1024,1337,789,1553,14508,14176,12189,12044,0,0,20475,4,4,3
847,54,98,1,0,1021,1339,802,1548,14622,14179,12268,12059,0,0,20479,2,2,2
848,54,95,1,1,1031,1335,798,1549,14556,14200,12111,11977,0,0,20473,3,4,1
849,54,95,1,0,1027,1342,798,1561,14613,14061,12149,12016,0,0,20474,2,4,3
850,54,98,1,0,1039,1341,811,1555,14468,14238,12336,12027,0,0,20478,4,5,5
851,54,97,1,0,1031,1342,816,1570,14544,14231,12176,12048,0,0,20473,3,5,5
852,54,98,1,0,1048,1350,818,1564,14663,14298,12268,12061,0,0,20474,5,2,2
853,54,97,1,0,1041,1353,812,1566,14650,14223,12318,12136,0,0,20475,5,2,3
854,54,96,1,0,1054,1357,817,1567,14729,14310,12289,12141,0,0,20478,5,2,4
855,54,97,1,0,1048,1363,813,1569,14755,14329,12333,12062,0,0,20481,5,3,4
856,54,98,1,1,1051,1365,817,1571,14679,14323,12440,12210,0,0,20486,4,3,3
857,54,96,1,0,1059,1358,826,1585,14560,14176,12403,12064,0,0,20475,3,4,2
858,54,95,1,0,1056,1370,824,1581,14660,14254,12342,12223,0,0,20482,3,4,4
859,54,96,1,0,1057,1366,830,1583,14766,14406,12350,12209,0,0,20479,2,2,2
860,54,98,1,0,1067,1371,830,1597,14710,14356,12412,12130,0,0,20481,3,1,3
861,54,97,1,0,1066,1371,840,1595,14662,14356,12446,12148,0,0,20477,3,4,1
862,54,97,1,0,1064,1384,844,1602,14847,14375,12379,12203,0,0,20485,4,1,3
863,54,95,1,0,1074,1379,842,1603,14774,14459,12405,12243,0,0,20474,3,4,5
864,54,95,1,1,1085,1391,844,1602,14771,14446,12310,12171,0,1,20482,4,3,1
865,54,98,1,0,1089,1390,859,1611,14867,14483,12305,12265,0,0,20481,2,5,3
866,54,97,1,0,1080,1389,858,1608,14733,14498,12326,12179,0,0,20477,1,1,4
867,54,97,1,0,1089,1402,856,1604,14794,14518,12512,12275,0,0,20485,1,4,5
868,55,96,1,0,1098,1401,866,1609,14733,14469,12477,12306,0,0,20474,4,4,3
869,55,97,1,0,1088,1394,869,1621,14938,14498,12554,12244,0,0,20482,1,1,1
870,55,95,1,0,1091,1397,871,1625,14903,14369,12526,12254,0,0,20487,4,4,3
871,55,98,1,0,1102,1414,865,1619,14829,14515,12374,12318,1,0,20477,4,3,1
872,55,94,1,1,1108,1412,868,1629,14901,14547,12457,12276,0,0,20472,4,5,2
873,55,97,1,0,1102,1406,870,1630,14923,14371,12603,12323,0,0,20484,1,1,2
874,55,95,1,0,1109,1413,873,1630,15019,14533,12414,12320,0,0,20481,2,4,5
875,55,96,1,0,1105,1425,881,1635,14881,14529,12450,12327,0,1,20485,5,2,1
876,55,95,1,0,1108,1430,884,1637,14903,14497,12664,12380,0,0,20478,2,2,5
877,55,97,1,0,1114,1417,880,1635,14943,14421,12657,12341,0,0,20484,2,3,3
878,55,96,1,0,1129,1423,884,1648,14947,14604,12649,12391,0,0,20481,5,2,5
879,55,95,1,0,1123,1426,897,1647,14895,14637,12707,12381,0,0,20486,2,3,1
880,55,95,1,1,1133,1438,898,1658,14881,14696,12684,12465,0,0,20485,1,5,2
881,55,98,1,0,1134,1437,892,1659,14902,14592,12544,12396,0,0,20477,3,3,1
882,55,94,1,0,1137,1448,909,1650,14895,14568,12607,12355,0,0,20472,1,2,3
883,55,97,1,0,1134,1447,906,1666,15008,14657,12706,12373,0,0,20483,5,3,3
884,55,98,1,0,1135,1449,911,1664,15039,14692,12765,12504,0,0,20486,1,5,1
885,55,98,1,0,1140,1454,910,1672,15017,14730,12733,12501,0,0,20480,2,5,3
886,55,96,1,0,1146,1454,915,1670,15155,14671,12673,12414,0,0,20482,2,5,3
887,55,94,1,0,1153,1457,923,1672,15065,14694,12638,12455,0,0,20485,4,5,3
888,55,97,1,1,1144,1460,914,1680,15166,14700,12769,12475,0,0,20488,5,2,3
889,55,97,1,0,1162,1455,916,1678,15217,14742,12752,12543,0,0,20483,3,4,4
890,55,97,1,0,1156,1468,930,1687,15065,14763,12772,12475,0,0,20476,1,2,4
891,55,95,1,0,1163,1462,934,1681,15161,14817,12771,12531,0,0,20473,5,4,4
892,55,98,1,0,1167,1464,932,1684,15222,14757,12748,12554,0,0,20477,2,4,3
893,55,95,1,0,1164,1467,928,1689,15150,14688,12744,12480,0,0,20475,4,3,2
894,55,94,1,0,1175,1483,939,1702,15197,14647,12784,12464,0,0,20479,2,1,1
895,55,94,1,0,1166,1485,943,1700,15220,14819,12810,12639,0,0,20479,4,1,4
896,55,96,1,1,1169,1490,939,1708,15152,14792,12724,12592,0,0,20482,2,5,1
897,55,97,1,0,1179,1492,949,1703,15170,14814,12890,12670,0,0,20475,3,1,5
898,55,97,1,0,1188,1482,949,1706,15157,14738,12691,12547,0,0,20475,1,4,4
899,55,98,1,0,1185,1494,955,1708,15181,14885,12680,12618,0,0,20479,4,4,2
900,55,98,1,0,1180,1487,957,1705,15336,14886,12949,12573,0,0,20484,2,4,5
901,55,98,1,0,1192,1506,955,1721,15299,14909,12907,12691,0,0,20474,3,3,5
902,55,98,1,0,1201,1493,966,1717,15195,14750,12833,12571,0,0,20484,1,4,4
903,55,98,1,0,1203,1506,974,1722,15365,14857,12738,12698,0,0,20483,2,2,3
904,55,98,1,1,1205,1501,969,1723,15341,14826,12929,12756,0,0,20482,5,1,4
905,55,95,1,0,1208,1516,969,1726,15338,14897,12736,12684,0,0,20478,4,5,1
906,55,98,1,0,1211,1516,978,1732,15335,14953,12982,12670,0,0,20481,3,5,1
907,55,94,1,0,1214,1508,972,1726,15261,15008,12830,12722,0,0,20482,2,3,1
908,55,95,1,0,1208,1511,981,1734,15308,15042,12890,12751,0,0,20475,4,1,2
909,55,98,1,0,1207,1527,982,1735,15324,14906,12839,12751,0,0,20488,1,4,3
910,56,97,1,0,1210,1526,982,1735,15333,15056,12815,12716,0,0,20482,1,1,3
911,56,98,1,0,1217,1524,988,1742,15472,15095,12819,12734,0,0,20484,3,1,1
912,56,96,1,1,1225,1529,991,1756,15491,14902,12953,12760,0,0,20488,5,5,3
913,56,98,1,0,1227,1529,1000,1756,15445,15115,13069,12747,0,0,20482,3,1,5
914,56,95,1,0,1235,1533,994,1750,15381,15112,13040,12841,0,0,20480,5,1,1
915,56,98,1,0,1239,1536,999,1758,15546,15103,13132,12834,0,0,20479,4,5,3
916,56,97,1,0,1237,1546,1012,1758,15520,15135,13119,12730,1,0,20485,1,4,4
917,56,94,1,0,1238,1550,1014,1761,15574,15164,12942,12761,0,0,20476,4,3,1
918,56,98,1,0,1250,1548,1005,1759,15542,15073,13104,12887,0,0,20481,4,4,2
919,56,97,1,0,1253,1547,1007,1774,15438,15064,13119,12813,0,1,20478,3,1,3
920,56,98,1,1,1256,1555,1021,1774,15601,15190,13191,12893,0,0,20479,3,4,5
921,56,94,1,0,1256,1553,1026,1778,15634,15233,12931,12823,0,0,20476,1,3,3
922,56,98,1,0,1257,1566,1020,1776,15462,15221,12997,12847,0,0,20488,5,1,4
923,56,98,1,0,1258,1571,1032,1778,15571,15105,13171,12830,0,0,20480,4,1,1
924,56,94,1,0,1256,1569,1033,1784,15696,15173,13078,12879,0,0,20484,5,1,3
925,56,94,1,0,1259,1570,1031,1781,15558,15214,13239,12920,0,0,20476,1,5,4
926,56,98,1,0,1258,1569,1041,1784,15533,15189,13231,12940,0,0,20480,2,2,1
927,56,95,1,0,1277,1579,1041,1791,15703,15132,12990,12854,0,0,20483,4,1,3
928,56,97,1,1,1264,1587,1035,1801,15691,15205,13207,12930,0,0,20479,5,1,5
929,56,94,1,0,1270,1581,1051,1804,15693,15116,13298,13022,0,0,20474,5,2,3
930,56,97,1,0,1270,1581,1055,1800,15659,15149,13079,12915,0,0,20474,1,4,1
931,56,94,1,0,1285,1591,1048,1799,15691,15263,13052,12908,0,0,20482,3,1,4
932,56,95,1,0,1276,1599,1052,1802,15695,15189,13234,12921,0,0,20477,4,2,3
933,56,94,1,0,1290,1597,1064,1814,15803,15276,13234,12992,0,0,20488,2,5,3
934,56,94,1,0,1287,1593,1058,1812,15591,15173,13162,13054,0,0,20475,5,4,2
935,56,98,1,0,1287,1607,1056,1822,15608,15305,13124,13078,0,0,20481,4,1,1
936,56,95,1,1,1293,1597,1071,1821,15706,15314,13289,13090,0,0,20487,3,2,1
937,56,95,1,0,1291,1606,1074,1816,15733,15285,13245,12994,0,0,20481,1,2,2
938,56,95,1,0,1294,1614,1064,1831,15828,15424,13161,13053,0,0,20477,2,3,3
939,56,94,1,0,1304,1608,1068,1829,15676,15226,13208,13113,0,0,20478,2,5,3
940,56,97,1,0,1309,1616,1071,1839,15724,15405,13149,13097,0,0,20487,3,1,4
941,56,98,1,0,1305,1619,1074,1833,15819,15413,13373,13027,0,0,20476,4,2,1
942,56,96,1,0,1310,1616,1082,1834,15853,15327,13284,13124,0,0,20485,5,5,3
943,56,97,1,0,1316,1622,1081,1834,15865,15323,13221,13123,0,0,20481,5,3,4
944,56,98,1,1,1314,1627,1097,1849,15862,15404,13299,13138,0,0,20480,4,5,4
945,56,97,1,0,1317,1634,1089,1849,15876,15375,13463,13102,0,0,20478,2,3,3
946,56,97,1,0,1332,1641,1099,1847,15892,15375,13192,13201,0,0,20472,1,1,5
947,56,94,1,0,1321,1632,1101,1851,15822,15461,13351,13166,0,0,20474,3,1,1
948,56,95,1,0,1334,1634,1098,1864,15993,15386,13222,13092,0,0,20472,2,5,1
949,56,96,1,0,1339,1640,1103,1865,15906,15457,13251,13089,0,0,20474,2,1,5
950,56,97,1,0,1333,1646,1102,1868,15850,15479,13237,13081,0,0,20476,4,1,1
951,56,97,1,0,1343,1645,1117,1863,15905,15590,13349,13254,0,0,20481,2,5,4
952,56,96,1,1,1344,1651,1121,1872,15968,15533,13406,13209,0,0,20472,2,4,5
953,57,98,1,0,1348,1662,1115,1878,16045,15418,13347,13189,0,0,20472,4,4,4
954,57,96,1,0,1342,1663,1123,1869,16049,15575,13504,13154,0,0,20488,2,1,5
955,57,97,1,0,1345,1657,1126,1883,15887,15521,13403,13218,0,0,20483,2,2,2
956,57,98,1,0,1349,1658,1119,1879,16063,15452,13384,13186,0,1,20486,5,5,4
957,57,98,1,0,1352,1666,1130,1882,15897,15521,13513,13332,0,0,20487,2,3,1
958,57,98,1,0,1363,1675,1129,1884,16067,15665,13591,13290,0,0,20472,5,2,4
959,57,98,1,0,1361,1668,1139,1897,16008,15678,13597,13174,1,0,20472,1,5,2
960,57,95,1,1,1369,1676,1140,1895,16113,15714,13601,13293,0,0,20478,2,2,4
961,57,95,1,0,1371,1671,1136,1900,16123,15657,13483,13207,0,0,20477,1,3,4
962,57,95,1,0,1381,1688,1142,1901,16074,15523,13635,13346,1,0,20472,4,5,4
963,57,94,1,0,1380,1679,1141,1906,15989,15672,13418,13272,0,0,20477,2,2,5
964,57,95,1,0,1379,1694,1144,1911,16013,15770,13445,13282,0,0,20476,3,5,4
965,57,97,1,0,1377,1693,1149,1907,16054,15731,13470,13238,0,0,20488,1,2,4
966,57,95,1,0,1385,1698,1154,1906,16032,15633,13577,13384,0,0,20488,3,5,3
967,57,96,1,0,1391,1693,1154,1918,16208,15727,13470,13425,0,0,20474,1,2,4
968,57,98,1,1,1385,1699,1167,1917,16044,15613,13604,13370,0,0,20482,4,5,4
969,57,96,1,0,1402,1701,1159,1913,16217,15704,13723,13375,0,0,20479,4,5,3
970,57,94,1,0,1390,1706,1175,1916,16248,15778,13731,13470,0,0,20474,5,5,2
971,57,94,1,0,1400,1714,1172,1922,16150,15646,13527,13395,0,0,20480,3,2,2
972,57,95,1,0,1406,1718,1168,1920,16191,15855,13505,13392,0,0,20476,4,2,1
973,57,97,1,0,1414,1715,1173,1927,16329,15710,13558,13479,0,0,20475,2,1,2
974,57,96,1,0,1417,1712,1174,1927,16301,15841,13580,13332,0,0,20482,5,5,4
975,57,96,1,0,1406,1712,1174,1938,16254,15907,13772,13400,0,0,20482,4,3,4
976,57,96,1,1,1410,1726,1188,1932,16340,15858,13606,13444,0,0,20477,2,1,5
977,57,95,1,0,1412,1726,1184,1949,16171,15771,13568,13518,0,0,20481,4,1,5
978,57,94,1,0,1418,1732,1190,1950,16169,15733,13714,13552,0,0,20485,3,3,3
979,57,95,1,0,1429,1728,1186,1952,16405,15780,13587,13421,0,0,20474,4,2,3
980,57,96,1,0,1419,1734,1200,1945,16359,15762,13699,13507,0,0,20488,1,3,3
981,57,98,1,0,1423,1745,1203,1951,16345,15794,13606,13559,0,0,20473,3,4,4
982,57,94,1,0,1425,1746,1210,1963,16391,15897,13673,13476,0,0,20475,4,4,2
983,57,98,1,0,1442,1748,1210,1966,16440,15952,13874,13529,0,0,20488,5,2,1
984,57,97,1,1,1442,1748,1202,1957,16312,15971,13818,13464,0,0,20473,1,2,2
985,57,97,1,0,1442,1745,1215,1959,16418,16018,13834,13459,0,0,20479,3,1,5
986,57,98,1,0,1450,1757,1222,1964,16485,15922,13702,13571,0,0,20485,5,2,3
987,57,95,1,0,1446,1757,1217,1973,16278,15945,13786,13600,0,1,20481,4,5,2
988,57,98,1,0,1454,1760,1214,1978,16303,15978,13790,13552,0,0,20480,3,5,1
989,57,97,1,0,1461,1766,1222,1983,16296,16019,13912,13627,0,0,20483,5,3,4
990,57,98,1,0,1459,1761,1231,1987,16365,15899,13857,13617,0,0,20479,5,3,5
991,57,97,1,0,1454,1759,1225,1990,16331,16068,13770,13534,0,0,20474,4,3,4
992,57,97,1,1,1467,1763,1227,1983,16500,16016,13910,13628,0,0,20488,3,3,3
993,57,98,1,0,1462,1773,1240,1985,16551,15987,13982,13701,0,0,20475,1,5,2
994,57,94,1,0,1472,1778,1230,1998,16452,15936,13715,13644,0,0,20475,3,5,4
995,57,95,1,0,1468,1786,1242,2001,16400,15919,13983,13605,0,0,20473,3,3,2
996,58,94,1,0,1473,1778,1240,2002,16558,16167,13775,13629,0,0,20486,4,5,3
997,58,95,1,0,1469,1788,1253,2003,16476,16084,13973,13725,0,0,20474,5,1,1
998,58,97,1,0,1478,1788,1244,2003,16606,16159,13838,13637,0,0,20483,2,1,5
999,58,97,1,0,1480,1787,1246,2006,16595,15999,13912,13710,0,0,20484,5,4,5
1000,58,96,1,1,1486,1795,1255,2018,16477,16028,14017,13602,0,0,20472,4,5,4
1001,58,96,1,0,1490,1793,1252,2012,16468,16187,13916,13715,0,0,20472,3,2,3
1002,58,97,1,0,1494,1802,1267,2015,16464,16138,14035,13780,0,0,20482,3,1,3
1003,58,97,1,0,1490,1796,1260,2024,16558,16108,13885,13782,0,0,20483,2,5,1
1004,58,97,1,0,1500,1806,1262,2026,16678,16160,13941,13725,1,0,20472,1,4,4
1005,58,96,1,0,1496,1810,1263,2025,16639,16243,13927,13701,0,0,20481,4,2,3
1006,58,94,1,0,1502,1813,1280,2029,16742,16203,14066,13842,0,0,20486,1,2,4
1007,58,94,1,0,1512,1811,1274,2024,16680,16270,13853,13791,0,0,20479,5,5,5
1008,58,95,1,1,1509,1814,1272,2030,16555,16240,14125,13716,0,0,20484,2,3,5
1009,58,95,1,0,1514,1815,1283,2042,16696,16114,13935,13820,0,0,20477,2,4,4
1010,58,97,1,0,1521,1818,1282,2033,16571,16180,13961,13822,0,0,20474,5,1,4
1011,58,97,1,0,1511,1830,1283,2050,16630,16346,14072,13755,0,0,20472,4,5,1
1012,58,96,1,0,1526,1825,1285,2050,16722,16320,14170,13874,0,0,20483,5,2,5
1013,58,94,1,0,1530,1823,1297,2042,16806,16262,14175,13843,0,0,20472,3,1,5
1014,58,98,1,0,1521,1840,1291,2049,16742,16205,14062,13800,0,0,20488,1,4,4
1015,58,97,1,0,1527,1836,1294,2050,16692,16262,13969,13851,0,0,20487,3,3,5
1016,58,96,1,1,1526,1844,1309,2051,16821,16194,14207,13786,0,0,20479,5,2,1
1017,58,95,1,0,1534,1838,1310,2052,16856,16397,13984,13874,0,1,20483,2,2,5
1018,58,97,1,0,1546,1846,1306,2069,16789,16286,14068,13949,0,0,20488,2,2,4
1019,58,96,1,0,1540,1843,1310,2066,16698,16414,14181,13867,0,0,20480,1,1,2
1020,58,94,1,0,1537,1855,1315,2075,16875,16226,14202,13885,0,0,20473,2,2,5
1021,58,98,1,0,1548,1849,1318,2070,16908,16277,14265,13889,0,0,20487,3,2,3
1022,58,95,1,0,1547,1849,1311,2077,16805,16291,14055,13840,0,0,20485,5,3,2
1023,58,98,1,0,1554,1864,1317,2072,16788,16341,14194,13838,0,0,20480,5,2,1
1024,58,97,1,1,1559,1864,1319,2072,16907,16263,14312,13873,0,0,20484,2,2,4
1025,58,97,1,0,1556,1873,1332,2078,16858,16407,14089,13900,0,0,20472,3,5,4
1026,58,97,1,0,1560,1861,1332,2091,16835,16388,14147,13867,0,0,20475,1,1,2
1027,58,95,1,0,1559,1870,1331,2082,16971,16378,14221,13966,0,0,20476,4,2,1
1028,58,94,1,0,1562,1870,1342,2097,16952,16352,14238,14021,0,0,20480,4,2,2
1029,58,96,1,0,1567,1880,1332,2090,16805,16379,14131,13982,0,0,20473,5,2,5
1030,58,96,1,0,1568,1880,1340,2095,16888,16413,14326,13935,0,1,20473,5,5,2
1031,58,97,1,0,1582,1887,1339,2108,16947,16425,14271,14017,0,0,20479,3,2,2
1032,58,95,1,1,1582,1883,1349,2110,16852,16418,14332,13988,0,0,20479,2,2,2
1033,58,96,1,0,1580,1895,1350,2098,16892,16592,14299,13999,0,0,20472,5,3,3
1034,58,97,1,0,1588,1898,1362,2105,17036,16590,14292,14084,0,0,20482,5,3,3
1035,58,96,1,0,1579,1888,1355,2104,17094,16550,14261,14073,0,0,20472,3,3,3
1036,58,96,1,0,1582,1904,1360,2108,16931,16537,14283,13999,0,0,20486,1,4,3
1037,58,94,1,0,1589,1899,1366,2115,17056,16628,14282,14045,0,0,20484,3,4,1
1038,58,94,1,0,1589,1903,1368,2121,17113,16574,14197,14148,0,0,20488,4,4,5
1039,58,98,1,0,1604,1902,1372,2131,16958,16506,14431,14056,0,0,20485,1,1,1
1040,59,96,1,1,1596,1902,1374,2125,17004,16507,14406,14112,1,0,20482,3,5,1
1041,59,96,1,0,1598,1914,1371,2130,17101,16684,14480,14131,0,0,20488,2,4,2
1042,59,95,1,0,1611,1922,1374,2131,17103,16581,14459,14184,0,0,20476,2,3,4
1043,59,97,1,0,1618,1917,1384,2143,16960,16670,14359,14038,0,0,20483,5,5,1
1044,59,97,1,0,1607,1916,1375,2144,17056,16569,14498,14164,0,0,20486,2,2,1
1045,59,95,1,0,1612,1922,1385,2138,17207,16671,14354,14090,0,0,20488,4,1,5
1046,59,96,1,0,1612,1918,1393,2147,17022,16563,14478,14081,0,0,20482,1,3,3
1047,59,98,1,0,1619,1921,1391,2148,17099,16577,14265,14082,0,0,20478,5,5,4
1048,59,97,1,1,1624,1930,1399,2145,17048,16554,14515,14243,0,0,20476,5,1,4
1049,59,98,1,0,1634,1941,1405,2151,17181,16605,14331,14261,0,0,20478,2,1,2
1050,59,98,1,0,1637,1941,1401,2151,17066,16678,14389,14162,0,0,20478,2,2,3
1051,59,95,1,0,1632,1938,1396,2150,17199,16649,14455,14242,0,0,20481,5,4,4
1052,59,95,1,0,1628,1937,1408,2158,17145,16642,14424,14170,0,0,20486,4,1,1
1053,59,98,1,0,1645,1947,1403,2157,17166,16807,14454,14298,0,0,20482,4,1,5
1054,59,98,1,0,1634,1948,1410,2165,17147,16631,14538,14305,0,0,20472,1,3,4
1055,59,96,1,0,1646,1950,1420,2177,17116,16799,14380,14189,0,0,20474,4,3,4
1056,59,94,1,1,1655,1956,1423,2171,17303,16637,14367,14309,0,0,20485,1,2,1
1057,59,96,1,0,1645,1954,1413,2178,17171,16727,14576,14209,0,0,20481,4,1,3
1058,59,94,1,0,1658,1956,1419,2177,17176,16732,14444,14317,0,0,20473,5,4,4
1059,59,97,1,0,1658,1971,1422,2185,17345,16678,14603,14280,0,0,20485,5,1,3
1060,59,96,1,0,1657,1961,1428,2184,17220,16747,14637,14303,0,0,20479,4,2,5
1061,59,94,1,0,1665,1961,1430,2183,17393,16859,14628,14347,0,0,20485,3,2,1
1062,59,98,1,0,1662,1978,1435,2194,17390,16870,14480,14244,0,0,20480,4,5,4
1063,59,94,1,0,1674,1972,1429,2188,17408,16909,14671,14239,0,0,20478,5,5,3
1064,59,96,1,1,1671,1985,1437,2194,17405,16925,14429,14344,0,0,20482,4,5,3
1065,59,98,1,0,1673,1978,1449,2190,17315,16801,14615,14305,0,0,20474,3,1,5
1066,59,95,1,0,1672,1978,1440,2206,17225,16858,14542,14341,0,0,20473,1,5,5
1067,59,98,1,0,1676,1981,1452,2201,17282,16828,14687,14362,0,0,20474,3,2,1
1068,59,95,1,0,1681,1991,1447,2208,17305,16903,14461,14345,0,0,20487,5,2,4
1069,59,98,1,0,1679,1989,1454,2212,17307,16941,14514,14323,0,0,20474,4,1,5
1070,59,94,1,0,1679,1987,1454,2216,17275,16873,14567,14354,0,0,20479,1,1,3
1071,59,95,1,0,1689,1989,1463,2221,17392,16904,14748,14312,0,1,20472,2,1,4
1072,59,97,1,1,1693,2005,1462,2225,17362,16870,14684,14341,0,0,20476,3,3,5
1073,59,96,1,0,1699,2008,1472,2215,17414,17043,14560,14347,1,0,20482,2,5,4
1074,59,98,1,0,1706,2002,1469,2218,17384,17004,14734,14369,0,0,20487,5,1,5
1075,59,97,1,0,1697,2007,1476,2234,17547,16960,14783,14363,0,0,20488,5,3,4
1076,59,95,1,0,1709,2004,1470,2230,17558,16904,14631,14367,0,0,20480,2,1,5
1077,59,98,1,0,1708,2010,1471,2229,17406,17037,14654,14479,0,0,20472,5,5,1
1078,59,95,1,0,1710,2023,1484,2233,17394,16903,14693,14529,0,0,20475,3,5,2
1079,59,98,1,0,1706,2012,1480,2231,17553,17103,14666,14465,0,0,20480,1,1,1
1080,59,95,1,1,1721,2015,1491,2233,17487,17079,14853,14413,0,0,20481,3,5,3
1081,59,94,1,0,1726,2033,1483,2242,17501,17056,14837,14522,0,0,20481,4,3,2
1082,59,97,1,0,1729,2024,1498,2243,17416,17140,14779,14491,0,0,20482,3,4,2
1083,59,97,1,0,1717,2031,1497,2242,17649,17001,14881,14478,0,0,20479,3,2,2
1084,59,96,1,0,1719,2030,1490,2258,17521,17001,14836,14508,0,0,20485,4,3,2
1085,60,94,1,0,1722,2030,1507,2252,17666,17145,14800,14566,0,1,20472,2,4,4
1086,60,94,1,0,1739,2037,1510,2260,17574,16972,14660,14542,0,0,20484,2,2,2
1087,60,96,1,0,1729,2038,1498,2255,17590,17145,14896,14556,0,0,20473,5,2,4
1088,60,94,1,1,1737,2044,1504,2270,17551,17064,14721,14577,1,0,20480,5,5,5
1089,60,95,1,0,1739,2056,1513,2259,17547,17240,14840,14597,0,0,20478,5,2,2
1090,60,94,1,0,1742,2047,1514,2268,17578,17122,14958,14510,0,0,20477,5,3,2
1091,60,97,1,0,1739,2059,1508,2278,17586,17104,14692,14569,0,0,20485,5,3,5
1092,60,97,1,0,1743,2059,1519,2276,17700,17081,14919,14673,0,0,20485,3,1,2
1093,60,94,1,0,1749,2060,1516,2274,17679,17196,14910,14685,0,0,20483,4,1,2
1094,60,98,1,0,1752,2057,1527,2278,17629,17290,14918,14659,0,0,20477,1,3,3
1095,60,95,1,0,1751,2063,1526,2289,17677,17126,15002,14699,0,0,20481,1,1,4
1096,60,96,1,1,1755,2074,1529,2285,17687,17083,14976,14672,0,0,20474,4,2,1
1097,60,94,1,0,1761,2068,1538,2289,17607,17199,14737,14586,0,0,20485,2,2,1
1098,60,97,1,0,1761,2081,1541,2288,17784,17273,14829,14713,0,0,20478,1,4,3
1099,60,94,1,0,1764,2082,1537,2292,17782,17216,14765,14663,0,0,20483,3,5,2
1100,60,97,1,0,1774,2080,1537,2299,17647,17131,14805,14635,0,0,20483,3,4,5
1101,60,96,1,0,1776,2079,1539,2293,17719,17185,15035,14679,0,0,20477,2,2,2
1102,60,98,1,0,1782,2080,1549,2295,17750,17286,15036,14709,0,0,20486,3,4,2
1103,60,95,1,0,1785,2093,1549,2305,17801,17378,14876,14754,0,0,20475,5,2,4
1104,60,95,1,1,1777,2095,1559,2307,17836,17306,14824,14788,0,0,20479,5,4,2
1105,60,94,1,0,1784,2098,1556,2309,17894,17256,14935,14628,0,0,20488,1,4,1
1106,60,95,1,0,1788,2103,1565,2307,17762,17264,14923,14673,0,0,20479,5,4,5
1107,60,94,1,0,1786,2092,1559,2320,17875,17198,15039,14696,0,0,20482,5,2,3
1108,60,94,1,0,1790,2097,1563,2320,17833,17214,15127,14696,0,0,20477,2,3,5
1109,60,97,1,0,1799,2099,1569,2315,17893,17234,15130,14737,0,0,20486,1,2,1
1110,60,95,1,0,1794,2100,1568,2320,17762,17388,14976,14804,0,0,20487,2,3,4
1111,60,97,1,0,1802,2107,1573,2327,17728,17287,15127,14724,0,0,20487,5,1,4
1112,60,97,1,1,1812,2120,1578,2328,17953,17368,15039,14778,0,0,20474,1,2,4
1113,60,94,1,0,1810,2122,1572,2331,17848,17390,15163,14810,0,0,20483,5,2,2
1114,60,95,1,0,1805,2110,1582,2342,17960,17300,14892,14701,0,0,20479,3,5,5
1115,60,95,1,0,1809,2127,1590,2333,17907,17315,14899,14839,0,0,20484,5,4,1
1116,60,95,1,0,1815,2126,1585,2347,17942,17509,15089,14864,0,0,20483,2,2,3
1117,60,94,1,0,1826,2130,1592,2350,18026,17499,14995,14836,0,0,20474,3,5,5
1118,60,98,1,0,1815,2121,1587,2350,17862,17324,15200,14832,0,0,20480,1,1,2
1119,60,97,1,0,1823,2134,1601,2357,17987,17398,15026,14879,0,0,20483,3,1,1
1120,60,96,1,1,1828,2141,1595,2349,17822,17502,15164,14902,0,0,20474,4,4,3
1121,60,94,1,0,1822,2134,1604,2357,17860,17376,15039,14930,0,0,20488,4,4,5
1122,60,94,1,0,1826,2147,1597,2352,17853,17401,15047,14910,0,0,20483,1,5,5
1123,60,97,1,0,1827,2135,1597,2361,17960,17447,15165,14791,0,0,20485,2,2,4
1124,60,95,1,0,1833,2146,1615,2360,17936,17474,14974,14968,0,0,20485,5,1,2
1125,60,97,1,0,1834,2147,1604,2365,17923,17537,15179,14932,0,0,20481,4,5,4
1126,60,96,1,0,1840,2151,1621,2369,18034,17601,15105,14916,0,0,20475,5,5,3
1127,60,97,1,0,1851,2158,1623,2363,18078,17494,15276,14950,1,0,20488,1,4,2
1128,60,94,1,1,1844,2152,1625,2376,18042,17557,15187,14980,0,0,20482,1,4,3
1129,60,95,1,0,1853,2158,1615,2380,18159,17429,15050,14920,0,0,20480,1,5,2
1130,60,94,1,0,1847,2160,1632,2379,18132,17619,15317,14856,0,0,20487,4,5,2
1131,61,98,1,0,1856,2169,1628,2386,18038,17580,15300,14923,0,0,20480,2,5,1
1132,61,96,1,0,1861,2161,1628,2389,18011,17494,15205,14980,0,0,20473,3,1,4
1133,61,98,1,0,1855,2177,1640,2390,18099,17643,15189,15021,0,0,20480,2,3,2
1134,61,98,1,0,1859,2171,1634,2390,17993,17600,15227,14996,0,0,20473,4,5,5
1135,61,98,1,0,1863,2168,1630,2395,18107,17573,15252,14974,0,0,20472,3,3,1
1136,61,94,1,1,1878,2175,1642,2398,18113,17716,15300,15018,0,0,20478,4,2,5
1137,61,95,1,0,1880,2187,1644,2396,18015,17536,15172,14971,0,1,20488,3,2,3
1138,61,96,1,0,1878,2176,1643,2405,18136,17711,15260,14970,0,0,20485,1,5,3
1139,61,98,1,0,1887,2185,1646,2406,18206,17571,15159,15067,0,0,20474,5,3,1
1140,61,97,1,0,1886,2190,1647,2413,18052,17651,15153,14987,0,0,20484,1,3,5
1141,61,95,1,0,1878,2197,1646,2409,18121,17760,15224,15024,0,0,20482,4,1,2
1142,61,95,1,0,1891,2189,1662,2408,18274,17597,15371,15094,0,0,20478,5,2,4
1143,61,94,1,0,1887,2202,1658,2419,18105,17707,15243,15027,0,0,20476,5,5,1
1144,61,98,1,1,1886,2205,1661,2417,18079,17589,15276,15063,0,0,20474,3,2,1
1145,61,96,1,0,1902,2209,1666,2419,18199,17708,15226,15033,0,0,20488,3,2,5
1146,61,94,1,0,1903,2210,1666,2429,18153,17736,15344,15075,0,0,20480,3,1,5
1147,61,95,1,0,1893,2204,1675,2427,18341,17643,15480,15115,0,0,20483,3,2,2
1148,61,98,1,0,1903,2211,1674,2435,18174,17696,15286,15173,0,0,20486,4,3,3
1149,61,96,1,0,1909,2206,1674,2431,18139,17716,15222,15067,0,0,20476,3,1,5
1150,61,95,1,0,1915,2210,1684,2431,18184,17818,15220,15102,0,0,20487,3,4,1
1151,61,97,1,0,1918,2220,1681,2436,18320,17768,15462,15068,0,0,20485,3,4,3
1152,61,97,1,1,1922,2221,1689,2431,18257,17703,15520,15162,0,0,20475,5,4,4
1153,61,94,1,0,1922,2229,1685,2444,18411,17751,15291,15058,0,0,20484,3,2,5
1154,61,97,1,0,1912,2226,1683,2448,18306,17838,15538,15226,0,0,20487,1,2,5
1155,61,98,1,0,1915,2233,1686,2446,18410,17738,15343,15107,0,0,20480,5,5,4
1156,61,94,1,0,1925,2230,1690,2450,18435,17709,15398,15241,0,0,20476,5,1,4
1157,61,96,1,0,1929,2240,1704,2455,18345,17777,15466,15219,1,0,20486,3,1,5
1158,61,97,1,0,1933,2240,1696,2455,18243,17758,15428,15202,0,0,20473,5,4,4
1159,61,97,1,0,1925,2235,1701,2458,18401,17814,15383,15233,0,0,20477,4,1,4
1160,61,98,1,1,1932,2238,1707,2467,18245,17872,15574,15142,0,0,20486,1,1,1
1161,61,96,1,0,1940,2252,1707,2465,18455,17805,15402,15224,0,0,20475,5,2,2
1162,61,94,1,0,1940,2255,1706,2471,18407,17892,15605,15169,0,1,20475,5,1,2
1163,61,98,1,0,1949,2255,1721,2461,18363,17969,15463,15256,0,0,20479,4,2,2
1164,61,96,1,0,1948,2254,1717,2475,18459,17963,15608,15183,0,0,20474,5,3,2
1165,61,95,1,0,1944,2253,1725,2472,18421,17879,15484,15293,0,0,20488,3,5,2
1166,61,95,1,0,1956,2257,1719,2483,18383,18031,15599,15293,0,0,20476,4,2,1
1167,61,95,1,0,1962,2261,1718,2479,18321,17944,15363,15194,0,0,20480,1,1,3
1168,61,96,1,1,1957,2268,1721,2476,18435,17827,15633,15303,0,0,20487,2,2,4
1169,61,96,1,0,1956,2262,1724,2480,18468,17867,15671,15221,0,0,20472,2,2,4
1170,61,97,1,0,1970,2266,1735,2480,18491,17966,15578,15230,0,0,20476,4,1,4
1171,61,95,1,0,1968,2275,1741,2489,18564,17923,15575,15348,0,0,20478,3,3,5
1172,61,98,1,0,1963,2283,1734,2495,18383,18013,15547,15274,0,0,20486,1,2,2
1173,61,95,1,0,1974,2274,1739,2501,18548,17961,15681,15245,0,0,20488,3,4,3
1174,61,96,1,0,1978,2287,1749,2502,18510,17974,15501,15386,0,0,20484,1,1,3
1175,61,96,1,0,1984,2287,1744,2497,18625,18050,15625,15254,1,0,20475,5,3,1
1176,61,96,1,1,1980,2283,1747,2500,18601,17973,15652,15351,0,0,20488,2,5,3
1177,61,96,1,0,1988,2283,1757,2513,18553,18047,15469,15296,0,0,20488,4,4,3
1178,61,94,1,0,1976,2298,1756,2509,18618,18124,15491,15319,0,0,20483,4,1,4
1179,62,98,1,0,1988,2296,1763,2517,18575,18071,15484,15386,0,0,20486,5,2,3
1180,62,96,1,0,1983,2304,1764,2514,18527,18059,15469,15395,0,0,20474,2,5,5
1181,62,96,1,0,1994,2291,1762,2519,18557,18022,15768,15372,0,0,20478,5,3,2
1182,62,97,1,0,1998,2299,1762,2516,18522,18113,15721,15325,0,0,20481,3,5,2
1183,62,95,1,0,1992,2308,1773,2530,18520,18161,15568,15358,0,0,20484,4,2,5
1184,62,95,1,1,2008,2302,1771,2525,18595,18009,15637,15364,0,0,20481,3,4,4
1185,62,96,1,0,2003,2310,1773,2521,18605,18089,15747,15377,0,0,20479,1,1,4
1186,62,96,1,0,1997,2311,1775,2538,18627,18003,15769,15467,0,0,20479,5,2,4
1187,62,97,1,0,2000,2316,1783,2538,18579,18066,15535,15467,0,0,20475,4,1,1
1188,62,98,1,0,2016,2321,1776,2539,18609,18094,15662,15505,0,0,20486,4,4,5
1189,62,94,1,0,2009,2315,1784,2537,18596,18198,15787,15359,0,0,20472,2,5,4
1190,62,95,1,0,2017,2327,1788,2542,18588,18065,15568,15412,0,0,20484,3,5,1
1191,62,97,1,0,2015,2329,1785,2548,18600,18073,15640,15518,0,0,20474,2,2,1
1192,62,98,1,1,2020,2335,1794,2541,18634,18114,15819,15440,0,0,20475,1,2,4
1193,62,97,1,0,2027,2335,1787,2547,18654,18068,15657,15542,0,0,20475,5,2,5
1194,62,96,1,0,2033,2330,1800,2546,18623,18246,15595,15546,0,0,20485,1,3,2
1195,62,94,1,0,2029,2340,1795,2546,18666,18198,15623,15452,0,0,20473,1,4,2
1196,62,96,1,0,2025,2335,1800,2560,18715,18306,15751,15579,0,0,20484,4,4,5
1197,62,98,1,0,2037,2346,1800,2553,18769,18304,15833,15542,0,0,20488,4,2,4
1198,62,94,1,0,2042,2339,1814,2558,18751,18286,15784,15514,0,0,20478,2,1,4
1199,62,96,1,0,2033,2352,1803,2562,18848,18277,15649,15589,0,1,20483,1,1,3
1200,62,97,1,1,2042,2352,1817,2559,18708,18341,15894,15466,0,0,20472,1,1,4
1201,62,97,1,0,2039,2358,1815,2575,18662,18325,15816,15603,0,0,20485,5,1,5
1202,62,98,1,0,2046,2356,1814,2564,18903,18324,15864,15583,0,0,20472,1,4,5
1203,62,96,1,0,2056,2356,1814,2573,18738,18301,15944,15563,0,0,20477,2,2,2
1204,62,97,1,0,2058,2361,1814,2582,18890,18188,15897,15633,0,0,20472,4,1,3
1205,62,96,1,0,2061,2366,1825,2582,18873,18335,15747,15619,0,0,20482,3,1,4
1206,62,98,1,0,2065,2360,1826,2579,18724,18375,15922,15570,0,0,20485,2,5,3
1207,62,96,1,0,2053,2364,1834,2586,18929,18412,15721,15557,0,0,20475,5,1,2
1208,62,98,1,1,2069,2374,1827,2583,18885,18383,15711,15518,0,0,20472,5,5,2
1209,62,96,1,0,2071,2375,1840,2595,18928,18311,15945,15554,0,0,20473,4,1,3
1210,62,98,1,0,2063,2374,1839,2588,18954,18287,15799,15647,0,0,20480,2,2,1
1211,62,94,1,0,2076,2383,1833,2599,18767,18274,15857,15664,0,0,20481,4,5,2
1212,62,97,1,0,2077,2386,1848,2603,18929,18369,15764,15661,0,0,20473,4,4,4
1213,62,96,1,0,2084,2379,1840,2606,18876,18423,15992,15548,0,0,20475,5,3,4
1214,62,96,1,0,2077,2389,1854,2606,18955,18346,15871,15602,0,0,20483,2,4,1
1215,62,96,1,0,2076,2390,1849,2605,18830,18462,16029,15708,0,0,20487,2,3,4
1216,62,98,1,1,2076,2386,1846,2608,18933,18474,16011,15708,0,0,20475,5,5,4
1217,62,98,1,0,2094,2391,1862,2608,18868,18515,16053,15619,0,0,20473,5,2,1
1218,62,96,1,0,2090,2395,1864,2607,18863,18369,16055,15757,0,0,20475,2,4,4
1219,62,98,1,0,2085,2399,1861,2615,18854,18445,15863,15732,0,0,20486,5,5,5
1220,62,95,1,0,2089,2396,1866,2614,19029,18494,15838,15762,1,0,20478,5,5,4
1221,62,97,1,0,2104,2411,1864,2626,18926,18509,16056,15631,0,0,20472,3,1,3
1222,62,98,1,0,2094,2409,1873,2618,19072,18558,15862,15651,0,1,20473,5,3,2
1223,62,94,1,0,2099,2415,1864,2621,18897,18439,16017,15632,0,0,20472,1,2,2
1224,62,94,1,1,2109,2406,1866,2637,19005,18404,16116,15636,0,0,20486,5,2,5
1225,62,98,1,0,2115,2406,1875,2638,18917,18449,15990,15711,0,0,20473,5,5,4
1226,62,95,1,0,2108,2424,1875,2629,19129,18474,16075,15697,0,0,20479,2,5,1
1227,62,96,1,0,2108,2413,1879,2638,18914,18606,16062,15706,0,0,20472,3,4,2
1228,63,96,1,0,2112,2429,1876,2641,18997,18596,15907,15767,0,0,20488,5,4,5
1229,63,96,1,0,2120,2431,1884,2642,18974,18561,15894,15839,0,0,20477,5,1,4
1230,63,98,1,0,2127,2424,1894,2638,19108,18628,16010,15701,0,0,20476,4,1,1
1231,63,96,1,0,2130,2429,1885,2646,19034,18426,15929,15753,0,0,20485,2,2,5
1232,63,94,1,1,2127,2436,1901,2653,19174,18472,16021,15716,0,0,20472,2,5,2
1233,63,96,1,0,2120,2433,1898,2647,19069,18671,15985,15776,0,0,20478,4,2,1
1234,63,98,1,0,2129,2435,1894,2652,18973,18577,15991,15746,0,0,20485,3,4,2
1235,63,98,1,0,2132,2446,1910,2652,19164,18540,16123,15766,0,0,20487,5,5,3
1236,63,96,1,0,2139,2441,1908,2653,19128,18485,16017,15839,0,0,20473,3,1,1
1237,63,95,1,0,2138,2451,1899,2669,19163,18525,16054,15795,0,0,20484,1,3,4
1238,63,94,1,0,2134,2454,1903,2660,19186,18492,16065,15832,0,0,20480,3,4,5
1239,63,96,1,0,2149,2446,1906,2669,19026,18633,16191,15890,0,0,20487,2,1,1
1240,63,94,1,1,2141,2448,1913,2674,19227,18631,16084,15784,0,0,20488,4,2,3
1241,63,96,1,0,2140,2450,1913,2671,19071,18665,16091,15815,0,0,20479,1,2,1
1242,63,96,1,0,2149,2461,1925,2669,19078,18642,16180,15905,0,0,20487,2,4,4
1243,63,94,1,0,2146,2463,1916,2683,19105,18768,16241,15927,0,1,20485,3,1,2
1244,63,96,1,0,2150,2460,1925,2686,19069,18639,16173,15933,0,0,20485,4,2,2
1245,63,97,1,0,2158,2466,1924,2676,19263,18789,16274,15799,0,0,20486,4,5,3
1246,63,94,1,0,2162,2469,1932,2689,19263,18772,16040,15859,0,0,20472,1,5,5
1247,63,95,1,0,2167,2475,1930,2680,19293,18791,16073,15956,0,0,20486,4,4,2
1248,63,95,1,1,2168,2465,1931,2690,19303,18643,16153,15854,0,0,20476,1,2,4
1249,63,95,1,0,2164,2482,1945,2700,19346,18733,16110,15944,0,0,20485,2,1,3
1250,63,97,1,0,2167,2473,1945,2688,19346,18623,16096,15958,0,0,20487,1,3,4
1251,63,97,1,0,2172,2487,1946,2698,19256,18616,16294,15871,0,0,20486,3,4,5
1252,63,95,1,0,2173,2475,1951,2705,19326,18783,16284,15871,0,0,20474,3,1,3
1253,63,97,1,0,2177,2484,1953,2709,19255,18785,16107,15899,1,0,20472,4,1,3
1254,63,96,1,0,2184,2488,1946,2700,19227,18645,16184,15983,0,0,20485,1,2,3
1255,63,98,1,0,2175,2484,1954,2715,19310,18800,16158,15993,0,0,20478,2,1,5
1256,63,98,1,1,2183,2491,1956,2704,19345,18770,16370,16018,0,0,20476,4,4,1
1257,63,97,1,0,2183,2489,1963,2714,19187,18721,16226,16031,0,0,20482,4,2,2
1258,63,95,1,0,2197,2498,1959,2713,19273,18726,16107,15887,0,0,20479,1,4,3
1259,63,95,1,0,2198,2498,1961,2722,19417,18844,16113,16068,0,0,20486,5,3,4
1260,63,94,1,0,2192,2503,1964,2724,19444,18861,16119,15981,0,0,20484,3,3,4
1261,63,98,1,0,2199,2508,1960,2730,19337,18848,16291,16049,0,0,20482,2,4,4
1262,63,94,1,0,2208,2504,1974,2732,19396,18791,16187,16084,0,0,20473,2,4,5
1263,63,95,1,0,2195,2503,1973,2721,19469,18813,16200,16101,0,0,20479,2,3,5
1264,63,98,1,1,2198,2519,1976,2735,19247,18726,16301,15940,0,0,20477,1,5,1
1265,63,98,1,0,2216,2509,1983,2725,19392,18729,16393,15965,0,0,20484,3,3,4
1266,63,95,1,0,2207,2525,1980,2729,19300,18937,16192,16039,0,0,20483,3,1,4
1267,63,94,1,0,2209,2515,1990,2742,19334,18852,16411,16112,0,0,20484,3,3,4
1268,63,97,1,0,2217,2529,1990,2735,19309,18768,16245,15987,0,0,20472,2,5,2
1269,63,95,1,0,2213,2520,1991,2738,19482,18806,16231,16025,0,1,20488,4,5,4
1270,63,96,1,0,2219,2526,1989,2741,19347,18962,16255,16030,0,0,20480,1,1,2
1271,63,95,1,0,2231,2533,1992,2749,19357,18823,16351,16119,0,0,20488,1,1,5
1272,63,97,1,1,2220,2540,1999,2754,19370,18955,16233,16164,0,0,20484,2,5,3
1273,63,96,1,0,2234,2534,1995,2758,19416,19002,16449,16091,0,0,20482,2,1,3
1274,63,95,1,0,2228,2531,1992,2750,19372,18931,16227,16096,0,0,20474,3,4,1
1275,63,98,1,0,2230,2541,1997,2764,19397,18883,16279,16145,0,0,20472,5,3,2
1276,63,95,1,0,2228,2544,2009,2763,19494,18938,16455,16141,0,0,20480,2,5,1
1277,63,96,1,0,2234,2541,2006,2760,19442,19040,16401,16164,0,0,20474,2,2,5
1278,64,95,1,0,2243,2544,2008,2770,19512,19023,16332,16150,0,0,20475,5,5,5
1279,64,94,1,0,2249,2555,2019,2775,19516,18967,16441,16120,0,0,20479,5,4,5
1280,64,95,1,1,2243,2547,2013,2769,19581,18876,16519,16193,0,0,20483,5,1,1
1281,64,94,1,0,2254,2560,2009,2775,19425,19054,16532,16128,1,0,20472,4,1,5
1282,64,96,1,0,2246,2560,2022,2767,19625,19023,16299,16240,0,0,20476,5,1,3
1283,64,96,1,0,2245,2565,2025,2775,19521,19038,16384,16108,0,0,20475,3,3,5
1284,64,97,1,0,2261,2563,2021,2784,19437,18982,16332,16151,0,0,20485,5,1,3
1285,64,98,1,0,2252,2557,2035,2786,19542,19061,16530,16112,0,0,20480,1,4,1
1286,64,97,1,0,2267,2564,2027,2778,19652,19089,16558,16235,0,0,20475,1,5,2
1287,64,94,1,0,2260,2569,2029,2791,19551,19085,16499,16233,0,0,20479,4,5,2
1288,64,94,1,1,2265,2572,2028,2797,19464,19019,16434,16119,0,0,20481,1,2,4
1289,64,97,1,0,2267,2572,2035,2800,19475,19122,16417,16242,0,0,20473,3,4,3
1290,64,94,1,0,2275,2569,2033,2802,19539,19070,16618,16203,0,0,20485,2,2,3
1291,64,98,1,0,2272,2583,2043,2797,19576,19013,16591,16172,0,0,20481,3,5,3
1292,64,95,1,0,2277,2582,2041,2799,19627,19094,16393,16279,0,0,20483,3,3,3
1293,64,94,1,0,2270,2590,2041,2803,19571,19173,16636,16145,0,0,20487,3,1,2
1294,64,95,1,0,2286,2592,2045,2799,19534,19054,16379,16289,0,0,20485,4,3,3
1295,64,98,1,0,2274,2584,2058,2804,19618,19051,16622,16170,0,0,20478,4,1,3
1296,64,94,1,1,2282,2598,2050,2801,19543,19209,16419,16223,0,0,20484,4,1,4
1297,64,97,1,0,2279,2594,2061,2814,19766,19135,16464,16345,0,0,20474,3,5,3
1298,64,95,1,0,2285,2592,2056,2819,19738,19038,16663,16342,0,0,20481,4,1,1
1299,64,95,1,0,2286,2593,2053,2808,19611,19121,16481,16188,0,0,20473,1,3,4
1300,64,95,1,0,2301,2607,2058,2820,19718,19151,16561,16190,0,0,20488,5,3,3
1301,64,95,1,0,2295,2600,2063,2813,19788,19092,16682,16305,0,1,20474,1,1,2
1302,64,96,1,0,2297,2611,2062,2817,19732,19093,16445,16211,0,0,20488,3,3,1
1303,64,94,1,0,2297,2602,2077,2823,19817,19125,16602,16312,0,0,20472,2,5,2
1304,64,96,1,1,2306,2611,2065,2822,19785,19062,16693,16289,1,0,20475,5,2,4
1305,64,97,1,0,2306,2607,2079,2828,19818,19290,16728,16360,0,0,20475,2,4,4
1306,64,94,1,0,2311,2621,2086,2825,19717,19279,16555,16323,0,0,20480,3,2,4
1307,64,95,1,0,2314,2626,2076,2832,19627,19233,16604,16296,0,0,20476,3,5,1
1308,64,96,1,0,2310,2623,2079,2840,19699,19289,16709,16369,0,0,20479,2,3,3
1309,64,95,1,0,2308,2618,2077,2847,19734,19280,16637,16250,0,0,20475,2,2,2
1310,64,94,1,0,2310,2620,2090,2846,19837,19145,16653,16407,0,0,20484,4,3,2
1311,64,95,1,0,2318,2622,2082,2840,19823,19197,16616,16314,0,0,20473,4,5,2
1312,64,96,1,1,2325,2634,2088,2846,19672,19315,16603,16273,0,0,20484,2,5,3
1313,64,97,1,0,2329,2630,2087,2849,19835,19204,16543,16362,0,0,20477,4,3,4
1314,64,94,1,0,2335,2628,2089,2855,19805,19250,16546,16283,0,0,20487,1,1,2
1315,64,94,1,0,2330,2632,2101,2855,19864,19282,16569,16433,0,0,20479,3,5,5
1316,64,97,1,0,2336,2633,2106,2861,19785,19285,16553,16323,0,0,20480,4,5,4
1317,64,94,1,0,2329,2649,2111,2864,19918,19195,16561,16349,0,0,20472,2,3,5
1318,64,97,1,0,2339,2644,2106,2857,19784,19372,16610,16484,0,0,20476,3,1,4
1319,64,98,1,0,2347,2653,2104,2859,19749,19209,16741,16369,0,0,20484,5,1,2
1320,64,98,1,1,2334,2654,2115,2866,19886,19188,16592,16411,0,1,20476,1,4,1
1321,64,96,1,0,2344,2651,2114,2876,19921,19225,16657,16503,0,0,20486,1,3,3
1322,64,95,1,0,2348,2651,2124,2865,19967,19306,16707,16447,0,0,20486,4,2,2
1323,64,98,1,0,2347,2653,2126,2877,19881,19256,16575,16379,0,0,20479,1,1,1
1324,64,98,1,0,2357,2666,2125,2873,19758,19318,16860,16352,0,0,20484,2,3,3
1325,64,95,1,0,2348,2667,2119,2876,19848,19429,16837,16379,0,0,20479,5,5,1
1326,64,96,1,0,2362,2662,2120,2882,19898,19462,16730,16399,0,0,20479,4,2,4
1327,64,97,1,0,2350,2662,2125,2882,19931,19398,16622,16489,0,0,20485,4,4,5
1328,64,94,1,1,2358,2668,2129,2881,20015,19449,16737,16547,0,0,20477,5,5,5
1329,64,98,1,0,2368,2668,2134,2894,19998,19334,16626,16445,0,0,20482,1,3,3
1330,64,95,1,0,2364,2679,2137,2885,19835,19461,16801,16422,0,0,20473,4,2,4
1331,64,97,1,0,2362,2680,2145,2897,19974,19443,16831,16508,0,0,20488,2,1,5
1332,65,98,1,0,2367,2682,2138,2891,19869,19492,16707,16535,0,0,20481,3,5,3
1333,65,94,1,0,2380,2672,2150,2900,20063,19298,16791,16421,0,0,20472,3,2,1
1334,65,95,1,0,2377,2677,2140,2903,20046,19304,16793,16459,0,0,20485,2,1,5
1335,65,95,1,0,2371,2679,2143,2898,19871,19486,16875,16530,0,0,20473,3,5,2
1336,65,94,1,1,2387,2690,2151,2907,20086,19503,16932,16473,0,0,20475,4,4,1
1337,65,96,1,0,2383,2695,2146,2908,19935,19334,16902,16485,1,0,20486,2,4,2
1338,65,96,1,0,2378,2698,2150,2901,19956,19556,16856,16607,0,0,20473,2,4,3
1339,65,98,1,0,2388,2696,2162,2910,20108,19427,16688,16570,0,0,20476,3,4,4
1340,65,94,1,0,2383,2703,2157,2913,20102,19530,16764,16568,0,0,20476,3,4,4
1341,65,96,1,0,2387,2703,2159,2908,20086,19547,16715,16617,0,0,20472,2,1,2
1342,65,95,1,0,2393,2693,2159,2912,19947,19351,16681,16596,0,0,20485,5,2,1
1343,65,98,1,0,2392,2710,2159,2919,20027,19479,16970,16647,0,0,20487,1,3,3
1344,65,98,1,1,2403,2701,2171,2924,20019,19583,16826,16588,0,0,20478,3,5,3
1345,65,94,1,0,2395,2700,2162,2921,20003,19497,16814,16567,0,0,20484,2,5,1
1346,65,94,1,0,2402,2710,2177,2927,20013,19450,16714,16648,0,0,20485,4,3,2
1347,65,94,1,0,2405,2715,2177,2933,19996,19407,16858,16609,0,0,20478,2,1,5
1348,65,97,1,0,2408,2716,2178,2932,19977,19588,16893,16599,0,0,20475,4,3,4
1349,65,94,1,0,2403,2715,2183,2937,20188,19542,16768,16616,0,0,20480,2,4,2
1350,65,96,1,0,2417,2724,2185,2934,20007,19461,16813,16601,0,0,20473,4,2,2
1351,65,96,1,0,2418,2726,2181,2938,19994,19536,16854,16589,0,0,20479,5,5,2
1352,65,97,1,1,2412,2717,2185,2947,20013,19578,17017,16623,0,0,20479,1,1,2
1353,65,96,1,0,2417,2723,2193,2943,20145,19528,16788,16647,0,1,20472,4,4,4
1354,65,98,1,0,2429,2720,2192,2946,20077,19666,16919,16591,0,0,20483,1,4,3
1355,65,95,1,0,2431,2727,2200,2942,20161,19447,16896,16695,0,0,20483,1,1,4
1356,65,97,1,0,2433,2731,2187,2944,20232,19463,16980,16689,1,0,20476,3,1,5
1357,65,94,1,0,2425,2740,2201,2950,20207,19481,17062,16702,0,0,20474,2,1,2
1358,65,95,1,0,2429,2735,2202,2961,20116,19509,17005,16588,0,0,20487,5,1,2
1359,65,97,1,0,2434,2746,2203,2962,20069,19654,16889,16753,0,0,20479,2,5,2
1360,65,95,1,1,2438,2741,2205,2965,20106,19514,16997,16758,0,0,20488,5,5,4
1361,65,97,1,0,2436,2750,2201,2967,20243,19652,17078,16682,0,0,20487,2,3,1
1362,65,98,1,0,2442,2742,2216,2960,20098,19638,16934,16612,0,0,20480,2,4,1
1363,65,98,1,0,2435,2743,2208,2973,20055,19646,16921,16700,0,0,20483,3,3,4
1364,65,94,1,0,2446,2750,2217,2970,20246,19528,16915,16784,0,0,20488,5,3,2
1365,65,97,1,0,2443,2747,2212,2971,20226,19714,17119,16771,0,0,20478,5,5,4
1366,65,98,1,0,2456,2750,2225,2979,20254,19617,16887,16744,0,0,20488,3,5,4
1367,65,95,1,0,2450,2762,2225,2978,20205,19753,17033,16692,0,0,20474,4,4,1
1368,65,96,1,1,2446,2761,2224,2985,20209,19593,16968,16756,0,0,20475,4,2,5
1369,65,97,1,0,2447,2762,2227,2979,20137,19628,16856,16728,0,0,20477,2,2,5
1370,65,94,1,0,2459,2766,2235,2981,20263,19702,17157,16719,0,0,20488,4,4,1
1371,65,95,1,0,2457,2765,2235,2982,20200,19687,17015,16709,0,0,20484,2,4,4
1372,65,98,1,0,2455,2773,2226,2987,20226,19661,16982,16771,0,0,20477,4,4,1
1373,65,96,1,0,2459,2771,2234,2986,20130,19629,16916,16769,0,0,20478,5,2,2
1374,65,95,1,0,2460,2777,2241,2985,20346,19811,17124,16717,0,0,20484,2,4,1
1375,65,95,1,0,2472,2781,2243,2986,20363,19811,16919,16696,0,0,20487,5,3,5
1376,65,97,1,1,2473,2780,2242,3002,20163,19704,17057,16777,0,0,20487,2,2,5
1377,65,97,1,0,2467,2776,2237,2999,20343,19836,17082,16763,0,0,20478,1,5,2
1378,65,95,1,0,2469,2788,2246,3003,20261,19803,16991,16864,0,0,20481,4,5,2
1379,65,95,1,0,2470,2778,2246,3000,20284,19753,17094,16716,0,0,20485,1,1,3
1380,65,96,1,0,2484,2789,2252,3006,20182,19646,17101,16843,0,0,20479,5,3,4
1381,65,95,1,0,2481,2784,2246,3002,20238,19841,17198,16817,0,0,20488,4,5,4
1382,65,95,1,0,2476,2790,2260,3005,20387,19719,16980,16767,0,0,20487,5,1,3
1383,65,96,1,0,2489,2801,2250,3009,20230,19792,16988,16845,0,0,20484,1,5,4
1384,65,98,1,1,2482,2802,2257,3015,20447,19686,17086,16883,0,0,20479,4,1,1
1385,65,96,1,0,2495,2795,2264,3014,20232,19751,17126,16912,0,0,20481,5,1,3
1386,65,95,1,0,2488,2808,2263,3023,20291,19713,17094,16883,0,0,20486,5,2,3
1387,65,98,1,0,2503,2801,2266,3023,20433,19700,17223,16925,0,0,20479,3,1,1
1388,66,96,1,0,2491,2812,2262,3016,20444,19817,16986,16914,0,0,20476,3,2,3
1389,66,98,1,0,2495,2812,2274,3018,20443,19785,16984,16894,0,0,20472,2,4,5
1390,66,98,1,0,2498,2808,2277,3033,20349,19705,17227,16941,0,0,20487,2,2,5
1391,66,94,1,0,2508,2814,2280,3024,20411,19744,17176,16865,0,0,20481,4,1,1
1392,66,95,1,1,2513,2811,2272,3027,20326,19874,17138,16844,0,1,20486,2,2,1
1393,66,98,1,0,2502,2816,2282,3028,20474,19940,17043,16815,0,0,20473,4,3,2
1394,66,94,1,0,2508,2815,2284,3035,20349,19959,17127,16788,0,0,20485,2,4,2
1395,66,98,1,0,2505,2820,2279,3040,20331,19921,17222,16866,0,0,20477,2,5,3
1396,66,96,1,0,2515,2829,2282,3044,20321,19953,17078,16829,0,0,20481,4,5,2
1397,66,94,1,0,2510,2823,2291,3045,20520,19879,17174,16915,1,0,20485,3,3,3
1398,66,98,1,0,2518,2825,2284,3043,20474,19892,17085,16869,0,0,20479,3,2,5
1399,66,95,1,0,2522,2830,2295,3054,20359,19864,17245,16930,0,0,20475,2,4,4
1400,66,97,1,1,2531,2836,2300,3041,20560,19836,17283,16951,0,0,20474,2,4,2
1401,66,94,1,0,2530,2837,2288,3049,20476,19805,17283,16927,0,0,20484,5,2,3
1402,66,94,1,0,2531,2834,2293,3061,20393,19910,17310,16891,0,0,20479,5,1,5
1403,66,96,1,0,2537,2839,2305,3049,20447,19811,17134,16971,0,0,20481,1,3,3
1404,66,95,1,0,2526,2847,2297,3064,20349,19992,17137,16951,0,0,20482,3,4,3
1405,66,98,1,0,2535,2834,2306,3066,20405,19962,17261,16948,0,0,20476,2,5,1
1406,66,98,1,0,2537,2844,2308,3068,20500,19808,17077,17033,0,0,20487,3,4,3
1407,66,95,1,0,2544,2844,2315,3069,20526,19921,17090,16931,0,0,20485,5,4,2
1408,66,96,1,1,2542,2851,2313,3060,20540,19939,17250,17045,0,0,20480,4,1,4
1409,66,96,1,0,2542,2854,2314,3066,20562,20062,17192,16993,0,0,20477,2,1,5
1410,66,97,1,0,2552,2848,2311,3065,20576,20046,17388,16941,0,0,20485,3,4,2
1411,66,95,1,0,2554,2861,2311,3079,20570,20041,17165,16910,0,0,20481,2,4,4
1412,66,94,1,0,2551,2857,2323,3076,20435,20006,17188,16945,0,0,20474,4,5,2
1413,66,96,1,0,2556,2866,2315,3070,20467,19895,17341,16999,0,0,20475,1,4,3
1414,66,95,1,0,2550,2865,2317,3087,20601,20091,17286,17062,0,0,20479,4,5,5
1415,66,94,1,0,2561,2867,2333,3084,20642,20052,17134,16910,1,0,20486,5,5,5
1416,66,97,1,1,2552,2867,2332,3088,20538,19937,17405,17036,0,0,20486,3,4,1
1417,66,98,1,0,2568,2860,2338,3081,20537,20052,17303,17082,0,0,20477,3,2,3
1418,66,97,1,0,2561,2875,2331,3095,20655,20115,17166,17085,0,0,20486,1,1,1
1419,66,94,1,0,2561,2866,2341,3097,20678,20070,17441,17015,0,0,20472,5,5,1
1420,66,98,1,0,2563,2873,2333,3093,20461,19958,17155,17007,0,1,20483,4,2,5
1421,66,97,1,0,2564,2880,2334,3089,20545,20015,17426,16959,0,0,20477,2,5,3
1422,66,98,1,0,2566,2885,2334,3100,20523,19912,17425,17018,0,0,20475,1,3,4
1423,66,97,1,0,2578,2875,2348,3097,20521,19990,17254,16954,0,0,20481,1,3,3
1424,66,95,1,1,2583,2875,2350,3100,20587,20066,17472,17025,0,0,20476,5,1,4
1425,66,98,1,0,2583,2880,2351,3096,20704,20085,17439,17020,0,0,20473,4,2,5
1426,66,98,1,0,2576,2892,2345,3104,20720,20012,17317,17055,0,0,20475,3,4,2
1427,66,94,1,0,2587,2889,2354,3114,20680,20177,17294,17057,0,0,20474,3,5,1
1428,66,97,1,0,2583,2896,2355,3116,20649,20143,17490,17090,0,0,20488,3,2,2
1429,66,94,1,0,2590,2901,2361,3111,20733,20036,17427,17158,0,0,20485,1,5,5
1430,66,97,1,0,2591,2888,2355,3119,20708,20092,17376,17162,0,0,20472,5,1,2
1431,66,95,1,0,2598,2905,2366,3107,20610,19994,17486,17034,0,0,20473,4,1,2
1432,66,94,1,1,2599,2907,2357,3122,20754,20104,17304,17085,0,0,20475,3,2,1
1433,66,95,1,0,2592,2903,2370,3123,20779,20029,17523,17145,0,0,20476,3,2,4
1434,66,95,1,0,2602,2896,2367,3121,20559,20192,17383,17071,0,0,20479,3,4,3
1435,66,96,1,0,2596,2902,2363,3123,20699,20151,17496,17133,0,0,20484,1,2,3
1436,66,97,1,0,2606,2908,2368,3119,20697,20134,17422,17110,0,0,20484,2,4,1
1437,66,94,1,0,2605,2916,2379,3133,20594,20176,17356,17170,0,0,20475,5,2,1
1438,66,97,1,0,2605,2917,2373,3123,20626,20128,17502,17162,0,0,20473,5,3,2
1439,66,94,1,0,2599,2913,2377,3133,20718,20097,17510,17036,0,0,20487,2,2,1
1440,66,98,1,1,2610,2916,2380,3140,20754,20091,17305,17072,0,0,20486,2,2,4
1441,66,98,1,0,2609,2918,2382,3140,20636,20067,17395,17191,0,0,20480,4,4,1
1442,66,98,1,0,2606,2913,2390,3133,20740,20137,17470,17068,0,0,20487,2,1,2
1443,66,94,1,0,2611,2930,2385,3148,20828,20193,17312,17233,0,0,20475,4,3,4
1444,66,97,1,0,2620,2919,2379,3147,20709,20170,17411,17102,0,0,20481,4,4,4
1445,66,98,1,0,2626,2924,2395,3137,20827,20226,17337,17195,0,0,20478,3,5,2
1446,66,94,1,0,2620,2934,2389,3141,20811,20257,17329,17146,0,0,20472,1,2,1
1447,66,95,1,0,2620,2936,2389,3152,20838,20123,17402,17177,0,0,20486,4,5,1
1448,67,98,1,1,2622,2929,2389,3150,20695,20238,17397,17253,1,0,20480,5,5,3
1449,67,94,1,0,2626,2940,2390,3159,20849,20162,17397,17132,0,0,20486,1,4,1
1450,67,98,1,0,2623,2938,2403,3152,20708,20112,17475,17097,0,1,20478,3,2,2
1451,67,98,1,0,2632,2936,2400,3151,20714,20096,17602,17155,0,0,20474,2,1,3
1452,67,96,1,0,2636,2941,2397,3165,20700,20320,17550,17113,0,0,20474,3,2,3
1453,67,96,1,0,2636,2937,2398,3156,20794,20185,17470,17188,0,0,20476,3,4,3
1454,67,95,1,0,2644,2946,2406,3165,20734,20227,17564,17162,0,0,20484,5,3,5
1455,67,98,1,0,2635,2939,2416,3163,20784,20314,17614,17287,0,0,20475,3,3,4
1456,67,94,1,1,2641,2949,2413,3164,20689,20122,17494,17197,0,0,20484,1,1,1
1457,67,95,1,0,2649,2945,2417,3171,20840,20244,17608,17253,0,0,20477,3,3,1
1458,67,96,1,0,2646,2948,2408,3163,20910,20356,17636,17220,0,0,20478,5,3,5
1459,67,94,1,0,2648,2953,2420,3179,20891,20171,17547,17205,0,0,20473,4,1,2
1460,67,98,1,0,2654,2955,2427,3176,20831,20300,17527,17265,0,0,20480,2,3,5
1461,67,98,1,0,2647,2959,2427,3176,20851,20199,17519,17299,0,0,20479,3,3,1
1462,67,97,1,0,2659,2960,2426,3176,20781,20250,17647,17324,0,0,20487,5,5,3
1463,67,98,1,0,2663,2969,2433,3175,20732,20337,17635,17204,0,0,20484,1,5,3
1464,67,98,1,1,2658,2972,2432,3183,20785,20348,17528,17202,0,0,20481,5,5,2
1465,67,98,1,0,2665,2975,2422,3182,20845,20372,17641,17297,0,0,20479,5,4,4
1466,67,94,1,0,2661,2976,2428,3188,20944,20404,17601,17297,0,0,20484,5,1,2
1467,67,95,1,0,2667,2970,2430,3186,20950,20361,17452,17247,0,0,20487,1,5,5
1468,67,95,1,0,2660,2980,2433,3196,20835,20279,17644,17295,0,0,20480,3,1,4
1469,67,98,1,0,2670,2974,2442,3192,20770,20349,17689,17360,0,0,20486,4,1,3
1470,67,97,1,0,2663,2970,2442,3200,20812,20213,17682,17195,0,0,20487,4,4,4
1471,67,95,1,0,2667,2983,2442,3198,21014,20357,17474,17200,0,0,20472,2,1,2
1472,67,98,1,1,2677,2988,2440,3199,20976,20390,17683,17322,0,0,20472,1,4,3
1473,67,96,1,0,2680,2987,2447,3193,20930,20354,17487,17213,0,0,20481,2,1,4
1474,67,97,1,0,2680,2984,2440,3203,20861,20258,17701,17246,0,0,20487,3,3,1
1475,67,95,1,0,2680,2990,2454,3197,20864,20351,17532,17301,0,1,20475,1,1,2
1476,67,97,1,0,2690,2995,2449,3203,20994,20241,17499,17373,0,0,20486,2,5,3
1477,67,97,1,0,2691,2984,2455,3217,21025,20290,17461,17255,0,0,20472,2,2,1
1478,67,94,1,0,2686,2991,2460,3206,20942,20315,17745,17263,0,0,20482,5,2,2
1479,67,97,1,0,2695,2990,2462,3213,20878,20463,17542,17391,0,0,20480,2,1,2
1480,67,94,1,1,2691,3002,2466,3218,20830,20456,17577,17343,0,0,20480,4,3,3
1481,67,97,1,0,2699,2994,2454,3217,20927,20493,17643,17400,0,0,20486,3,3,1
1482,67,97,1,0,2693,2999,2466,3221,20880,20390,17644,17334,0,0,20472,3,4,3
1483,67,98,1,0,2691,3002,2472,3217,20846,20412,17628,17265,0,0,20487,3,3,2
1484,67,96,1,0,2701,3007,2465,3220,20977,20381,17625,17260,0,0,20473,1,2,2
1485,67,97,1,0,2699,3003,2464,3222,20962,20363,17528,17411,0,0,20475,5,4,4
1486,67,98,1,0,2707,3012,2474,3223,20975,20403,17604,17329,0,0,20483,2,3,2
1487,67,94,1,0,2710,3003,2472,3235,20881,20432,17779,17331,0,0,20474,5,4,3
1488,67,96,1,1,2703,3014,2482,3224,20955,20455,17541,17312,1,0,20478,1,5,3
1489,67,96,1,0,2705,3010,2480,3225,21056,20314,17567,17331,0,0,20479,4,3,2
1490,67,94,1,0,2705,3012,2472,3237,21051,20462,17525,17305,0,0,20473,4,4,5
1491,67,97,1,0,2719,3016,2483,3235,21080,20443,17735,17334,0,0,20480,3,5,1
1492,67,98,1,0,2709,3022,2479,3240,20942,20405,17680,17437,0,0,20477,3,4,5
1493,67,97,1,0,2709,3020,2483,3247,21088,20556,17714,17455,0,0,20474,4,1,2
1494,67,94,1,0,2714,3027,2494,3240,21067,20334,17600,17347,0,0,20487,4,2,5
1495,67,94,1,0,2725,3034,2490,3238,21072,20575,17806,17313,0,0,20483,4,1,4
1496,67,94,1,1,2715,3026,2499,3253,21137,20368,17661,17407,0,0,20482,5,1,4
1497,67,96,1,0,2717,3031,2493,3243,20993,20479,17583,17351,0,0,20474,2,2,2
1498,67,98,1,0,2729,3031,2487,3246,21039,20441,17847,17402,0,0,20483,1,3,4
1499,67,96,1,0,2723,3028,2496,3257,21164,20547,17773,17480,0,0,20482,2,4,2
1500,67,94,1,0,2734,3041,2503,3254,21087,20516,17591,17392,0,0,20480,1,1,3
1501,67,95,1,0,2725,3043,2506,3251,21153,20454,17816,17508,0,0,20475,3,1,2
1502,67,98,1,0,2734,3043,2501,3263,21060,20534,17675,17432,0,0,20486,4,1,5
1503,67,96,1,0,2741,3042,2512,3267,21094,20528,17717,17452,0,0,20480,5,4,2
1504,67,97,1,1,2736,3040,2501,3267,21189,20612,17779,17432,0,0,20478,4,5,5
1505,67,98,1,0,2741,3048,2510,3265,21178,20392,17648,17433,0,0,20477,1,2,1
1506,67,94,1,0,2746,3052,2510,3267,21178,20514,17641,17470,0,0,20479,4,5,1
1507,67,98,1,0,2744,3051,2506,3265,21133,20442,17722,17413,0,0,20474,2,1,1
1508,67,95,1,0,2742,3044,2510,3267,21012,20586,17714,17436,0,0,20486,4,2,5
1509,67,95,1,0,2751,3054,2515,3270,21123,20496,17726,17488,0,0,20474,2,5,2
1510,67,94,1,0,2751,3063,2515,3267,21051,20482,17889,17547,0,0,20482,1,5,3
1511,67,96,1,0,2748,3051,2515,3267,21146,20619,17819,17557,0,0,20472,1,5,3
1512,68,97,1,1,2760,3064,2518,3273,21117,20489,17845,17438,0,0,20483,4,1,1
1513,68,96,1,0,2746,3062,2525,3280,21036,20460,17767,17485,1,0,20472,5,3,5
1514,68,96,1,0,2751,3068,2518,3274,21033,20650,17842,17458,0,1,20472,3,3,2
1515,68,98,1,0,2762,3061,2526,3280,21144,20611,17644,17448,0,0,20481,5,5,4
1516,68,98,1,0,2757,3063,2524,3291,21037,20613,17706,17429,0,0,20480,2,1,2
1517,68,94,1,0,2758,3061,2539,3284,21035,20624,17834,17548,0,0,20478,1,4,1
1518,68,97,1,0,2757,3076,2538,3293,21259,20508,17824,17458,0,0,20485,1,5,3
1519,68,98,1,0,2769,3065,2528,3293,21147,20686,17939,17424,0,0,20487,5,1,1
1520,68,98,1,1,2767,3079,2537,3291,21141,20624,17833,17467,0,0,20487,3,5,3
1521,68,94,1,0,2774,3080,2540,3289,21190,20674,17853,17435,0,0,20487,1,2,4
1522,68,95,1,0,2766,3078,2548,3302,21087,20709,17946,17523,0,0,20480,2,3,2
1523,68,95,1,0,2773,3088,2540,3291,21104,20613,17660,17506,0,0,20477,3,5,1
1524,68,96,1,0,2769,3077,2550,3292,21274,20507,17882,17446,0,0,20474,2,2,5
1525,68,94,1,0,2784,3084,2543,3304,21269,20712,17825,17589,0,0,20474,4,1,5
1526,68,96,1,0,2777,3087,2555,3297,21119,20660,17825,17580,0,0,20479,4,1,3
1527,68,98,1,0,2775,3092,2553,3298,21191,20693,17699,17529,0,0,20487,4,3,3
1528,68,95,1,1,2778,3093,2554,3304,21232,20674,17826,17581,0,0,20480,5,4,1
1529,68,95,1,0,2791,3096,2555,3301,21173,20542,17789,17494,0,0,20472,1,2,5
1530,68,96,1,0,2784,3097,2558,3303,21110,20692,17959,17466,0,0,20472,5,1,2
1531,68,96,1,0,2790,3093,2554,3307,21256,20562,17783,17526,0,0,20473,4,5,4
1532,68,95,1,0,2792,3094,2558,3308,21246,20632,17818,17493,0,0,20478,3,1,1
1533,68,94,1,0,2787,3094,2557,3317,21127,20665,17930,17494,0,0,20477,3,5,1
1534,68,94,1,0,2790,3092,2556,3315,21345,20718,17925,17552,0,0,20473,2,3,2
1535,68,94,1,0,2787,3097,2560,3317,21307,20731,17760,17572,1,0,20478,3,3,5
1536,68,94,1,1,2789,3105,2561,3326,21353,20598,17907,17494,0,0,20484,1,1,3
1537,68,97,1,0,2793,3106,2564,3323,21276,20703,17900,17527,0,0,20480,1,5,5
1538,68,96,1,0,2798,3102,2574,3331,21262,20649,17920,17609,0,0,20483,4,5,4
1539,68,94,1,0,2805,3107,2570,3333,21261,20631,17986,17507,0,0,20479,1,2,5
1540,68,96,1,0,2804,3108,2575,3334,21238,20775,17740,17500,0,0,20484,4,5,4
1541,68,98,1,0,2801,3108,2569,3336,21319,20604,17762,17549,0,0,20474,2,2,2
1542,68,98,1,0,2811,3111,2582,3340,21222,20748,17831,17522,0,0,20473,3,3,1
1543,68,94,1,0,2808,3119,2581,3328,21319,20736,17774,17685,0,0,20483,2,2,1
1544,68,94,1,1,2803,3120,2588,3344,21356,20665,17818,17640,0,0,20478,5,5,4
1545,68,95,1,0,2813,3112,2581,3340,21360,20669,17838,17690,0,0,20483,5,1,1
1546,68,96,1,0,2812,3122,2588,3341,21313,20648,17837,17591,0,0,20485,5,4,1
1547,68,97,1,0,2818,3126,2578,3348,21279,20602,17807,17591,0,0,20481,1,2,5
1548,68,97,1,0,2812,3119,2587,3349,21204,20611,18027,17538,0,0,20488,3,4,3
1549,68,98,1,0,2814,3122,2587,3344,21245,20650,17791,17567,0,0,20476,5,4,1
1550,68,97,1,0,2822,3126,2598,3348,21249,20838,18059,17614,0,0,20485,4,5,5
1551,68,96,1,0,2817,3127,2587,3346,21394,20826,17928,17621,0,0,20483,5,5,4
1552,68,96,1,1,2820,3126,2594,3342,21247,20721,18021,17701,0,0,20481,2,4,1
1553,68,98,1,0,2825,3130,2590,3346,21277,20651,17969,17601,0,0,20472,4,5,2
1554,68,94,1,0,2828,3137,2591,3355,21232,20749,18061,17566,0,0,20482,3,4,3
1555,68,97,1,0,2838,3137,2605,3361,21224,20816,17855,17649,0,1,20483,1,2,5
1556,68,96,1,0,2827,3142,2597,3359,21264,20835,17837,17654,0,0,20480,5,2,2
1557,68,97,1,0,2837,3136,2596,3359,21235,20715,18031,17608,0,0,20486,1,4,2
1558,68,96,1,0,2831,3138,2598,3366,21292,20883,17957,17628,0,0,20481,1,3,5
1559,68,97,1,0,2833,3146,2615,3357,21240,20804,18035,17609,0,0,20474,4,4,2
1560,68,98,1,1,2842,3145,2614,3368,21416,20783,17963,17678,0,0,20477,3,3,5
1561,68,97,1,0,2843,3146,2604,3366,21405,20742,18071,17700,0,0,20473,2,3,4
1562,68,96,1,0,2835,3144,2606,3365,21372,20752,17994,17637,0,0,20485,2,5,3
1563,68,97,1,0,2850,3144,2610,3375,21485,20689,17866,17602,0,0,20477,1,5,4
1564,68,94,1,0,2850,3149,2608,3366,21421,20755,18004,17698,0,0,20480,5,1,4
1565,68,97,1,0,2848,3150,2618,3376,21322,20691,17869,17654,0,0,20480,5,2,1
1566,68,95,1,0,2856,3162,2620,3375,21434,20704,17840,17692,0,0,20488,5,5,1
1567,68,95,1,0,2859,3151,2619,3374,21373,20841,18062,17635,0,0,20487,3,5,4
1568,68,96,1,1,2852,3167,2627,3381,21344,20762,17902,17752,0,0,20480,4,4,5
1569,68,97,1,0,2851,3167,2631,3383,21484,20733,17936,17696,0,0,20483,5,4,3
1570,68,98,1,0,2850,3160,2630,3383,21398,20883,17987,17791,0,0,20475,5,5,3
1571,68,94,1,0,2862,3166,2636,3391,21366,20717,17991,17764,0,1,20481,3,4,1
1572,68,96,1,0,2864,3173,2627,3386,21353,20859,18153,17691,1,0,20481,2,2,4
1573,68,94,1,0,2861,3162,2638,3388,21324,20933,17987,17703,0,0,20476,5,4,2
1574,68,96,1,0,2869,3163,2641,3386,21434,20890,17932,17672,0,0,20473,2,1,3
1575,68,96,1,0,2873,3179,2631,3385,21350,20800,17866,17777,0,0,20472,1,1,5
1576,68,94,1,1,2865,3173,2643,3392,21545,20888,17939,17709,0,0,20483,4,5,1
1577,68,95,1,0,2866,3168,2635,3396,21466,20730,18029,17762,0,0,20486,1,1,4
1578,68,96,1,0,2863,3177,2641,3393,21353,20925,18119,17779,0,0,20480,5,5,2
1579,68,96,1,0,2867,3176,2643,3405,21497,20927,17951,17780,0,0,20484,5,2,3
1580,68,96,1,0,2871,3179,2645,3403,21533,20749,17968,17676,0,0,20482,4,5,1
1581,68,97,1,0,2878,3176,2643,3395,21453,20943,18131,17673,0,0,20478,1,5,3
1582,68,98,1,0,2870,3187,2643,3401,21494,20778,17961,17760,0,0,20485,3,5,2
1583,68,98,1,0,2880,3184,2655,3400,21507,20909,18170,17786,0,0,20481,1,4,2
1584,69,97,1,1,2885,3191,2657,3400,21567,20885,17994,17709,0,0,20483,5,2,1
1585,69,96,1,0,2881,3192,2648,3407,21490,20934,18181,17725,0,0,20473,3,5,4
1586,69,94,1,0,2891,3195,2660,3414,21472,20944,18147,17816,0,0,20472,3,3,1
1587,69,98,1,0,2886,3197,2658,3418,21419,20907,18191,17773,0,0,20473,2,5,3
1588,69,96,1,0,2893,3202,2665,3408,21476,20981,17947,17793,0,0,20477,3,5,5
1589,69,98,1,0,2889,3194,2663,3418,21567,20935,18101,17729,0,0,20480,5,5,4
1590,69,95,1,0,2890,3195,2655,3422,21367,20831,18093,17732,0,0,20480,1,3,2
1591,69,95,1,0,2892,3198,2654,3415,21518,20836,17963,17826,0,0,20472,1,3,2
1592,69,95,1,1,2899,3206,2659,3419,21559,20915,18131,17756,0,0,20480,4,5,4
1593,69,98,1,0,2901,3206,2662,3419,21482,21023,18150,17702,0,0,20487,4,3,1
1594,69,94,1,0,2903,3202,2672,3424,21440,20928,18001,17793,0,0,20483,5,1,1
1595,69,96,1,0,2898,3213,2671,3432,21425,20857,18127,17851,0,1,20481,2,5,2
1596,69,94,1,0,2898,3200,2678,3432,21455,20931,18033,17879,0,0,20472,4,1,4
1597,69,96,1,0,2900,3202,2666,3420,21520,20827,18044,17829,0,0,20485,1,2,5
1598,69,95,1,0,2900,3214,2666,3431,21512,20943,18120,17750,0,0,20483,4,5,1
1599,69,95,1,0,2898,3218,2683,3427,21486,21013,18108,17878,0,0,20483,4,3,2
1600,69,96,1,1,2905,3207,2671,3440,21543,20842,18071,17749,0,0,20483,4,4,1
1601,69,94,1,0,2905,3217,2673,3426,21510,20885,18222,17821,0,0,20483,1,1,5
1602,69,96,1,0,2903,3210,2688,3441,21619,20898,18053,17855,0,0,20480,2,5,4
1603,69,94,1,0,2906,3213,2677,3431,21611,20846,18003,17726,1,0,20473,1,3,1
1604,69,97,1,0,2914,3217,2678,3444,21601,21016,18063,17878,0,0,20480,2,1,2
1605,69,96,1,0,2912,3224,2686,3438,21589,21011,18208,17902,0,0,20475,5,5,1
1606,69,96,1,0,2924,3232,2685,3439,21501,20937,17977,17753,0,0,20477,2,4,1
1607,69,94,1,0,2923,3227,2683,3450,21527,20946,18254,17910,0,0,20482,4,1,3
1608,69,96,1,1,2914,3231,2696,3449,21455,20888,17994,17785,0,0,20483,2,3,1
1609,69,94,1,0,2916,3229,2695,3448,21666,20954,18225,17830,0,0,20484,5,3,2
1610,69,96,1,0,2918,3236,2686,3446,21445,20994,18092,17891,0,0,20488,4,3,5
1611,69,98,1,0,2924,3236,2696,3449,21482,20974,18211,17902,0,0,20473,4,2,2
1612,69,94,1,0,2935,3235,2689,3457,21500,21003,18212,17814,0,0,20488,4,2,5
1613,69,94,1,0,2922,3231,2695,3458,21489,21085,18161,17851,0,0,20488,2,5,3
1614,69,96,1,0,2935,3233,2702,3460,21623,20891,18031,17889,0,0,20472,5,2,5
1615,69,95,1,0,2938,3238,2708,3453,21569,21110,18267,17839,0,0,20486,3,2,3
1616,69,94,1,1,2926,3237,2709,3463,21566,21080,18175,17794,0,0,20477,3,3,5
1617,69,96,1,0,2935,3242,2702,3466,21482,20969,18041,17874,0,0,20475,4,3,1
1618,69,96,1,0,2940,3238,2706,3464,21580,21122,18237,17812,0,0,20484,4,5,2
1619,69,98,1,0,2944,3237,2706,3470,21479,21117,18103,17905,0,0,20481,4,1,4
1620,69,98,1,0,2947,3240,2714,3468,21610,21071,18038,17791,0,0,20484,3,4,1
1621,69,95,1,0,2939,3251,2708,3461,21697,20971,18099,17829,0,0,20487,5,2,3
1622,69,95,1,0,2938,3247,2716,3462,21545,21054,18148,17881,0,0,20472,5,5,3
1623,69,98,1,0,2948,3255,2718,3475,21663,21087,18029,17916,1,0,20478,4,2,1
1624,69,96,1,1,2952,3257,2708,3474,21719,20975,18174,17960,0,0,20488,4,3,4
1625,69,98,1,0,2955,3249,2717,3479,21506,21132,18239,17876,0,0,20475,2,2,5
1626,69,94,1,0,2955,3255,2720,3473,21581,20959,18300,17891,0,0,20481,5,1,4
1627,69,96,1,0,2957,3264,2720,3475,21643,21079,18160,17852,0,0,20474,3,4,3
1628,69,95,1,0,2948,3264,2720,3482,21662,20988,18260,17873,0,0,20472,3,2,4
1629,69,95,1,0,2946,3258,2731,3475,21688,20993,18171,17936,0,0,20477,4,2,2
1630,69,98,1,0,2959,3261,2727,3475,21734,20967,18178,17916,0,0,20482,3,3,1
1631,69,98,1,0,2953,3256,2730,3474,21537,21158,18122,17867,0,0,20484,4,3,3
1632,69,98,1,1,2952,3263,2736,3481,21576,21150,18150,17843,0,0,20487,4,3,4
1633,69,95,1,0,2960,3275,2722,3481,21642,21170,18120,17995,0,0,20476,2,2,1
1634,69,98,1,0,2961,3271,2725,3487,21556,21103,18285,17936,0,0,20481,5,2,5
1635,69,98,1,0,2967,3265,2739,3486,21750,21027,18148,17975,0,1,20473,3,5,3
1636,69,97,1,0,2961,3279,2734,3497,21771,21020,18333,17847,0,0,20487,3,4,4
1637,69,97,1,0,2970,3276,2737,3484,21643,21134,18256,17922,0,0,20487,5,3,3
1638,69,96,1,0,2960,3282,2741,3492,21730,21058,18120,17932,0,0,20479,4,3,5
1639,69,96,1,0,2965,3276,2741,3499,21596,21114,18233,18000,0,0,20479,2,4,4
1640,69,96,1,1,2964,3285,2748,3493,21660,21092,18214,17984,0,0,20481,3,1,4
1641,69,98,1,0,2964,3279,2737,3493,21634,21094,18263,17890,0,0,20478,3,4,3
1642,69,97,1,0,2966,3276,2736,3496,21737,20986,18375,17949,0,0,20472,5,3,1
1643,69,97,1,0,2970,3277,2749,3497,21675,21070,18318,17849,0,0,20475,3,2,2
1644,69,97,1,0,2979,3289,2754,3503,21644,21107,18089,18024,0,0,20488,4,4,2
1645,69,97,1,0,2970,3283,2750,3500,21737,20978,18271,17961,0,0,20480,2,3,1
1646,69,95,1,0,2982,3288,2756,3508,21732,21096,18344,17950,0,0,20482,4,5,1
1647,69,97,1,0,2973,3281,2748,3511,21582,21191,18133,17899,0,0,20475,4,2,1
1648,69,98,1,1,2975,3290,2760,3506,21806,21144,18172,17904,0,0,20472,3,1,1
1649,69,96,1,0,2985,3289,2754,3503,21773,21081,18095,17948,0,0,20481,1,3,5
1650,69,95,1,0,2983,3295,2754,3518,21645,21218,18342,17944,0,1,20475,2,1,5
1651,69,98,1,0,2982,3290,2758,3504,21582,21188,18393,17919,0,0,20483,3,2,2
1652,69,95,1,0,2987,3303,2756,3508,21637,20993,18276,17998,0,0,20486,1,5,3
1653,69,95,1,0,2996,3296,2755,3519,21822,21088,18293,17934,0,0,20472,1,4,1
1654,69,95,1,0,2999,3299,2766,3524,21830,21199,18344,17991,0,0,20488,1,2,4
1655,69,96,1,0,2985,3301,2769,3514,21626,21011,18136,17948,0,0,20482,1,3,2
1656,69,96,1,1,2989,3299,2756,3527,21703,21207,18258,17891,0,0,20488,1,4,4
1657,69,94,1,0,2997,3303,2763,3516,21737,21103,18187,17976,0,0,20485,4,5,5
1658,69,96,1,0,2999,3305,2773,3522,21759,21034,18249,18044,0,0,20486,2,4,2
1659,69,98,1,0,3004,3300,2775,3531,21789,21212,18368,18020,0,0,20485,3,2,3
1660,69,96,1,0,2999,3308,2773,3526,21772,21242,18254,18023,0,0,20486,1,4,2
1661,69,94,1,0,3003,3315,2773,3534,21832,21241,18288,17931,0,0,20482,5,4,3
1662,69,97,1,0,3001,3317,2778,3527,21681,21172,18226,18063,0,0,20477,5,4,4
1663,69,98,1,0,3010,3318,2773,3527,21624,21173,18163,17978,0,0,20482,3,5,2
1664,69,98,1,1,3002,3312,2783,3525,21796,21091,18162,17898,0,0,20483,5,3,4
1665,69,94,1,0,3008,3307,2785,3536,21850,21130,18364,18024,0,0,20487,3,5,1
1666,70,94,1,0,3010,3310,2782,3538,21853,21036,18337,17994,0,0,20478,1,5,5
1667,70,95,1,0,3017,3318,2772,3531,21773,21228,18384,18080,0,0,20484,4,2,1
1668,70,96,1,0,3016,3322,2778,3538,21741,21218,18284,18028,0,0,20479,3,3,1
1669,70,97,1,0,3007,3314,2789,3546,21674,21085,18319,17972,0,0,20486,2,5,1
1670,70,98,1,0,3016,3316,2782,3534,21856,21140,18345,17997,0,0,20478,5,3,2
1671,70,96,1,0,3016,3321,2778,3535,21690,21199,18295,18026,1,0,20476,1,2,1
1672,70,96,1,1,3025,3330,2794,3540,21877,21211,18377,18050,0,0,20483,1,3,2
1673,70,94,1,0,3020,3322,2794,3540,21885,21199,18400,17916,0,0,20486,4,1,4
1674,70,98,1,0,3028,3326,2786,3547,21841,21213,18338,18002,0,0,20479,3,4,4
1675,70,95,1,0,3024,3323,2793,3542,21816,21190,18390,17946,0,0,20485,5,5,4
1676,70,96,1,0,3021,3336,2794,3548,21773,21226,18276,18049,0,0,20483,1,5,1
1677,70,98,1,0,3025,3333,2790,3547,21737,21082,18440,17930,0,0,20477,5,1,1
1678,70,97,1,0,3021,3327,2794,3550,21729,21152,18253,17959,0,0,20475,1,4,3
1679,70,97,1,0,3028,3337,2800,3546,21710,21249,18388,18027,0,0,20481,5,1,2
1680,70,98,1,1,3021,3341,2795,3547,21714,21221,18365,18048,0,0,20479,3,4,3
1681,70,97,1,0,3033,3332,2808,3551,21740,21077,18218,17958,0,0,20472,3,1,3
1682,70,98,1,0,3037,3343,2795,3559,21748,21122,18327,18086,0,0,20487,4,1,5
1683,70,95,1,0,3025,3345,2805,3563,21709,21249,18208,18109,0,0,20473,5,1,1
1684,70,94,1,0,3042,3334,2805,3552,21902,21117,18417,18112,1,0,20488,5,5,4
1685,70,94,1,0,3031,3337,2805,3563,21730,21277,18243,17987,0,0,20486,1,3,5
1686,70,95,1,0,3040,3337,2815,3567,21809,21301,18473,18097,0,0,20482,3,2,3
1687,70,95,1,0,3037,3354,2807,3571,21853,21127,18211,17977,0,0,20487,2,3,5
1688,70,98,1,1,3039,3340,2816,3562,21924,21207,18215,18087,0,0,20480,5,5,2
1689,70,98,1,0,3035,3341,2817,3567,21835,21299,18440,17957,0,0,20476,5,3,5
1690,70,96,1,0,3040,3355,2806,3560,21844,21198,18352,18097,0,0,20475,4,3,3
1691,70,94,1,0,3039,3351,2810,3569,21692,21103,18242,18076,0,0,20474,3,3,3
1692,70,95,1,0,3040,3351,2820,3575,21694,21123,18444,18120,0,0,20474,5,4,4
1693,70,95,1,0,3053,3350,2810,3578,21893,21271,18402,17971,0,0,20478,3,2,1
1694,70,95,1,0,3055,3352,2811,3573,21815,21260,18485,18030,0,0,20473,1,5,1
1695,70,97,1,0,3047,3361,2826,3579,21709,21316,18237,18059,0,0,20487,1,1,4
1696,70,98,1,1,3043,3364,2813,3571,21820,21237,18349,18079,0,0,20486,1,5,1
1697,70,98,1,0,3051,3356,2823,3571,21876,21152,18322,18136,0,0,20482,5,5,1
1698,70,97,1,0,3057,3361,2831,3582,21901,21133,18328,17986,0,0,20473,1,5,3
1699,70,96,1,0,3060,3362,2818,3577,21836,21198,18265,18090,0,0,20484,1,4,4
1700,70,97,1,0,3055,3356,2822,3581,21916,21225,18307,18055,0,0,20483,3,1,2
1701,70,94,1,0,3056,3367,2830,3584,21902,21295,18346,18150,0,0,20483,2,4,3
1702,70,95,1,0,3060,3361,2822,3588,21768,21183,18218,18100,0,0,20479,2,2,4
1703,70,96,1,0,3054,3365,2823,3588,21762,21129,18235,18096,0,1,20478,2,1,1
1704,70,95,1,1,3060,3371,2830,3590,21835,21255,18301,18100,0,0,20475,2,2,5
1705,70,95,1,0,3058,3377,2825,3592,21870,21247,18257,18161,0,0,20486,1,1,5
1706,70,94,1,0,3072,3377,2839,3588,21734,21311,18459,18017,0,0,20483,3,1,1
1707,70,97,1,0,3071,3371,2831,3593,21895,21134,18261,18100,0,0,20483,4,2,3
1708,70,97,1,0,3073,3368,2836,3592,21887,21363,18478,18035,0,0,20484,1,3,3
1709,70,94,1,0,3067,3383,2833,3598,21847,21196,18410,18127,0,0,20484,2,5,2
1710,70,94,1,0,3077,3369,2835,3596,21943,21242,18519,18105,0,0,20488,5,3,5
1711,70,95,1,0,3069,3379,2843,3596,21951,21201,18278,18124,0,0,20474,3,2,3
1712,70,98,1,1,3070,3375,2846,3602,21756,21152,18464,18115,0,0,20486,1,4,1
1713,70,97,1,0,3080,3377,2835,3602,21920,21305,18330,18130,0,0,20475,1,3,5
1714,70,94,1,0,3076,3378,2851,3605,21943,21373,18433,18116,0,0,20483,3,1,2
1715,70,95,1,0,3084,3381,2842,3608,21785,21170,18263,18012,0,0,20476,5,2,1
1716,70,95,1,0,3072,3390,2843,3601,21943,21223,18321,18084,0,0,20472,5,5,1
1717,70,94,1,0,3072,3382,2840,3596,21806,21368,18529,18004,0,0,20483,3,4,5
1718,70,95,1,0,3075,3391,2853,3607,21941,21164,18370,18051,0,0,20487,3,3,4
1719,70,98,1,0,3087,3395,2853,3611,21954,21232,18248,18106,0,0,20474,1,5,4
1720,70,98,1,1,3089,3393,2856,3615,21877,21299,18315,18040,0,0,20482,4,2,1
1721,70,97,1,0,3076,3391,2849,3602,21828,21318,18303,18110,0,1,20480,3,1,2
1722,70,96,1,0,3091,3388,2849,3607,21779,21329,18369,18113,0,0,20478,4,5,5
1723,70,96,1,0,3081,3396,2861,3608,21992,21242,18286,18135,0,0,20487,4,1,1
1724,70,97,1,0,3093,3400,2857,3614,21836,21221,18279,18052,0,0,20479,3,4,3
1725,70,98,1,0,3096,3388,2852,3607,21882,21373,18263,18093,0,0,20479,1,2,1
1726,70,94,1,0,3087,3389,2865,3612,21803,21373,18382,18129,0,0,20488,5,3,1
1727,70,95,1,0,3096,3400,2862,3621,21947,21192,18421,18119,0,0,20487,1,2,2
1728,70,94,1,1,3096,3395,2862,3621,21844,21235,18468,18021,1,0,20483,4,4,4
1729,70,97,1,0,3089,3396,2868,3611,21839,21202,18286,18088,0,0,20476,1,3,1
1730,70,94,1,0,3089,3407,2870,3627,21947,21203,18422,18053,0,0,20488,5,4,3
1731,70,98,1,0,3099,3401,2859,3615,21977,21185,18529,18190,0,0,20478,5,4,3
1732,70,98,1,0,3091,3407,2862,3616,22010,21388,18511,18128,0,0,20480,4,4,1
1733,70,97,1,0,3099,3414,2868,3627,21923,21196,18517,18060,0,0,20480,2,5,2
1734,70,98,1,0,3105,3412,2871,3629,21924,21241,18386,18163,0,0,20484,5,1,4
1735,70,98,1,0,3106,3403,2877,3618,21970,21209,18292,18049,0,0,20484,5,3,4
1736,70,96,1,1,3096,3404,2873,3619,21844,21367,18311,18179,0,0,20475,3,5,3
1737,70,96,1,0,3102,3413,2880,3628,21892,21325,18347,18064,0,0,20481,4,1,3
1738,70,97,1,0,3112,3413,2882,3624,21974,21401,18371,18115,0,0,20483,4,1,5
1739,70,98,1,0,3105,3416,2879,3638,21971,21402,18319,18039,0,0,20482,3,2,5
1740,70,98,1,0,3108,3413,2878,3629,21807,21376,18542,18072,0,0,20485,5,1,5
1741,70,96,1,0,3105,3421,2884,3631,21827,21384,18486,18164,0,0,20484,2,1,4
1742,70,96,1,0,3110,3422,2883,3636,21956,21241,18386,18148,0,0,20475,3,5,3
1743,70,95,1,0,3107,3412,2874,3630,21944,21393,18487,18220,0,0,20484,5,3,4
1744,70,95,1,1,3118,3414,2874,3638,22003,21217,18363,18045,0,0,20480,4,4,2
1745,70,95,1,0,3112,3414,2876,3643,22012,21403,18310,18157,0,0,20480,4,1,1
1746,70,97,1,0,3120,3424,2879,3637,22004,21298,18476,18146,0,0,20488,1,5,5
1747,70,94,1,0,3109,3422,2888,3637,22006,21324,18424,18112,0,0,20474,1,2,1
1748,70,98,1,0,3122,3430,2883,3649,21833,21363,18488,18195,0,0,20479,3,2,3
1749,70,94,1,0,3112,3433,2881,3643,21934,21345,18527,18183,0,0,20473,3,4,1
1750,70,94,1,0,3119,3425,2885,3646,21902,21444,18504,18158,0,0,20472,2,1,2
1751,70,96,1,0,3124,3426,2894,3637,21940,21288,18313,18152,0,0,20488,5,5,3
1752,70,94,1,1,3121,3426,2897,3645,21933,21430,18549,18134,0,0,20473,4,4,2
1753,70,95,1,0,3123,3426,2890,3651,22047,21416,18306,18108,0,0,20475,1,5,3
1754,70,96,1,0,3130,3426,2897,3645,22001,21397,18575,18075,0,0,20482,4,1,3
1755,70,94,1,0,3119,3439,2893,3643,21963,21440,18592,18147,0,0,20473,2,2,5
1756,70,97,1,0,3124,3428,2888,3654,22042,21436,18380,18136,0,0,20481,1,5,2
1757,70,97,1,0,3129,3440,2894,3653,21879,21443,18575,18210,0,0,20484,3,2,2
1758,70,98,1,0,3128,3441,2903,3656,21908,21390,18533,18233,0,0,20477,1,1,1
1759,70,95,1,0,3122,3433,2898,3649,21885,21425,18461,18239,0,0,20479,1,5,5
1760,70,97,1,1,3138,3437,2907,3662,21824,21383,18365,18098,0,0,20483,3,5,2
1761,70,95,1,0,3131,3438,2899,3662,21860,21425,18390,18223,0,0,20484,5,1,5
1762,70,97,1,0,3127,3434,2899,3657,21903,21272,18485,18133,0,0,20474,3,3,2
1763,70,95,1,0,3138,3434,2901,3653,21971,21358,18595,18233,0,1,20483,4,1,3
1764,70,96,1,0,3138,3446,2902,3660,21899,21365,18388,18159,0,0,20488,3,5,5
1765,71,97,1,0,3130,3449,2902,3663,22067,21454,18438,18204,0,0,20474,5,5,1
1766,71,98,1,0,3135,3449,2908,3669,22034,21397,18532,18225,0,0,20479,2,3,3
1767,71,96,1,0,3137,3446,2904,3656,21865,21452,18380,18182,1,0,20482,1,5,4
1768,71,95,1,1,3139,3455,2906,3671,21869,21378,18388,18236,0,0,20476,2,5,5
1769,71,95,1,0,3136,3456,2904,3659,21843,21347,18588,18218,0,0,20480,3,5,1
1770,71,97,1,0,3134,3454,2905,3664,21845,21295,18581,18119,0,0,20482,2,5,1
1771,71,95,1,0,3135,3452,2910,3665,21840,21329,18447,18252,0,0,20475,4,1,4
1772,71,95,1,0,3137,3458,2915,3668,21886,21376,18523,18096,0,0,20485,1,4,3
1773,71,95,1,0,3153,3449,2912,3678,21947,21363,18604,18112,0,0,20474,2,4,2
1774,71,96,1,0,3154,3454,2916,3676,21959,21422,18470,18170,0,1,20485,3,1,4
1775,71,97,1,0,3146,3460,2922,3675,21965,21278,18578,18193,0,0,20485,4,3,3
1776,71,96,1,1,3146,3456,2916,3680,21902,21342,18398,18177,0,0,20473,1,5,3
1777,71,96,1,0,3145,3453,2922,3673,22019,21311,18577,18231,0,0,20480,2,5,1
1778,71,96,1,0,3156,3459,2918,3669,22030,21357,18530,18213,0,0,20475,3,1,3
1779,71,98,1,0,3148,3453,2920,3669,21899,21299,18505,18173,0,0,20475,4,1,1
1780,71,95,1,0,3156,3459,2924,3675,21989,21327,18392,18169,0,0,20483,5,5,4
1781,71,95,1,0,3153,3459,2930,3681,21994,21423,18351,18211,0,0,20477,3,2,1
1782,71,96,1,0,3158,3468,2927,3674,22053,21483,18473,18194,0,0,20478,2,3,2
1783,71,96,1,0,3158,3463,2925,3675,22018,21267,18557,18170,0,0,20486,3,1,5
1784,71,97,1,1,3160,3457,2931,3681,22031,21263,18379,18226,0,0,20483,1,4,4
1785,71,97,1,0,3156,3462,2928,3678,21922,21342,18479,18175,0,0,20483,3,1,4
1786,71,96,1,0,3152,3473,2924,3691,22074,21470,18413,18192,0,0,20481,4,5,4
1787,71,97,1,0,3164,3464,2934,3692,22018,21363,18544,18148,0,0,20473,1,3,1
1788,71,95,1,0,3159,3466,2938,3684,21969,21435,18435,18212,0,0,20482,2,1,3
1789,71,95,1,0,3165,3470,2935,3681,21924,21357,18524,18108,0,0,20486,3,5,1
1790,71,98,1,0,3165,3479,2940,3683,21920,21307,18401,18266,0,0,20488,2,1,3
1791,71,95,1,0,3172,3467,2930,3690,21935,21307,18571,18092,0,0,20480,4,2,5
1792,71,95,1,1,3162,3481,2938,3683,21917,21321,18504,18264,0,0,20483,2,1,3
1793,71,95,1,0,3163,3466,2933,3690,22062,21406,18493,18163,0,0,20479,3,2,2
1794,71,96,1,0,3161,3472,2931,3700,22099,21301,18445,18099,0,0,20483,5,1,1
1795,71,94,1,0,3165,3468,2938,3698,21925,21331,18403,18146,0,0,20484,1,2,5
1796,71,97,1,0,3175,3484,2943,3701,21895,21324,18602,18181,1,0,20483,2,5,4
1797,71,97,1,0,3168,3478,2938,3694,21895,21402,18615,18196,0,0,20477,2,1,5
1798,71,94,1,0,3168,3471,2944,3695,21967,21316,18465,18117,0,0,20474,1,1,2
1799,71,94,1,0,3167,3479,2936,3693,21963,21382,18347,18258,0,0,20484,1,1,3
1800,71,97,1,1,3168,3489,2949,3700,21911,21410,18604,18222,0,0,20475,4,3,2
1801,71,96,1,0,3172,3478,2952,3708,21941,21273,18560,18102,0,0,20472,3,2,5
1802,71,95,1,0,3171,3477,2944,3694,22097,21484,18454,18101,0,0,20472,2,1,5
1803,71,97,1,0,3169,3484,2940,3704,22068,21279,18545,18153,0,0,20473,1,4,3
1804,71,94,1,0,3181,3492,2946,3702,21941,21507,18627,18271,0,0,20478,1,2,1
1805,71,97,1,0,3184,3488,2954,3706,21891,21478,18520,18145,0,0,20481,4,3,3
1806,71,95,1,0,3184,3487,2955,3705,21917,21504,18572,18115,0,0,20479,1,1,2
1807,71,96,1,0,3186,3488,2954,3702,21933,21456,18387,18234,0,0,20473,4,4,1
1808,71,95,1,1,3179,3487,2957,3703,22009,21407,18423,18108,0,0,20479,5,5,5
1809,71,97,1,0,3182,3493,2951,3716,21896,21303,18390,18150,0,0,20472,4,4,5
1810,71,96,1,0,3178,3484,2952,3715,21896,21389,18474,18221,0,0,20483,3,1,3
1811,71,94,1,0,3191,3487,2953,3703,22028,21294,18621,18160,0,0,20477,5,1,4
1812,71,94,1,0,3186,3494,2962,3717,21895,21471,18562,18263,0,0,20485,3,5,1
1813,71,94,1,0,3187,3498,2950,3714,21994,21406,18511,18177,0,0,20488,2,2,1
1814,71,98,1,0,3188,3502,2964,3705,22081,21504,18367,18144,0,0,20476,4,4,5
1815,71,96,1,0,3191,3491,2966,3706,21977,21474,18419,18156,0,0,20475,1,2,3
1816,71,97,1,1,3198,3505,2958,3722,22027,21362,18387,18275,0,0,20479,4,3,1
1817,71,96,1,0,3196,3493,2953,3717,21900,21300,18617,18146,0,0,20477,1,5,1
1818,71,98,1,0,3187,3502,2956,3718,21941,21362,18491,18281,0,0,20487,1,2,3
1819,71,98,1,0,3200,3505,2959,3712,21940,21465,18450,18176,1,0,20473,2,5,5
1820,71,95,1,0,3187,3500,2965,3726,22068,21427,18346,18192,0,0,20477,4,1,2
1821,71,94,1,0,3200,3506,2968,3714,22100,21333,18461,18220,0,1,20482,4,5,3
1822,71,98,1,0,3196,3500,2969,3715,21903,21457,18457,18128,0,0,20484,2,2,5
1823,71,97,1,0,3197,3508,2970,3726,22070,21391,18610,18166,0,0,20479,1,3,1
1824,71,96,1,1,3196,3505,2965,3718,21958,21389,18348,18157,0,0,20477,4,2,2
1825,71,98,1,0,3191,3512,2964,3726,21972,21361,18499,18162,0,0,20472,1,4,4
1826,71,97,1,0,3207,3505,2977,3727,22063,21277,18417,18268,0,0,20473,3,4,5
1827,71,96,1,0,3203,3506,2971,3731,22070,21507,18493,18133,0,0,20485,2,5,2
1828,71,98,1,0,3206,3502,2963,3729,21972,21476,18527,18126,0,0,20477,4,3,2
1829,71,98,1,0,3207,3507,2977,3731,21898,21307,18380,18215,0,0,20477,1,3,4
1830,71,95,1,0,3204,3509,2969,3729,21975,21469,18419,18177,0,0,20488,1,5,2
1831,71,94,1,0,3205,3506,2970,3721,21985,21278,18618,18246,0,0,20488,2,4,3
1832,71,97,1,1,3210,3516,2976,3723,22041,21290,18422,18265,0,0,20484,5,2,1
1833,71,97,1,0,3206,3505,2974,3728,21938,21364,18632,18203,0,0,20476,1,4,5
1834,71,94,1,0,3199,3519,2980,3728,21894,21333,18452,18151,0,0,20473,4,2,3
1835,71,96,1,0,3206,3521,2981,3739,21994,21389,18403,18222,0,0,20486,2,1,1
1836,71,94,1,0,3206,3523,2984,3735,21985,21417,18450,18275,0,0,20478,5,3,5
1837,71,98,1,0,3212,3510,2985,3727,21922,21301,18558,18126,0,0,20478,5,4,5
1838,71,98,1,0,3212,3523,2972,3734,22088,21451,18574,18112,0,0,20475,2,5,3
1839,71,94,1,0,3211,3520,2988,3744,21954,21468,18464,18156,0,0,20488,5,3,4
1840,71,97,1,1,3215,3517,2974,3737,21992,21423,18464,18206,0,0,20473,1,5,2
1841,71,94,1,0,3213,3524,2976,3744,22008,21406,18477,18154,1,0,20486,2,4,3
1842,71,95,1,0,3220,3513,2986,3741,22048,21300,18525,18188,0,0,20487,1,1,3
1843,71,95,1,0,3220,3518,2980,3746,21923,21384,18620,18125,0,0,20485,1,5,2
1844,71,96,1,0,3209,3527,2993,3748,21919,21333,18582,18285,0,0,20481,4,3,2
1845,71,96,1,0,3223,3531,2994,3737,21985,21304,18531,18149,0,0,20473,4,1,3
1846,71,96,1,0,3210,3519,2991,3734,21975,21418,18598,18154,0,0,20480,3,4,3
1847,71,98,1,0,3221,3525,2984,3738,22054,21514,18634,18177,0,0,20472,4,2,1
1848,71,98,1,1,3218,3525,2981,3749,22001,21365,18394,18203,0,0,20483,5,2,1
1849,71,97,1,0,3221,3525,2995,3740,21969,21372,18595,18214,0,0,20482,4,3,5
1850,71,96,1,0,3213,3522,2992,3739,22087,21480,18444,18216,0,1,20477,5,3,4
1851,71,97,1,0,3214,3521,2996,3753,21947,21465,18474,18140,0,0,20479,2,1,5
1852,71,97,1,0,3228,3525,2988,3751,21911,21378,18646,18248,0,0,20479,4,2,2
1853,71,96,1,0,3230,3529,2988,3754,22060,21312,18631,18255,0,0,20488,1,1,1
1854,71,98,1,0,3218,3530,2989,3750,22099,21353,18609,18183,0,0,20477,5,1,5
1855,71,97,1,0,3228,3532,2998,3750,21882,21468,18618,18259,0,0,20478,1,1,5
1856,71,97,1,1,3218,3528,2995,3745,21883,21365,18616,18155,0,0,20476,2,1,3
1857,71,94,1,0,3230,3529,2996,3751,21980,21338,18591,18242,0,0,20481,5,2,4
1858,71,97,1,0,3229,3532,2995,3745,22060,21459,18431,18130,0,0,20472,2,5,1
1859,71,97,1,0,3230,3537,2998,3757,22006,21498,18532,18158,0,0,20479,4,1,2
1860,71,96,1,0,3237,3538,2999,3754,21917,21472,18508,18137,0,0,20483,5,2,4
1861,71,96,1,0,3224,3537,3005,3761,22059,21296,18642,18195,0,0,20473,2,1,4
1862,71,98,1,0,3236,3540,3004,3758,21961,21435,18580,18166,0,0,20476,3,4,3
1863,71,96,1,0,3224,3546,2997,3753,22094,21455,18428,18139,0,0,20486,5,3,5
1864,71,94,1,1,3227,3537,2994,3757,22053,21281,18363,18121,0,1,20488,3,5,4
1865,71,98,1,0,3228,3535,3005,3752,21883,21513,18531,18137,0,0,20481,1,5,4
1866,71,96,1,0,3237,3541,2998,3755,21885,21387,18613,18158,0,0,20486,3,5,1
1867,71,97,1,0,3228,3539,2997,3762,22098,21342,18497,18275,0,0,20474,3,2,4
1868,71,95,1,0,3243,3550,3010,3764,21879,21447,18570,18271,0,0,20478,2,5,4
1869,71,94,1,0,3239,3549,3006,3760,22106,21323,18630,18265,0,0,20483,1,5,5
1870,71,96,1,0,3237,3538,3003,3768,21916,21474,18528,18133,0,0,20481,5,3,2
1871,71,95,1,0,3246,3543,3010,3768,21901,21427,18495,18225,0,0,20477,4,3,2
1872,71,97,1,1,3232,3552,3001,3762,22015,21301,18522,18273,0,0,20480,4,5,5
1873,71,97,1,0,3238,3544,3014,3769,22063,21452,18544,18204,0,0,20482,2,1,1
1874,71,94,1,0,3238,3545,3007,3769,22099,21504,18464,18128,0,0,20483,3,4,2
1875,71,96,1,0,3238,3556,3004,3772,21935,21277,18593,18279,0,0,20484,3,4,1
1876,71,97,1,0,3248,3557,3005,3772,21905,21434,18384,18263,0,0,20487,5,5,4
1877,71,97,1,0,3246,3554,3011,3764,22026,21322,18564,18207,0,0,20472,1,2,5
1878,71,96,1,0,3238,3556,3010,3769,22007,21401,18424,18189,0,0,20487,3,1,5
1879,71,97,1,0,3239,3554,3018,3764,21884,21433,18613,18182,0,0,20482,5,1,3
1880,71,97,1,1,3250,3547,3007,3776,22093,21274,18523,18101,0,0,20480,1,1,1
1881,71,96,1,0,3243,3554,3015,3768,21993,21429,18533,18192,0,0,20485,1,1,5
1882,71,96,1,0,3248,3551,3013,3775,21948,21389,18600,18231,0,0,20476,2,1,2
1883,71,94,1,0,3246,3548,3014,3768,22041,21286,18544,18130,0,0,20476,3,1,1
1884,71,96,1,0,3254,3550,3012,3773,21994,21277,18585,18100,0,0,20478,4,3,1
1885,71,98,1,0,3256,3548,3012,3780,21969,21368,18346,18172,0,0,20480,1,4,5
1886,71,96,1,0,3256,3563,3019,3773,21992,21360,18407,18237,0,0,20478,5,1,4
1887,71,97,1,0,3256,3561,3017,3767,21953,21289,18448,18194,0,0,20484,2,3,1
1888,71,97,1,1,3246,3562,3022,3769,22015,21442,18456,18181,1,0,20480,1,2,4
1889,71,94,1,0,3258,3556,3016,3780,21989,21298,18629,18105,0,0,20480,5,1,3
1890,71,94,1,0,3247,3562,3017,3783,21864,21318,18513,18142,0,0,20486,2,3,3
1891,71,98,1,0,3248,3559,3022,3776,21930,21450,18383,18232,0,0,20475,2,2,2
1892,71,97,1,0,3247,3566,3027,3780,21869,21492,18394,18145,0,0,20480,1,5,3
1893,71,94,1,0,3247,3558,3023,3787,21920,21352,18489,18114,0,0,20482,5,1,5
1894,71,94,1,0,3256,3561,3022,3772,21984,21501,18569,18168,0,0,20475,2,2,2
1895,71,96,1,0,3248,3567,3029,3786,21900,21390,18598,18161,0,0,20473,3,1,3
1896,71,94,1,1,3263,3564,3030,3781,21975,21403,18632,18221,0,0,20486,3,1,4
1897,71,97,1,0,3255,3564,3019,3778,21902,21295,18469,18166,0,0,20484,4,2,3
1898,71,96,1,0,3265,3566,3026,3789,21935,21331,18536,18201,0,0,20481,3,3,2
1899,71,94,1,0,3257,3566,3034,3785,22060,21425,18345,18109,0,1,20483,3,2,2
1900,71,97,1,0,3267,3572,3021,3789,21938,21490,18349,18224,0,0,20474,2,2,4
1901,71,95,1,0,3253,3565,3023,3789,22053,21348,18336,18105,0,0,20477,5,3,2
1902,71,98,1,0,3266,3563,3024,3790,21940,21422,18377,18252,0,0,20474,4,3,1
1903,71,96,1,0,3259,3567,3031,3791,22031,21290,18330,18242,0,0,20484,2,2,4
1904,71,98,1,1,3261,3577,3033,3792,21998,21396,18328,18104,0,0,20484,4,4,5
1905,71,98,1,0,3269,3568,3033,3785,21862,21344,18463,18240,0,0,20476,1,2,5
1906,71,97,1,0,3262,3573,3026,3780,22050,21271,18527,18253,0,0,20487,1,4,3
1907,71,96,1,0,3259,3574,3032,3786,21975,21441,18404,18260,0,0,20483,5,1,4
1908,72,97,1,0,3272,3577,3034,3797,21933,21289,18558,18105,0,0,20487,3,3,2
1909,72,97,1,0,3266,3580,3034,3793,21935,21388,18548,18095,0,0,20473,2,5,1
1910,72,96,1,0,3267,3569,3029,3795,21866,21439,18356,18231,0,0,20482,2,4,2
1911,72,95,1,0,3273,3581,3037,3790,21862,21387,18407,18151,0,0,20482,2,4,4
1912,72,94,1,1,3270,3573,3032,3795,22012,21330,18509,18134,0,0,20473,4,4,5
1913,72,97,1,0,3274,3583,3030,3786,22015,21379,18416,18166,0,0,20475,2,2,5
1914,72,94,1,0,3266,3582,3046,3791,21990,21379,18356,18198,0,0,20477,5,5,2
1915,72,96,1,0,3277,3581,3045,3796,21908,21399,18551,18163,1,0,20474,5,5,1
1916,72,98,1,0,3277,3579,3035,3797,21999,21479,18513,18243,0,0,20483,4,5,1
1917,72,97,1,0,3269,3585,3034,3794,22005,21300,18472,18233,0,0,20481,3,4,3
1918,72,98,1,0,3276,3573,3039,3796,21922,21471,18535,18122,0,0,20487,1,5,5
1919,72,94,1,0,3269,3583,3042,3789,21858,21282,18382,18217,0,0,20485,5,1,2
1920,72,98,1,1,3272,3574,3038,3798,22023,21356,18323,18112,0,0,20481,5,2,5
1921,72,97,1,0,3278,3584,3035,3798,21905,21386,18333,18192,0,0,20488,1,4,3
1922,72,96,1,0,3271,3576,3044,3794,22014,21459,18567,18188,0,0,20477,1,3,3
1923,72,95,1,0,3277,3576,3039,3791,21990,21296,18582,18157,0,0,20485,1,1,4
1924,72,96,1,0,3278,3575,3049,3801,21956,21379,18310,18163,0,0,20486,4,3,1
1925,72,96,1,0,3271,3588,3045,3804,21900,21287,18380,18106,0,0,20485,2,5,4
1926,72,96,1,0,3271,3577,3040,3808,22056,21451,18520,18070,0,0,20479,5,3,4
1927,72,95,1,0,3280,3576,3049,3796,22000,21230,18378,18142,0,1,20476,4,1,3
1928,72,96,1,1,3273,3591,3047,3799,22047,21228,18498,18203,1,0,20485,4,1,1
1929,72,95,1,0,3284,3582,3046,3795,21835,21239,18599,18116,0,0,20487,5,2,2
1930,72,94,1,0,3274,3593,3054,3795,21965,21389,18530,18227,0,0,20477,2,2,2
1931,72,95,1,0,3281,3589,3054,3802,21838,21385,18497,18156,0,0,20485,4,2,2
1932,72,98,1,0,3277,3587,3054,3805,21868,21387,18508,18129,0,0,20486,3,4,5
1933,72,97,1,0,3285,3595,3055,3807,21995,21382,18410,18152,0,0,20480,5,2,5
1934,72,95,1,0,3288,3580,3044,3809,22054,21241,18515,18065,0,0,20479,1,5,4
1935,72,97,1,0,3279,3584,3047,3798,21992,21334,18366,18118,0,0,20473,2,3,2
1936,72,95,1,1,3288,3595,3051,3804,21998,21344,18316,18139,0,0,20488,3,5,4
1937,72,98,1,0,3290,3582,3048,3813,21959,21430,18443,18168,0,0,20485,4,1,3
1938,72,94,1,0,3285,3584,3060,3813,21897,21408,18340,18180,0,0,20484,5,2,1
1939,72,94,1,0,3286,3585,3047,3806,21824,21276,18418,18106,0,0,20481,3,2,2
1940,72,94,1,0,3281,3583,3050,3814,21863,21449,18428,18105,0,0,20477,2,5,2
1941,72,97,1,0,3282,3589,3058,3816,22000,21378,18447,18055,0,0,20478,3,4,5
1942,72,98,1,0,3288,3590,3051,3810,21936,21296,18321,18149,0,0,20478,4,3,2
1943,72,98,1,0,3283,3597,3062,3804,21973,21365,18432,18066,0,0,20475,5,3,3
1944,72,96,1,1,3283,3587,3056,3804,21806,21207,18359,18076,0,0,20486,2,1,2
1945,72,95,1,0,3289,3593,3061,3810,21876,21412,18375,18111,0,0,20486,2,5,4
1946,72,97,1,0,3294,3590,3064,3818,21865,21413,18334,18141,0,0,20485,1,5,5
1947,72,98,1,0,3286,3597,3061,3809,21876,21370,18557,18149,0,0,20482,4,5,5
1948,72,95,1,0,3287,3588,3065,3810,22011,21254,18460,18142,0,0,20476,4,4,1
1949,72,94,1,0,3290,3593,3065,3816,21834,21408,18337,18188,0,0,20479,1,5,1
1950,72,96,1,0,3282,3598,3063,3809,22022,21224,18312,18105,0,0,20482,5,5,1
1951,72,94,1,0,3288,3596,3067,3813,21831,21423,18327,18073,0,0,20487,3,5,3
1952,72,94,1,1,3298,3601,3068,3815,22016,21196,18512,18200,0,0,20488,5,1,5
1953,72,94,1,0,3291,3595,3053,3817,21800,21407,18431,18121,0,0,20473,3,5,1
1954,72,94,1,0,3299,3600,3066,3811,21784,21197,18458,18083,0,0,20477,5,1,5
1955,72,95,1,0,3292,3602,3058,3823,21804,21353,18352,18110,0,0,20482,1,1,2
1956,72,97,1,0,3299,3603,3061,3818,21876,21374,18458,18131,0,0,20487,2,5,4
1957,72,96,1,0,3290,3608,3060,3821,21820,21412,18333,18143,0,0,20473,2,3,4
1958,72,94,1,0,3289,3604,3062,3822,21824,21366,18263,18147,0,0,20477,2,2,5
1959,72,97,1,0,3292,3605,3059,3817,21980,21372,18456,18100,0,0,20474,3,5,3
1960,72,95,1,1,3295,3607,3068,3823,21927,21227,18261,18077,0,0,20483,3,4,4
1961,72,94,1,0,3296,3599,3060,3823,21861,21198,18435,18194,0,0,20481,1,1,1
1962,72,94,1,0,3289,3606,3065,3815,21779,21270,18381,18096,0,0,20483,1,3,5
1963,72,95,1,0,3296,3604,3061,3815,21848,21269,18301,18130,0,0,20474,5,2,4
1964,72,95,1,0,3292,3599,3061,3823,21862,21367,18489,18166,0,0,20487,4,2,5
1965,72,95,1,0,3295,3600,3060,3818,21856,21236,18416,18053,1,1,20485,1,2,2
1966,72,96,1,0,3300,3598,3072,3826,21880,21262,18332,18089,0,0,20481,2,4,1
1967,72,94,1,0,3297,3607,3071,3820,21912,21324,18375,18055,0,0,20487,2,1,1
1968,72,95,1,1,3298,3606,3064,3819,21941,21214,18336,18047,0,0,20480,5,2,4
1969,72,98,1,0,3296,3608,3065,3827,21809,21251,18249,18142,0,0,20474,4,1,3
1970,72,95,1,0,3304,3605,3072,3827,21940,21289,18421,18100,0,0,20473,5,2,4
1971,72,94,1,0,3293,3603,3061,3820,21772,21211,18357,18129,0,0,20474,1,5,3
1972,72,94,1,0,3307,3615,3068,3825,21825,21277,18467,18028,0,0,20488,4,3,2
1973,72,97,1,0,3301,3611,3074,3833,21891,21266,18300,18162,0,0,20480,3,1,5
1974,72,95,1,0,3302,3614,3063,3827,21778,21261,18427,18121,0,0,20488,3,3,3
1975,72,97,1,0,3307,3612,3068,3823,21922,21373,18468,18079,0,0,20477,3,4,1
1976,72,96,1,1,3294,3616,3071,3825,21787,21187,18377,18144,0,0,20472,5,1,3
1977,72,95,1,0,3298,3603,3079,3820,21833,21239,18233,18066,0,0,20485,3,4,3
1978,72,98,1,0,3304,3616,3066,3831,21849,21284,18462,18063,0,0,20478,2,1,4
1979,72,97,1,0,3305,3618,3079,3829,21798,21340,18262,18147,0,0,20477,1,5,4
1980,72,96,1,0,3304,3608,3068,3825,21872,21169,18399,18002,0,0,20484,5,4,3
1981,72,94,1,0,3298,3611,3067,3833,21878,21145,18286,18150,0,1,20475,5,2,5
1982,72,97,1,0,3301,3614,3071,3826,21932,21173,18320,18122,0,0,20473,1,4,4
1983,72,97,1,0,3298,3618,3079,3837,21750,21305,18496,18144,0,0,20482,5,4,4
1984,72,97,1,1,3307,3620,3077,3832,21725,21147,18479,18154,0,0,20487,2,2,4
1985,72,94,1,0,3301,3619,3077,3838,21895,21248,18263,18124,0,0,20476,3,3,3
1986,72,96,1,0,3304,3620,3082,3825,21881,21313,18443,18006,0,0,20483,1,5,3
1987,72,94,1,0,3302,3618,3077,3833,21948,21288,18436,18079,0,0,20473,4,1,3
1988,72,95,1,0,3308,3616,3071,3835,21813,21235,18411,18086,0,0,20473,3,3,2
1989,72,96,1,0,3305,3615,3080,3826,21846,21340,18481,18075,0,0,20478,2,5,3
1990,72,97,1,0,3299,3622,3084,3832,21780,21297,18419,18022,0,0,20484,3,3,3
1991,72,98,1,0,3305,3612,3080,3839,21829,21144,18258,18124,0,0,20486,3,5,2
1992,72,96,1,1,3313,3621,3083,3836,21933,21296,18227,18115,0,0,20487,4,4,2
1993,72,98,1,0,3303,3613,3070,3828,21822,21125,18319,18022,0,0,20488,3,3,4
1994,72,96,1,0,3302,3611,3073,3841,21867,21240,18325,18022,0,0,20479,1,4,4
1995,72,98,1,0,3310,3617,3084,3832,21739,21186,18498,18115,0,0,20482,2,5,3
1996,72,94,1,0,3307,3624,3085,3828,21739,21246,18456,18028,0,0,20484,2,2,5
1997,72,94,1,0,3317,3621,3078,3832,21917,21172,18227,18015,0,0,20476,3,1,4
1998,72,95,1,0,3311,3615,3085,3831,21764,21279,18359,17984,0,0,20480,5,5,4
1999,72,98,1,0,3309,3618,3075,3843,21786,21234,18436,18119,0,0,20484,5,3,1
2000,72,96,1,1,3309,3618,3079,3829,21789,21218,18282,18015,0,0,20482,3,4,3
2001,72,94,1,0,3317,3617,3077,3829,21823,21276,18320,18078,0,0,20488,2,4,4
2002,72,94,1,0,3314,3626,3084,3831,21730,21214,18254,18082,0,0,20480,2,1,4
2003,72,97,1,0,3305,3614,3086,3839,21773,21237,18364,17965,0,0,20479,3,3,1
2004,72,97,1,0,3311,3615,3082,3837,21824,21219,18302,17980,0,0,20482,2,1,1
2005,72,97,1,0,3307,3626,3090,3842,21691,21164,18363,18087,1,0,20475,1,1,2
2006,72,95,1,0,3313,3625,3087,3834,21711,21231,18223,17981,0,0,20486,3,4,1
2007,72,94,1,0,3316,3624,3086,3844,21888,21162,18200,18045,0,0,20487,2,3,4
2008,72,97,1,1,3315,3614,3089,3845,21754,21212,18205,18004,0,0,20485,1,4,1
2009,72,94,1,0,3319,3625,3085,3832,21816,21271,18361,18065,0,0,20476,1,1,5
2010,72,97,1,0,3309,3621,3090,3841,21716,21280,18266,17961,0,0,20479,3,1,2
2011,72,97,1,0,3317,3615,3079,3840,21851,21289,18216,18060,0,0,20480,2,5,2
2012,72,96,1,0,3308,3624,3082,3832,21832,21197,18252,17990,0,1,20474,3,2,5
2013,72,94,1,0,3320,3626,3082,3840,21861,21208,18294,18065,0,0,20478,4,5,5
2014,72,97,1,0,3308,3615,3092,3835,21830,21190,18368,18031,0,0,20479,5,1,3
2015,72,98,1,0,3316,3615,3077,3844,21771,21222,18447,18083,0,0,20473,5,1,4
2016,72,97,1,1,3313,3618,3089,3837,21851,21227,18337,17980,0,0,20486,3,5,4
2017,72,95,1,0,3315,3617,3091,3838,21703,21069,18206,17921,0,0,20485,3,2,3
2018,72,95,1,0,3323,3629,3080,3842,21866,21269,18337,17944,0,0,20473,1,1,5
2019,72,97,1,0,3323,3624,3085,3840,21645,21193,18203,17929,0,0,20478,2,3,5
2020,72,94,1,0,3322,3622,3094,3838,21652,21108,18156,17998,0,0,20478,3,2,4
2021,72,95,1,0,3310,3617,3088,3850,21703,21126,18437,18030,0,0,20472,3,1,3
2022,72,97,1,0,3320,3626,3086,3850,21767,21079,18189,17970,0,0,20479,4,4,4
2023,72,98,1,0,3325,3629,3087,3841,21815,21048,18338,18044,0,0,20476,2,1,3
2024,72,98,1,1,3319,3620,3081,3842,21794,21243,18403,17927,0,0,20475,1,4,4
2025,72,95,1,0,3325,3624,3094,3837,21651,21185,18273,18074,0,0,20483,2,5,3
2026,72,95,1,0,3315,3618,3093,3836,21717,21125,18158,17952,0,0,20476,3,2,2
2027,72,96,1,0,3315,3630,3094,3842,21742,21082,18258,18025,0,0,20472,1,1,5
2028,72,94,1,0,3316,3619,3086,3844,21692,21204,18359,17903,0,0,20484,3,1,4
2029,72,97,1,0,3324,3625,3093,3849,21723,21048,18231,18040,0,0,20486,1,1,2
2030,72,94,1,0,3323,3623,3093,3837,21733,21200,18396,18060,0,0,20486,4,5,1
2031,72,96,1,0,3312,3621,3089,3841,21659,21127,18206,17960,0,0,20472,4,5,5
2032,72,98,1,1,3328,3631,3084,3840,21698,21076,18171,17946,0,0,20482,3,1,2
2033,72,98,1,0,3324,3634,3094,3853,21730,21204,18242,18039,1,0,20477,3,4,2
2034,72,97,1,0,3327,3628,3091,3852,21609,21213,18337,17986,0,0,20473,4,3,5
2035,72,96,1,0,3328,3629,3085,3844,21826,21132,18154,17923,0,0,20479,5,5,3
2036,72,97,1,0,3315,3635,3098,3852,21624,21168,18140,17923,0,0,20483,2,1,4
2037,72,95,1,0,3316,3631,3095,3852,21596,21016,18336,17952,0,0,20485,4,1,1
2038,72,96,1,0,3321,3627,3096,3845,21588,21131,18232,18024,0,0,20472,1,4,4
2039,72,96,1,0,3320,3626,3098,3848,21694,21129,18293,17883,0,0,20477,3,1,1
2040,72,97,1,1,3315,3632,3084,3854,21605,21180,18203,17957,0,0,20488,1,2,1
2041,72,95,1,0,3325,3633,3086,3852,21780,21091,18311,17927,0,0,20472,3,3,4
2042,72,97,1,0,3320,3624,3092,3844,21616,20994,18246,17951,1,0,20484,1,4,1
2043,72,98,1,0,3326,3635,3084,3845,21777,21052,18370,17950,0,0,20480,4,3,1
2044,72,95,1,0,3328,3626,3097,3854,21664,21035,18132,17910,0,0,20485,5,3,3
2045,72,97,1,0,3327,3633,3090,3846,21654,20973,18220,17949,0,0,20478,4,4,1
2046,72,96,1,0,3323,3631,3091,3843,21772,21018,18160,17933,0,0,20480,2,3,1
2047,72,97,1,0,3317,3625,3100,3854,21782,21196,18290,18002,0,0,20485,5,2,2
2048,72,96,1,1,3323,3633,3101,3842,21778,21083,18190,17979,0,0,20476,1,4,4
2049,72,96,1,0,3326,3626,3087,3842,21613,21182,18098,17843,0,0,20488,4,3,5
2050,72,97,1,0,3328,3630,3086,3848,21778,20985,18303,17950,0,0,20479,5,3,5
2051,72,97,1,0,3325,3639,3097,3851,21674,21176,18316,17925,0,0,20474,1,5,2
2052,72,98,1,0,3316,3632,3101,3851,21541,21005,18205,17855,0,0,20480,5,1,5
2053,72,97,1,0,3319,3630,3086,3841,21565,21090,18277,17854,0,0,20486,3,2,3
2054,72,95,1,0,3332,3634,3088,3843,21592,20991,18278,17934,0,1,20483,2,5,4
2055,72,95,1,0,3332,3634,3097,3843,21601,21070,18091,17833,0,0,20486,5,2,4
2056,72,96,1,1,3330,3632,3097,3853,21573,21082,18112,17947,0,0,20476,2,3,3
2057,72,97,1,0,3331,3637,3094,3846,21595,20987,18063,17926,0,0,20485,4,2,1
2058,72,94,1,0,3320,3633,3098,3847,21634,21027,18222,17884,0,0,20488,5,1,4
2059,72,98,1,0,3330,3625,3093,3849,21619,21061,18218,17904,0,0,20479,4,2,5
2060,72,94,1,0,3327,3634,3101,3845,21584,20942,18189,17845,0,0,20485,1,1,2
2061,72,97,1,0,3333,3630,3091,3855,21720,21144,18331,17818,0,0,20484,4,3,2
2062,72,97,1,0,3331,3631,3095,3848,21514,21081,18079,17917,0,0,20482,4,5,5
2063,72,95,1,0,3326,3634,3098,3853,21560,21063,18258,17972,0,0,20476,1,5,2
2064,72,96,1,1,3318,3636,3098,3847,21570,21093,18151,17820,0,0,20475,4,5,4
2065,72,95,1,0,3331,3636,3088,3855,21665,21027,18308,17832,0,0,20478,2,5,2
2066,72,94,1,0,3334,3633,3093,3843,21718,20968,18130,17915,0,0,20474,4,2,1
2067,72,94,1,0,3324,3629,3098,3853,21691,21088,18159,17921,0,0,20477,5,5,1
2068,72,95,1,0,3325,3636,3088,3843,21690,20902,18209,17956,0,0,20481,3,3,2
2069,72,96,1,0,3328,3631,3102,3855,21533,20894,18115,17918,0,0,20472,5,1,4
2070,72,94,1,0,3326,3640,3093,3854,21676,20930,18201,17806,0,0,20486,3,2,4
2071,72,95,1,0,3324,3636,3097,3858,21638,20993,18161,17774,0,0,20474,4,5,5
2072,72,96,1,1,3320,3638,3099,3848,21622,21014,18190,17794,0,0,20477,3,5,5
2073,72,96,1,0,3333,3633,3098,3855,21583,21115,18299,17802,0,0,20473,2,5,1
2074,72,96,1,0,3320,3626,3091,3855,21613,21029,18203,17764,0,0,20480,2,2,1
2075,72,96,1,0,3331,3642,3091,3857,21602,20987,18207,17817,0,0,20486,1,5,5
2076,72,98,1,0,3319,3628,3095,3849,21618,20952,18200,17876,0,0,20482,3,1,3
2077,72,97,1,0,3332,3636,3090,3857,21633,20892,18212,17784,0,0,20488,2,4,5
2078,72,95,1,0,3331,3639,3104,3860,21670,21027,18014,17877,0,0,20473,5,3,1
2079,72,95,1,0,3331,3631,3097,3846,21521,20859,18050,17750,0,0,20478,4,1,4
2080,72,96,1,1,3321,3636,3093,3850,21617,21036,18040,17813,0,0,20481,5,3,2
2081,72,94,1,0,3327,3635,3100,3855,21608,20991,18063,17892,0,0,20483,2,5,1
2082,72,96,1,0,3321,3627,3091,3850,21471,20978,18218,17910,0,0,20485,5,1,5
2083,72,95,1,0,3324,3628,3097,3845,21596,20982,18005,17791,0,0,20481,2,1,1
2084,72,94,1,0,3329,3628,3095,3859,21492,20941,18181,17911,0,0,20476,1,4,3
2085,72,95,1,0,3331,3636,3093,3845,21546,21039,18058,17803,0,0,20479,1,1,1
2086,72,98,1,0,3320,3640,3096,3851,21579,20887,18063,17871,0,1,20481,2,4,5
2087,72,94,1,0,3330,3637,3092,3851,21487,20992,18073,17761,0,0,20485,3,3,1
2088,72,98,1,1,3334,3643,3105,3847,21617,21029,17967,17895,0,0,20477,3,5,5
2089,72,98,1,0,3327,3639,3091,3859,21550,21044,18063,17718,0,0,20473,5,3,2
2090,72,98,1,0,3328,3636,3091,3853,21497,20826,18116,17801,0,0,20476,2,3,4
2091,72,97,1,0,3333,3631,3097,3855,21520,20997,17968,17759,0,0,20473,4,5,4
2092,72,98,1,0,3334,3635,3097,3854,21405,20828,18113,17709,0,0,20476,4,4,5
2093,72,97,1,0,3329,3640,3099,3859,21450,20938,18121,17750,0,0,20481,2,2,5
2094,72,95,1,0,3330,3627,3092,3851,21428,20832,18093,17750,0,0,20484,3,5,4
2095,72,94,1,0,3328,3629,3090,3848,21482,21009,18164,17795,0,0,20474,5,3,3
2096,72,97,1,1,3327,3634,3098,3858,21601,20804,18203,17851,1,0,20483,3,2,3
2097,72,96,1,0,3332,3631,3094,3854,21461,20839,18149,17702,0,0,20484,5,3,1
2098,72,94,1,0,3324,3636,3095,3848,21586,20797,18184,17755,0,0,20480,3,2,2
2099,72,95,1,0,3322,3629,3098,3859,21389,20988,17933,17772,0,0,20478,5,2,4
2100,72,97,1,0,3332,3631,3098,3848,21372,20836,18163,17824,0,0,20483,2,1,1
2101,72,97,1,0,3333,3634,3092,3848,21427,20813,18060,17857,0,0,20482,3,1,5
2102,72,97,1,0,3334,3642,3095,3859,21544,20963,17954,17848,0,0,20476,1,1,5
2103,72,98,1,0,3331,3635,3099,3859,21350,20825,18144,17832,0,0,20486,1,3,1
2104,72,98,1,1,3327,3639,3104,3850,21438,20931,18167,17768,0,1,20473,5,5,2
2105,72,97,1,0,3325,3633,3092,3859,21528,20788,18089,17800,0,0,20479,2,5,1
2106,72,97,1,0,3324,3634,3098,3845,21465,20992,18142,17676,0,0,20487,4,4,4
2107,72,96,1,0,3330,3638,3096,3860,21403,20806,18128,17689,0,0,20473,4,5,1
2108,72,96,1,0,3336,3641,3091,3854,21338,20782,18127,17823,0,0,20473,1,3,5
2109,72,94,1,0,3325,3638,3095,3849,21542,20979,17925,17783,1,0,20478,5,5,3
2110,72,98,1,0,3324,3639,3097,3850,21433,20942,17919,17735,0,0,20479,4,3,2
2111,72,95,1,0,3321,3635,3096,3856,21525,20896,18035,17797,0,0,20472,3,5,1
2112,72,98,1,1,3320,3634,3102,3847,21457,20757,18111,17700,0,0,20477,5,1,1
2113,72,94,1,0,3323,3634,3097,3845,21469,20768,17881,17755,0,0,20485,2,2,5
2114,72,97,1,0,3335,3635,3105,3847,21422,20745,17890,17800,0,0,20483,5,4,1
2115,72,95,1,0,3331,3640,3096,3854,21435,20858,17890,17672,0,0,20480,4,3,4
2116,72,94,1,0,3325,3636,3092,3851,21512,20947,18143,17636,0,0,20478,5,2,4
2117,72,98,1,0,3326,3630,3095,3854,21367,20856,18061,17651,0,0,20481,5,5,4
2118,72,95,1,0,3324,3627,3100,3847,21442,20924,18010,17726,0,0,20482,4,1,2
2119,72,95,1,0,3334,3635,3103,3851,21366,20716,18089,17691,0,0,20482,5,2,1
2120,72,97,1,1,3323,3628,3098,3852,21508,20873,18049,17723,0,0,20483,4,4,3
2121,72,97,1,0,3331,3632,3101,3855,21309,20813,18123,17644,0,0,20476,3,3,5
2122,72,94,1,0,3335,3628,3093,3849,21380,20910,17918,17629,0,0,20473,1,3,1
2123,72,96,1,0,3323,3639,3098,3856,21303,20831,18114,17766,0,0,20477,3,5,4
2124,72,94,1,0,3331,3632,3094,3858,21430,20905,18013,17769,0,0,20486,5,3,2
2125,72,94,1,0,3322,3630,3091,3859,21484,20762,17995,17729,0,0,20485,2,1,5
2126,72,98,1,0,3322,3637,3090,3853,21435,20867,17895,17652,0,0,20474,2,4,1
2127,72,97,1,0,3324,3633,3099,3854,21385,20830,17911,17764,0,0,20477,3,2,5
2128,72,98,1,1,3328,3638,3103,3854,21373,20814,18109,17692,0,0,20481,5,1,1
2129,72,98,1,0,3321,3632,3095,3846,21469,20708,18052,17609,0,0,20480,1,4,2
2130,72,95,1,0,3324,3641,3101,3853,21314,20678,18105,17695,0,0,20475,5,2,1
2131,72,94,1,0,3330,3628,3097,3858,21450,20788,17930,17629,0,0,20487,4,1,2
2132,72,95,1,0,3329,3635,3091,3846,21327,20870,18054,17719,0,0,20472,4,3,5
2133,72,98,1,0,3334,3641,3103,3853,21371,20721,17875,17578,0,0,20472,4,3,3
2134,72,94,1,0,3325,3631,3098,3848,21348,20720,17813,17723,0,0,20484,1,2,3
2135,72,94,1,0,3327,3634,3098,3853,21409,20760,17864,17673,0,0,20476,1,1,4
2136,72,95,1,1,3318,3638,3097,3858,21240,20651,17908,17570,0,0,20474,2,1,4
2137,72,96,1,0,3318,3637,3099,3857,21368,20737,17873,17557,0,0,20485,5,2,4
2138,72,98,1,0,3333,3637,3087,3845,21396,20631,17981,17551,1,0,20483,2,3,3
2139,72,98,1,0,3328,3638,3094,3851,21408,20815,17852,17577,0,0,20485,3,5,3
2140,72,97,1,0,3328,3627,3091,3851,21212,20747,17829,17608,0,0,20474,3,1,2
2141,72,97,1,0,3323,3625,3092,3851,21247,20700,17997,17683,0,0,20472,4,4,5
2142,72,97,1,0,3333,3633,3101,3850,21331,20737,18024,17583,0,0,20483,4,4,2
2143,72,94,1,0,3331,3629,3087,3843,21210,20764,17768,17559,0,0,20483,3,1,1
2144,72,96,1,1,3327,3624,3094,3846,21218,20785,18051,17524,0,0,20481,5,1,2
2145,72,97,1,0,3326,3636,3092,3842,21234,20743,17923,17688,0,0,20485,5,4,5
2146,72,94,1,0,3317,3629,3089,3852,21161,20652,17805,17671,0,0,20476,2,1,4
2147,72,97,1,0,3322,3625,3089,3846,21366,20743,17758,17686,0,0,20475,4,4,5
2148,72,96,1,0,3328,3627,3096,3846,21205,20593,17934,17592,0,0,20474,3,2,2
2149,72,95,1,0,3316,3623,3091,3849,21161,20744,17769,17582,0,0,20477,1,5,2
2150,72,98,1,0,3331,3625,3087,3849,21363,20575,17983,17648,0,0,20485,4,5,3
2151,72,96,1,0,3317,3628,3094,3855,21370,20752,17940,17584,0,1,20486,3,3,3
2152,72,94,1,1,3331,3636,3096,3843,21267,20610,18009,17654,0,0,20474,1,4,1
2153,72,94,1,0,3323,3625,3091,3852,21225,20619,17779,17533,0,0,20485,4,3,3
2154,72,97,1,0,3326,3638,3085,3849,21196,20662,17897,17645,0,0,20484,4,4,5
2155,72,95,1,0,3327,3631,3098,3846,21234,20767,17843,17652,0,0,20472,1,1,2
2156,72,94,1,0,3317,3632,3088,3849,21350,20587,17956,17487,0,0,20480,3,2,2
2157,72,94,1,0,3322,3622,3092,3855,21272,20642,17895,17514,0,0,20481,4,5,1
2158,72,96,1,0,3321,3624,3088,3850,21114,20703,17791,17501,0,0,20488,2,4,3
2159,72,97,1,0,3327,3634,3089,3848,21172,20538,17752,17640,0,0,20475,2,2,4
2160,72,97,1,1,3315,3633,3086,3852,21114,20745,17855,17605,0,0,20488,2,4,4
2161,72,95,1,0,3316,3624,3094,3846,21184,20724,17981,17602,0,0,20472,4,2,5
2162,72,97,1,0,3329,3635,3096,3846,21233,20669,17762,17509,0,0,20487,5,3,1
2163,72,98,1,0,3319,3623,3088,3838,21188,20672,17937,17517,0,1,20480,2,4,5
2164,72,95,1,0,3329,3636,3092,3842,21286,20583,17879,17565,0,0,20488,5,1,5
2165,72,95,1,0,3317,3622,3088,3839,21185,20651,17870,17440,0,0,20477,3,4,3
2166,72,98,1,0,3328,3624,3082,3841,21150,20640,17737,17612,0,0,20481,4,1,5
2167,72,95,1,0,3323,3621,3083,3850,21206,20580,17892,17489,0,0,20485,5,2,5
2168,72,97,1,1,3315,3627,3091,3851,21128,20663,17876,17510,0,0,20478,1,5,5
2169,72,98,1,0,3312,3623,3093,3842,21190,20552,17844,17529,0,0,20477,3,4,4
2170,72,94,1,0,3327,3634,3097,3837,21175,20524,17850,17576,0,0,20473,4,5,3
2171,72,95,1,0,3326,3624,3095,3836,21117,20539,17674,17577,0,0,20486,1,5,3
2172,72,96,1,0,3325,3622,3081,3845,21035,20472,17701,17487,0,0,20478,5,1,2
2173,72,98,1,0,3314,3623,3088,3846,21038,20638,17850,17532,0,0,20472,2,2,2
2174,72,94,1,0,3324,3627,3095,3840,21062,20569,17698,17529,0,0,20486,2,3,3
2175,72,97,1,0,3325,3620,3093,3844,21175,20565,17831,17405,0,0,20481,5,4,2
2176,72,98,1,1,3314,3630,3089,3838,21241,20647,17679,17556,0,0,20481,1,1,3
2177,72,95,1,0,3325,3626,3089,3839,21061,20657,17787,17450,0,0,20483,5,4,1
2178,72,94,1,0,3323,3627,3082,3845,21115,20602,17613,17484,0,0,20473,2,5,3
2179,72,97,1,0,3313,3621,3092,3846,21195,20434,17848,17502,0,0,20478,4,2,5
2180,72,98,1,0,3317,3623,3087,3844,21009,20413,17670,17462,0,0,20483,5,3,4
2181,72,98,1,0,3309,3621,3082,3838,21197,20493,17624,17387,0,0,20483,4,1,3
2182,72,97,1,0,3319,3631,3090,3845,20994,20589,17856,17374,0,0,20474,4,2,1
2183,72,96,1,0,3323,3622,3088,3841,21019,20582,17664,17432,0,0,20483,2,5,5
2184,72,95,1,1,3316,3631,3088,3843,21062,20479,17861,17447,0,0,20478,5,2,1
2185,72,98,1,0,3321,3627,3079,3845,21187,20412,17866,17442,0,0,20479,2,3,2
2186,72,95,1,0,3317,3628,3084,3840,21111,20536,17701,17404,1,0,20479,4,4,1
2187,72,96,1,0,3316,3615,3087,3847,21085,20557,17712,17506,0,0,20488,3,1,2
2188,72,97,1,0,3322,3619,3089,3847,21147,20544,17574,17468,0,0,20478,3,4,3
2189,72,96,1,0,3312,3622,3090,3832,21116,20506,17616,17437,0,0,20475,3,2,1
2190,72,96,1,0,3320,3625,3082,3831,21082,20378,17802,17352,0,0,20485,3,2,4
2191,72,94,1,0,3310,3621,3080,3832,20957,20562,17749,17387,0,1,20482,4,3,2
2192,72,95,1,1,3319,3619,3082,3836,20972,20551,17825,17444,0,0,20482,4,4,2
2193,72,98,1,0,3305,3624,3078,3838,20983,20560,17617,17409,0,0,20487,5,4,2
2194,72,97,1,0,3312,3612,3085,3839,21104,20382,17767,17435,0,0,20477,1,3,4
2195,72,98,1,0,3320,3613,3087,3844,21001,20569,17728,17479,0,0,20476,5,4,1
2196,72,94,1,0,3308,3619,3075,3837,20988,20340,17738,17355,0,0,20487,2,5,3
2197,72,96,1,0,3318,3622,3076,3833,21133,20499,17596,17433,0,0,20480,4,3,5
2198,72,98,1,0,3308,3626,3085,3830,21041,20418,17633,17383,0,0,20479,4,4,4
2199,72,97,1,0,3312,3626,3073,3839,20974,20446,17641,17428,0,0,20486,2,2,4
2200,72,96,1,1,3315,3618,3084,3833,21093,20383,17765,17436,0,0,20478,4,3,4
2201,72,95,1,0,3308,3615,3076,3828,20937,20324,17745,17336,0,0,20484,5,2,4
2202,72,98,1,0,3317,3621,3085,3829,21062,20358,17503,17438,0,0,20488,3,5,2
2203,72,98,1,0,3311,3618,3076,3837,21019,20336,17556,17276,0,0,20487,4,4,5
2204,72,96,1,0,3312,3620,3075,3842,21001,20424,17769,17269,0,0,20474,5,5,3
2205,72,98,1,0,3317,3624,3084,3830,20912,20304,17525,17436,0,0,20487,1,2,3
2206,72,96,1,0,3301,3624,3078,3827,20940,20409,17564,17382,0,0,20487,4,5,2
2207,72,96,1,0,3301,3618,3070,3831,21010,20486,17513,17290,0,0,20475,5,2,1
2208,72,95,1,1,3308,3614,3070,3828,20998,20470,17706,17334,0,0,20475,5,5,2
2209,72,97,1,0,3308,3607,3075,3831,20862,20479,17646,17358,0,0,20477,1,1,3
2210,72,94,1,0,3302,3617,3073,3836,20956,20314,17654,17272,0,0,20475,2,5,4
2211,72,97,1,0,3304,3610,3083,3834,20902,20314,17495,17328,0,0,20488,5,5,1
2212,72,95,1,0,3313,3619,3081,3827,21002,20413,17556,17248,0,0,20480,3,4,2
2213,72,97,1,0,3309,3606,3068,3837,20896,20256,17681,17361,0,0,20481,5,1,4
2214,72,97,1,0,3306,3617,3079,3827,20895,20286,17579,17251,0,0,20487,1,2,1
2215,72,96,1,0,3300,3610,3083,3831,20845,20244,17682,17384,1,0,20476,2,3,2
2216,72,98,1,1,3300,3610,3074,3830,20805,20387,17620,17284,0,0,20479,1,3,4
2217,72,95,1,0,3308,3619,3075,3834,20977,20226,17649,17230,0,0,20477,1,1,2
2218,72,94,1,0,3300,3604,3074,3825,20969,20406,17644,17202,0,0,20479,2,2,3
2219,72,98,1,0,3300,3619,3075,3826,20806,20276,17447,17196,0,0,20486,4,3,3
2220,72,98,1,0,3302,3614,3072,3820,20785,20406,17593,17311,0,0,20485,3,4,1
2221,72,97,1,0,3307,3609,3075,3821,20907,20237,17523,17274,0,0,20475,2,3,4
2222,72,95,1,0,3299,3607,3067,3827,20897,20281,17655,17282,0,0,20482,5,4,5
2223,72,95,1,0,3301,3617,3074,3824,20770,20230,17448,17235,0,0,20474,3,2,3
2224,72,96,1,1,3309,3601,3069,3821,20982,20264,17540,17227,0,0,20475,5,5,3
2225,72,98,1,0,3306,3612,3063,3821,20749,20313,17407,17304,0,0,20477,2,3,1
2226,72,98,1,0,3299,3613,3069,3828,20808,20387,17615,17234,0,0,20484,3,2,1
2227,72,97,1,0,3300,3607,3070,3828,20915,20172,17437,17280,0,0,20485,3,2,5
2228,72,98,1,0,3296,3608,3077,3830,20727,20183,17473,17318,0,0,20486,2,3,2
2229,72,98,1,0,3307,3614,3066,3832,20722,20196,17611,17269,0,0,20474,5,5,4
2230,72,97,1,0,3303,3614,3062,3829,20767,20329,17460,17152,0,0,20479,5,1,5
2231,72,94,1,0,3301,3607,3076,3822,20734,20207,17370,17194,0,0,20473,3,3,2
2232,72,96,1,1,3301,3598,3068,3822,20786,20358,17545,17150,0,0,20487,4,4,3
2233,72,97,1,0,3301,3604,3068,3817,20837,20270,17422,17240,0,0,20488,2,1,5
2234,72,97,1,0,3293,3597,3059,3823,20682,20223,17479,17164,0,0,20486,5,5,4
2235,72,95,1,0,3294,3603,3062,3829,20792,20255,17452,17152,0,0,20474,5,1,5
2236,72,94,1,0,3295,3596,3059,3829,20774,20341,17337,17210,0,0,20483,5,3,1
2237,72,98,1,0,3300,3597,3065,3823,20762,20220,17538,17266,0,0,20477,4,4,4
2238,72,96,1,0,3293,3601,3066,3824,20887,20112,17541,17126,0,0,20486,1,3,5
2239,72,97,1,0,3287,3601,3058,3827,20693,20219,17361,17144,0,0,20484,3,3,2
2240,72,96,1,1,3288,3604,3058,3817,20786,20291,17609,17161,1,0,20474,5,2,4
2241,72,98,1,0,3296,3606,3065,3814,20808,20270,17444,17126,0,0,20480,2,1,1
2242,72,94,1,0,3295,3601,3058,3810,20679,20202,17324,17129,0,1,20472,1,4,3
2243,72,94,1,0,3285,3599,3060,3818,20776,20140,17322,17079,0,0,20488,1,4,4
2244,72,95,1,0,3291,3601,3066,3815,20661,20266,17543,17155,0,0,20488,4,3,1
2245,72,98,1,0,3291,3591,3059,3809,20815,20051,17477,17138,0,0,20487,4,3,1
2246,72,95,1,0,3288,3606,3055,3820,20680,20146,17370,17164,0,0,20478,3,4,4
2247,72,98,1,0,3291,3594,3055,3821,20681,20188,17372,17226,0,0,20472,3,2,4
2248,72,94,1,1,3289,3605,3060,3809,20808,20119,17366,17058,0,0,20476,5,3,3
2249,72,97,1,0,3290,3591,3052,3818,20676,20220,17538,17112,0,0,20472,4,1,2
2250,72,97,1,0,3293,3594,3053,3821,20614,20125,17332,17043,0,0,20481,2,2,2
2251,72,96,1,0,3289,3592,3053,3816,20670,20098,17368,17058,0,0,20473,2,1,4
2252,72,97,1,0,3287,3589,3062,3808,20583,20081,17492,17156,0,1,20476,2,3,2
2253,72,97,1,0,3280,3601,3050,3819,20650,20031,17315,17146,0,0,20472,5,4,4
2254,72,95,1,0,3289,3592,3058,3811,20577,20005,17465,17151,0,0,20482,4,2,2
2255,72,96,1,0,3283,3599,3058,3814,20621,20190,17473,17074,0,0,20472,5,4,5
2256,72,97,1,1,3282,3590,3061,3803,20551,20049,17374,17157,0,0,20475,1,2,5
2257,72,94,1,0,3289,3601,3049,3808,20734,20208,17518,17094,0,0,20476,1,3,2
2258,72,97,1,0,3280,3587,3052,3804,20618,20075,17499,17001,0,0,20485,2,5,4
2259,72,96,1,0,3283,3597,3054,3811,20668,19982,17259,17144,0,0,20475,4,3,4
2260,72,95,1,0,3276,3587,3054,3808,20740,20151,17231,17133,0,0,20475,1,4,3
2261,72,96,1,0,3291,3584,3051,3801,20665,20118,17486,17118,0,0,20481,5,4,5
2262,72,98,1,0,3278,3588,3047,3805,20724,20054,17346,16977,0,0,20478,1,4,3
2263,72,98,1,0,3287,3596,3057,3808,20706,20079,17336,16982,0,0,20480,4,4,5
2264,72,97,1,1,3284,3585,3055,3808,20715,20072,17370,16990,0,0,20478,1,2,1
2265,72,97,1,0,3289,3581,3057,3798,20587,20092,17184,17004,0,0,20482,4,2,2
2266,72,97,1,0,3288,3593,3044,3804,20703,19943,17224,17121,1,0,20478,3,5,3
2267,72,96,1,0,3286,3592,3052,3809,20677,20082,17332,16967,0,0,20474,2,2,2
2268,72,96,1,0,3280,3593,3048,3811,20639,19944,17401,17097,0,0,20485,5,4,5
2269,72,98,1,0,3279,3591,3049,3811,20548,20045,17158,16956,0,0,20482,1,5,5
2270,72,94,1,0,3275,3592,3044,3804,20466,20101,17226,16979,0,0,20473,4,4,2
2271,72,97,1,0,3273,3588,3054,3796,20665,19931,17227,17065,0,0,20481,2,3,3
2272,72,98,1,1,3281,3592,3053,3807,20493,20039,17204,17036,0,0,20482,3,2,5
2273,72,94,1,0,3273,3585,3049,3804,20616,20110,17307,16941,0,0,20478,4,3,2
2274,72,95,1,0,3280,3577,3040,3805,20563,19891,17212,16976,0,0,20480,5,3,3
2275,72,95,1,0,3270,3577,3044,3803,20639,19964,17302,17053,0,0,20483,4,3,5
2276,72,94,1,0,3276,3587,3043,3800,20599,20020,17262,17028,0,0,20477,5,1,5
2277,72,96,1,0,3274,3580,3050,3796,20534,19860,17346,17033,0,0,20487,4,5,2
2278,72,94,1,0,3281,3585,3044,3806,20638,19856,17358,17033,0,0,20483,3,3,4
2279,72,97,1,0,3270,3579,3037,3798,20459,19856,17381,16904,0,0,20477,4,4,1
2280,72,98,1,1,3271,3572,3034,3791,20406,20045,17173,17002,0,0,20482,5,1,1
2281,72,96,1,0,3279,3571,3034,3793,20539,20010,17211,16974,0,0,20478,2,1,5
2282,72,96,1,0,3265,3580,3036,3796,20515,19935,17220,16914,0,0,20480,3,3,1
2283,72,95,1,0,3267,3584,3041,3803,20565,19990,17345,16904,0,0,20487,1,4,4
2284,72,95,1,0,3267,3581,3036,3788,20540,19838,17105,16871,0,0,20488,4,5,5
2285,72,97,1,0,3268,3583,3045,3799,20493,19902,17137,17021,0,0,20481,4,3,3
2286,72,98,1,0,3266,3576,3046,3795,20582,20019,17145,16960,0,0,20478,5,5,4
2287,72,98,1,0,3271,3582,3038,3791,20460,19823,17142,16905,0,0,20487,1,1,4
2288,72,97,1,1,3263,3567,3043,3792,20487,19977,17163,16864,0,0,20483,5,5,4
2289,72,95,1,0,3272,3567,3030,3799,20497,19855,17065,16830,0,0,20477,3,5,4
2290,72,97,1,0,3267,3572,3033,3787,20448,19944,17200,16945,0,0,20485,3,3,1
2291,72,96,1,0,3265,3571,3034,3797,20402,19806,17256,16946,0,0,20483,3,5,3
2292,72,97,1,0,3258,3577,3042,3784,20368,19985,17226,16833,0,0,20474,1,5,1
2293,72,97,1,0,3259,3576,3031,3784,20475,19843,17211,16940,0,0,20474,2,3,3
2294,71,97,1,0,3263,3563,3039,3784,20370,19829,17016,16826,0,0,20488,4,5,5
2295,71,97,1,0,3256,3565,3039,3790,20447,19744,17291,16794,0,0,20488,5,1,1
2296,71,95,1,1,3263,3562,3037,3784,20401,19780,17204,16942,0,0,20487,3,2,5
2297,71,94,1,0,3269,3569,3031,3782,20469,19821,17142,16803,1,1,20483,2,5,1
2298,71,97,1,0,3258,3574,3025,3792,20452,19748,17108,16790,0,0,20480,3,4,5
2299,71,98,1,0,3268,3566,3035,3781,20437,19890,17268,16785,0,0,20473,2,1,3
2300,71,96,1,0,3253,3565,3025,3783,20311,19744,17007,16771,0,0,20483,5,2,1
2301,71,98,1,0,3261,3570,3030,3786,20284,19891,17129,16754,0,0,20476,5,3,1
2302,71,98,1,0,3262,3564,3028,3776,20307,19738,17245,16847,0,0,20483,5,4,4
2303,71,98,1,0,3255,3561,3022,3777,20285,19702,16967,16793,0,0,20474,3,3,2
2304,71,97,1,1,3259,3561,3034,3787,20224,19900,17166,16842,0,0,20474,4,1,5
2305,71,95,1,0,3262,3566,3033,3781,20305,19782,17058,16892,0,0,20488,4,4,5
2306,71,96,1,0,3254,3560,3020,3779,20389,19722,17087,16817,0,0,20479,3,3,1
2307,71,95,1,0,3249,3563,3020,3774,20380,19700,16991,16751,0,0,20479,4,2,1
2308,71,97,1,0,3259,3566,3018,3773,20387,19641,17150,16789,0,0,20474,3,5,1
2309,71,97,1,0,3250,3556,3025,3778,20193,19854,17055,16752,0,0,20483,2,5,5
2310,71,95,1,0,3259,3567,3017,3771,20260,19668,17202,16843,0,0,20486,1,5,1
2311,71,97,1,0,3247,3555,3021,3771,20168,19780,16983,16706,0,0,20475,4,5,4
2312,71,95,1,1,3256,3564,3018,3777,20365,19652,17123,16811,0,0,20480,5,5,3
2313,71,95,1,0,3245,3561,3021,3776,20378,19620,17133,16854,0,0,20483,2,2,2
2314,71,96,1,0,3249,3564,3019,3778,20169,19722,17192,16720,0,0,20481,5,5,1
2315,71,96,1,0,3246,3560,3012,3776,20331,19743,17130,16785,0,0,20472,3,3,1
2316,71,96,1,0,3251,3563,3023,3775,20332,19741,16929,16729,0,0,20484,2,5,4
2317,71,98,1,0,3245,3556,3025,3780,20304,19752,16954,16794,0,0,20479,3,1,4
2318,71,94,1,0,3239,3550,3014,3765,20144,19769,16971,16693,0,0,20476,5,1,5
2319,71,98,1,0,3251,3545,3020,3763,20339,19701,16960,16729,0,0,20477,2,5,4
2320,71,95,1,1,3241,3546,3016,3775,20112,19579,16984,16695,0,0,20482,5,3,1
2321,71,98,1,0,3242,3544,3011,3764,20309,19744,16859,16649,0,0,20486,1,5,4
2322,71,95,1,0,3245,3553,3007,3761,20322,19549,16955,16799,0,0,20484,2,4,2
2323,71,97,1,0,3238,3542,3019,3762,20191,19673,17111,16689,0,0,20472,3,4,3
2324,71,96,1,0,3243,3545,3017,3763,20107,19638,16887,16627,0,0,20482,4,1,1
2325,71,97,1,0,3235,3547,3003,3760,20112,19576,16987,16660,1,0,20481,5,3,1
2326,71,95,1,0,3244,3555,3013,3761,20270,19625,17017,16681,0,0,20475,5,5,4
2327,71,98,1,0,3242,3542,3014,3771,20082,19529,16866,16735,0,0,20482,5,2,3
2328,71,98,1,1,3239,3541,3007,3756,20085,19650,16830,16593,0,0,20474,4,2,1
2329,71,95,1,0,3241,3538,3001,3768,20046,19537,17070,16588,0,0,20485,2,4,2
2330,71,97,1,0,3240,3542,3008,3769,20043,19535,17092,16751,0,0,20485,5,3,4
2331,71,98,1,0,3243,3544,3004,3757,20250,19476,16968,16750,0,0,20484,5,3,1
2332,71,95,1,0,3238,3548,2999,3762,20243,19499,16944,16592,0,0,20475,1,2,2
2333,71,96,1,0,3231,3547,3005,3752,20125,19525,16787,16710,0,0,20480,2,3,2
2334,71,95,1,0,3229,3546,2996,3753,20041,19538,16889,16568,0,0,20483,5,3,3
2335,71,96,1,0,3226,3538,2997,3756,20224,19483,16762,16705,0,1,20484,1,4,1
2336,71,95,1,1,3225,3542,3000,3761,20136,19637,17042,16603,0,0,20485,5,1,2
2337,71,97,1,0,3228,3543,3006,3755,20192,19436,16868,16633,0,0,20484,5,2,4
2338,71,97,1,0,3226,3534,3008,3756,20028,19655,16812,16670,0,0,20475,3,3,3
2339,71,96,1,0,3237,3533,3007,3759,20134,19524,16789,16617,0,0,20484,5,3,1
2340,71,97,1,0,3222,3542,2991,3748,19971,19411,16772,16565,0,0,20487,1,4,5
2341,71,94,1,0,3223,3541,2996,3752,20155,19592,16925,16522,0,0,20486,3,1,1
2342,71,96,1,0,3230,3527,2993,3758,20008,19568,16822,16559,0,0,20484,2,4,5
2343,71,98,1,0,3227,3531,2999,3745,20059,19555,16749,16627,0,0,20482,4,3,2
2344,71,95,1,1,3222,3537,3002,3748,19954,19379,16747,16627,0,0,20474,4,3,4
2345,71,97,1,0,3217,3525,3002,3750,19921,19499,16704,16484,0,0,20488,2,3,5
2346,71,98,1,0,3229,3524,2989,3753,19991,19397,16770,16619,0,0,20479,3,2,2
2347,71,97,1,0,3220,3526,2998,3744,19994,19535,16810,16495,0,0,20485,5,2,1
2348,71,96,1,0,3215,3538,2994,3754,19979,19347,16769,16593,0,0,20476,1,4,2
2349,71,98,1,0,3217,3534,2994,3752,19976,19504,16793,16616,0,0,20485,1,1,5
2350,71,96,1,0,3213,3531,2988,3746,20026,19526,16866,16618,0,0,20474,5,2,2
2351,71,96,1,0,3219,3535,2995,3749,20044,19333,16707,16463,0,0,20487,5,2,3
2352,71,97,1,1,3212,3528,2988,3741,19970,19484,16817,16533,0,0,20480,3,4,2
2353,71,98,1,0,3213,3519,2984,3738,19909,19324,16767,16604,0,0,20474,4,2,2
2354,71,98,1,0,3221,3526,2991,3747,19955,19351,16887,16602,1,0,20482,3,5,1
2355,71,98,1,0,3222,3524,2979,3734,19943,19296,16868,16545,0,0,20483,4,4,1
2356,71,98,1,0,3223,3522,2989,3737,19960,19394,16673,16492,0,0,20488,1,2,2
2357,71,97,1,0,3219,3521,2990,3736,20058,19500,16738,16545,0,1,20478,2,4,2
2358,71,94,1,0,3220,3519,2977,3747,19968,19310,16684,16460,0,0,20480,2,2,4
2359,71,94,1,0,3207,3524,2983,3735,19947,19339,16726,16521,0,0,20482,4,4,2
2360,71,94,1,1,3210,3527,2981,3736,19903,19276,16605,16476,0,0,20485,4,1,5
2361,71,94,1,0,3206,3524,2989,3744,19864,19263,16838,16470,0,0,20474,4,3,3
2362,71,96,1,0,3217,3524,2974,3743,19825,19401,16838,16549,0,0,20473,2,4,3
2363,71,97,1,0,3203,3510,2973,3740,19902,19326,16697,16431,0,0,20482,5,1,3
2364,71,98,1,0,3215,3522,2971,3734,19983,19423,16782,16464,0,0,20481,5,1,2
2365,71,95,1,0,3200,3509,2970,3739,19788,19299,16724,16370,0,0,20475,2,3,5
2366,71,98,1,0,3215,3510,2971,3737,19788,19387,16824,16363,0,0,20472,3,5,1
2367,71,96,1,0,3211,3518,2983,3736,19753,19332,16815,16416,0,0,20477,1,1,2
2368,71,96,1,1,3211,3515,2971,3735,19754,19244,16814,16338,0,0,20477,5,3,5
2369,71,96,1,0,3198,3505,2973,3729,19740,19260,16569,16505,0,0,20485,2,5,3
2370,71,95,1,0,3196,3516,2966,3732,19809,19366,16545,16433,0,0,20476,1,5,4
2371,71,97,1,0,3201,3504,2969,3725,19746,19266,16664,16399,0,0,20482,3,2,5
2372,71,96,1,0,3195,3510,2968,3726,19902,19373,16645,16391,0,0,20478,3,2,4
2373,71,94,1,0,3200,3501,2964,3727,19859,19351,16740,16385,0,0,20473,3,4,5
2374,71,96,1,0,3207,3507,2976,3717,19809,19382,16531,16323,0,0,20479,3,3,4
2375,71,97,1,0,3197,3503,2961,3731,19868,19280,16675,16286,0,0,20475,1,1,5
2376,71,97,1,1,3198,3511,2970,3726,19866,19220,16686,16387,0,0,20480,2,1,5
2377,71,98,1,0,3199,3499,2961,3716,19842,19295,16661,16327,0,0,20474,4,4,1
2378,71,96,1,0,3189,3504,2971,3727,19754,19117,16752,16315,0,0,20480,2,3,1
2379,71,94,1,0,3188,3496,2958,3722,19698,19162,16624,16268,0,0,20483,2,4,3
2380,71,96,1,0,3198,3493,2964,3720,19776,19215,16517,16321,0,0,20488,4,4,3
2381,71,97,1,0,3197,3504,2970,3710,19771,19271,16462,16308,0,0,20476,1,3,2
2382,71,96,1,0,3197,3502,2955,3724,19833,19277,16579,16328,0,0,20482,2,5,1
2383,71,94,1,0,3188,3505,2958,3713,19710,19118,16605,16282,0,0,20481,3,4,1
2384,71,97,1,1,3185,3500,2958,3707,19707,19133,16584,16276,0,0,20478,1,2,4
2385,71,96,1,0,3193,3489,2963,3720,19737,19125,16568,16259,0,0,20477,2,1,5
2386,71,97,1,0,3195,3489,2965,3713,19688,19057,16689,16240,0,0,20473,2,4,5
2387,71,95,1,0,3181,3502,2961,3713,19596,19169,16496,16343,0,0,20478,1,2,3
2388,71,94,1,0,3186,3486,2963,3708,19771,19237,16432,16211,0,0,20485,5,5,5
2389,71,97,1,0,3192,3498,2957,3702,19647,19169,16547,16327,0,0,20484,2,2,2
2390,71,98,1,0,3189,3491,2962,3709,19645,19220,16687,16287,0,0,20476,5,5,1
2391,71,95,1,0,3182,3487,2961,3711,19757,19223,16601,16320,0,0,20475,4,2,3
2392,71,94,1,1,3177,3482,2945,3706,19687,19090,16568,16317,0,0,20472,2,5,5
2393,71,95,1,0,3183,3482,2959,3709,19721,19206,16634,16253,0,0,20487,5,1,4
2394,71,97,1,0,3178,3491,2946,3711,19574,19163,16411,16265,0,0,20482,1,1,5
2395,71,94,1,0,3172,3480,2957,3703,19720,19052,16400,16252,0,0,20474,1,3,4
2396,71,96,1,0,3186,3492,2949,3706,19710,19056,16588,16269,0,0,20482,2,5,4
2397,71,97,1,0,3175,3483,2949,3707,19499,19087,16568,16169,0,1,20487,5,1,3
2398,71,96,1,0,3180,3490,2942,3704,19615,19014,16394,16260,0,0,20488,5,3,3
2399,71,94,1,0,3178,3484,2945,3705,19706,19161,16570,16204,1,0,20472,3,2,5
2400,71,96,1,1,3179,3488,2936,3704,19673,19138,16524,16137,0,0,20476,5,1,4
2401,71,96,1,0,3176,3484,2951,3699,19655,18986,16579,16205,0,0,20473,4,2,4
2402,71,97,1,0,3168,3476,2946,3702,19543,18982,16361,16158,0,0,20475,3,3,2
2403,71,94,1,0,3169,3485,2945,3704,19587,18970,16597,16189,0,0,20477,1,5,4
2404,71,97,1,0,3166,3484,2947,3690,19517,19005,16486,16099,0,0,20475,5,5,3
2405,71,98,1,0,3176,3476,2945,3686,19615,19037,16501,16089,0,0,20486,3,2,5
2406,71,95,1,0,3166,3468,2936,3688,19510,18961,16384,16085,0,0,20474,1,5,2
2407,71,95,1,0,3172,3477,2942,3687,19560,18914,16321,16079,0,0,20485,1,4,4
2408,71,95,1,1,3169,3480,2937,3692,19458,19011,16381,16235,0,0,20474,5,3,1
2409,71,94,1,0,3170,3473,2933,3682,19499,19002,16402,16144,0,0,20478,2,3,2
2410,71,97,1,0,3168,3475,2930,3682,19566,18950,16289,16218,0,0,20484,1,2,5
2411,71,98,1,0,3158,3473,2932,3685,19479,18932,16241,16044,0,0,20487,1,2,3
2412,71,96,1,0,3170,3475,2925,3682,19442,19040,16368,16084,0,0,20474,2,4,3
2413,71,96,1,0,3166,3472,2929,3688,19367,18890,16260,16135,0,0,20474,5,5,3
2414,71,98,1,0,3152,3475,2934,3683,19451,18905,16363,16082,0,0,20478,1,4,3
2415,71,96,1,0,3160,3466,2935,3687,19515,18939,16308,16052,0,0,20483,2,5,2
2416,71,94,1,1,3155,3461,2923,3676,19548,18928,16348,16022,1,0,20487,3,1,2
2417,71,97,1,0,3149,3456,2933,3686,19522,18802,16461,16074,0,0,20488,3,4,4
2418,71,98,1,0,3153,3465,2933,3683,19464,18943,16467,16012,0,0,20488,5,3,4
2419,71,96,1,0,3161,3465,2927,3683,19387,18987,16199,16113,0,0,20473,4,4,1
2420,71,96,1,0,3149,3463,2925,3684,19300,18829,16441,15987,0,1,20480,3,5,5
2421,71,97,1,0,3156,3463,2929,3680,19457,18915,16427,16124,0,0,20481,3,1,1
2422,71,96,1,0,3151,3466,2923,3681,19484,18948,16426,16007,0,0,20483,1,2,5
2423,71,97,1,0,3149,3456,2926,3679,19315,18919,16288,16095,0,0,20483,4,2,1
2424,71,98,1,1,3141,3459,2926,3672,19338,18769,16440,15984,0,0,20485,5,5,5
2425,71,95,1,0,3154,3461,2916,3678,19383,18726,16227,16000,0,0,20486,2,4,2
2426,71,95,1,0,3153,3449,2915,3679,19369,18882,16235,16028,0,0,20481,1,2,2
2427,71,94,1,0,3147,3450,2920,3674,19380,18709,16149,16003,0,0,20472,5,2,4
2428,71,94,1,0,3150,3447,2910,3674,19461,18877,16170,15937,0,0,20478,5,3,4
2429,71,97,1,0,3151,3448,2914,3672,19412,18719,16284,16067,0,0,20475,4,2,4
2430,71,98,1,0,3149,3450,2911,3675,19431,18812,16170,15942,0,0,20488,2,2,4
2431,71,97,1,0,3137,3448,2917,3670,19433,18802,16385,15910,0,0,20485,1,1,2
2432,71,97,1,1,3138,3442,2914,3671,19246,18854,16167,16057,0,0,20473,3,1,4
2433,71,98,1,0,3140,3447,2905,3669,19185,18763,16172,15981,0,0,20487,2,3,5
2434,71,98,1,0,3130,3448,2900,3656,19211,18808,16176,15912,0,0,20483,1,4,5
2435,71,98,1,0,3133,3450,2909,3654,19362,18826,16344,15862,0,0,20486,2,4,1
2436,70,95,1,0,3136,3435,2900,3655,19289,18708,16177,15900,0,0,20475,5,2,2
2437,70,94,1,0,3142,3435,2908,3667,19252,18756,16131,15932,0,0,20479,5,4,4
2438,70,95,1,0,3132,3434,2903,3656,19219,18677,16109,15982,0,0,20472,2,3,3
2439,70,98,1,0,3131,3447,2906,3663,19270,18638,16071,15906,0,0,20480,1,3,4
2440,70,98,1,1,3139,3433,2906,3662,19222,18597,16052,15855,0,0,20475,4,3,2
2441,70,96,1,0,3122,3441,2901,3657,19217,18743,16066,15992,0,0,20475,3,1,1
2442,70,96,1,0,3134,3430,2897,3647,19318,18597,16297,15916,0,0,20487,1,4,5
2443,70,94,1,0,3124,3432,2893,3647,19308,18632,16298,15858,1,0,20485,5,2,3
2444,70,96,1,0,3132,3435,2892,3644,19162,18634,16206,15952,0,0,20488,1,3,2
2445,70,98,1,0,3133,3430,2891,3642,19106,18782,16021,15953,0,0,20488,4,4,4
2446,70,95,1,0,3118,3438,2901,3641,19066,18763,16120,15884,0,0,20484,2,3,3
2447,70,98,1,0,3119,3430,2891,3655,19114,18736,16101,15866,0,0,20486,4,2,2
2448,70,97,1,1,3126,3423,2886,3652,19175,18637,16127,15774,0,0,20486,2,4,3
2449,70,94,1,0,3121,3425,2889,3638,19091,18576,15975,15842,0,0,20487,1,2,3
2450,70,98,1,0,3125,3425,2890,3651,19239,18671,16220,15761,0,0,20485,3,3,5
2451,70,94,1,0,3125,3432,2890,3648,19039,18615,16176,15775,0,0,20482,3,1,4
2452,70,94,1,0,3114,3418,2880,3643,19217,18594,16158,15836,0,1,20481,2,1,4
2453,70,96,1,0,3121,3431,2891,3648,19159,18490,16064,15751,0,0,20475,4,3,4
2454,70,94,1,0,3110,3419,2879,3637,19043,18636,16139,15880,0,0,20474,4,3,4
2455,70,94,1,0,3111,3418,2886,3638,19011,18595,16094,15805,0,0,20480,4,3,5
2456,70,96,1,1,3115,3425,2877,3632,18993,18638,15993,15835,0,0,20485,3,1,5
2457,70,97,1,0,3106,3420,2885,3632,18977,18511,16088,15768,0,0,20488,2,3,4
2458,70,98,1,0,3107,3425,2874,3635,19099,18605,15946,15813,0,0,20478,4,5,2
2459,70,95,1,0,3105,3424,2873,3627,19165,18525,16045,15738,0,0,20483,3,5,2
2460,70,97,1,0,3100,3417,2881,3625,18960,18418,16032,15685,0,0,20483,5,5,1
2461,70,97,1,0,3106,3413,2878,3635,19158,18411,15945,15725,0,0,20477,2,1,1
2462,70,96,1,0,3101,3420,2873,3638,19137,18426,15910,15686,0,0,20473,1,3,4
2463,70,94,1,0,3112,3406,2871,3629,19033,18561,15943,15772,0,0,20488,2,2,4
2464,70,96,1,1,3101,3414,2871,3631,19047,18463,15877,15708,0,0,20475,1,2,1
2465,70,98,1,0,3098,3411,2868,3622,18982,18442,15953,15715,0,0,20482,2,5,3
2466,70,98,1,0,3099,3409,2863,3620,18988,18581,16016,15634,0,0,20479,1,1,3
2467,70,95,1,0,3099,3409,2870,3617,18862,18348,15991,15627,0,0,20478,1,1,3
2468,70,97,1,0,3100,3411,2875,3619,19072,18400,15885,15671,0,0,20487,5,3,2
2469,70,98,1,0,3099,3411,2858,3619,18993,18413,15813,15763,0,0,20473,4,2,2
2470,70,96,1,0,3091,3410,2857,3621,18866,18322,15903,15724,0,0,20474,3,5,4
2471,70,94,1,0,3086,3396,2871,3616,18883,18317,15966,15658,0,0,20477,4,1,2
2472,70,95,1,1,3094,3394,2870,3612,18983,18534,15797,15754,1,0,20482,2,4,2
2473,70,97,1,0,3094,3392,2865,3619,18973,18478,15802,15643,0,0,20481,1,4,5
2474,70,97,1,0,3097,3390,2862,3614,18903,18304,15830,15612,0,0,20483,3,2,2
2475,70,97,1,0,3095,3403,2853,3621,18887,18494,15951,15724,0,0,20479,5,4,4
2476,70,97,1,0,3086,3390,2865,3609,18965,18308,15874,15546,0,0,20474,3,2,2
2477,70,98,1,0,3093,3399,2848,3614,18888,18353,15904,15602,0,1,20476,3,3,3
2478,70,95,1,0,3078,3396,2852,3604,18953,18288,15954,15705,0,0,20482,3,4,3
2479,70,96,1,0,3084,3385,2850,3606,18774,18449,15896,15584,0,0,20473,2,4,4
2480,70,96,1,1,3078,3386,2845,3604,18906,18373,15753,15620,0,0,20478,3,1,5
2481,70,94,1,0,3074,3390,2852,3605,18951,18391,15931,15668,0,0,20479,3,1,1
2482,70,96,1,0,3088,3383,2857,3599,18783,18298,15700,15541,0,0,20479,4,4,3
2483,70,98,1,0,3085,3378,2852,3602,18730,18312,15839,15512,0,0,20484,4,5,4
2484,70,96,1,0,3078,3389,2848,3601,18904,18277,15891,15507,0,0,20474,5,3,4
2485,70,96,1,0,3078,3377,2838,3597,18797,18216,15868,15617,0,0,20473,1,4,4
2486,70,97,1,0,3071,3376,2843,3604,18836,18344,15827,15495,0,0,20488,4,2,5
2487,70,96,1,0,3081,3383,2847,3591,18677,18300,15694,15503,0,0,20485,1,5,5
2488,70,95,1,1,3071,3378,2845,3600,18794,18163,15870,15618,0,0,20478,5,5,3
2489,70,95,1,0,3076,3378,2841,3592,18833,18153,15647,15491,0,0,20475,5,5,2
2490,70,97,1,0,3065,3380,2842,3593,18688,18148,15750,15535,0,0,20488,5,2,4
2491,70,96,1,0,3076,3382,2843,3601,18751,18247,15733,15522,0,0,20481,2,5,1
2492,70,96,1,0,3059,3374,2833,3593,18685,18306,15826,15470,0,0,20475,4,1,1
2493,70,96,1,0,3062,3365,2842,3584,18678,18309,15768,15453,0,0,20486,3,3,1
2494,70,95,1,0,3061,3372,2826,3593,18728,18331,15773,15403,0,0,20484,4,5,5
2495,70,96,1,0,3071,3363,2832,3584,18749,18184,15698,15424,0,0,20488,3,1,5
2496,70,97,1,1,3061,3370,2832,3579,18720,18294,15580,15398,0,0,20480,2,5,2
2497,70,97,1,0,3066,3374,2824,3585,18597,18170,15634,15527,0,1,20480,1,5,2
2498,70,95,1,0,3055,3370,2831,3584,18617,18141,15589,15459,0,0,20472,3,1,2
2499,70,94,1,0,3060,3364,2825,3589,18600,18159,15686,15483,0,0,20478,3,3,3
2500,70,94,1,0,3057,3363,2821,3585,18742,18102,15603,15502,0,0,20476,3,5,2
2501,70,97,1,0,3059,3366,2826,3580,18689,18050,15626,15385,0,0,20480,3,4,3
2502,70,96,1,0,3062,3353,2820,3574,18599,18232,15794,15386,0,0,20473,3,5,4
2503,70,97,1,0,3059,3355,2826,3576,18730,18233,15608,15348,1,0,20478,2,1,4
2504,70,94,1,1,3045,3366,2813,3576,18622,18200,15627,15342,0,0,20486,3,3,2
2505,70,98,1,0,3042,3361,2813,3576,18582,18028,15723,15347,0,0,20485,3,3,5
2506,70,97,1,0,3046,3361,2816,3577,18708,18101,15507,15370,0,0,20488,1,3,5
2507,70,94,1,0,3042,3352,2823,3578,18599,18175,15594,15386,0,0,20477,3,3,2
2508,70,98,1,0,3038,3345,2809,3577,18532,18036,15699,15292,0,0,20483,4,5,4
2509,70,98,1,0,3037,3344,2806,3569,18527,18049,15748,15286,0,0,20474,2,2,5
2510,70,94,1,0,3035,3353,2817,3574,18589,17945,15706,15428,0,0,20488,1,3,5
2511,70,96,1,0,3040,3344,2806,3574,18543,18112,15735,15268,0,0,20480,3,3,2
2512,70,98,1,1,3048,3348,2806,3557,18462,18131,15442,15416,0,0,20484,4,4,5
2513,70,97,1,0,3040,3347,2812,3562,18646,18013,15644,15372,0,0,20475,3,4,2
2514,70,97,1,0,3040,3347,2810,3570,18619,18048,15493,15299,0,0,20472,5,2,2
2515,70,98,1,0,3043,3337,2799,3562,18476,18016,15529,15381,0,0,20480,2,3,4
2516,70,97,1,0,3041,3337,2802,3567,18585,17944,15498,15312,0,0,20480,3,5,4
2517,70,96,1,0,3027,3338,2811,3565,18500,17955,15506,15248,0,0,20486,1,1,3
2518,70,94,1,0,3027,3334,2800,3550,18473,17916,15581,15346,0,0,20488,3,3,5
2519,70,98,1,0,3026,3333,2802,3557,18431,18011,15630,15239,0,0,20476,4,1,4
2520,70,97,1,1,3023,3342,2807,3562,18363,17842,15414,15233,0,0,20487,5,2,3
2521,70,97,1,0,3032,3343,2797,3556,18445,17906,15628,15324,0,0,20477,3,4,2
2522,70,98,1,0,3020,3331,2799,3555,18327,18014,15550,15251,0,0,20475,2,2,2
2523,70,98,1,0,3020,3336,2791,3542,18417,17936,15421,15288,0,0,20475,3,1,2
2524,70,94,1,0,3021,3331,2788,3542,18373,17947,15422,15247,0,0,20479,2,2,4
2525,70,96,1,0,3027,3322,2789,3550,18379,17893,15399,15185,0,0,20485,3,1,4
2526,70,96,1,0,3018,3325,2787,3543,18364,17954,15537,15237,0,0,20482,4,2,2
2527,70,96,1,0,3019,3333,2797,3548,18464,17971,15457,15273,0,0,20480,5,3,1
2528,70,95,1,1,3022,3325,2788,3540,18290,17895,15370,15243,0,1,20478,5,1,2
2529,70,96,1,0,3022,3320,2781,3546,18260,17824,15350,15194,0,0,20487,2,1,2
2530,70,95,1,0,3014,3330,2780,3545,18247,17841,15562,15194,0,0,20482,5,3,5
2531,70,94,1,0,3007,3316,2778,3546,18442,17811,15553,15147,0,0,20473,2,2,2
2532,70,95,1,0,3008,3325,2774,3532,18264,17931,15558,15248,0,0,20483,5,2,5
2533,70,95,1,0,3019,3314,2780,3542,18366,17754,15272,15100,0,0,20481,4,2,2
2534,70,98,1,0,3004,3315,2787,3527,18279,17789,15383,15149,0,0,20488,5,3,3
2535,69,95,1,0,3014,3307,2776,3537,18329,17749,15395,15064,0,0,20487,4,2,5
2536,69,96,1,1,3014,3314,2776,3525,18309,17913,15359,15217,0,0,20484,1,1,2
2537,69,97,1,0,3000,3319,2772,3532,18298,17803,15423,15200,0,0,20480,5,1,2
2538,69,95,1,0,3004,3316,2771,3528,18326,17685,15239,15160,0,0,20487,3,5,5
2539,69,94,1,0,3000,3309,2778,3524,18357,17733,15325,15048,0,0,20481,4,4,3
2540,69,98,1,0,2997,3301,2777,3518,18284,17755,15435,15130,0,0,20482,3,1,5
2541,69,96,1,0,2997,3310,2768,3521,18337,17862,15378,15023,0,0,20480,5,3,5
2542,69,97,1,0,2996,3306,2760,3515,18177,17788,15192,15006,0,0,20475,2,2,3
2543,69,94,1,0,2989,3302,2767,3519,18260,17735,15310,15022,0,0,20476,5,4,1
2544,69,94,1,1,2996,3306,2759,3520,18324,17696,15167,15066,0,0,20488,3,2,3
2545,69,97,1,0,2998,3295,2771,3517,18257,17611,15457,15096,0,0,20486,4,4,4
2546,69,95,1,0,2989,3302,2759,3522,18100,17686,15230,15115,0,0,20485,4,1,1
2547,69,94,1,0,2996,3301,2759,3520,18089,17634,15404,15073,0,0,20476,3,3,3
2548,69,96,1,0,2981,3294,2756,3506,18117,17576,15381,14951,1,0,20478,2,1,5
2549,69,95,1,0,2993,3300,2765,3507,18082,17567,15350,14971,0,0,20480,3,2,5
2550,69,96,1,0,2991,3296,2762,3513,18203,17736,15310,15008,0,0,20477,2,5,1
2551,69,98,1,0,2988,3284,2752,3512,18205,17546,15207,14984,0,0,20483,2,2,5
2552,69,98,1,1,2991,3295,2755,3509,18095,17738,15283,14936,0,0,20478,3,5,5
2553,69,97,1,0,2985,3284,2754,3510,18043,17664,15274,15012,0,0,20484,4,5,3
2554,69,95,1,0,2984,3292,2742,3512,18062,17528,15112,14982,0,0,20482,2,1,4
2555,69,95,1,0,2986,3283,2756,3505,18194,17537,15171,14957,0,0,20480,1,4,5
2556,69,97,1,0,2969,3278,2753,3494,18146,17552,15078,14916,0,0,20475,1,1,4
2557,69,94,1,0,2968,3280,2745,3505,18149,17688,15282,14904,0,0,20487,1,2,5
2558,69,95,1,0,2968,3275,2738,3499,18109,17603,15167,15001,0,0,20479,3,3,4
2559,69,94,1,0,2978,3280,2746,3504,17954,17580,15313,15016,0,0,20476,3,1,4
2560,69,95,1,1,2963,3278,2747,3502,18089,17571,15291,14926,0,0,20475,1,3,2
2561,69,95,1,0,2973,3277,2745,3495,18087,17446,15142,14841,0,0,20475,4,3,4
2562,69,94,1,0,2961,3270,2731,3498,17917,17415,15010,14842,0,0,20486,1,3,5
2563,69,95,1,0,2970,3274,2736,3498,18073,17601,15296,14977,0,0,20488,1,1,4
2564,69,94,1,0,2972,3278,2742,3486,18017,17518,15178,14951,0,0,20486,1,3,5
2565,69,98,1,0,2958,3265,2730,3483,18010,17409,15208,14803,0,0,20479,2,3,5
2566,69,97,1,0,2954,3268,2733,3493,17943,17601,15040,14785,0,0,20473,2,3,2
2567,69,94,1,0,2958,3261,2727,3486,18018,17530,15211,14791,0,0,20475,1,4,4
2568,69,94,1,1,2951,3267,2732,3480,18059,17432,15075,14779,0,0,20472,1,2,2
2569,69,98,1,0,2951,3267,2719,3486,18053,17389,15155,14916,0,0,20474,3,4,4
2570,69,94,1,0,2953,3269,2726,3473,17831,17456,15104,14780,0,1,20476,4,4,5
2571,69,96,1,0,2960,3254,2730,3471,17890,17533,15057,14880,0,0,20472,3,3,1
2572,69,98,1,0,2959,3257,2721,3476,17794,17346,15114,14746,0,0,20479,3,5,2
2573,69,98,1,0,2945,3263,2726,3473,17807,17316,15191,14867,0,0,20486,2,5,2
2574,69,98,1,0,2942,3263,2714,3466,17950,17480,15022,14722,0,0,20476,3,4,1
2575,69,98,1,0,2944,3250,2720,3470,17851,17289,15028,14783,0,0,20473,2,5,4
2576,69,95,1,1,2945,3246,2708,3475,17930,17481,14960,14773,0,0,20477,2,2,3
2577,69,95,1,0,2943,3260,2709,3462,17972,17351,15139,14748,1,0,20474,3,2,2
2578,69,97,1,0,2938,3250,2711,3463,17852,17412,15017,14735,0,0,20477,5,3,1
2579,69,98,1,0,2945,3250,2705,3469,17750,17345,15125,14743,0,0,20484,1,3,1
2580,69,95,1,0,2932,3246,2710,3462,17942,17291,14885,14691,0,0,20482,1,3,1
2581,69,97,1,0,2935,3246,2711,3470,17804,17266,15015,14778,0,0,20481,5,4,1
2582,69,97,1,0,2942,3248,2703,3455,17759,17261,14985,14798,0,0,20473,2,1,1
2583,69,97,1,0,2933,3250,2704,3465,17696,17422,14915,14805,0,0,20477,1,1,2
2584,69,94,1,1,2941,3247,2697,3453,17806,17294,14885,14682,0,0,20472,5,1,2
2585,69,98,1,0,2936,3234,2705,3459,17703,17323,14890,14783,0,0,20474,4,1,1
2586,69,98,1,0,2923,3245,2699,3458,17800,17291,14951,14700,0,0,20472,4,3,2
2587,69,94,1,0,2936,3233,2704,3455,17644,17268,14885,14716,0,0,20482,2,2,2
2588,69,98,1,0,2926,3229,2696,3458,17846,17238,14889,14735,0,0,20473,4,4,5
2589,69,97,1,0,2919,3238,2693,3452,17766,17203,15026,14662,0,0,20473,4,4,1
2590,69,95,1,0,2925,3231,2688,3445,17741,17201,14806,14726,0,0,20484,4,4,1
2591,69,94,1,0,2922,3231,2692,3448,17719,17137,14942,14725,0,0,20474,4,2,1
2592,69,95,1,1,2913,3227,2688,3443,17786,17252,14729,14644,0,0,20479,4,5,3
2593,69,96,1,0,2926,3228,2689,3444,17726,17258,14806,14556,0,0,20473,3,5,5
2594,69,95,1,0,2918,3220,2681,3442,17573,17108,14958,14596,1,0,20482,5,3,2
2595,69,95,1,0,2915,3223,2682,3436,17607,17270,14912,14615,0,0,20472,1,2,4
2596,69,94,1,0,2914,3221,2692,3447,17705,17137,14695,14616,0,0,20472,1,3,1
2597,69,94,1,0,2915,3221,2690,3437,17643,17096,14820,14568,0,0,20475,2,5,4
2598,69,98,1,0,2912,3216,2682,3428,17531,17156,14746,14608,0,0,20479,5,1,3
2599,69,98,1,0,2909,3210,2671,3437,17719,17051,14961,14536,0,0,20476,1,5,4
2600,69,96,1,1,2901,3215,2681,3436,17600,17038,14940,14626,0,0,20483,4,5,1
2601,69,97,1,0,2902,3209,2668,3439,17555,17224,14886,14505,0,0,20485,4,4,5
2602,69,96,1,0,2903,3207,2666,3436,17571,16983,14920,14612,0,0,20488,1,1,2
2603,69,94,1,0,2908,3204,2670,3430,17489,17096,14726,14603,0,0,20478,1,4,1
2604,69,96,1,0,2909,3202,2675,3423,17533,17031,14757,14575,0,0,20472,2,2,2
2605,69,96,1,0,2894,3204,2669,3429,17504,17100,14747,14577,0,1,20486,1,4,5
2606,69,97,1,0,2906,3201,2660,3421,17430,17073,14867,14421,0,0,20473,3,4,1
2607,69,96,1,0,2891,3198,2667,3420,17617,17113,14664,14410,0,0,20480,2,3,2
2608,69,96,1,1,2893,3207,2664,3414,17450,16942,14626,14527,0,0,20472,2,2,3
2609,69,94,1,0,2899,3205,2657,3425,17515,16990,14691,14469,0,0,20475,2,5,5
2610,69,94,1,0,2887,3196,2662,3410,17550,17019,14853,14482,0,0,20474,2,3,1
2611,69,96,1,0,2888,3203,2663,3416,17585,16901,14673,14469,1,0,20484,1,1,1
2612,69,94,1,0,2896,3195,2656,3410,17394,17028,14662,14386,0,0,20472,2,2,4
2613,69,97,1,0,2885,3193,2649,3408,17433,16891,14605,14369,0,0,20483,5,3,3
2614,69,97,1,0,2890,3188,2649,3417,17394,16919,14592,14391,0,0,20486,4,4,4
2615,69,96,1,0,2878,3190,2655,3415,17502,16883,14788,14459,0,0,20474,3,1,3
2616,69,95,1,1,2886,3191,2643,3400,17506,16993,14509,14382,0,0,20477,2,1,3
2617,68,94,1,0,2882,3184,2644,3402,17454,17042,14625,14484,0,0,20474,5,4,3
2618,68,95,1,0,2871,3181,2651,3409,17475,16898,14617,14436,0,0,20479,5,3,4
2619,68,97,1,0,2870,3179,2644,3402,17283,16940,14743,14464,0,1,20481,1,5,1
2620,68,95,1,0,2872,3180,2639,3392,17458,16852,14514,14325,0,0,20484,5,1,4
2621,68,94,1,0,2879,3185,2640,3399,17452,16897,14545,14334,0,0,20480,5,2,4
2622,68,97,1,0,2866,3176,2641,3402,17260,16859,14448,14321,0,0,20486,3,3,2
2623,68,98,1,0,2872,3174,2638,3399,17377,16953,14481,14355,0,0,20482,3,5,5
2624,68,94,1,1,2865,3177,2635,3395,17293,16903,14494,14387,0,0,20485,2,4,1
2625,68,95,1,0,2872,3172,2639,3388,17416,16847,14574,14298,0,0,20475,4,5,4
2626,68,95,1,0,2871,3171,2632,3394,17369,16943,14618,14328,0,0,20487,4,1,3
2627,68,94,1,0,2865,3174,2640,3386,17289,16750,14578,14383,0,0,20485,3,2,4
2628,68,98,1,0,2859,3169,2637,3389,17252,16797,14389,14375,0,0,20483,5,1,1
2629,68,95,1,0,2862,3174,2624,3385,17361,16826,14463,14358,0,0,20474,2,5,1
2630,68,97,1,0,2852,3172,2635,3382,17151,16867,14637,14314,0,0,20477,5,2,4
2631,68,94,1,0,2854,3161,2625,3388,17148,16726,14368,14282,0,0,20483,1,2,4
2632,68,98,1,1,2854,3166,2622,3377,17131,16684,14546,14188,0,0,20477,5,5,2
2633,68,98,1,0,2848,3164,2628,3378,17156,16773,14578,14198,0,0,20485,5,3,1
2634,68,94,1,0,2844,3158,2619,3380,17258,16698,14522,14277,0,0,20475,3,5,2
2635,68,96,1,0,2852,3161,2612,3376,17122,16759,14319,14265,0,0,20473,5,1,5
2636,68,94,1,0,2849,3150,2618,3374,17173,16679,14450,14260,0,0,20485,4,1,3
2637,68,95,1,0,2839,3156,2611,3366,17132,16776,14548,14142,0,0,20482,4,2,1
2638,68,97,1,0,2842,3149,2607,3362,17255,16795,14412,14147,0,0,20484,4,3,1
2639,68,95,1,0,2842,3150,2606,3363,17244,16652,14556,14206,0,0,20479,2,2,3
2640,68,97,1,1,2832,3151,2606,3366,17028,16759,14427,14187,0,0,20480,1,2,3
2641,68,94,1,0,2846,3140,2605,3371,17058,16561,14387,14181,0,0,20483,4,5,3
2642,68,96,1,0,2833,3140,2600,3368,17073,16555,14519,14119,0,0,20484,4,5,5
2643,68,95,1,0,2836,3148,2608,3367,17087,16739,14513,14237,0,0,20481,3,4,4
2644,68,96,1,0,2825,3144,2596,3350,17188,16692,14495,14190,0,0,20479,4,4,3
2645,68,94,1,0,2837,3134,2593,3352,17036,16593,14443,14073,0,0,20483,4,5,4
2646,68,97,1,0,2825,3134,2604,3353,17100,16616,14494,14113,0,0,20483,4,1,5
2647,68,98,1,0,2833,3128,2596,3349,17068,16656,14320,14105,0,0,20483,3,5,1
2648,68,95,1,1,2831,3125,2588,3343,17170,16470,14309,14022,0,0,20473,4,3,5
2649,68,97,1,0,2827,3129,2590,3344,17142,16653,14466,14008,0,0,20472,1,2,1
2650,68,97,1,0,2815,3137,2597,3355,17104,16504,14259,14027,0,0,20476,4,2,1
2651,68,95,1,0,2813,3124,2584,3341,16920,16532,14351,14132,0,0,20481,1,3,5
2652,68,95,1,0,2824,3119,2592,3350,16975,16657,14402,13977,1,0,20484,2,3,4
2653,68,94,1,0,2818,3128,2588,3344,16971,16449,14313,13991,0,0,20473,5,2,5
2654,68,96,1,0,2819,3115,2578,3344,17039,16572,14240,14122,0,0,20478,1,2,3
2655,68,98,1,0,2820,3124,2587,3333,17032,16549,14407,13950,0,0,20482,1,4,2
2656,68,98,1,1,2810,3117,2586,3341,16959,16486,14249,13955,0,0,20479,5,1,1
2657,68,96,1,0,2814,3122,2586,3331,16863,16368,14377,13966,0,0,20478,4,3,3
2658,68,95,1,0,2807,3119,2576,3325,16892,16358,14362,13932,0,0,20477,2,3,2
2659,68,94,1,0,2812,3112,2581,3324,16922,16428,14378,14037,0,1,20481,1,4,4
2660,68,96,1,0,2802,3104,2576,3329,16933,16513,14160,13949,0,0,20481,5,4,2
2661,68,94,1,0,2809,3103,2568,3332,16816,16345,14299,13934,0,0,20478,3,1,3
2662,68,97,1,0,2806,3107,2566,3333,16893,16523,14189,13918,0,0,20485,2,1,1
2663,68,94,1,0,2799,3109,2575,3317,16767,16407,14144,13921,0,0,20482,3,1,2
2664,68,96,1,1,2796,3097,2560,3314,16913,16517,14286,13926,0,0,20477,2,2,1
2665,68,95,1,0,2803,3102,2565,3320,16808,16355,14099,13937,0,0,20488,5,4,3
2666,68,97,1,0,2798,3108,2565,3318,16755,16450,14115,13948,0,0,20484,3,3,5
2667,68,94,1,0,2798,3092,2556,3321,16737,16261,14206,13994,0,0,20475,3,3,3
2668,68,95,1,0,2783,3105,2558,3307,16825,16406,14250,13987,0,0,20482,1,3,2
2669,68,94,1,0,2784,3103,2552,3314,16789,16266,14016,13954,0,0,20473,5,2,5
2670,68,95,1,0,2778,3096,2552,3304,16849,16302,14183,13967,0,0,20483,5,3,3
2671,68,96,1,0,2783,3095,2561,3306,16744,16321,14009,13908,0,0,20479,4,1,3
2672,68,96,1,1,2778,3091,2549,3306,16882,16349,14005,13873,0,0,20477,1,2,3
2673,68,96,1,0,2788,3090,2544,3303,16866,16355,14187,13870,0,0,20484,4,2,1
2674,68,96,1,0,2774,3083,2555,3297,16801,16199,14023,13819,0,0,20484,2,3,3
2675,68,97,1,0,2784,3081,2539,3308,16757,16268,14159,13853,0,0,20487,2,2,1
2676,68,97,1,0,2783,3080,2546,3307,16613,16299,13992,13850,0,1,20488,4,1,4
2677,68,98,1,0,2769,3082,2540,3293,16758,16129,13938,13836,0,0,20481,2,1,4
2678,68,95,1,0,2765,3077,2543,3290,16654,16190,14089,13841,0,0,20484,2,5,5
2679,68,94,1,0,2762,3075,2545,3294,16601,16206,13934,13823,0,0,20474,2,5,2
2680,68,98,1,1,2761,3082,2545,3290,16575,16192,14007,13867,0,0,20476,2,1,2
2681,68,94,1,0,2759,3069,2542,3284,16583,16182,13921,13707,0,0,20476,3,2,1
2682,68,94,1,0,2764,3066,2537,3296,16735,16292,13858,13687,0,0,20479,2,3,1
2683,68,94,1,0,2761,3069,2531,3287,16610,16125,14004,13713,0,0,20485,1,5,2
2684,68,96,1,0,2755,3066,2531,3280,16629,16154,13914,13677,0,0,20480,1,4,3
2685,68,95,1,0,2759,3059,2524,3284,16659,16078,13933,13673,1,0,20473,1,2,1
2686,68,97,1,0,2760,3067,2522,3275,16528,16151,13979,13698,0,0,20480,4,3,2
2687,68,98,1,0,2756,3055,2519,3279,16686,16186,13982,13780,0,0,20476,4,3,3
2688,68,94,1,1,2750,3052,2518,3280,16563,16145,14048,13663,0,0,20479,1,5,3
2689,67,96,1,0,2747,3055,2515,3277,16500,16209,13995,13616,0,0,20478,1,4,1
2690,67,97,1,0,2755,3055,2516,3279,16649,16084,13929,13754,0,0,20482,2,1,5
2691,67,94,1,0,2740,3057,2515,3272,16474,16074,13784,13696,0,0,20481,1,5,3
2692,67,95,1,0,2750,3056,2521,3268,16492,16036,13962,13660,0,0,20476,5,2,3
2693,67,96,1,0,2749,3050,2518,3263,16539,16020,13990,13741,0,0,20479,5,2,4
2694,67,97,1,0,2740,3041,2515,3266,16482,16149,13923,13609,0,0,20479,1,1,5
2695,67,95,1,0,2739,3051,2502,3270,16509,16024,13715,13591,0,0,20480,1,1,2
2696,67,98,1,1,2740,3051,2513,3266,16473,15947,13817,13671,0,0,20481,3,5,3
2697,67,94,1,0,2733,3050,2511,3252,16494,16118,13793,13652,0,0,20486,2,4,2
2698,67,97,1,0,2740,3036,2503,3260,16468,16000,13729,13665,0,0,20482,1,2,5
2699,67,95,1,0,2730,3045,2505,3264,16470,15877,13919,13520,0,0,20484,4,5,4
2700,67,96,1,0,2724,3032,2492,3249,16343,16022,13956,13630,0,0,20483,3,4,4
2701,67,97,1,0,2732,3027,2505,3259,16325,15897,13803,13527,0,0,20482,5,4,2
2702,67,96,1,0,2719,3027,2488,3252,16310,15898,13829,13614,0,0,20475,1,5,4
2703,67,94,1,0,2721,3035,2496,3250,16405,16006,13880,13461,1,0,20477,4,4,3
2704,67,96,1,1,2730,3027,2484,3248,16455,15837,13738,13516,0,0,20478,3,3,2
2705,67,96,1,0,2714,3031,2484,3242,16380,15953,13904,13522,0,0,20473,3,4,3
2706,67,96,1,0,2723,3025,2481,3248,16267,15886,13872,13464,0,0,20486,3,1,3
2707,67,96,1,0,2710,3026,2491,3238,16361,15836,13855,13492,0,0,20480,4,2,1
2708,67,94,1,0,2715,3015,2482,3238,16301,15953,13741,13543,0,0,20477,2,3,4
2709,67,95,1,0,2707,3026,2484,3231,16347,15767,13661,13446,0,0,20475,2,5,5
2710,67,97,1,0,2717,3023,2485,3230,16325,15876,13599,13408,0,0,20474,2,4,5
2711,67,97,1,0,2713,3017,2474,3241,16270,15785,13715,13414,0,0,20480,2,1,4
2712,67,98,1,1,2705,3015,2484,3230,16183,15790,13730,13468,0,0,20483,2,1,2
2713,67,97,1,0,2703,3009,2474,3223,16325,15878,13666,13512,0,0,20473,2,4,1
2714,67,94,1,0,2702,3010,2467,3226,16130,15694,13650,13428,0,0,20486,1,5,4
2715,67,96,1,0,2708,3014,2464,3221,16316,15828,13647,13497,0,0,20483,4,1,5
2716,67,98,1,0,2691,3003,2462,3221,16161,15842,13622,13412,0,1,20482,2,3,3
2717,67,94,1,0,2691,3008,2471,3218,16125,15743,13563,13366,0,0,20484,4,5,4
2718,67,96,1,0,2697,2999,2458,3226,16234,15704,13766,13387,0,0,20478,3,2,2
2719,67,97,1,0,2687,2999,2455,3225,16064,15766,13609,13328,0,0,20474,5,4,3
2720,67,96,1,1,2693,3000,2458,3214,16226,15639,13557,13337,0,0,20482,4,1,1
2721,67,94,1,0,2694,2989,2462,3220,16074,15726,13509,13444,0,0,20476,4,5,5
2722,67,94,1,0,2685,2987,2461,3206,16096,15765,13554,13282,0,0,20475,2,5,5
2723,67,97,1,0,2681,2988,2461,3208,16223,15742,13671,13352,0,0,20475,3,5,3
2724,67,97,1,0,2678,2996,2451,3206,16210,15669,13548,13404,0,0,20475,2,4,3
2725,67,94,1,0,2683,2994,2446,3200,16066,15653,13414,13270,0,0,20472,2,4,5
2726,67,95,1,0,2671,2986,2445,3205,16001,15579,13656,13386,0,0,20483,3,4,2
2727,67,97,1,0,2679,2981,2451,3209,16017,15679,13569,13229,0,0,20481,2,3,3
2728,67,98,1,1,2682,2983,2443,3200,16147,15552,13518,13222,0,0,20478,2,3,2
2729,67,95,1,0,2678,2975,2436,3195,16163,15599,13454,13203,0,0,20483,1,2,5
2730,67,97,1,0,2673,2983,2443,3192,16136,15631,13513,13349,0,0,20480,1,1,3
2731,67,98,1,0,2674,2973,2445,3192,16110,15673,13409,13246,0,0,20475,4,2,5
2732,67,98,1,0,2663,2982,2433,3186,16073,15609,13551,13223,0,0,20477,4,3,4
2733,67,94,1,0,2672,2966,2432,3196,15913,15531,13345,13314,0,0,20483,1,2,2
2734,67,94,1,0,2655,2966,2431,3186,16078,15603,13475,13197,0,0,20488,2,4,3
2735,67,98,1,0,2653,2964,2426,3180,16045,15465,13422,13258,0,0,20477,3,3,1
2736,67,97,1,1,2660,2962,2431,3183,15919,15564,13292,13169,0,0,20483,4,4,1
2737,67,95,1,0,2663,2968,2430,3185,15920,15545,13273,13235,0,0,20481,4,1,3
2738,67,97,1,0,2657,2964,2427,3183,15860,15457,13335,13098,0,0,20479,1,2,4
2739,67,98,1,0,2655,2965,2421,3176,15943,15596,13269,13129,0,0,20479,4,5,4
2740,67,94,1,0,2643,2962,2416,3179,16009,15356,13293,13112,0,0,20487,1,3,1
2741,67,96,1,0,2646,2962,2413,3170,15803,15446,13376,13153,0,0,20481,4,5,3
2742,67,94,1,0,2654,2946,2414,3169,15807,15407,13362,13161,0,0,20472,3,4,1
2743,67,98,1,0,2652,2954,2406,3168,15875,15326,13376,13151,0,0,20479,1,2,4
2744,67,96,1,1,2649,2950,2413,3160,15971,15390,13368,13162,0,0,20479,4,2,2
2745,67,96,1,0,2634,2953,2405,3158,15896,15488,13389,13025,0,0,20473,3,3,2
2746,67,95,1,0,2640,2952,2400,3157,15890,15284,13368,13173,0,1,20479,5,4,4
2747,67,98,1,0,2639,2951,2407,3162,15893,15382,13300,13168,0,0,20485,2,4,1
2748,67,96,1,0,2642,2949,2400,3160,15838,15260,13213,13013,0,0,20473,2,5,3
2749,67,96,1,0,2637,2946,2399,3162,15819,15481,13359,13089,0,0,20488,5,3,4
2750,67,94,1,0,2631,2943,2392,3150,15709,15308,13339,12982,0,0,20476,1,1,3
2751,67,97,1,0,2626,2934,2391,3157,15752,15418,13158,13059,0,0,20477,2,5,1
2752,67,97,1,1,2618,2931,2389,3148,15834,15408,13331,12953,1,0,20475,4,4,5
2753,67,97,1,0,2618,2929,2399,3144,15641,15408,13318,12983,0,0,20484,3,2,2
2754,66,96,1,0,2621,2934,2390,3148,15608,15419,13342,12940,0,0,20476,2,4,5
2755,66,94,1,0,2619,2928,2395,3150,15662,15292,13070,12974,0,0,20485,1,4,5
2756,66,96,1,0,2624,2924,2381,3135,15642,15212,13284,13050,0,0,20487,5,5,3
2757,66,94,1,0,2617,2923,2388,3146,15698,15289,13307,12971,0,0,20476,5,1,1
2758,66,97,1,0,2621,2917,2381,3137,15631,15286,13149,12926,0,0,20488,1,5,3
2759,66,94,1,0,2619,2912,2376,3139,15672,15205,13270,13009,0,0,20476,4,5,4
2760,66,97,1,1,2604,2910,2371,3133,15615,15156,13205,12928,0,0,20480,4,4,1
2761,66,96,1,0,2602,2915,2374,3137,15750,15244,13186,12993,0,0,20473,4,4,4
2762,66,95,1,0,2603,2907,2375,3137,15634,15267,13164,12992,0,0,20472,1,2,2
2763,66,97,1,0,2599,2908,2369,3122,15584,15149,13203,12887,0,0,20484,3,5,4
2764,66,98,1,0,2599,2915,2363,3120,15700,15209,13232,12990,0,0,20481,1,1,5
2765,66,98,1,0,2591,2899,2365,3129,15489,15162,12996,12974,0,0,20482,1,4,5
2766,66,98,1,0,2592,2903,2369,3124,15628,15237,13012,12878,0,0,20484,2,5,5
2767,66,98,1,0,2594,2906,2365,3117,15617,15067,13151,12834,0,0,20482,2,1,4
2768,66,95,1,1,2590,2906,2370,3121,15464,15088,13122,12837,0,0,20481,5,4,3
2769,66,97,1,0,2587,2890,2358,3116,15443,15133,13093,12791,0,0,20487,4,5,1
2770,66,97,1,0,2590,2888,2366,3119,15397,15126,13127,12803,0,0,20483,3,3,2
2771,66,94,1,0,2581,2891,2351,3104,15466,15005,13127,12798,0,0,20483,5,3,4
2772,66,96,1,0,2582,2885,2359,3103,15494,15063,13040,12737,0,0,20476,5,1,5
2773,66,98,1,0,2587,2889,2356,3111,15535,15002,12907,12847,0,0,20481,3,5,2
2774,66,98,1,0,2585,2890,2357,3111,15344,15087,12892,12795,0,0,20481,5,1,5
2775,66,97,1,0,2582,2887,2354,3102,15404,15143,12969,12746,0,0,20474,4,1,2
2776,66,96,1,1,2584,2879,2353,3102,15407,15119,12997,12703,0,0,20480,3,2,4
2777,66,98,1,0,2566,2886,2336,3106,15382,15096,13107,12800,0,0,20478,4,3,2
2778,66,97,1,0,2576,2871,2336,3090,15374,14955,13104,12730,0,0,20478,3,3,2
2779,66,94,1,0,2566,2875,2343,3089,15306,15040,12962,12788,0,0,20487,4,4,1
2780,66,96,1,0,2562,2876,2329,3090,15332,15005,12798,12679,0,0,20486,5,1,4
2781,66,97,1,0,2558,2878,2341,3086,15284,14895,12856,12648,0,0,20488,5,3,2
2782,66,98,1,0,2559,2869,2337,3082,15307,14870,12908,12675,0,0,20487,3,5,1
2783,66,95,1,0,2555,2869,2324,3090,15446,14884,12801,12736,0,0,20481,3,3,5
2784,66,95,1,1,2552,2860,2331,3085,15437,14965,12835,12744,1,0,20488,1,2,5
2785,66,95,1,0,2558,2870,2322,3078,15237,14958,12954,12657,0,0,20474,5,2,4
2786,66,96,1,0,2549,2859,2325,3073,15259,14869,12920,12740,0,0,20476,2,5,5
2787,66,97,1,0,2552,2865,2319,3072,15229,14854,12944,12699,0,0,20474,5,2,3
2788,66,94,1,0,2555,2855,2312,3079,15282,14856,12931,12656,0,0,20475,5,5,4
2789,66,97,1,0,2549,2853,2324,3072,15271,14947,12793,12617,0,1,20481,4,4,2
2790,66,98,1,0,2541,2852,2322,3066,15349,14789,12757,12645,0,0,20481,3,3,5
2791,66,94,1,0,2537,2846,2317,3071,15328,14916,12863,12667,0,0,20480,1,5,1
2792,66,95,1,1,2547,2851,2309,3064,15233,14785,12709,12597,0,0,20478,1,2,2
2793,66,96,1,0,2534,2842,2314,3071,15245,14833,12696,12594,0,0,20474,3,5,5
2794,66,97,1,0,2544,2843,2302,3054,15175,14835,12701,12602,0,0,20485,5,2,5
2795,66,95,1,0,2534,2850,2312,3061,15122,14785,12646,12587,0,0,20472,4,2,3
2796,66,94,1,0,2534,2840,2300,3055,15266,14735,12728,12472,0,0,20482,1,1,2
2797,66,94,1,0,2524,2835,2297,3054,15154,14782,12720,12565,0,0,20482,1,4,4
2798,66,97,1,0,2526,2844,2293,3051,15191,14634,12758,12466,0,1,20487,5,4,1
2799,66,94,1,0,2524,2830,2299,3050,15110,14621,12572,12530,0,0,20472,2,2,1
2800,66,98,1,1,2531,2826,2295,3041,15018,14700,12764,12488,0,0,20485,3,5,4
2801,66,98,1,0,2525,2834,2293,3047,15095,14754,12576,12430,0,0,20483,3,2,1
2802,66,96,1,0,2526,2826,2282,3041,14983,14632,12713,12516,0,0,20483,1,3,2
2803,66,97,1,0,2525,2821,2286,3046,15142,14688,12640,12442,0,0,20482,4,4,1
2804,66,95,1,0,2519,2827,2290,3035,15104,14620,12769,12451,0,0,20481,5,5,3
2805,66,96,1,0,2513,2815,2278,3041,14940,14737,12628,12403,0,0,20488,4,5,5
2806,66,96,1,0,2519,2820,2281,3032,15143,14706,12498,12350,0,0,20477,4,5,3
2807,66,94,1,0,2513,2823,2273,3026,14917,14503,12595,12334,0,0,20484,3,4,2
2808,66,96,1,1,2504,2819,2278,3025,14994,14695,12699,12474,0,0,20485,5,2,1
2809,66,95,1,0,2507,2810,2269,3034,14870,14488,12726,12371,0,0,20472,1,2,3
2810,66,94,1,0,2501,2803,2271,3022,14872,14492,12571,12331,0,0,20473,5,5,3
2811,66,98,1,0,2501,2814,2262,3031,14852,14647,12703,12327,0,0,20488,2,2,3
2812,66,96,1,0,2502,2809,2265,3019,14874,14613,12659,12277,1,0,20487,2,5,3
2813,65,97,1,0,2503,2798,2260,3028,14954,14463,12545,12435,0,0,20473,2,5,1
2814,65,94,1,0,2492,2802,2271,3022,14979,14518,12463,12286,0,0,20483,2,4,2
2815,65,95,1,0,2485,2797,2262,3020,15000,14537,12604,12305,0,0,20476,1,4,5
2816,65,95,1,1,2485,2791,2266,3009,14976,14416,12602,12309,0,0,20475,4,4,3
2817,65,97,1,0,2479,2792,2263,3009,14798,14552,12489,12289,0,0,20480,1,4,2
2818,65,95,1,0,2492,2797,2248,3016,14963,14509,12501,12212,0,0,20486,1,3,5
2819,65,96,1,0,2490,2790,2244,3012,14825,14510,12541,12201,0,0,20473,2,5,2
2820,65,98,1,0,2479,2785,2251,3001,14944,14513,12370,12294,0,0,20477,5,4,5
2821,65,95,1,0,2474,2785,2241,3008,14870,14528,12433,12215,0,0,20486,5,4,5
2822,65,94,1,0,2473,2788,2253,2998,14845,14400,12435,12341,0,0,20472,2,4,2
2823,65,97,1,0,2476,2773,2248,2996,14735,14396,12588,12204,0,0,20473,1,4,4
2824,65,98,1,1,2470,2780,2245,2995,14688,14327,12321,12302,0,1,20481,4,3,4
2825,65,96,1,0,2469,2770,2246,3002,14749,14472,12415,12251,0,0,20483,3,5,1
2826,65,94,1,0,2474,2780,2242,2993,14866,14261,12358,12295,0,0,20474,5,2,1
2827,65,94,1,0,2458,2764,2232,2993,14856,14283,12365,12215,0,0,20479,3,1,3
2828,65,98,1,0,2458,2775,2238,2981,14726,14413,12241,12160,0,0,20480,1,2,4
2829,65,96,1,0,2452,2760,2231,2985,14777,14290,12470,12103,1,0,20482,5,3,5
2830,65,97,1,0,2460,2771,2221,2983,14641,14188,12322,12208,0,0,20479,2,1,5
2831,65,98,1,0,2456,2763,2217,2985,14793,14368,12446,12142,0,0,20476,3,5,1
2832,65,94,1,1,2456,2758,2222,2979,14583,14360,12325,12062,0,0,20486,5,1,5
2833,65,98,1,0,2457,2758,2227,2983,14552,14361,12348,12071,0,0,20475,5,4,4
2834,65,94,1,0,2451,2755,2225,2975,14684,14176,12177,12069,0,0,20477,2,3,2
2835,65,97,1,0,2443,2760,2221,2967,14516,14208,12337,12144,0,0,20484,3,1,1
2836,65,96,1,0,2449,2746,2213,2964,14605,14272,12192,12120,0,0,20486,3,1,1
2837,65,94,1,0,2434,2745,2219,2965,14599,14118,12403,12149,0,0,20472,3,4,5
2838,65,95,1,0,2437,2755,2214,2972,14658,14237,12403,12029,0,0,20478,2,5,1
2839,65,94,1,0,2432,2746,2213,2962,14633,14286,12219,12006,0,0,20486,4,1,3
2840,65,98,1,1,2438,2741,2206,2962,14524,14138,12336,12099,0,0,20482,3,5,4
2841,65,98,1,0,2426,2737,2196,2965,14630,14115,12304,12038,0,0,20488,2,3,1
2842,65,95,1,0,2425,2739,2199,2958,14599,14071,12089,12002,0,0,20488,1,2,3
2843,65,97,1,0,2433,2734,2202,2954,14609,14208,12329,11947,0,0,20486,2,3,1
2844,65,94,1,0,2418,2732,2190,2956,14594,14109,12062,12059,0,0,20488,1,5,2
2845,65,96,1,0,2421,2733,2192,2955,14574,14061,12124,11961,0,0,20484,3,3,2
2846,65,98,1,0,2429,2736,2191,2954,14479,14005,12077,11978,0,0,20488,2,3,3
2847,65,97,1,0,2419,2729,2195,2950,14431,13977,12018,11912,0,0,20487,3,3,3
2848,65,98,1,1,2418,2721,2179,2944,14532,14166,12130,11884,0,0,20485,3,3,2
2849,65,97,1,0,2408,2727,2176,2946,14390,14019,12192,11893,0,0,20477,2,4,4
2850,65,97,1,0,2414,2725,2184,2932,14493,14062,11984,11953,0,0,20478,5,5,4
2851,65,97,1,0,2411,2720,2186,2928,14380,14010,11982,11847,0,0,20487,2,2,1
2852,65,97,1,0,2403,2715,2181,2930,14360,14045,12195,11936,0,0,20485,1,3,4
2853,65,94,1,0,2409,2710,2169,2931,14400,13955,12013,11867,0,0,20486,3,3,3
2854,65,95,1,0,2402,2710,2169,2934,14443,13961,12051,11944,0,0,20483,3,4,1
2855,65,98,1,0,2407,2714,2173,2931,14383,14069,12140,11835,0,0,20473,4,3,4
2856,65,94,1,1,2402,2706,2173,2922,14224,13950,12152,11771,0,0,20485,1,1,3
2857,65,95,1,0,2395,2698,2166,2926,14264,13851,11906,11821,0,0,20484,3,3,5
2858,65,96,1,0,2389,2700,2161,2926,14217,14015,11886,11857,0,1,20479,1,5,2
2859,65,98,1,0,2384,2691,2153,2914,14279,13867,12027,11763,0,0,20484,4,4,3
2860,65,98,1,0,2383,2698,2164,2911,14201,13772,11868,11763,0,0,20477,1,1,1
2861,65,94,1,0,2379,2689,2156,2913,14224,13930,11924,11738,0,0,20479,2,1,2
2862,65,96,1,0,2379,2685,2159,2916,14313,13782,11892,11788,0,0,20481,1,2,3
2863,65,98,1,0,2382,2693,2154,2904,14291,13953,11839,11820,0,0,20477,5,4,3
2864,65,98,1,1,2372,2691,2152,2908,14262,13717,11964,11788,1,0,20480,1,4,4
2865,65,97,1,0,2384,2692,2153,2909,14232,13748,11882,11749,0,0,20485,4,1,4
2866,65,95,1,0,2367,2681,2145,2899,14186,13879,12067,11673,0,0,20472,1,4,5
2867,65,96,1,0,2379,2686,2140,2903,14091,13850,11787,11709,0,0,20475,4,5,2
2868,65,97,1,0,2374,2674,2148,2888,14072,13683,12056,11805,0,0,20484,3,4,2
2869,65,98,1,0,2375,2673,2131,2890,14196,13870,12009,11636,0,0,20485,3,1,2
2870,64,96,1,0,2358,2674,2129,2888,14139,13803,11809,11660,0,0,20473,1,1,5
2871,64,96,1,0,2356,2674,2139,2891,14226,13627,11893,11647,0,0,20487,2,2,2
2872,64,95,1,1,2357,2664,2123,2882,14198,13819,11776,11724,0,0,20481,5,3,5
2873,64,94,1,0,2365,2663,2128,2887,14189,13728,11917,11576,0,0,20483,2,4,4
2874,64,96,1,0,2360,2666,2126,2876,14006,13626,11834,11677,0,0,20485,3,4,3
2875,64,95,1,0,2346,2664,2131,2874,14133,13775,11890,11583,0,0,20488,1,4,3
2876,64,95,1,0,2344,2658,2119,2869,14063,13762,11794,11601,0,0,20485,3,5,4
2877,64,98,1,0,2352,2662,2119,2878,13924,13533,11781,11595,0,0,20472,2,3,3
2878,64,94,1,0,2344,2655,2120,2877,14034,13613,11866,11614,0,0,20486,5,5,2
2879,64,94,1,0,2342,2644,2106,2866,13986,13607,11688,11674,0,0,20485,5,5,3
2880,64,96,1,1,2341,2652,2111,2859,13990,13710,11875,11558,0,0,20478,2,1,1
2881,64,98,1,0,2336,2639,2108,2862,13990,13599,11687,11525,0,0,20485,5,3,1
2882,64,96,1,0,2330,2638,2115,2861,13871,13643,11715,11573,0,0,20472,5,2,5
2883,64,95,1,0,2336,2645,2097,2859,14034,13680,11799,11466,0,0,20473,2,1,1
2884,64,98,1,0,2325,2640,2107,2850,13956,13623,11758,11487,0,0,20476,1,4,1
2885,64,96,1,0,2337,2635,2108,2849,14009,13462,11605,11493,0,0,20482,4,5,1
2886,64,95,1,0,2323,2633,2099,2858,13846,13423,11639,11483,0,0,20478,3,4,4
2887,64,95,1,0,2322,2634,2098,2855,13911,13588,11773,11543,0,0,20472,5,1,3
2888,64,95,1,1,2327,2633,2093,2853,13897,13395,11611,11426,0,0,20487,1,3,1
2889,64,98,1,0,2328,2636,2090,2843,13780,13457,11796,11549,0,0,20480,4,4,2
2890,64,97,1,0,2317,2626,2088,2844,13896,13567,11495,11366,0,0,20472,5,5,4
2891,64,95,1,0,2310,2616,2093,2838,13887,13454,11763,11401,0,0,20485,3,2,3
2892,64,94,1,0,2307,2616,2077,2845,13796,13385,11751,11504,0,0,20473,5,5,1
2893,64,94,1,0,2314,2612,2078,2841,13828,13418,11646,11475,0,0,20483,1,2,5
2894,64,94,1,0,2308,2622,2085,2834,13856,13359,11541,11410,1,1,20473,3,4,2
2895,64,94,1,0,2314,2615,2080,2832,13791,13458,11704,11370,0,0,20485,2,3,1
2896,64,95,1,1,2301,2605,2070,2831,13827,13273,11618,11393,0,0,20473,3,1,1
2897,64,95,1,0,2303,2602,2065,2823,13848,13398,11535,11428,0,0,20473,4,1,2
2898,64,94,1,0,2302,2601,2065,2819,13781,13280,11666,11274,0,0,20488,3,1,2
2899,64,97,1,0,2293,2603,2064,2829,13751,13284,11636,11360,0,0,20474,2,5,4
2900,64,97,1,0,2287,2596,2068,2822,13580,13379,11544,11261,0,0,20482,3,3,2
2901,64,97,1,0,2296,2602,2065,2813,13606,13346,11484,11354,0,0,20477,2,1,2
2902,64,96,1,0,2292,2604,2055,2814,13554,13283,11619,11364,0,0,20474,5,3,1
2903,64,95,1,0,2282,2598,2052,2812,13683,13350,11551,11282,0,0,20476,5,4,2
2904,64,98,1,1,2277,2591,2062,2808,13589,13215,11498,11299,0,0,20475,2,1,5
2905,64,97,1,0,2282,2584,2052,2808,13617,13181,11536,11320,0,0,20475,3,3,5
2906,64,94,1,0,2275,2592,2043,2797,13731,13241,11557,11278,0,0,20472,2,1,5
2907,64,97,1,0,2275,2580,2042,2804,13630,13232,11301,11244,0,0,20475,3,2,3
2908,64,94,1,0,2275,2576,2042,2799,13485,13106,11546,11282,0,0,20478,1,2,3
2909,64,96,1,0,2269,2578,2036,2805,13548,13315,11438,11173,0,0,20483,5,4,1
2910,64,97,1,0,2269,2570,2035,2794,13664,13239,11365,11165,0,0,20482,5,3,3
2911,64,94,1,0,2266,2583,2040,2795,13597,13104,11238,11270,1,0,20488,5,2,3
2912,64,96,1,1,2273,2574,2041,2785,13636,13127,11333,11109,0,0,20488,4,5,1
2913,64,95,1,0,2258,2578,2032,2791,13623,13139,11401,11252,0,0,20472,5,1,4
2914,64,98,1,0,2265,2562,2029,2792,13608,13027,11425,11179,0,0,20478,2,4,5
2915,64,94,1,0,2260,2569,2020,2776,13482,13101,11475,11086,0,0,20473,5,5,4
2916,64,94,1,0,2258,2561,2028,2780,13504,12995,11222,11065,0,0,20478,4,5,2
2917,64,96,1,0,2256,2568,2018,2779,13464,13058,11263,11187,0,0,20481,5,3,1
2918,64,95,1,0,2251,2554,2021,2780,13540,13138,11405,11111,0,1,20482,2,2,2
2919,64,95,1,0,2249,2563,2014,2778,13458,13142,11325,11035,0,0,20485,2,1,2
2920,64,98,1,1,2251,2552,2014,2765,13329,13013,11153,11101,0,0,20484,3,2,2
2921,64,97,1,0,2237,2552,2014,2760,13322,13120,11356,11145,0,0,20472,1,4,3
2922,64,97,1,0,2236,2553,2005,2772,13442,12963,11372,11122,0,0,20475,3,1,4
2923,63,96,1,0,2245,2552,2004,2759,13262,12885,11303,11120,0,0,20475,1,4,1
2924,63,94,1,0,2241,2544,2012,2754,13248,13096,11143,11096,0,0,20482,4,3,3
2925,63,96,1,0,2237,2542,2004,2761,13359,13082,11287,11059,0,0,20482,5,3,5
2926,63,95,1,0,2235,2542,1995,2761,13298,12879,11110,11104,0,0,20483,3,1,1
2927,63,97,1,0,2228,2533,2002,2753,13188,12938,11113,11016,0,0,20473,3,2,1
2928,63,95,1,1,2218,2534,1992,2751,13391,13026,11220,10905,0,0,20481,2,3,3
2929,63,95,1,0,2226,2528,1997,2748,13203,12924,11299,11047,0,0,20472,2,3,4
2930,63,97,1,0,2221,2533,1984,2748,13188,12950,11273,10982,0,0,20478,4,5,2
2931,63,98,1,0,2224,2521,1984,2745,13308,12920,11264,10931,0,0,20487,1,3,1
2932,63,98,1,0,2222,2527,1987,2743,13177,12812,11246,10895,0,0,20473,1,5,5
2933,63,95,1,0,2216,2525,1981,2742,13329,12752,11082,10952,0,0,20480,2,1,5
2934,63,97,1,0,2203,2518,1988,2742,13299,12953,10983,10906,0,0,20480,1,4,2
2935,63,96,1,0,2216,2520,1986,2731,13114,12744,11030,10876,0,0,20476,1,5,5
2936,63,96,1,1,2200,2520,1974,2731,13241,12828,10971,10969,0,0,20486,1,3,5
2937,63,96,1,0,2206,2508,1971,2734,13145,12809,11206,10893,0,0,20488,3,5,2
2938,63,97,1,0,2200,2513,1971,2728,13035,12813,11054,10895,0,0,20478,5,3,3
2939,63,98,1,0,2191,2508,1966,2717,13132,12839,11010,10830,0,0,20475,2,3,1
2940,63,97,1,0,2188,2496,1970,2716,13063,12698,10909,10807,0,0,20486,2,5,5
2941,63,98,1,0,2199,2501,1966,2716,13044,12647,10882,10869,0,0,20487,3,3,1
2942,63,95,1,0,2186,2491,1957,2713,12962,12628,11082,10743,1,0,20485,5,4,2
2943,63,97,1,0,2183,2488,1951,2712,13138,12597,10848,10732,0,0,20473,2,4,5
2944,63,95,1,1,2185,2498,1961,2719,13104,12720,10926,10772,0,0,20475,1,3,4
2945,63,95,1,0,2177,2487,1956,2716,12913,12652,10815,10830,0,0,20485,5,1,5
2946,63,96,1,0,2182,2492,1951,2698,13115,12608,11063,10685,0,0,20487,5,2,5
2947,63,96,1,0,2175,2479,1941,2698,13118,12526,10839,10824,0,0,20475,5,1,3
2948,63,94,1,0,2177,2483,1948,2693,12952,12548,10856,10725,0,0,20481,3,2,3
2949,63,97,1,0,2177,2481,1937,2691,13043,12576,11045,10703,0,0,20475,5,3,2
2950,63,97,1,0,2168,2483,1934,2702,12965,12619,11018,10667,0,0,20483,5,2,2
2951,63,98,1,0,2175,2478,1937,2692,12839,12579,10804,10644,0,0,20475,4,1,4
2952,63,94,1,1,2170,2474,1942,2688,12851,12667,10738,10763,0,0,20483,2,3,5
2953,63,94,1,0,2170,2468,1939,2687,12906,12646,10718,10640,0,0,20472,3,2,3
2954,63,97,1,0,2155,2467,1931,2682,12981,12578,10790,10669,0,0,20473,5,4,1
2955,63,95,1,0,2151,2462,1927,2690,12960,12546,10889,10700,0,0,20476,2,4,3
2956,63,96,1,0,2161,2467,1928,2687,12761,12571,10960,10713,0,0,20486,4,5,1
2957,63,97,1,0,2161,2466,1919,2679,12765,12419,10778,10704,0,0,20478,3,2,4
2958,63,97,1,0,2143,2459,1915,2679,12825,12595,10888,10646,0,0,20476,1,2,3
2959,63,97,1,0,2153,2448,1926,2677,12875,12551,10822,10679,0,0,20486,4,1,1
2960,63,98,1,1,2142,2448,1909,2667,12827,12487,10894,10651,0,0,20473,4,1,4
2961,63,96,1,0,2147,2448,1908,2668,12754,12505,10852,10491,0,0,20483,4,2,3
2962,63,95,1,0,2147,2453,1908,2663,12720,12416,10615,10559,0,0,20481,3,5,5
2963,63,97,1,0,2138,2453,1901,2667,12867,12445,10763,10560,0,0,20474,5,1,2
2964,63,96,1,0,2130,2449,1900,2655,12651,12275,10583,10536,0,0,20480,1,1,1
2965,63,94,1,0,2137,2440,1900,2663,12610,12465,10603,10586,0,0,20473,5,5,3
2966,63,95,1,0,2138,2433,1906,2651,12716,12471,10582,10524,0,0,20475,2,5,4
2967,63,98,1,0,2129,2435,1904,2660,12761,12440,10684,10452,0,0,20481,3,3,2
2968,63,95,1,1,2119,2430,1900,2649,12753,12393,10568,10407,0,0,20479,1,2,4
2969,63,97,1,0,2124,2434,1886,2649,12573,12262,10526,10391,0,1,20475,2,2,4
2970,63,95,1,0,2113,2431,1892,2637,12657,12329,10497,10380,0,0,20473,3,1,4
2971,63,94,1,0,2116,2433,1891,2650,12619,12294,10515,10494,0,0,20481,2,1,2
2972,63,96,1,0,2123,2422,1890,2635,12698,12188,10620,10483,0,0,20481,3,2,2
2973,63,98,1,0,2113,2420,1889,2641,12572,12337,10540,10423,0,0,20487,3,3,5
2974,62,97,1,0,2114,2421,1882,2627,12630,12142,10712,10424,0,1,20475,2,2,2
2975,62,95,1,0,2110,2410,1878,2637,12548,12135,10676,10423,0,0,20480,5,5,5
2976,62,97,1,1,2106,2420,1878,2623,12652,12300,10555,10372,0,0,20483,2,1,5
2977,62,95,1,0,2105,2404,1878,2625,12645,12256,10629,10304,0,0,20488,2,5,1
2978,62,95,1,0,2096,2415,1865,2632,12579,12124,10385,10369,0,0,20488,4,5,2
2979,62,98,1,0,2104,2406,1871,2614,12505,12254,10646,10300,0,0,20484,5,5,5
2980,62,98,1,0,2096,2404,1865,2618,12468,12225,10585,10405,0,0,20474,3,4,1
2981,62,97,1,0,2093,2404,1863,2623,12545,12093,10426,10363,0,0,20475,1,5,3
2982,62,96,1,0,2096,2399,1853,2613,12482,12241,10448,10247,0,0,20475,5,4,3
2983,62,96,1,0,2092,2386,1849,2610,12414,12172,10346,10309,0,0,20486,2,4,5
2984,62,96,1,1,2088,2395,1858,2617,12413,12050,10557,10325,0,0,20483,5,5,3
2985,62,94,1,0,2077,2391,1858,2600,12347,12138,10496,10323,1,0,20477,1,4,1
2986,62,98,1,0,2080,2385,1847,2600,12410,11984,10327,10296,0,0,20475,2,2,5
2987,62,94,1,0,2084,2379,1847,2605,12470,11961,10406,10229,0,0,20483,3,2,5
2988,62,94,1,0,2082,2381,1851,2599,12266,11972,10508,10198,0,0,20484,5,4,3
2989,62,96,1,0,2064,2372,1840,2592,12435,12063,10281,10286,0,0,20479,2,5,4
2990,62,94,1,0,2071,2371,1838,2586,12358,12002,10298,10130,0,0,20477,2,4,5
2991,62,97,1,0,2070,2377,1834,2588,12389,12060,10379,10256,0,0,20481,2,5,2
2992,62,96,1,1,2057,2364,1828,2592,12294,11922,10378,10185,0,0,20478,5,5,4
2993,62,94,1,0,2069,2368,1828,2583,12203,12048,10240,10147,0,0,20472,4,5,4
2994,62,97,1,0,2051,2362,1832,2583,12296,12026,10457,10229,0,0,20488,4,4,2
2995,62,94,1,0,2048,2355,1819,2583,12380,11966,10206,10193,0,0,20474,4,5,5
2996,62,94,1,0,2054,2356,1821,2577,12336,12007,10307,10096,0,0,20487,1,4,2
2997,62,95,1,0,2045,2353,1816,2569,12254,11867,10430,10069,0,0,20472,3,4,5
2998,62,95,1,0,2052,2354,1816,2568,12254,11986,10325,10102,0,0,20487,2,1,2
2999,62,98,1,0,2045,2354,1807,2571,12088,11831,10230,10015,0,0,20472,3,5,3
3000,62,98,1,1,2036,2355,1806,2569,12214,11823,10358,10121,0,0,20482,3,4,2
3001,62,95,1,0,2034,2355,1804,2557,12230,11883,10304,10102,0,0,20472,4,3,3
3002,62,94,1,0,2037,2350,1813,2563,12139,11858,10109,9991,0,0,20473,2,2,5
3003,62,96,1,0,2033,2339,1802,2558,12077,11895,10188,9966,0,0,20487,4,5,5
3004,62,94,1,0,2026,2344,1800,2559,12096,11694,10137,9974,0,0,20472,3,3,2
3005,62,94,1,0,2031,2344,1799,2561,11988,11804,10216,10002,0,0,20481,4,1,5
3006,62,97,1,0,2019,2338,1800,2558,12087,11724,10244,9930,0,0,20486,1,3,5
3007,62,95,1,0,2020,2338,1789,2546,12130,11758,10200,10055,0,0,20473,4,4,4
3008,62,96,1,1,2025,2334,1793,2544,12076,11836,10100,9970,0,0,20478,1,2,3
3009,62,94,1,0,2018,2319,1787,2537,12023,11797,10103,9992,1,0,20472,4,5,2
3010,62,94,1,0,2016,2320,1791,2545,12144,11671,9999,9953,0,0,20476,4,3,1
3011,62,94,1,0,2007,2313,1790,2540,11977,11736,10196,9975,0,0,20481,4,3,3
3012,62,98,1,0,2010,2316,1787,2544,11941,11625,10133,9988,0,0,20478,5,5,2
3013,62,96,1,0,2006,2313,1770,2528,11875,11685,10009,9896,0,0,20482,1,5,3
3014,62,96,1,0,1998,2314,1779,2528,12016,11526,10204,9846,0,0,20473,2,5,3
3015,62,96,1,0,2011,2315,1778,2524,11883,11532,9938,9815,0,1,20487,2,3,4
3016,62,98,1,1,2006,2303,1774,2533,11835,11548,10075,9829,0,0,20484,5,3,4
3017,62,96,1,0,1990,2305,1773,2521,11848,11540,10113,9825,0,0,20479,3,2,3
3018,62,98,1,0,1996,2310,1765,2512,11974,11582,10156,9931,0,0,20473,1,3,2
3019,62,96,1,0,1991,2307,1769,2510,11981,11526,10133,9904,0,0,20474,4,3,1
3020,62,96,1,0,1995,2297,1760,2520,11864,11462,9978,9909,0,0,20474,5,5,1
3021,62,96,1,0,1985,2302,1754,2504,11863,11432,9869,9822,0,0,20474,1,1,4
3022,62,96,1,0,1992,2289,1754,2509,11821,11633,9848,9820,0,0,20487,4,5,1
3023,61,96,1,0,1988,2283,1745,2513,11815,11524,9944,9749,0,0,20487,2,5,1
3024,61,96,1,1,1977,2286,1753,2496,11886,11507,9924,9794,0,0,20473,4,2,2
3025,61,98,1,0,1983,2290,1742,2494,11798,11387,10026,9705,0,0,20478,4,5,3
3026,61,94,1,0,1970,2275,1736,2504,11769,11361,9958,9704,0,0,20479,2,1,1
3027,61,98,1,0,1979,2286,1738,2495,11832,11330,10004,9650,0,0,20483,5,4,2
3028,61,94,1,0,1969,2281,1746,2496,11625,11354,9940,9732,0,0,20488,5,2,5
3029,61,95,1,0,1969,2273,1736,2489,11717,11438,9834,9652,0,0,20479,3,4,5
3030,61,97,1,0,1961,2264,1726,2496,11762,11449,9811,9696,0,0,20481,4,4,4
3031,61,95,1,0,1955,2267,1724,2484,11790,11458,9796,9668,0,0,20484,5,1,4
3032,61,94,1,1,1961,2266,1722,2487,11701,11363,9808,9629,0,0,20482,3,5,1
3033,61,96,1,0,1953,2255,1724,2484,11737,11411,9684,9627,0,0,20477,1,3,3
3034,61,94,1,0,1953,2257,1725,2474,11599,11338,9876,9666,0,0,20485,3,1,3
3035,61,98,1,0,1942,2257,1721,2473,11621,11370,9873,9663,0,0,20480,5,4,4
3036,61,95,1,0,1949,2256,1716,2477,11590,11300,9824,9686,0,0,20488,2,2,5
3037,61,98,1,0,1939,2249,1713,2472,11537,11229,9877,9522,0,0,20481,2,4,1
3038,61,95,1,0,1939,2255,1704,2460,11546,11238,9814,9641,0,0,20477,2,1,5
3039,61,97,1,0,1939,2239,1701,2472,11490,11318,9675,9547,0,0,20487,5,4,3
3040,61,94,1,1,1933,2240,1710,2455,11614,11163,9809,9535,0,0,20475,2,5,3
3041,61,95,1,0,1931,2237,1698,2465,11626,11218,9554,9484,0,0,20475,1,4,2
3042,61,94,1,0,1929,2232,1698,2461,11545,11281,9539,9555,0,0,20475,1,2,4
3043,61,94,1,0,1925,2236,1706,2457,11608,11243,9577,9557,0,0,20482,1,4,2
3044,61,97,1,0,1923,2234,1697,2456,11583,11187,9685,9532,0,1,20477,4,4,5
3045,61,95,1,0,1919,2233,1689,2448,11364,11152,9749,9580,0,0,20476,2,5,2
3046,61,98,1,0,1916,2226,1687,2446,11515,11123,9496,9481,0,0,20477,2,2,5
3047,61,97,1,0,1924,2229,1685,2442,11367,11242,9763,9433,0,0,20488,1,1,4
3048,61,95,1,1,1921,2230,1692,2436,11373,11073,9486,9391,0,0,20488,5,4,1
3049,61,97,1,0,1912,2225,1674,2431,11361,11054,9691,9526,0,0,20480,5,2,2
3050,61,94,1,0,1917,2212,1684,2428,11457,11178,9520,9489,0,0,20480,1,4,2
3051,61,96,1,0,1899,2222,1680,2424,11312,11036,9508,9455,0,0,20475,3,1,5
3052,61,96,1,0,1905,2207,1669,2431,11329,11145,9461,9486,0,0,20483,4,1,4
3053,61,94,1,0,1894,2215,1675,2422,11308,11142,9595,9327,0,0,20480,4,4,1
3054,61,98,1,0,1894,2212,1662,2420,11441,10920,9469,9408,1,0,20480,3,4,4
3055,61,94,1,0,1901,2197,1662,2419,11256,10947,9548,9275,0,0,20483,2,4,4
3056,61,98,1,1,1895,2203,1669,2423,11370,11110,9621,9375,0,0,20488,3,3,1
3057,61,94,1,0,1887,2195,1664,2415,11222,11055,9406,9368,0,0,20484,2,1,5
3058,61,98,1,0,1894,2199,1657,2418,11164,10927,9506,9270,0,0,20483,4,1,2
3059,61,97,1,0,1891,2196,1651,2416,11266,10963,9328,9345,0,0,20488,5,1,2
3060,61,98,1,0,1880,2183,1653,2401,11284,10959,9369,9271,0,0,20480,3,3,2
3061,61,98,1,0,1885,2188,1657,2408,11219,10836,9511,9321,0,0,20474,1,5,4
3062,61,96,1,0,1885,2185,1644,2398,11320,10868,9306,9216,0,0,20484,2,4,2
3063,61,97,1,0,1868,2188,1644,2405,11108,10772,9366,9321,0,0,20474,2,2,4
3064,61,96,1,1,1871,2174,1645,2389,11098,10757,9346,9315,0,0,20474,5,3,2
3065,61,98,1,0,1875,2178,1646,2400,11147,10958,9524,9231,0,0,20479,2,1,1
3066,61,98,1,0,1865,2168,1633,2384,11215,10846,9405,9232,0,1,20475,2,5,3
3067,61,95,1,0,1865,2167,1632,2394,11107,10710,9289,9270,0,0,20480,4,3,1
3068,61,95,1,0,1863,2170,1625,2378,11186,10688,9251,9251,0,0,20484,2,1,2
3069,61,98,1,0,1855,2168,1624,2383,11017,10892,9301,9241,0,0,20487,3,3,3
3070,60,97,1,0,1850,2164,1632,2384,10999,10753,9179,9164,0,0,20487,4,1,1
3071,60,98,1,0,1855,2163,1628,2369,11100,10812,9237,9075,0,0,20488,5,5,3
3072,60,98,1,1,1856,2158,1619,2378,11092,10632,9376,9171,0,0,20473,4,4,2
3073,60,95,1,0,1846,2157,1620,2364,11085,10798,9269,9041,0,0,20486,5,2,1
3074,60,98,1,0,1838,2156,1616,2369,10969,10667,9270,9108,0,0,20486,3,1,4
3075,60,98,1,0,1834,2141,1619,2367,11077,10644,9187,9024,0,0,20474,1,1,5
3076,60,95,1,0,1835,2145,1602,2365,10910,10598,9360,9007,0,0,20475,2,2,3
3077,60,97,1,0,1841,2142,1612,2366,10987,10607,9173,9116,0,0,20481,2,4,4
3078,60,95,1,0,1827,2148,1600,2354,10882,10665,9238,9100,0,0,20484,5,2,3
3079,60,96,1,0,1828,2141,1594,2353,11020,10527,9153,9121,0,0,20473,5,4,4
3080,60,98,1,1,1822,2135,1592,2355,10799,10559,9107,9012,0,0,20474,5,3,5
3081,60,98,1,0,1821,2129,1588,2357,10862,10637,9236,9073,0,0,20481,2,2,1
3082,60,98,1,0,1819,2133,1585,2343,10841,10538,9114,8993,0,0,20475,5,3,2
3083,60,96,1,0,1814,2119,1588,2348,10958,10547,9039,8964,0,0,20484,2,5,5
3084,60,96,1,0,1813,2117,1590,2348,10895,10528,9188,9010,0,0,20473,1,1,1
3085,60,98,1,0,1821,2125,1577,2336,10741,10517,9154,9029,0,0,20474,5,5,1
3086,60,97,1,0,1805,2116,1577,2336,10824,10440,8972,8937,0,0,20484,3,1,4
3087,60,96,1,0,1816,2110,1570,2338,10748,10524,8964,8887,0,0,20487,4,5,3
3088,60,98,1,1,1809,2113,1580,2335,10729,10551,9039,8874,0,0,20476,4,2,5
3089,60,94,1,0,1810,2109,1568,2329,10756,10366,9125,8978,1,0,20486,5,1,3
3090,60,98,1,0,1808,2108,1568,2325,10850,10364,9178,8957,0,0,20483,1,5,3
3091,60,97,1,0,1789,2102,1560,2316,10741,10452,9053,8894,0,0,20488,4,4,2
3092,60,94,1,0,1802,2099,1563,2317,10791,10495,9110,8954,0,0,20472,2,3,3
3093,60,95,1,0,1798,2098,1556,2322,10660,10465,9064,8802,0,0,20487,3,2,4
3094,60,98,1,0,1793,2102,1553,2312,10709,10363,9010,8891,0,0,20486,3,1,3
3095,60,96,1,0,1790,2096,1563,2312,10762,10359,9025,8760,0,0,20480,2,5,5
3096,60,97,1,1,1790,2090,1552,2302,10704,10288,8919,8863,0,1,20476,2,2,2
3097,60,98,1,0,1779,2086,1553,2313,10582,10314,8877,8825,0,0,20472,3,1,1
3098,60,97,1,0,1785,2081,1546,2300,10572,10415,8967,8773,0,0,20482,4,2,3
3099,60,98,1,0,1771,2082,1551,2305,10671,10422,8864,8750,0,0,20480,2,2,3
3100,60,96,1,0,1777,2073,1549,2293,10507,10189,8880,8845,0,0,20479,5,2,1
3101,60,96,1,0,1765,2084,1545,2292,10634,10266,8919,8744,0,0,20486,1,3,3
3102,60,95,1,0,1772,2070,1534,2288,10629,10193,8760,8693,0,0,20473,5,4,3
3103,60,98,1,0,1768,2068,1528,2281,10578,10183,8843,8794,0,0,20481,3,2,1
3104,60,94,1,1,1753,2071,1525,2290,10553,10168,8764,8618,0,0,20476,4,5,1
3105,60,95,1,0,1758,2064,1528,2284,10454,10185,8869,8644,0,0,20477,2,4,4
3106,60,96,1,0,1755,2055,1526,2283,10461,10273,8853,8663,0,0,20487,1,3,1
3107,60,95,1,0,1753,2060,1520,2279,10541,10147,8845,8622,1,0,20473,2,1,3
3108,60,95,1,0,1747,2062,1518,2282,10453,10203,8719,8643,0,0,20477,1,4,3
3109,60,95,1,0,1751,2058,1513,2265,10357,10059,8672,8552,0,0,20488,4,5,3
3110,60,95,1,0,1742,2058,1520,2265,10417,10209,8651,8632,0,0,20474,5,1,5
3111,60,97,1,0,1735,2045,1511,2265,10323,10044,8735,8607,0,0,20479,4,1,5
3112,60,95,1,1,1739,2047,1512,2263,10357,10222,8633,8528,0,0,20483,5,5,4
3113,60,98,1,0,1740,2043,1498,2266,10462,9987,8811,8656,0,0,20476,4,3,3
3114,60,96,1,0,1729,2048,1500,2254,10307,10011,8762,8477,0,0,20480,5,2,1
3115,60,94,1,0,1734,2031,1501,2259,10288,9947,8599,8490,0,0,20477,2,1,2
3116,59,97,1,0,1726,2028,1497,2259,10375,10097,8596,8541,0,0,20482,2,5,2
3117,59,98,1,0,1718,2033,1490,2256,10382,9943,8777,8552,0,0,20479,5,3,5
3118,59,97,1,0,1723,2031,1487,2240,10293,10119,8677,8432,0,0,20479,3,5,5
3119,59,95,1,0,1714,2025,1486,2250,10387,9932,8553,8413,0,0,20478,1,4,4
3120,59,98,1,1,1714,2027,1491,2241,10197,9998,8628,8469,0,0,20476,5,1,5
3121,59,95,1,0,1711,2028,1478,2237,10346,10031,8492,8427,0,1,20484,1,4,3
3122,59,96,1,0,1705,2011,1481,2234,10339,9941,8699,8516,1,0,20485,4,3,4
3123,59,97,1,0,1708,2021,1470,2230,10102,9955,8439,8512,0,0,20479,2,5,5
3124,59,96,1,0,1698,2013,1481,2237,10118,9848,8641,8400,0,0,20486,5,4,3
3125,59,94,1,0,1694,2007,1468,2228,10287,9890,8692,8414,0,0,20475,3,4,5
3126,59,94,1,0,1693,1999,1464,2221,10257,9800,8587,8434,0,0,20479,1,3,1
3127,59,94,1,0,1703,1998,1474,2220,10096,9894,8482,8387,0,0,20476,1,4,4
3128,59,97,1,1,1695,1996,1459,2220,10143,9744,8464,8432,0,0,20474,4,1,4
3129,59,94,1,0,1689,1995,1464,2217,10007,9841,8612,8403,0,0,20481,3,1,1
3130,59,96,1,0,1683,1991,1460,2220,9994,9789,8604,8318,0,0,20487,3,1,4
3131,59,98,1,0,1677,1990,1448,2209,10022,9747,8469,8280,0,0,20475,1,5,1
3132,59,98,1,0,1678,1982,1454,2201,10109,9748,8428,8386,0,0,20477,2,4,3
3133,59,96,1,0,1684,1989,1450,2209,10019,9720,8338,8298,0,0,20473,5,1,1
3134,59,97,1,0,1669,1988,1442,2203,10097,9648,8277,8373,0,0,20488,1,5,5
3135,59,97,1,0,1670,1985,1446,2192,10075,9805,8480,8331,0,0,20486,4,3,1
3136,59,95,1,1,1678,1981,1435,2188,9880,9685,8296,8308,0,0,20484,4,5,4
3137,59,96,1,0,1668,1969,1440,2188,10043,9644,8393,8282,0,0,20481,5,3,3
3138,59,94,1,0,1660,1966,1433,2182,9861,9672,8349,8151,0,0,20476,3,4,5
3139,59,97,1,0,1667,1967,1424,2181,10051,9659,8411,8175,0,0,20488,4,1,1
3140,59,97,1,0,1659,1967,1429,2192,9921,9688,8467,8151,0,0,20477,1,5,5
3141,59,95,1,0,1651,1965,1425,2175,9798,9591,8178,8166,0,0,20482,2,3,2
3142,59,95,1,0,1661,1956,1426,2181,9854,9509,8299,8183,0,0,20487,1,2,4
3143,59,96,1,0,1644,1962,1428,2173,9939,9496,8300,8186,0,0,20483,5,2,2
3144,59,96,1,1,1647,1950,1423,2179,9747,9492,8335,8190,0,0,20478,1,5,1
3145,59,98,1,0,1644,1946,1408,2173,9957,9569,8367,8110,0,0,20476,5,1,4
3146,59,98,1,0,1645,1953,1420,2171,9760,9523,8345,8049,0,0,20480,5,1,5
3147,59,95,1,0,1647,1952,1417,2164,9711,9524,8176,8073,0,0,20488,4,3,5
3148,59,98,1,0,1643,1940,1414,2164,9813,9403,8315,8101,0,0,20485,1,5,2
3149,59,97,1,0,1640,1933,1407,2166,9707,9481,8301,8080,0,0,20473,2,5,5
3150,59,96,1,0,1626,1939,1402,2152,9771,9475,8177,8140,0,0,20487,1,3,3
3151,59,98,1,0,1633,1937,1396,2145,9692,9489,8263,8132,0,0,20473,1,5,1
3152,59,94,1,1,1629,1931,1395,2151,9607,9347,8255,8079,0,0,20479,2,2,4
3153,59,97,1,0,1617,1926,1392,2152,9779,9545,8064,7967,0,0,20476,4,5,1
3154,59,97,1,0,1612,1925,1381,2137,9695,9342,8134,7958,1,0,20483,2,4,4
3155,59,95,1,0,1614,1926,1380,2145,9561,9391,7995,7956,0,0,20480,4,4,4
3156,59,94,1,0,1615,1927,1385,2144,9579,9453,8227,7996,0,0,20474,4,2,2
3157,59,95,1,0,1608,1917,1379,2131,9581,9304,8082,8034,0,0,20486,1,5,4
3158,59,98,1,0,1600,1909,1374,2138,9650,9417,8045,8043,0,0,20476,5,2,1
3159,59,98,1,0,1611,1907,1372,2138,9643,9408,8040,7913,0,0,20479,5,4,4
3160,59,94,1,1,1601,1903,1377,2132,9581,9336,8089,7963,0,0,20475,2,3,3
3161,58,96,1,0,1593,1910,1363,2127,9520,9236,8031,7875,0,0,20479,1,1,5
3162,58,96,1,0,1595,1901,1360,2117,9584,9324,7995,7948,0,0,20478,1,2,4
3163,58,97,1,0,1588,1906,1364,2118,9466,9177,8078,7798,0,0,20479,5,4,5
3164,58,98,1,0,1586,1902,1367,2122,9601,9257,7887,7889,0,0,20480,5,3,5
3165,58,97,1,0,1589,1894,1364,2113,9495,9178,7946,7939,0,0,20487,5,3,1
3166,58,97,1,0,1586,1891,1360,2116,9417,9226,7842,7834,0,0,20484,4,1,1
3167,58,96,1,0,1583,1896,1359,2111,9349,9151,8076,7763,0,1,20483,2,5,4
3168,58,94,1,1,1575,1893,1344,2096,9436,9207,7938,7896,0,0,20478,5,5,5
3169,58,97,1,0,1576,1877,1352,2099,9491,9123,7970,7831,0,0,20473,4,3,4
3170,58,97,1,0,1571,1881,1346,2094,9410,9042,7894,7707,0,0,20488,4,1,4
3171,58,97,1,0,1568,1882,1345,2102,9398,9036,7852,7760,0,0,20488,2,5,1
3172,58,95,1,0,1563,1881,1330,2098,9384,9117,7805,7807,0,0,20481,2,1,3
3173,58,98,1,0,1560,1873,1336,2097,9441,9022,7778,7677,0,0,20486,4,2,1
3174,58,95,1,0,1558,1875,1325,2093,9433,8992,7904,7773,0,0,20484,3,5,3
3175,58,97,1,0,1565,1869,1321,2076,9286,9083,7894,7725,0,0,20484,4,3,4
3176,58,97,1,1,1559,1866,1319,2082,9316,9040,7891,7637,0,0,20484,5,2,4
3177,58,98,1,0,1554,1855,1327,2075,9337,8989,7864,7693,0,0,20475,4,3,5
3178,58,94,1,0,1546,1860,1313,2078,9377,8975,7918,7692,0,0,20472,5,5,2
3179,58,96,1,0,1549,1852,1317,2072,9246,9125,7658,7710,0,0,20485,3,5,5
3180,58,97,1,0,1539,1847,1320,2062,9149,8952,7688,7602,0,0,20474,3,1,1
3181,58,97,1,0,1543,1849,1319,2065,9303,8964,7905,7613,0,0,20479,2,5,3
3182,58,98,1,0,1531,1845,1316,2057,9214,8878,7873,7610,0,0,20474,3,1,3
3183,58,94,1,0,1542,1851,1298,2057,9141,9014,7679,7539,0,0,20477,5,2,5
3184,58,94,1,1,1533,1848,1299,2064,9118,8878,7613,7525,0,0,20479,4,5,3
3185,58,95,1,0,1529,1837,1303,2053,9046,8978,7708,7601,0,0,20476,1,2,2
3186,58,94,1,0,1521,1837,1293,2058,9245,9007,7548,7551,0,0,20481,1,2,2
3187,58,96,1,0,1529,1826,1291,2055,9173,8882,7776,7474,0,0,20472,5,2,5
3188,58,97,1,0,1528,1828,1290,2045,9198,8864,7679,7547,0,0,20484,4,3,5
3189,58,96,1,0,1523,1820,1290,2041,9039,8793,7599,7439,1,0,20478,4,5,4
3190,58,94,1,0,1522,1829,1290,2048,8990,8902,7635,7478,0,0,20473,3,5,5
3191,58,97,1,0,1518,1812,1282,2035,9086,8863,7625,7530,0,0,20480,1,1,2
3192,58,96,1,1,1513,1818,1282,2041,8979,8876,7457,7514,0,0,20486,2,1,3
3193,58,96,1,0,1499,1818,1276,2028,8913,8686,7473,7463,0,0,20487,1,1,3
3194,58,94,1,0,1496,1805,1281,2022,8986,8727,7445,7381,0,0,20482,1,4,5
3195,58,94,1,0,1505,1802,1277,2024,8972,8660,7710,7350,0,0,20482,4,3,4
3196,58,95,1,0,1494,1808,1264,2018,9007,8706,7675,7474,0,1,20482,3,5,1
3197,58,97,1,0,1498,1796,1265,2012,8880,8607,7669,7452,0,0,20483,2,1,2
3198,58,95,1,0,1500,1797,1259,2023,8880,8754,7592,7387,0,0,20488,1,1,4
3199,58,95,1,0,1496,1795,1265,2020,8907,8599,7540,7315,0,0,20486,3,3,5
3200,58,97,1,1,1486,1801,1253,2005,8810,8695,7576,7380,0,0,20479,2,4,5
3201,58,98,1,0,1477,1792,1253,2000,8991,8736,7526,7283,0,0,20481,5,1,3
3202,58,98,1,0,1483,1790,1246,1997,8848,8598,7429,7320,0,0,20473,4,1,3
3203,58,98,1,0,1475,1785,1243,1998,8866,8623,7404,7316,0,0,20480,2,3,4
3204,58,95,1,0,1467,1774,1243,1994,8930,8688,7512,7329,0,0,20486,5,3,3
3205,57,96,1,0,1478,1776,1239,1996,8811,8643,7392,7292,0,0,20477,2,4,3
3206,57,98,1,0,1470,1778,1237,1995,8878,8495,7276,7284,0,0,20482,3,5,3
3207,57,97,1,0,1458,1772,1238,1984,8817,8538,7287,7347,0,0,20481,1,5,5
3208,57,96,1,1,1460,1766,1230,1982,8731,8418,7420,7260,0,0,20477,3,2,4
3209,57,97,1,0,1457,1764,1236,1980,8737,8397,7502,7232,0,0,20485,5,4,4
3210,57,96,1,0,1458,1768,1223,1989,8835,8442,7343,7284,0,0,20484,3,1,3
3211,57,96,1,0,1455,1762,1225,1974,8725,8495,7334,7207,0,0,20478,4,4,5
3212,57,98,1,0,1446,1754,1227,1969,8743,8567,7171,7122,0,0,20485,5,1,2
3213,57,96,1,0,1448,1760,1211,1979,8800,8339,7193,7164,0,0,20485,3,5,1
3214,57,97,1,0,1437,1756,1210,1969,8743,8469,7236,7120,0,0,20479,1,2,1
3215,57,95,1,0,1446,1746,1208,1972,8741,8359,7139,7145,0,0,20478,2,2,4
3216,57,97,1,1,1443,1746,1208,1962,8567,8310,7153,7191,0,0,20484,5,1,3
3217,57,97,1,0,1439,1750,1208,1969,8727,8277,7318,7118,1,0,20475,4,4,3
3218,57,98,1,0,1426,1742,1199,1950,8565,8480,7129,7182,0,0,20487,4,5,3
3219,57,97,1,0,1432,1733,1201,1950,8667,8432,7078,7032,0,0,20480,1,5,2
3220,57,98,1,0,1426,1737,1197,1945,8505,8335,7134,7155,0,0,20475,4,5,4
3221,57,94,1,0,1417,1728,1193,1957,8545,8231,7127,6981,0,0,20473,3,1,4
3222,57,96,1,0,1427,1733,1194,1952,8436,8198,7081,7128,0,0,20487,4,4,2
3223,57,95,1,0,1426,1726,1191,1945,8571,8225,7215,7128,0,0,20479,3,4,2
3224,57,96,1,1,1418,1716,1190,1947,8549,8288,7099,6965,0,0,20485,3,2,2
3225,57,96,1,0,1405,1719,1189,1934,8582,8171,7096,6981,0,0,20482,1,3,2
3226,57,95,1,0,1403,1720,1173,1935,8417,8209,7159,6914,0,0,20488,4,2,1
3227,57,96,1,0,1409,1706,1183,1927,8551,8285,7040,7071,0,0,20480,4,4,5
3228,57,97,1,0,1403,1716,1181,1924,8542,8203,7032,6979,0,0,20474,5,1,5
3229,57,94,1,0,1405,1709,1171,1930,8479,8081,7162,7037,0,0,20478,4,1,5
3230,57,94,1,0,1397,1706,1173,1921,8335,8242,7051,6970,0,0,20472,3,2,3
3231,57,98,1,0,1387,1705,1161,1922,8329,8109,7160,6997,0,0,20474,1,5,1
3232,57,96,1,1,1393,1699,1159,1910,8427,8027,6938,6884,0,0,20473,1,3,4
3233,57,98,1,0,1388,1699,1166,1909,8342,8106,7018,6899,0,1,20481,1,5,4
3234,57,97,1,0,1380,1689,1162,1905,8347,8066,7137,6906,0,0,20483,4,5,1
3235,57,98,1,0,1382,1694,1145,1908,8284,8006,6869,6952,0,0,20476,4,1,3
3236,57,95,1,0,1380,1694,1142,1899,8181,8027,6987,6932,0,0,20483,1,1,3
3237,57,98,1,0,1385,1682,1142,1907,8147,8045,6925,6910,0,0,20483,2,3,1
3238,57,98,1,0,1370,1689,1148,1895,8141,8052,6938,6855,0,0,20483,2,3,4
3239,57,96,1,0,1367,1684,1138,1894,8126,8049,7039,6885,0,0,20482,1,3,2
3240,57,95,1,1,1367,1669,1135,1896,8121,8041,6954,6865,0,0,20480,3,3,4
3241,57,95,1,0,1370,1679,1139,1895,8247,7861,7020,6795,0,0,20482,3,3,3
3242,57,96,1,0,1361,1673,1132,1890,8128,8038,6844,6855,0,0,20478,3,4,1
3243,57,95,1,0,1356,1672,1132,1882,8195,7839,6759,6689,0,0,20476,4,3,1
3244,57,98,1,0,1355,1671,1132,1875,8173,7991,6750,6788,0,0,20473,2,5,5
3245,57,94,1,0,1360,1654,1128,1874,8094,7861,6776,6664,0,0,20482,2,3,3
3246,57,96,1,0,1348,1662,1124,1871,8073,7776,6800,6665,0,0,20480,2,4,5
3247,57,98,1,0,1347,1653,1116,1876,8175,7912,6730,6692,1,0,20480,4,4,1
3248,57,98,1,1,1346,1654,1118,1863,8003,7822,6781,6599,0,0,20477,5,2,3
3249,56,95,1,0,1338,1647,1107,1866,8141,7744,6718,6741,0,0,20475,5,2,4
3250,56,98,1,0,1336,1641,1116,1860,8066,7770,6762,6566,0,0,20485,4,2,4
3251,56,95,1,0,1329,1644,1097,1857,8040,7871,6789,6650,0,0,20487,4,5,4
3252,56,97,1,0,1325,1646,1105,1855,8045,7788,6612,6554,0,0,20486,1,1,4
3253,56,97,1,0,1335,1643,1100,1861,8040,7668,6694,6625,0,0,20478,4,2,2
3254,56,94,1,0,1324,1630,1096,1855,7933,7739,6658,6650,0,0,20477,1,5,3
3255,56,96,1,0,1324,1628,1096,1854,7868,7781,6721,6515,0,0,20474,4,1,1
3256,56,96,1,1,1319,1632,1094,1840,7870,7617,6697,6506,0,0,20487,4,5,5
3257,56,94,1,0,1310,1631,1092,1835,7863,7727,6581,6517,0,0,20472,4,2,2
3258,56,98,1,0,1317,1621,1086,1843,7796,7796,6624,6452,0,1,20474,2,4,1
3259,56,98,1,0,1317,1619,1086,1834,7959,7754,6534,6604,0,0,20484,4,2,5
3260,56,97,1,0,1304,1615,1082,1834,7784,7669,6501,6583,0,0,20483,2,4,3
3261,56,98,1,0,1307,1619,1080,1827,7816,7712,6697,6489,0,0,20472,5,4,3
3262,56,96,1,0,1308,1602,1068,1824,7760,7498,6668,6502,0,0,20479,5,2,3
3263,56,96,1,0,1293,1611,1076,1830,7874,7607,6707,6389,0,0,20487,4,1,2
3264,56,98,1,1,1304,1603,1069,1823,7864,7625,6551,6528,0,0,20485,5,3,2
3265,56,97,1,0,1291,1604,1063,1811,7836,7677,6449,6493,0,0,20475,5,1,1
3266,56,97,1,0,1287,1599,1055,1810,7799,7484,6406,6367,0,0,20472,2,4,1
3267,56,97,1,0,1285,1591,1052,1819,7835,7441,6409,6457,0,0,20481,4,5,2
3268,56,94,1,0,1283,1589,1056,1817,7779,7608,6559,6377,0,0,20473,2,3,1
3269,56,95,1,0,1275,1595,1054,1807,7707,7570,6416,6415,0,0,20474,5,4,1
3270,56,94,1,0,1280,1578,1056,1809,7774,7592,6568,6284,0,0,20485,3,3,4
3271,56,97,1,0,1274,1588,1049,1795,7710,7494,6432,6433,0,0,20478,2,1,3
3272,56,98,1,1,1275,1586,1042,1801,7566,7472,6320,6277,0,0,20483,5,3,4
3273,56,97,1,0,1265,1572,1043,1801,7535,7510,6481,6241,0,0,20473,5,4,4
3274,56,98,1,0,1271,1568,1031,1793,7651,7481,6502,6299,0,0,20486,5,5,2
3275,56,94,1,0,1270,1575,1033,1796,7526,7332,6459,6337,0,0,20485,1,2,2
3276,56,95,1,0,1262,1568,1033,1791,7564,7448,6382,6210,0,0,20488,2,3,2
3277,56,94,1,0,1260,1559,1025,1775,7590,7471,6479,6281,0,0,20478,5,5,3
3278,56,97,1,0,1248,1567,1017,1787,7455,7232,6389,6158,0,0,20472,5,1,1
3279,56,94,1,0,1249,1558,1024,1782,7443,7271,6455,6208,0,0,20487,4,2,3
3280,56,98,1,1,1245,1560,1016,1781,7582,7356,6417,6273,0,0,20484,3,3,1
3281,56,95,1,0,1246,1559,1009,1776,7596,7305,6317,6260,0,0,20472,4,1,3
3282,56,95,1,0,1245,1551,1020,1773,7489,7244,6292,6158,0,0,20475,2,1,5
3283,56,96,1,0,1235,1543,1008,1763,7513,7198,6289,6164,0,0,20476,1,3,2
3284,56,95,1,0,1237,1540,1013,1767,7506,7163,6164,6175,0,0,20488,1,3,5
3285,56,94,1,0,1227,1543,1001,1752,7443,7342,6349,6113,0,0,20479,5,1,1
3286,56,94,1,0,1228,1537,1005,1753,7440,7320,6344,6161,0,1,20472,3,3,2
3287,56,96,1,0,1220,1537,1000,1758,7331,7211,6231,6149,0,0,20484,3,5,4
3288,56,96,1,1,1217,1538,993,1748,7305,7275,6263,6149,0,0,20488,3,4,1
3289,56,96,1,0,1222,1526,998,1740,7351,7107,6226,6066,0,0,20482,1,2,5
3290,56,97,1,0,1222,1521,982,1749,7339,7088,6233,6067,0,0,20475,3,2,5
3291,55,95,1,0,1209,1527,981,1744,7430,7178,6239,6041,0,0,20477,2,2,4
3292,55,97,1,0,1216,1525,980,1739,7361,7212,6232,6058,0,0,20480,4,2,5
3293,55,97,1,0,1203,1509,975,1733,7386,7093,6017,5964,0,0,20488,5,5,2
3294,55,97,1,0,1200,1512,970,1727,7208,7185,5979,6014,1,0,20479,3,3,2
3295,55,97,1,0,1207,1515,969,1731,7144,7021,6045,5934,0,0,20483,1,4,3
3296,55,94,1,1,1198,1514,969,1729,7174,7112,5999,6027,0,0,20483,3,1,3
3297,55,98,1,0,1203,1511,971,1726,7112,7113,6186,6031,0,0,20477,2,4,5
3298,55,95,1,0,1200,1509,972,1714,7130,7074,5951,5909,0,0,20477,2,4,1
3299,55,97,1,0,1185,1491,961,1720,7108,7009,6044,5921,0,0,20482,3,1,1
3300,55,94,1,0,1187,1499,961,1714,7109,6860,6037,5834,0,0,20483,4,3,1
3301,55,97,1,0,1189,1494,954,1704,7117,6926,6012,5880,0,0,20476,4,2,5
3302,55,94,1,0,1175,1486,947,1715,7200,7035,5969,5969,0,0,20484,2,5,5
3303,55,96,1,0,1177,1492,946,1703,7202,6807,5929,5943,0,0,20484,5,5,2
3304,55,96,1,1,1179,1482,938,1705,7093,6814,6074,5831,0,1,20473,3,5,5
3305,55,94,1,0,1173,1487,949,1690,6996,6847,5957,5786,0,0,20486,1,4,5
3306,55,98,1,0,1174,1484,946,1703,7059,6928,5823,5773,0,0,20487,2,2,4
3307,55,95,1,0,1170,1467,944,1684,7141,6927,6008,5803,0,0,20481,4,3,3
3308,55,96,1,0,1171,1471,936,1685,6985,6870,5908,5802,0,0,20473,2,2,4
3309,55,97,1,0,1162,1476,928,1691,6963,6885,5789,5703,0,0,20480,5,5,2
3310,55,96,1,0,1153,1463,924,1675,7047,6895,5813,5808,0,0,20488,2,3,4
3311,55,95,1,0,1149,1467,923,1675,7084,6852,5972,5775,1,0,20479,4,3,2
3312,55,95,1,1,1160,1454,919,1670,6945,6791,5707,5681,0,0,20488,1,3,5
3313,55,95,1,0,1149,1451,917,1680,6926,6641,5860,5779,0,0,20480,5,2,5
3314,55,97,1,0,1154,1453,919,1676,6811,6703,5682,5692,0,0,20477,1,4,4
3315,55,97,1,0,1151,1442,918,1661,6927,6666,5915,5635,0,0,20474,1,1,5
3316,55,96,1,0,1132,1450,913,1662,6986,6688,5833,5730,0,0,20472,1,3,1
3317,55,95,1,0,1143,1436,912,1662,6852,6702,5714,5639,0,0,20488,5,4,4
3318,55,97,1,0,1127,1436,903,1662,6954,6697,5632,5669,0,0,20480,5,5,2
3319,55,98,1,0,1135,1442,893,1659,6884,6677,5688,5568,0,0,20479,1,4,2
3320,55,98,1,1,1125,1435,899,1651,6746,6655,5784,5575,0,0,20481,2,1,1
3321,55,96,1,0,1120,1437,901,1643,6906,6705,5715,5684,0,0,20480,1,1,2
3322,55,95,1,0,1114,1421,895,1643,6736,6509,5688,5545,0,0,20476,5,5,3
3323,55,97,1,0,1126,1422,888,1636,6702,6469,5531,5654,0,0,20474,1,5,5
3324,55,95,1,0,1118,1428,883,1636,6710,6481,5802,5591,0,0,20487,1,5,5
3325,55,96,1,0,1112,1427,887,1640,6707,6553,5594,5492,0,0,20481,1,4,4
3326,55,94,1,0,1108,1420,882,1639,6669,6408,5497,5584,0,0,20477,4,4,3
3327,55,98,1,0,1101,1421,868,1630,6646,6619,5725,5497,0,0,20483,1,3,2
3328,55,95,1,1,1107,1403,875,1632,6684,6533,5472,5527,0,0,20478,1,2,1
3329,55,98,1,0,1094,1405,862,1626,6642,6413,5645,5585,0,0,20476,3,1,4
3330,55,94,1,0,1105,1408,873,1622,6537,6375,5469,5427,0,0,20488,4,2,2
3331,55,94,1,0,1089,1400,856,1614,6492,6472,5433,5440,0,0,20474,3,1,3
3332,55,98,1,0,1085,1397,856,1610,6583,6421,5563,5365,0,0,20477,4,3,3
3333,55,94,1,0,1096,1403,862,1614,6657,6306,5515,5366,0,0,20478,5,4,5
3334,54,95,1,0,1079,1390,856,1612,6486,6280,5493,5491,1,0,20484,4,1,4
3335,54,97,1,0,1087,1385,858,1613,6476,6269,5604,5445,0,0,20476,5,1,5
3336,54,96,1,1,1081,1391,842,1609,6522,6230,5520,5310,0,0,20477,3,1,1
3337,54,96,1,0,1077,1386,853,1599,6487,6421,5421,5461,0,0,20475,2,5,2
3338,54,95,1,0,1077,1376,850,1603,6560,6296,5515,5326,0,0,20473,5,1,5
3339,54,98,1,0,1076,1381,846,1593,6574,6172,5405,5290,0,0,20476,4,1,3
3340,54,97,1,0,1062,1368,831,1586,6522,6259,5478,5390,0,0,20478,3,5,2
3341,54,94,1,0,1060,1371,837,1586,6341,6165,5432,5327,0,0,20485,3,2,5
3342,54,95,1,0,1067,1368,838,1587,6510,6219,5349,5352,0,0,20482,5,2,3
3343,54,94,1,0,1054,1370,828,1580,6331,6129,5356,5237,0,0,20483,1,2,3
3344,54,98,1,1,1049,1366,830,1579,6432,6155,5247,5303,0,0,20477,4,1,5
3345,54,94,1,0,1049,1356,818,1583,6452,6078,5401,5311,0,1,20476,2,4,5
3346,54,94,1,0,1043,1354,813,1573,6323,6085,5280,5243,0,0,20486,4,4,1
3347,54,98,1,0,1048,1346,815,1575,6430,6038,5342,5304,0,0,20482,3,4,2
3348,54,97,1,0,1035,1346,820,1570,6348,6196,5199,5157,0,0,20486,5,2,1
3349,54,96,1,0,1042,1354,802,1567,6393,6159,5368,5157,0,0,20480,4,1,5
3350,54,94,1,0,1041,1339,801,1566,6278,6137,5199,5121,0,0,20475,3,5,3
3351,54,96,1,0,1028,1344,796,1559,6285,6150,5204,5106,0,0,20476,4,3,2
3352,54,98,1,1,1030,1337,794,1556,6235,5968,5281,5138,0,0,20476,1,3,1
3353,54,94,1,0,1024,1332,794,1545,6101,6113,5311,5186,0,0,20478,3,2,2
3354,54,97,1,0,1026,1336,787,1551,6257,6136,5117,5087,0,0,20482,3,1,1
3355,54,97,1,0,1023,1324,787,1542,6236,5897,5123,5078,0,0,20478,3,1,1
3356,54,98,1,0,1010,1329,795,1550,6178,5908,5222,5050,0,0,20486,5,4,3
3357,54,94,1,0,1010,1330,791,1545,6050,5882,5207,5136,0,0,20487,4,2,2
3358,54,96,1,0,1014,1325,782,1540,6031,5983,5125,4997,0,0,20472,4,5,4
3359,54,97,1,0,1009,1323,778,1528,6034,6053,5050,5143,0,0,20483,1,1,2
3360,54,96,1,1,1003,1315,778,1526,6012,5956,5226,5118,0,0,20478,4,1,3
3361,54,97,1,0,1001,1304,767,1523,6045,5942,5121,5104,0,0,20477,5,1,2
3362,54,96,1,0,1006,1314,777,1516,6146,5854,5165,4943,1,0,20483,1,1,3
3363,54,97,1,0,992,1311,763,1513,6138,5931,5004,5068,0,0,20472,2,3,3
3364,54,95,1,0,1001,1300,764,1526,6011,5828,5060,4943,0,0,20478,2,2,3
3365,54,94,1,0,995,1305,765,1519,6054,5926,5089,4921,0,0,20481,3,4,1
3366,54,96,1,0,983,1292,758,1518,6004,5777,5121,4858,0,0,20477,2,4,5
3367,54,96,1,0,981,1292,760,1511,5971,5802,4921,4848,0,0,20485,1,3,1
3368,54,98,1,1,983,1293,753,1502,6025,5712,5132,4871,0,0,20487,2,4,4
3369,54,98,1,0,982,1281,744,1501,5833,5769,5075,4884,0,0,20476,3,3,5
3370,54,95,1,0,970,1286,739,1496,5956,5848,5056,4892,0,0,20486,1,4,5
3371,54,95,1,0,972,1271,740,1491,5815,5831,4972,4898,0,0,20475,1,2,5
3372,54,94,1,0,962,1280,736,1491,5851,5812,4896,4844,0,0,20486,5,4,1
3373,54,94,1,0,967,1278,736,1483,5895,5619,4778,4809,0,0,20477,1,5,3
3374,54,95,1,0,965,1276,727,1494,5857,5631,4938,4781,0,0,20488,3,4,5
3375,53,95,1,0,962,1274,724,1480,5895,5589,4910,4842,0,0,20474,5,3,2
3376,53,94,1,1,954,1261,727,1477,5874,5604,4735,4802,0,0,20487,3,4,5
3377,53,94,1,0,958,1254,716,1477,5782,5601,4753,4727,0,0,20476,2,3,3
3378,53,94,1,0,945,1256,726,1483,5714,5527,4730,4710,0,0,20478,1,3,1
3379,53,98,1,0,955,1256,712,1476,5768,5471,4698,4779,0,0,20483,2,4,5
3380,53,94,1,0,938,1251,706,1471,5832,5563,4714,4700,0,0,20483,2,5,1
3381,53,94,1,0,946,1242,705,1471,5602,5590,4884,4807,0,1,20480,1,3,3
3382,53,96,1,0,930,1240,705,1464,5626,5613,4659,4731,0,0,20480,3,4,1
3383,53,97,1,0,936,1250,698,1463,5660,5483,4829,4742,0,0,20488,5,1,3
3384,53,97,1,1,927,1236,694,1450,5649,5404,4696,4619,0,0,20478,4,5,5
3385,53,97,1,0,923,1229,702,1453,5718,5470,4771,4713,0,0,20476,3,1,2
3386,53,94,1,0,933,1228,703,1449,5653,5586,4862,4633,0,0,20486,3,2,4
3387,53,98,1,0,929,1224,688,1442,5522,5531,4623,4553,0,0,20485,3,5,1
3388,53,95,1,0,924,1233,697,1439,5586,5391,4663,4602,0,0,20484,5,3,4
3389,53,98,1,0,912,1231,685,1444,5676,5400,4543,4584,0,0,20476,2,4,3
3390,53,96,1,0,911,1220,690,1446,5466,5393,4752,4612,0,0,20488,1,4,4
3391,53,95,1,0,916,1210,675,1440,5519,5351,4521,4615,0,0,20487,2,3,1
3392,53,98,1,1,908,1213,671,1425,5625,5452,4675,4499,0,0,20482,2,1,4
3393,53,96,1,0,910,1207,668,1422,5472,5424,4625,4628,0,0,20474,5,1,1
3394,53,95,1,0,901,1203,663,1427,5538,5297,4710,4569,0,0,20475,3,3,2
3395,53,94,1,0,900,1213,665,1422,5407,5294,4561,4541,0,0,20479,1,5,3
3396,53,96,1,0,891,1207,669,1426,5454,5195,4554,4429,0,0,20487,5,3,4
3397,53,94,1,0,886,1203,653,1424,5348,5341,4571,4402,0,0,20478,3,1,5
3398,53,96,1,0,890,1197,658,1409,5518,5285,4478,4521,0,0,20488,5,1,5
3399,53,98,1,0,892,1200,651,1405,5483,5171,4495,4406,0,0,20484,1,3,4
3400,53,96,1,1,876,1182,645,1411,5416,5337,4518,4414,0,0,20481,2,1,4
3401,53,96,1,0,880,1188,642,1407,5384,5202,4559,4430,0,0,20485,4,3,1
3402,53,97,1,0,880,1179,647,1400,5351,5081,4630,4361,0,0,20480,4,1,1
3403,53,97,1,0,878,1174,650,1391,5403,5277,4343,4372,0,0,20473,3,5,5
3404,53,98,1,0,875,1175,639,1397,5273,5070,4396,4332,0,0,20480,1,4,2
3405,53,97,1,0,864,1180,642,1385,5393,5058,4293,4348,0,0,20472,1,5,2
3406,53,98,1,0,865,1163,628,1391,5353,5157,4502,4392,0,0,20485,2,1,2
3407,53,97,1,0,866,1168,629,1382,5304,5206,4335,4323,0,0,20472,4,3,3
3408,53,95,1,1,865,1171,623,1389,5299,5041,4292,4334,0,0,20478,5,1,3
3409,53,96,1,0,847,1159,628,1386,5172,5147,4409,4304,0,0,20488,3,2,4
3410,53,98,1,0,846,1151,626,1377,5222,5000,4242,4325,0,0,20485,1,2,4
3411,53,94,1,0,841,1153,622,1365,5185,5052,4223,4280,0,0,20473,5,4,4
3412,53,96,1,0,852,1147,620,1371,5132,5080,4329,4325,0,0,20475,5,5,5
3413,53,97,1,0,839,1153,608,1366,5060,4878,4430,4251,0,0,20474,1,4,5
3414,53,96,1,0,834,1144,605,1370,5101,4873,4401,4246,0,0,20488,3,5,4
3415,53,98,1,0,835,1135,611,1366,5034,4951,4266,4158,0,1,20476,4,5,4
3416,53,97,1,1,829,1140,601,1354,5019,5050,4379,4246,0,0,20483,2,5,3
3417,52,97,1,0,833,1133,595,1354,5054,4991,4365,4218,1,0,20482,5,1,1
3418,52,96,1,0,830,1134,600,1350,4998,4790,4244,4080,0,0,20480,3,5,2
3419,52,97,1,0,821,1127,594,1352,5032,5000,4366,4210,0,0,20485,4,4,2
3420,52,97,1,0,823,1128,584,1352,5114,4872,4094,4066,0,0,20482,3,2,3
3421,52,94,1,0,813,1123,589,1350,4958,4790,4179,4211,0,0,20472,1,5,5
3422,52,98,1,0,810,1126,591,1347,4867,4735,4181,4034,0,0,20482,4,2,5
3423,52,94,1,0,819,1111,585,1335,4897,4921,4289,4009,0,0,20483,5,4,2
3424,52,96,1,1,805,1109,580,1326,4960,4810,4081,4039,0,0,20483,3,5,5
3425,52,95,1,0,801,1116,569,1332,4983,4881,4015,4051,0,0,20485,1,3,1
3426,52,96,1,0,802,1101,568,1330,4852,4711,3971,4094,0,0,20473,2,3,4
3427,52,96,1,0,803,1098,563,1318,4895,4681,4019,4065,0,0,20478,3,1,1
3428,52,98,1,0,788,1107,570,1320,4941,4608,3999,3971,0,0,20478,4,5,4
3429,52,97,1,0,800,1097,566,1322,4879,4738,4146,3960,0,1,20472,1,1,5
3430,52,95,1,0,791,1100,559,1318,4852,4692,4154,3979,0,0,20479,4,2,5
3431,52,97,1,0,780,1099,561,1310,4693,4678,3912,3946,0,0,20487,3,2,4
3432,52,97,1,1,775,1092,555,1316,4894,4666,3905,4029,0,0,20472,4,5,1
3433,52,96,1,0,785,1086,550,1307,4822,4670,3967,3959,0,0,20472,3,1,1
3434,52,95,1,0,769,1089,539,1298,4729,4651,4053,3840,0,0,20484,5,4,3
3435,52,94,1,0,769,1085,547,1295,4792,4665,3918,3839,0,0,20474,4,4,2
3436,52,96,1,0,776,1074,545,1298,4772,4529,3922,3958,0,0,20487,3,4,3
3437,52,95,1,0,763,1075,532,1296,4762,4535,3843,3863,0,0,20475,3,3,1
3438,52,95,1,0,757,1067,542,1292,4734,4617,3844,3829,0,0,20485,3,2,2
3439,52,98,1,0,761,1076,527,1288,4704,4444,3812,3765,0,0,20482,2,3,1
3440,52,98,1,1,766,1071,529,1287,4575,4489,3808,3803,0,0,20484,2,1,1
3441,52,95,1,0,763,1064,524,1275,4689,4563,4025,3899,0,0,20479,4,3,1
3442,52,97,1,0,757,1061,522,1274,4691,4488,3952,3837,0,0,20486,3,3,5
3443,52,94,1,0,749,1055,520,1275,4535,4337,3722,3724,0,0,20476,2,3,5
3444,52,95,1,0,748,1058,515,1266,4547,4404,3820,3857,0,0,20476,5,4,2
3445,52,98,1,0,750,1058,518,1260,4569,4392,3775,3779,0,0,20472,5,5,5
3446,52,94,1,0,735,1043,502,1264,4535,4426,3788,3758,0,0,20488,5,1,5
3447,52,97,1,0,739,1037,511,1264,4442,4425,3918,3742,0,0,20472,4,1,1
3448,52,95,1,1,730,1045,498,1251,4506,4468,3922,3643,0,0,20480,4,1,4
3449,52,98,1,0,735,1044,503,1250,4507,4276,3739,3682,1,0,20485,4,4,1
3450,52,97,1,0,735,1034,497,1247,4545,4422,3759,3645,0,0,20483,5,5,1
3451,52,94,1,0,731,1026,486,1246,4464,4215,3820,3602,0,0,20483,1,2,2
3452,52,98,1,0,726,1026,488,1241,4506,4399,3769,3606,0,0,20486,2,4,2
3453,52,97,1,0,719,1033,491,1238,4488,4247,3709,3586,0,0,20472,3,5,2
3454,52,94,1,0,714,1025,492,1238,4293,4198,3751,3624,0,0,20483,1,1,5
3455,52,97,1,0,713,1013,485,1233,4411,4316,3565,3527,0,0,20483,2,4,5
3456,52,94,1,1,711,1020,473,1239,4319,4143,3604,3606,0,0,20476,4,3,3
3457,52,98,1,0,703,1018,470,1225,4356,4208,3744,3654,0,1,20481,1,5,1
3458,51,95,1,0,709,1017,480,1234,4356,4201,3569,3490,0,0,20487,5,1,2
3459,51,98,1,0,699,1005,469,1232,4360,4252,3596,3494,0,0,20484,2,4,2
3460,51,97,1,0,700,1008,467,1217,4221,4260,3470,3491,0,0,20476,4,3,3
3461,51,94,1,0,688,1008,469,1219,4282,4181,3492,3429,0,0,20477,5,1,4
3462,51,98,1,0,684,996,452,1208,4214,4065,3542,3563,1,0,20483,1,3,1
3463,51,95,1,0,688,993,451,1205,4270,4174,3401,3527,0,0,20488,1,2,3
3464,51,94,1,1,689,991,456,1210,4077,4152,3651,3438,0,0,20486,3,4,5
3465,51,97,1,0,674,985,455,1203,4209,4129,3449,3493,0,0,20473,5,4,4
3466,51,98,1,0,670,987,447,1207,4189,4100,3461,3428,0,0,20484,3,1,4
3467,51,96,1,0,673,988,441,1198,4190,4065,3517,3341,0,0,20486,3,1,1
3468,51,97,1,0,669,980,443,1199,4128,4058,3458,3432,0,0,20474,1,2,4
3469,51,96,1,0,671,968,433,1187,4098,4080,3578,3449,0,0,20480,1,5,1
3470,51,97,1,0,666,968,435,1190,4079,3952,3584,3333,0,0,20472,1,4,3
3471,51,96,1,0,658,963,437,1185,4122,3918,3438,3300,0,0,20484,1,3,5
3472,51,98,1,1,655,972,434,1190,4020,4029,3475,3338,0,0,20480,2,2,2
3473,51,94,1,0,662,964,428,1184,4091,3867,3492,3387,0,0,20473,2,3,3
3474,51,96,1,0,658,959,417,1177,3898,3941,3294,3330,0,0,20480,1,4,5
3475,51,96,1,0,651,955,422,1182,4074,3825,3418,3271,0,0,20474,3,1,1
3476,51,98,1,0,641,960,412,1169,4029,3838,3419,3310,0,0,20480,1,2,2
3477,51,96,1,0,636,945,413,1167,3882,3862,3461,3303,0,0,20474,5,1,4
3478,51,97,1,0,647,949,408,1165,4016,3866,3204,3254,0,0,20474,5,1,1
3479,51,96,1,0,634,939,414,1155,3880,3820,3217,3157,0,0,20485,5,3,3
3480,51,97,1,1,639,933,400,1160,3961,3810,3261,3166,0,0,20482,3,5,5
3481,51,97,1,0,632,934,399,1150,3985,3863,3299,3177,0,0,20478,1,5,3
3482,51,94,1,0,625,943,401,1150,3755,3771,3174,3271,0,0,20487,3,5,5
3483,51,97,1,0,628,928,402,1149,3766,3783,3317,3183,0,0,20483,3,1,2
3484,51,95,1,0,616,934,383,1150,3883,3619,3102,3177,0,0,20482,5,4,1
3485,51,94,1,0,616,927,383,1150,3722,3771,3119,3097,0,0,20487,4,2,2
3486,51,95,1,0,616,920,389,1134,3868,3651,3077,3065,0,0,20482,5,1,4
3487,51,94,1,0,607,918,389,1142,3868,3590,3227,3067,0,0,20473,2,3,2
3488,51,95,1,1,614,921,386,1126,3833,3708,3230,3052,0,0,20488,3,4,4
3489,51,98,1,0,612,907,372,1133,3672,3684,3124,3174,1,0,20485,5,2,4
3490,51,94,1,0,598,905,377,1131,3631,3729,3213,3055,0,0,20487,4,4,4
3491,51,95,1,0,603,902,376,1122,3638,3552,3037,3084,0,0,20475,3,1,2
3492,51,95,1,0,598,897,370,1120,3799,3630,3057,3011,0,0,20487,3,4,2
3493,51,94,1,0,601,904,369,1126,3756,3450,3229,3031,0,0,20476,1,1,1
3494,51,96,1,0,590,905,356,1120,3581,3489,3097,2992,0,0,20474,2,4,5
3495,51,96,1,0,590,894,352,1120,3574,3544,2981,3046,0,0,20481,2,5,1
3496,51,95,1,1,580,899,350,1114,3612,3456,3090,3066,0,0,20472,4,3,5
3497,51,98,1,0,575,884,356,1111,3705,3461,2921,3022,0,0,20484,3,3,2
3498,51,98,1,0,570,893,346,1105,3672,3531,3052,3018,0,0,20472,2,5,3
3499,50,95,1,0,572,879,349,1106,3456,3536,2953,2965,0,0,20480,3,1,2
3500,50,95,1,0,572,875,348,1100,3513,3411,2853,2903,0,0,20479,5,1,4
3501,50,95,1,0,567,874,337,1100,3610,3469,3096,2951,0,0,20488,3,4,2
3502,50,98,1,0,562,873,331,1095,3402,3436,2854,2809,0,0,20473,3,3,3
3503,50,96,1,0,565,867,332,1087,3576,3491,3008,2802,0,0,20472,1,2,5
3504,50,95,1,1,555,869,326,1079,3480,3352,2831,2907,0,1,20486,1,4,5
3505,50,98,1,0,557,861,326,1073,3386,3415,2887,2784,0,0,20485,5,1,4
3506,50,94,1,0,558,859,316,1073,3514,3423,2918,2818,0,0,20484,4,3,2
3507,50,94,1,0,545,856,317,1076,3283,3287,2781,2785,0,0,20475,5,2,1
3508,50,95,1,0,544,858,321,1066,3445,3393,2919,2714,0,0,20473,4,1,4
3509,50,96,1,0,540,849,311,1063,3255,3321,2873,2759,0,0,20481,1,2,5
3510,50,96,1,0,543,851,316,1061,3267,3208,2751,2804,0,0,20488,2,2,4
3511,50,95,1,0,537,843,308,1054,3273,3307,2742,2726,0,0,20486,1,4,3
3512,50,95,1,1,530,838,304,1055,3243,3206,2807,2819,1,0,20472,2,3,1
3513,50,95,1,0,536,840,297,1051,3290,3260,2715,2652,0,0,20475,5,2,1
3514,50,98,1,0,524,843,304,1049,3183,3236,2606,2736,0,0,20477,4,1,5
3515,50,97,1,0,526,833,289,1042,3195,3181,2631,2770,0,0,20484,1,4,4
3516,50,94,1,0,514,829,286,1043,3254,3104,2702,2625,0,1,20478,4,5,1
3517,50,96,1,0,512,819,284,1038,3325,3023,2661,2606,0,0,20484,5,3,5
3518,50,95,1,0,508,824,286,1047,3193,3182,2815,2563,0,0,20488,1,3,5
3519,50,94,1,0,516,826,278,1045,3272,3020,2623,2699,0,0,20483,4,1,1
3520,50,96,1,1,516,824,285,1038,3067,3163,2720,2688,0,0,20475,5,3,2
3521,50,97,1,0,501,817,276,1035,3158,3102,2593,2525,0,0,20472,3,4,4
3522,50,94,1,0,499,815,278,1029,3048,3010,2776,2671,0,0,20480,2,2,1
3523,50,96,1,0,499,814,268,1030,3174,3028,2617,2499,0,0,20476,1,5,4
3524,50,94,1,0,498,807,260,1018,3092,3007,2482,2531,0,0,20478,2,1,5
3525,50,98,1,0,500,793,266,1018,2979,3037,2688,2582,0,0,20476,1,2,3
3526,50,97,1,0,487,805,258,1018,3133,2916,2658,2540,0,0,20472,2,4,3
3527,50,96,1,0,494,791,265,1010,3102,2959,2557,2585,0,0,20488,3,5,3
3528,50,94,1,1,479,790,246,1008,2972,2887,2569,2537,0,0,20485,4,1,2
3529,50,94,1,0,480,786,247,1002,3007,2858,2613,2532,0,0,20478,5,4,2
3530,50,95,1,0,477,790,246,998,2922,2985,2544,2491,0,0,20479,2,1,5
3531,50,98,1,0,471,782,247,993,3013,2941,2403,2537,0,0,20479,2,3,2
3532,50,95,1,0,473,778,243,990,3015,2897,2495,2440,0,0,20474,5,2,4
3533,50,97,1,0,471,777,233,986,2905,2749,2504,2349,0,0,20488,3,5,2
3534,50,98,1,0,467,769,234,987,2979,2878,2342,2466,0,0,20485,1,2,1
3535,50,97,1,0,469,767,224,985,2957,2754,2407,2326,0,0,20483,1,4,2
3536,50,98,1,1,458,769,225,982,2922,2733,2481,2446,0,0,20479,5,2,5
3537,50,95,1,0,452,757,227,979,2921,2857,2507,2302,0,0,20485,3,3,2
3538,50,97,1,0,451,755,215,984,2942,2688,2504,2377,0,0,20481,2,5,3
3539,50,94,1,0,454,757,227,970,2908,2665,2327,2255,0,0,20475,2,5,5
3540,49,97,1,0,453,749,222,973,2786,2830,2244,2319,0,0,20478,2,1,2
3541,49,97,1,0,448,757,206,972,2709,2678,2235,2253,0,0,20474,4,1,5
3542,49,97,1,0,433,740,205,967,2728,2712,2321,2214,0,0,20485,4,5,4
3543,49,98,1,0,444,745,205,970,2772,2543,2275,2215,0,0,20480,1,2,2
3544,49,98,1,1,427,739,210,961,2644,2599,2333,2211,0,0,20478,4,4,4
3545,49,94,1,0,434,732,202,948,2583,2550,2328,2254,0,0,20479,4,3,3
3546,49,97,1,0,423,732,199,961,2584,2579,2269,2275,0,0,20474,4,4,2
3547,49,95,1,0,424,734,201,949,2745,2562,2271,2172,0,0,20483,3,4,2
3548,49,95,1,0,423,730,185,943,2732,2659,2320,2250,0,0,20474,2,2,4
3549,49,94,1,0,424,721,194,946,2576,2564,2253,2218,0,0,20477,3,2,5
3550,49,95,1,0,423,726,180,939,2547,2443,2187,2148,0,0,20472,1,4,5
3551,49,97,1,0,410,719,175,943,2626,2505,2325,2101,0,1,20473,5,4,2
3552,49,94,1,1,411,718,187,939,2633,2593,2193,2134,0,0,20478,2,1,4
3553,49,95,1,0,410,708,184,930,2648,2501,2042,2155,0,0,20483,5,4,1
3554,49,97,1,0,406,712,170,929,2527,2407,2208,2145,0,0,20481,1,5,4
3555,49,94,1,0,403,701,177,930,2420,2420,2238,1997,0,0,20482,2,3,1
3556,49,97,1,0,396,702,162,928,2480,2535,2103,1987,0,0,20482,2,1,3
3557,49,98,1,0,386,699,160,911,2383,2455,2100,2000,0,0,20481,1,5,4
3558,49,96,1,0,388,702,164,918,2510,2459,2085,2084,0,0,20476,2,2,2
3559,49,95,1,0,386,699,159,918,2507,2281,1986,2078,1,0,20480,4,5,5
3560,49,98,1,1,391,692,152,917,2356,2290,2118,2015,0,0,20480,2,5,5
3561,49,98,1,0,376,682,149,904,2314,2291,1929,2005,0,0,20487,2,4,1
3562,49,96,1,0,382,691,153,896,2297,2410,1889,2023,0,0,20479,1,1,3
3563,49,98,1,0,382,681,149,900,2365,2198,1850,2036,0,0,20476,3,4,2
3564,49,94,1,0,364,672,135,903,2462,2351,1868,1958,0,0,20483,1,4,4
3565,49,98,1,0,366,681,145,893,2312,2143,1846,1974,0,0,20487,3,4,4
3566,49,97,1,0,361,676,137,888,2377,2149,1982,1919,0,0,20484,1,3,5
3567,49,95,1,0,358,674,136,890,2271,2240,2020,1938,0,0,20486,3,4,2
3568,49,97,1,1,352,669,132,882,2362,2328,1762,1924,0,0,20474,3,3,3
3569,49,95,1,0,354,665,126,888,2297,2185,1801,1864,0,0,20473,5,2,1
3570,49,95,1,0,360,666,129,883,2349,2106,1810,1816,0,0,20481,3,5,5
3571,49,95,1,0,354,654,124,874,2243,2241,1965,1885,0,1,20476,3,4,5
3572,49,98,1,0,341,654,112,873,2204,2157,1852,1748,0,0,20485,5,5,4
3573,49,95,1,0,338,653,111,865,2182,2147,1771,1786,0,0,20486,3,5,3
3574,49,98,1,0,345,655,108,866,2203,2036,1704,1718,0,0,20485,5,3,4
3575,49,98,1,0,346,649,115,865,2093,2017,1746,1857,0,0,20488,3,2,1
3576,49,95,1,1,341,637,112,862,2030,2010,1900,1828,0,0,20479,5,1,1
3577,49,97,1,0,333,634,109,849,2151,2048,1786,1771,0,0,20474,3,3,2
3578,49,98,1,0,326,629,102,852,2125,2132,1651,1670,0,0,20488,2,3,1
3579,49,98,1,0,325,625,90,848,2072,2034,1719,1731,0,0,20487,1,5,5
3580,49,95,1,0,330,626,98,842,1942,2041,1752,1668,0,0,20477,3,1,1
3581,48,98,1,0,319,625,86,839,1910,1866,1726,1675,0,0,20480,3,3,1
3582,48,95,1,0,310,626,86,833,2015,1863,1682,1750,0,0,20482,5,5,3
3583,48,95,1,0,305,614,90,835,2025,1931,1597,1732,0,0,20483,1,1,5
3584,48,98,1,1,318,611,85,836,1973,1810,1700,1655,0,0,20487,5,1,2
3585,48,95,1,0,300,619,83,832,2000,1980,1508,1597,0,0,20486,4,3,4
3586,48,94,1,0,300,619,72,836,1894,1970,1582,1565,1,0,20482,2,2,2
3587,48,94,1,0,295,609,75,820,1898,1935,1493,1630,0,0,20481,4,2,1
3588,48,94,1,0,290,606,70,825,1793,1848,1522,1606,0,0,20482,3,4,1
3589,48,97,1,0,293,594,68,820,1938,1830,1429,1595,0,0,20475,4,5,1
3590,48,94,1,0,284,604,66,811,1757,1888,1498,1467,0,0,20480,5,2,4
3591,48,94,1,0,286,599,56,819,1880,1705,1413,1540,0,0,20479,2,3,4
3592,48,95,1,1,286,587,50,809,1922,1665,1619,1488,0,0,20481,4,2,3
3593,48,96,1,0,278,584,48,800,1763,1756,1480,1476,0,0,20478,3,1,3
3594,48,96,1,0,279,591,55,809,1792,1659,1503,1540,0,0,20482,3,3,4
3595,48,96,1,0,283,589,50,807,1714,1795,1371,1534,0,0,20476,2,5,3
3596,48,98,1,0,273,575,36,804,1813,1706,1563,1365,0,0,20476,4,4,1
3597,48,94,1,0,273,582,43,799,1735,1671,1602,1423,0,0,20486,5,4,1
3598,48,98,1,0,265,566,32,793,1776,1570,1293,1374,0,0,20481,5,2,3
3599,48,95,1,0,262,568,38,793,1806,1730,1380,1348,0,0,20487,1,1,3
3600,48,98,1,1,265,570,29,784,1628,1542,1535,1366,0,0,20483,1,2,2
3601,48,96,1,0,264,568,33,784,1640,1628,1285,1410,0,0,20488,1,1,1
3602,48,94,1,0,249,560,20,779,1687,1614,1342,1352,0,0,20477,3,1,4
3603,48,95,1,0,253,563,19,783,1551,1549,1287,1291,0,0,20486,1,3,4
3604,48,97,1,0,243,554,23,780,1620,1571,1218,1282,1,0,20486,1,1,5
3605,48,98,1,0,252,560,21,767,1587,1445,1405,1284,0,0,20483,4,4,1
3606,48,98,1,0,247,544,15,768,1490,1434,1193,1306,0,0,20473,2,4,4
3607,48,97,1,0,236,543,12,766,1569,1565,1204,1199,0,1,20488,1,3,4
3608,48,94,1,1,233,537,4,759,1543,1363,1140,1187,0,0,20476,3,1,1
3609,48,97,1,0,236,534,7,753,1459,1463,1357,1169,0,0,20483,2,1,1
3610,48,97,1,0,222,535,-4,753,1487,1555,1391,1294,0,0,20473,4,3,5
3611,48,97,1,0,222,540,0,751,1354,1339,1266,1161,0,0,20478,5,2,1
3612,48,95,1,0,231,533,-6,747,1344,1520,1070,1158,0,0,20485,3,4,4
3613,48,96,1,0,212,531,-17,742,1459,1477,1149,1257,0,0,20488,5,1,1
3614,48,98,1,0,210,532,-16,749,1404,1354,1081,1167,0,0,20488,2,1,4
3615,48,94,1,0,216,521,-18,744,1392,1419,1177,1171,0,0,20488,2,2,3
3616,48,96,1,1,212,513,-25,730,1341,1417,1160,1132,0,0,20484,1,2,2
3617,48,94,1,0,205,515,-19,730,1416,1383,1209,1152,0,0,20474,4,2,5
3618,48,95,1,0,207,510,-32,728,1451,1194,1201,1134,0,0,20487,4,5,4
3619,48,95,1,0,208,503,-32,722,1388,1392,1062,1047,0,0,20488,5,4,5
3620,48,97,1,0,194,509,-39,719,1415,1313,993,1073,0,0,20485,4,5,2
3621,48,94,1,0,201,506,-34,713,1282,1164,1057,1059,0,0,20479,1,5,5
3622,47,95,1,0,189,504,-41,717,1235,1158,1059,1010,0,0,20473,2,4,2
3623,47,97,1,0,185,499,-49,710,1361,1322,959,1099,0,0,20473,5,5,3
3624,47,98,1,1,190,487,-45,705,1290,1252,891,978,0,0,20480,1,2,3
3625,47,95,1,0,176,484,-49,705,1257,1183,1150,952,0,0,20481,1,1,3
3626,47,96,1,0,176,488,-50,708,1168,1180,864,978,0,0,20487,3,3,4
3627,47,95,1,0,174,477,-50,699,1234,1227,900,965,0,0,20485,3,5,2
3628,47,98,1,0,173,479,-60,693,1068,1214,984,936,0,0,20479,5,3,5
3629,47,98,1,0,168,475,-61,698,1129,1149,1067,911,0,0,20483,5,4,5
3630,47,94,1,0,162,474,-62,693,1149,1106,997,993,0,0,20472,2,5,1
3631,47,98,1,0,156,478,-66,688,982,1132,844,873,0,0,20475,1,2,4
3632,47,98,1,1,169,466,-66,690,978,1021,851,916,0,0,20485,3,4,4
3633,47,98,1,0,162,466,-80,684,943,925,846,825,0,1,20486,2,3,1
3634,47,95,1,0,160,463,-74,681,977,1096,771,898,0,0,20484,4,4,3
3635,47,98,1,0,147,454,-82,670,993,1072,915,879,0,0,20479,2,2,4
3636,47,94,1,0,145,448,-84,676,916,942,811,823,0,0,20483,4,3,5
3637,47,94,1,0,139,458,-86,670,914,1009,735,728,0,0,20475,2,1,4
3638,47,94,1,0,146,454,-93,671,1070,962,693,708,0,0,20473,2,2,2
3639,47,94,1,0,146,445,-83,671,1048,1003,866,690,0,0,20478,5,1,2
3640,47,94,1,1,136,440,-90,660,889,788,697,781,0,0,20481,2,4,5
3641,47,97,1,0,131,434,-89,662,867,857,754,730,0,0,20476,4,1,1
3642,47,96,1,0,133,430,-93,656,773,897,767,668,0,0,20481,4,1,5
3643,47,95,1,0,132,428,-105,649,984,932,870,674,0,0,20474,3,3,4
3644,47,97,1,0,132,430,-110,641,815,736,612,790,1,0,20488,3,4,2
3645,47,95,1,0,121,432,-112,646,871,800,701,712,0,0,20481,2,3,3
3646,47,98,1,0,120,421,-115,650,752,694,753,717,0,0,20475,2,2,1
3647,47,97,1,0,113,421,-112,643,702,807,670,739,0,0,20484,1,4,3
3648,47,97,1,1,106,426,-123,644,730,794,777,554,0,0,20478,2,4,3
3649,47,97,1,0,112,420,-117,632,641,645,658,670,0,0,20483,1,1,3
3650,47,98,1,0,98,416,-119,623,732,705,670,581,0,0,20487,2,2,2
3651,47,95,1,0,102,412,-127,621,792,727,479,515,0,0,20484,2,1,1
3652,47,96,1,0,106,400,-131,623,720,619,720,667,0,0,20484,5,1,3
3653,47,94,1,0,94,402,-129,629,779,589,441,551,0,0,20479,2,5,1
3654,47,95,1,0,89,404,-137,620,696,762,644,590,0,0,20487,4,1,3
3655,47,97,1,0,95,401,-147,611,752,635,578,485,0,0,20476,4,3,1
3656,47,94,1,1,87,395,-136,605,558,673,588,580,0,0,20480,4,2,4
3657,47,94,1,0,88,392,-152,609,584,470,625,461,0,0,20486,2,2,4
3658,47,98,1,0,88,389,-150,603,609,529,515,472,0,0,20482,1,2,5
3659,47,94,1,0,71,384,-146,608,489,440,375,487,0,0,20473,4,5,3
3660,47,95,1,0,81,388,-162,606,446,525,560,509,0,0,20484,2,5,2
3661,47,97,1,0,65,377,-167,591,590,407,498,370,0,0,20478,4,5,4
3662,47,96,1,0,74,382,-157,591,417,612,334,352,0,0,20482,1,4,3
3663,47,97,1,0,72,371,-157,584,500,582,508,408,0,1,20486,4,2,3
3664,46,94,1,1,66,371,-169,582,466,443,326,408,0,0,20479,1,5,2
3665,46,96,1,0,53,359,-175,588,564,428,278,304,0,0,20474,2,2,1
3666,46,96,1,0,61,370,-169,575,516,506,352,337,0,0,20483,4,4,4
3667,46,97,1,0,59,360,-181,570,324,349,242,382,0,0,20488,2,1,4
3668,46,97,1,0,53,353,-179,580,285,325,367,365,0,0,20481,1,1,5
3669,46,96,1,0,47,350,-182,564,433,324,452,230,0,0,20473,5,3,2
3670,46,97,1,0,52,350,-190,565,357,402,193,323,0,0,20486,2,5,1
3671,46,96,1,0,47,354,-196,559,321,341,249,262,1,0,20483,1,1,2
3672,46,94,1,1,44,340,-200,559,411,435,183,204,0,0,20475,5,4,5
3673,46,98,1,0,35,343,-198,559,387,246,197,296,0,0,20485,3,5,2
3674,46,98,1,0,26,345,-191,555,214,244,330,225,0,0,20477,4,1,4
3675,46,95,1,0,22,331,-210,551,324,191,348,261,0,0,20478,2,4,2
3676,46,94,1,0,18,333,-197,555,275,344,81,195,0,0,20472,5,2,5
3677,46,94,1,0,27,337,-212,539,139,269,133,183,0,0,20481,5,5,5
3678,46,98,1,0,27,330,-211,539,259,134,46,213,0,0,20472,3,4,2
3679,46,97,1,0,20,316,-221,542,301,83,110,220,0,0,20487,3,5,3
3680,46,96,1,1,21,317,-219,537,69,58,139,125,0,0,20483,1,3,5
3681,46,98,1,0,16,311,-225,540,190,133,178,75,0,0,20487,4,5,2
3682,46,98,1,0,2,308,-231,533,250,234,117,157,0,0,20481,1,5,2
3683,46,96,1,0,5,316,-228,536,210,126,167,89,0,0,20482,2,1,1
3684,46,98,1,0,-3,311,-223,521,21,99,100,82,0,0,20472,5,2,4
3685,46,95,1,0,-7,309,-235,516,94,48,73,82,0,0,20481,1,3,4
3686,46,97,1,0,-12,294,-233,518,-24,102,198,6,0,0,20488,5,1,5
3687,46,97,1,0,-3,303,-245,524,106,-30,24,45,0,0,20481,5,3,4
3688,46,97,1,1,-16,295,-242,510,80,-23,34,24,0,0,20479,3,3,1
3689,46,95,1,0,-21,300,-253,507,-44,9,69,-17,0,0,20488,1,3,3
3690,46,98,1,0,-21,287,-250,505,96,-11,8,12,0,0,20487,2,4,4
3691,46,98,1,0,-15,285,-243,507,59,86,4,-68,0,0,20473,5,1,4
3692,46,97,1,0,-26,280,-259,501,-92,-100,-54,-81,0,0,20476,5,2,2
3693,46,98,1,0,-33,277,-255,494,-35,14,-121,9,0,0,20477,2,1,1
3694,46,96,1,0,-35,272,-261,503,53,44,-97,77,0,0,20482,5,4,5
3695,46,96,1,0,-38,268,-270,484,34,11,20,-49,0,0,20482,3,3,1
3696,46,97,1,1,-40,274,-271,495,45,-60,38,-87,0,0,20484,5,3,4
3697,46,96,1,0,-38,275,-269,491,-70,-40,26,74,0,0,20472,1,2,5
3698,46,97,1,0,-34,263,-265,480,-51,-80,142,30,0,0,20472,1,3,5
3699,46,97,1,0,-45,261,-278,486,42,91,-150,17,0,0,20484,3,4,2
3700,46,96,1,0,-56,259,-272,477,103,5,34,80,0,0,20477,2,1,5
3701,46,95,1,0,-45,250,-282,471,-38,84,56,12,0,1,20479,4,5,2
3702,46,94,1,0,-48,245,-283,463,93,-57,-130,20,0,0,20484,1,4,2
3703,46,94,1,0,-53,247,-294,468,71,55,44,72,0,0,20487,4,2,5
3704,46,94,1,1,-59,244,-298,462,-78,-45,-73,21,0,0,20481,2,3,3
3705,46,94,1,0,-56,245,-292,463,72,-25,-63,33,0,0,20477,5,1,4
3706,45,94,1,0,-59,240,-299,455,14,6,127,-90,0,0,20476,4,4,3
3707,45,97,1,0,-73,242,-308,450,16,-12,88,-12,0,0,20482,3,4,1
3708,45,95,1,0,-80,233,-300,450,1,65,-134,66,0,0,20479,5,2,3
3709,45,98,1,0,-81,232,-303,452,-40,-81,29,4,1,0,20488,3,5,5
3710,45,96,1,0,-81,221,-308,442,-36,109,-30,65,0,0,20484,5,2,1
3711,45,94,1,0,-87,224,-313,451,-3,-72,131,-51,0,0,20476,3,4,2
3712,45,96,1,1,-83,225,-320,432,63,43,150,27,0,0,20485,3,5,2
3713,45,96,1,0,-95,217,-319,436,-68,-1,-129,-1,0,0,20482,5,4,5
3714,45,96,1,0,-92,220,-329,442,-16,2,148,15,0,0,20487,5,2,1
3715,45,94,1,0,-95,206,-322,430,-97,103,-69,-38,0,0,20479,5,2,2
3716,45,94,1,0,-90,206,-331,427,-5,102,77,71,0,0,20478,4,2,3
3717,45,97,1,0,-101,212,-330,425,68,-68,-55,-14,0,0,20480,4,2,4
3718,45,95,1,0,-111,211,-340,418,15,-68,116,-44,0,0,20477,5,5,4
3719,45,95,1,0,-102,202,-329,420,25,30,46,-18,0,0,20476,5,4,4
3720,45,96,1,1,-117,201,-343,408,-2,-51,-111,29,0,0,20482,3,5,3
3721,45,98,1,0,-120,189,-348,418,107,-101,-55,55,0,0,20475,3,3,3
3722,45,95,1,0,-109,190,-353,407,-107,-9,-87,3,0,0,20476,4,2,3
3723,45,97,1,0,-116,189,-354,413,-85,-10,-32,-47,0,0,20479,5,4,4
3724,45,94,1,0,-116,191,-345,398,0,-92,-27,40,0,0,20477,2,5,2
3725,45,95,1,0,-129,180,-356,403,51,33,87,43,0,0,20479,3,2,5
3726,45,94,1,0,-122,174,-354,399,90,103,114,-13,0,0,20485,3,3,5
3727,45,95,1,0,-126,173,-366,402,52,-46,135,-42,0,0,20481,4,3,3
3728,45,95,1,1,-141,171,-369,397,-86,54,-130,47,0,0,20476,2,2,2
3729,45,97,1,0,-129,173,-364,388,92,-105,130,32,0,1,20478,5,3,3
3730,45,94,1,0,-134,167,-372,380,81,-66,-34,-3,0,0,20472,2,3,4
3731,45,95,1,0,-150,157,-368,382,104,49,94,38,0,0,20481,1,4,3
3732,45,95,1,0,-138,169,-373,373,-45,47,59,11,0,0,20472,1,2,4
3733,45,96,1,0,-143,163,-374,370,-5,38,140,14,0,0,20477,3,2,2
3734,45,95,1,0,-148,149,-383,377,51,-35,64,88,0,0,20485,1,4,3
3735,45,97,1,0,-157,149,-381,370,40,68,-33,43,0,0,20486,1,5,2
3736,45,95,1,1,-165,156,-396,367,8,-91,-24,-27,0,0,20480,4,3,5
3737,45,98,1,0,-161,143,-387,367,-68,-36,142,-7,0,0,20487,5,3,5
3738,45,94,1,0,-164,147,-389,361,-49,-115,-148,69,0,0,20485,5,4,1
3739,45,98,1,0,-163,142,-401,350,-81,-104,-95,90,0,0,20476,4,3,2
3740,45,94,1,0,-176,132,-408,360,-69,82,140,-3,0,0,20479,5,5,5
3741,45,97,1,0,-180,131,-402,350,40,-36,68,65,0,0,20474,5,5,1
3742,45,95,1,0,-182,139,-402,355,-20,-98,-122,6,0,0,20475,2,5,1
3743,45,97,1,0,-181,127,-416,351,83,-114,-96,-2,0,0,20481,5,3,1
3744,45,95,1,1,-182,129,-408,343,-86,-78,-148,-8,1,0,20479,3,3,4
3745,45,94,1,0,-190,125,-410,332,-15,-28,21,-38,0,0,20473,2,2,5
3746,45,97,1,0,-193,113,-417,338,-91,77,27,9,0,0,20481,2,4,3
3747,45,98,1,0,-196,124,-414,331,-64,83,26,72,0,0,20472,1,1,1
3748,44,96,1,0,-196,120,-432,339,30,-85,149,-16,0,0,20483,5,3,3
3749,44,97,1,0,-205,103,-432,333,-104,79,133,3,0,0,20478,3,4,5
3750,44,97,1,0,-206,110,-432,321,51,84,115,35,0,0,20480,5,5,3
3751,44,98,1,0,-207,108,-437,324,93,76,-126,-49,0,0,20481,1,1,1
3752,44,96,1,1,-211,106,-443,324,-20,53,-132,-44,0,0,20472,1,5,2
3753,44,94,1,0,-208,97,-434,312,106,-1,-124,2,0,0,20485,5,5,2
3754,44,98,1,0,-218,100,-447,315,67,-106,96,87,0,0,20475,4,1,1
3755,44,95,1,0,-210,85,-438,316,-95,82,73,58,1,0,20477,1,5,1
3756,44,95,1,0,-224,84,-453,309,31,42,-37,39,0,0,20484,1,1,4
3757,44,96,1,0,-227,85,-446,308,-1,48,129,-72,0,0,20479,2,1,4
3758,44,94,1,0,-230,88,-452,296,84,-56,113,82,0,0,20488,3,5,2
3759,44,98,1,0,-235,76,-460,291,21,-35,127,82,0,0,20482,2,4,1
3760,44,97,1,1,-231,71,-467,296,-115,13,98,-32,0,0,20477,5,3,4
3761,44,96,1,0,-232,70,-465,296,68,-19,24,-87,0,0,20479,3,4,4
3762,44,95,1,0,-241,72,-469,291,68,17,47,30,0,0,20482,1,5,2
3763,44,95,1,0,-240,64,-475,281,-109,81,-2,-64,0,0,20474,3,3,4
3764,44,94,1,0,-239,66,-469,283,-70,-34,142,12,0,0,20474,4,5,3
3765,44,95,1,0,-248,69,-483,281,-34,-5,-89,76,0,0,20479,5,4,3
3766,44,96,1,0,-247,66,-484,277,-10,-119,117,14,0,0,20476,5,4,4
3767,44,96,1,0,-251,51,-476,281,38,-7,149,-64,0,0,20481,2,1,3
3768,44,95,1,1,-259,54,-488,278,54,-30,-59,64,0,1,20474,4,1,4
3769,44,97,1,0,-261,48,-481,268,-107,51,6,19,0,0,20481,2,5,1
3770,44,96,1,0,-257,39,-485,263,-37,-61,-75,-9,0,0,20474,2,1,4
3771,44,98,1,0,-257,44,-487,259,-69,-108,-91,-33,0,0,20478,3,5,2
3772,44,98,1,0,-262,49,-498,260,45,37,114,-2,0,0,20473,1,3,5
3773,44,98,1,0,-272,36,-499,249,-38,57,-108,60,0,0,20478,2,3,1
3774,44,97,1,0,-264,30,-497,249,-43,2,-137,20,0,0,20477,1,4,3
3775,44,94,1,0,-280,32,-507,256,34,-91,109,72,0,0,20480,2,3,2
3776,44,95,1,1,-284,29,-512,243,-19,-85,121,-87,0,0,20486,4,3,2
3777,44,97,1,0,-289,19,-519,246,91,-17,-47,79,0,0,20484,4,1,5
3778,44,94,1,0,-281,19,-521,234,120,104,72,-39,0,0,20485,5,5,4
3779,44,96,1,0,-291,27,-510,239,-83,-62,-7,-82,0,0,20484,2,4,4
3780,44,95,1,0,-290,11,-527,234,-68,85,67,-45,0,0,20472,3,1,2
3781,44,96,1,0,-292,10,-525,228,-107,-44,39,-19,0,0,20476,4,5,2
3782,44,98,1,0,-304,5,-521,226,107,-58,144,-53,0,0,20482,3,4,3
3783,44,98,1,0,-294,3,-533,223,65,-54,-18,54,0,0,20483,4,4,3
3784,44,95,1,1,-304,1,-526,225,-7,-49,34,46,0,0,20486,4,1,2
3785,44,97,1,0,-311,-4,-529,220,3,-30,106,54,0,0,20474,1,3,1
3786,44,95,1,0,-301,2,-545,221,-92,-52,-59,-3,0,0,20472,3,2,1
3787,44,94,1,0,-311,-5,-548,218,88,23,-2,-53,0,0,20476,1,5,5
3788,44,94,1,0,-322,0,-544,212,-5,7,130,29,0,0,20484,1,1,3
3789,44,94,1,0,-318,-8,-540,213,84,-73,-135,31,0,0,20478,3,4,3
3790,44,96,1,0,-316,-14,-549,210,-52,100,-116,-51,0,0,20473,2,3,1
3791,43,94,1,0,-316,-19,-552,197,104,-32,-21,48,0,1,20473,3,5,4
3792,43,94,1,1,-331,-16,-550,205,-3,110,16,74,0,0,20481,4,3,3
3793,43,96,1,0,-326,-28,-551,204,-33,-110,132,-49,0,0,20482,2,2,1
3794,43,97,1,0,-332,-17,-566,192,-52,-101,-83,26,0,0,20488,1,1,1
3795,43,98,1,0,-335,-29,-563,194,-63,18,-9,9,0,0,20476,1,1,5
3796,43,95,1,0,-333,-34,-565,195,105,31,-112,-12,0,0,20478,4,5,1
3797,43,94,1,0,-336,-27,-579,184,14,72,-13,-21,0,0,20482,1,5,5
3798,43,97,1,0,-345,-44,-578,182,94,-115,0,-38,0,0,20483,3,3,2
3799,43,96,1,0,-339,-33,-577,185,-111,72,-91,-4,0,0,20476,2,4,1
3800,43,96,1,1,-351,-46,-588,168,77,-18,-82,49,0,0,20477,2,4,5
3801,43,97,1,0,-360,-53,-583,174,-79,-67,-29,-64,0,0,20486,5,3,4
3802,43,96,1,0,-352,-46,-583,164,82,-8,-133,-54,0,0,20472,2,2,4
3803,43,97,1,0,-357,-46,-581,159,-72,-99,-1,-30,0,0,20483,4,3,4
3804,43,94,1,0,-359,-49,-588,166,3,92,-84,-18,0,0,20473,1,5,1
3805,43,94,1,0,-358,-52,-588,160,-16,110,-42,-64,0,0,20486,1,1,1
3806,43,95,1,0,-366,-55,-605,152,-102,98,-136,-84,0,0,20472,1,2,4
3807,43,95,1,0,-378,-61,-605,147,-17,-20,147,78,0,0,20479,5,5,1
3808,43,96,1,1,-373,-67,-607,154,-7,-50,-64,48,1,0,20478,1,3,2
3809,43,97,1,0,-380,-74,-601,156,-113,9,11,37,0,0,20481,1,4,4
3810,43,97,1,0,-375,-72,-608,143,40,10,38,66,0,0,20477,1,5,5
3811,43,97,1,0,-382,-76,-609,144,104,-96,-50,-23,0,0,20482,4,2,5
3812,43,96,1,0,-393,-74,-623,135,17,-114,-68,39,0,0,20478,3,1,5
3813,43,95,1,0,-388,-78,-622,141,110,52,145,34,0,0,20474,5,1,2
3814,43,95,1,0,-397,-88,-619,126,84,-48,-97,-24,0,0,20480,3,5,5
3815,43,96,1,0,-395,-80,-626,133,-76,-32,33,-6,0,0,20473,1,3,4
3816,43,97,1,1,-403,-85,-629,122,-95,68,-89,31,0,0,20472,2,5,4
3817,43,95,1,0,-393,-86,-626,117,96,52,-138,47,0,0,20481,1,2,1
3818,43,95,1,0,-400,-96,-627,130,4,-13,-130,-43,0,0,20479,2,4,4
3819,43,94,1,0,-407,-105,-639,122,-24,-48,-87,34,0,0,20477,3,2,5
3820,43,95,1,0,-414,-108,-638,110,16,-38,-15,19,0,0,20479,1,2,3
3821,43,96,1,0,-413,-111,-641,109,-55,54,-103,-79,0,1,20476,4,1,5
3822,43,98,1,0,-409,-107,-648,108,-27,61,14,-7,0,0,20472,2,5,1
3823,43,95,1,0,-425,-115,-653,110,51,-97,76,-39,0,0,20481,4,2,1
3824,43,95,1,1,-417,-115,-653,103,26,69,126,-66,0,0,20478,5,4,1
3825,43,94,1,0,-416,-124,-658,100,18,-110,120,45,0,0,20477,1,2,4
3826,43,96,1,0,-420,-124,-655,92,-102,117,15,60,0,0,20474,4,3,4
3827,43,94,1,0,-434,-118,-665,103,-26,-113,85,16,0,0,20486,3,1,3
3828,43,96,1,0,-427,-133,-668,93,75,-28,80,19,0,0,20475,1,1,5
3829,43,94,1,0,-433,-124,-660,90,-60,-71,61,-89,0,0,20483,4,4,1
3830,43,94,1,0,-437,-130,-663,79,-38,-79,-133,-20,0,0,20478,3,3,4
3831,43,97,1,0,-445,-138,-668,88,-119,-87,-81,12,0,0,20474,5,4,3
3832,43,95,1,1,-441,-134,-679,86,52,-24,39,51,0,0,20482,5,1,1
3833,43,96,1,0,-446,-146,-679,82,87,-8,-68,38,1,0,20472,4,5,4
3834,42,96,1,0,-454,-135,-680,67,49,-86,-9,88,0,0,20485,3,4,5
3835,42,97,1,0,-453,-140,-686,77,39,-21,100,-50,0,0,20484,3,5,4
3836,42,96,1,0,-458,-147,-680,70,104,46,137,-4,0,0,20472,5,2,4
3837,42,94,1,0,-460,-150,-681,61,-88,84,-126,3,0,0,20483,1,2,2
3838,42,96,1,0,-465,-162,-687,70,-16,-33,19,56,0,0,20475,4,5,5
3839,42,95,1,0,-466,-150,-690,57,-63,-78,97,10,0,0,20482,2,1,1
3840,42,95,1,1,-466,-161,-696,57,-2,-97,98,53,0,1,20485,1,5,4
3841,42,94,1,0,-469,-159,-697,52,117,-53,-75,47,0,0,20477,4,1,2
3842,42,96,1,0,-480,-162,-707,45,93,42,-132,-85,0,0,20477,1,3,2
3843,42,98,1,0,-470,-164,-714,56,89,-62,-97,-4,0,0,20485,2,4,5
3844,42,94,1,0,-475,-178,-711,39,-46,18,-53,-70,0,0,20474,3,3,1
3845,42,98,1,0,-478,-167,-711,45,-46,-84,-125,85,0,0,20481,3,2,1
3846,42,94,1,0,-485,-179,-713,34,119,3,122,-57,0,0,20479,3,1,4
3847,42,96,1,0,-485,-175,-725,41,-95,36,42,7,0,0,20479,4,5,5
3848,42,97,1,1,-487,-186,-729,42,96,96,-123,19,0,0,20477,3,2,2
3849,42,95,1,0,-492,-193,-718,36,46,-85,117,-64,0,0,20488,2,4,2
3850,42,98,1,0,-502,-189,-733,23,73,-55,-32,-42,0,0,20485,3,1,4
3851,42,96,1,0,-505,-195,-726,23,-109,-81,123,76,0,0,20480,2,5,3
3852,42,98,1,0,-500,-187,-733,26,-8,-104,-41,45,0,0,20485,5,4,2
3853,42,97,1,0,-504,-193,-742,20,-48,88,57,19,0,0,20477,3,4,1
3854,42,96,1,0,-512,-209,-736,12,38,-41,-20,33,0,0,20484,4,1,2
3855,42,97,1,0,-512,-209,-740,16,1,30,89,-6,0,0,20473,2,1,1
3856,42,95,1,1,-515,-211,-747,7,6,-36,-13,-12,0,0,20484,4,5,2
3857,42,97,1,0,-514,-215,-747,3,89,-9,-38,4,0,0,20488,4,2,5
3858,42,95,1,0,-513,-216,-753,5,-16,-7,125,78,0,0,20487,4,3,4
3859,42,94,1,0,-519,-222,-751,7,16,92,66,63,0,0,20485,5,2,4
3860,42,94,1,0,-522,-223,-764,4,-98,-14,-74,-49,0,0,20486,1,5,1
3861,42,94,1,0,-525,-214,-760,-2,-86,-104,-5,14,0,0,20488,2,5,3
3862,42,95,1,0,-539,-228,-766,-9,109,10,-78,83,0,0,20482,3,5,5
3863,42,96,1,0,-527,-221,-766,-2,40,87,-93,32,1,0,20476,4,2,5
3864,42,98,1,1,-544,-224,-768,-17,-17,-103,-63,-46,0,0,20487,4,2,3
3865,42,94,1,0,-544,-237,-774,-17,-108,13,27,-14,0,0,20482,4,1,1
3866,42,98,1,0,-542,-233,-777,-18,-34,115,130,5,0,0,20486,2,4,2
3867,42,95,1,0,-550,-231,-779,-25,-31,58,-116,31,0,0,20472,5,2,1
3868,42,96,1,0,-541,-234,-787,-19,-112,119,-129,-52,0,0,20479,4,2,2
3869,42,97,1,0,-545,-239,-787,-29,7,73,145,-4,0,0,20474,3,2,3
3870,42,98,1,0,-549,-240,-778,-25,-48,-58,21,-31,0,0,20481,5,1,2
3871,42,95,1,0,-565,-253,-789,-27,-63,-61,82,-11,0,0,20488,5,5,4
3872,42,98,1,1,-558,-253,-794,-35,-48,-114,4,15,0,0,20481,3,2,1
3873,42,94,1,0,-571,-261,-786,-46,-114,75,-121,-57,0,0,20480,3,4,3
3874,42,96,1,0,-572,-259,-794,-36,-7,20,25,-69,0,0,20474,2,5,1
3875,42,96,1,0,-561,-269,-803,-43,-29,-52,-135,-51,0,1,20485,3,3,3
3876,42,96,1,0,-570,-272,-797,-41,97,118,22,-67,0,0,20476,2,1,3
3877,42,97,1,0,-581,-260,-813,-55,-118,38,138,35,0,0,20477,1,4,1
3878,41,95,1,0,-570,-273,-807,-59,-100,103,-137,7,0,0,20473,3,2,1
3879,41,96,1,0,-586,-266,-811,-61,64,52,-3,-31,0,0,20473,5,5,1
3880,41,95,1,1,-587,-281,-818,-66,-9,31,36,-27,0,0,20473,3,4,3
3881,41,95,1,0,-590,-275,-817,-66,-65,-74,-150,-22,0,0,20488,5,1,4
3882,41,97,1,0,-590,-289,-819,-68,-92,-48,123,-14,0,0,20484,1,2,5
3883,41,98,1,0,-589,-282,-817,-70,-68,11,-9,45,0,0,20478,4,1,5
3884,41,97,1,0,-593,-280,-819,-67,-53,-12,60,22,0,0,20485,1,1,1
3885,41,97,1,0,-605,-298,-822,-68,-55,5,37,66,0,0,20478,3,1,2
3886,41,98,1,0,-603,-291,-833,-71,-41,67,19,-11,0,0,20484,2,3,4
3887,41,96,1,0,-608,-297,-834,-71,50,37,108,-74,0,0,20484,5,1,4
3888,41,98,1,1,-609,-291,-844,-87,77,-78,-72,52,0,0,20477,3,5,1
3889,41,94,1,0,-613,-306,-838,-82,93,-46,105,61,0,0,20474,3,2,5
3890,41,98,1,0,-612,-301,-846,-82,104,-55,-20,-81,0,0,20484,1,5,4
3891,41,98,1,0,-612,-301,-850,-84,-9,-29,45,31,1,0,20479,3,4,3
3892,41,97,1,0,-624,-307,-848,-94,-55,94,108,-1,0,0,20488,2,4,4
3893,41,95,1,0,-628,-309,-848,-103,57,-63,144,-36,0,0,20481,3,5,5
3894,41,97,1,0,-621,-308,-858,-105,57,4,132,36,0,0,20477,2,4,1
3895,41,98,1,0,-621,-316,-859,-96,93,35,29,-28,0,0,20484,4,5,2
3896,41,95,1,1,-621,-328,-857,-99,91,-47,69,13,0,0,20472,4,3,5
3897,41,95,1,0,-628,-321,-857,-99,-9,54,134,-21,0,0,20486,1,4,4
3898,41,97,1,0,-635,-329,-861,-109,74,-16,-107,-71,0,0,20475,2,3,5
3899,41,97,1,0,-635,-324,-867,-119,110,5,-15,10,0,0,20478,2,3,2
3900,41,98,1,0,-646,-338,-867,-123,44,92,-29,-49,0,0,20479,2,1,2
3901,41,97,1,0,-646,-330,-880,-117,-23,-78,74,78,0,0,20474,3,2,1
3902,41,96,1,0,-654,-343,-880,-123,-60,-27,149,54,0,0,20483,3,1,1
3903,41,95,1,0,-645,-340,-878,-120,-72,89,92,-35,0,0,20474,4,1,2
3904,41,97,1,1,-651,-345,-875,-135,54,23,-6,-21,0,0,20487,5,1,3
3905,41,95,1,0,-657,-340,-891,-125,-37,-36,-65,7,0,0,20483,4,5,1
3906,41,97,1,0,-664,-346,-896,-134,48,-78,-66,-79,0,0,20480,3,4,4
3907,41,94,1,0,-660,-353,-887,-138,-90,-24,-5,-48,0,0,20482,1,4,2
3908,41,97,1,0,-671,-355,-899,-131,-117,18,45,5,0,0,20473,5,3,2
3909,41,94,1,0,-674,-355,-894,-146,-44,-66,-120,45,0,0,20475,4,4,5
3910,41,97,1,0,-673,-358,-894,-147,-42,-6,81,38,0,0,20474,5,5,5
3911,41,94,1,0,-668,-357,-910,-148,38,-98,64,-69,0,0,20484,4,1,4
3912,41,95,1,1,-676,-369,-900,-145,-110,-92,57,-85,0,0,20485,1,2,2
3913,41,97,1,0,-682,-375,-913,-152,-6,14,-57,2,0,0,20481,3,4,5
3914,41,95,1,0,-688,-367,-914,-148,-6,25,-5,-25,0,0,20486,4,3,5
3915,41,94,1,0,-680,-372,-908,-159,105,-40,112,-44,0,0,20485,1,5,1
3916,41,94,1,0,-692,-373,-919,-157,-99,16,-64,-89,0,0,20483,3,2,3
3917,41,94,1,0,-681,-385,-923,-166,75,56,103,-43,0,0,20485,2,1,3
3918,41,96,1,0,-690,-377,-917,-169,-39,98,61,-14,0,0,20472,2,1,2
3919,41,98,1,0,-698,-382,-917,-175,12,-84,110,-57,0,0,20474,1,4,5
3920,41,96,1,1,-705,-382,-929,-168,-114,30,69,-29,0,0,20483,4,3,2
3921,41,95,1,0,-699,-398,-928,-183,-112,-62,17,-13,0,0,20474,5,4,2
3922,41,96,1,0,-705,-388,-928,-170,36,-65,0,9,0,0,20481,1,2,5
3923,40,98,1,0,-699,-400,-933,-174,53,-39,67,88,0,0,20480,3,4,5
3924,40,94,1,0,-706,-393,-946,-191,117,-83,87,11,0,1,20476,4,5,3
3925,40,95,1,0,-707,-406,-939,-184,-47,32,12,60,0,0,20481,1,4,5
3926,40,96,1,0,-714,-404,-939,-187,-26,41,63,57,1,0,20486,3,3,3
3927,40,95,1,0,-721,-413,-953,-194,-31,116,-63,37,0,0,20484,5,5,3
3928,40,97,1,1,-714,-412,-947,-190,45,-20,-42,90,0,0,20486,2,1,4
3929,40,96,1,0,-722,-415,-954,-192,81,-119,-143,-58,0,0,20473,1,4,1
3930,40,98,1,0,-721,-424,-957,-207,10,-6,112,-67,0,0,20482,1,5,1
3931,40,96,1,0,-724,-425,-951,-197,-48,-1,47,48,0,0,20480,5,5,1
3932,40,94,1,0,-732,-422,-957,-207,-2,69,14,89,0,0,20482,3,2,5
3933,40,98,1,0,-740,-422,-966,-205,-85,-35,144,-66,0,0,20480,4,3,4
3934,40,97,1,0,-740,-437,-972,-210,40,-118,-128,-47,0,0,20486,4,4,5
3935,40,94,1,0,-731,-437,-963,-219,110,91,-16,-60,0,0,20486,1,2,3
3936,40,96,1,1,-743,-441,-966,-225,11,-114,118,90,0,0,20480,2,2,2
3937,40,96,1,0,-741,-443,-973,-212,-27,31,-141,-20,0,0,20480,2,2,2
3938,40,96,1,0,-755,-436,-980,-229,-112,31,113,-55,0,0,20476,3,4,2
3939,40,97,1,0,-753,-449,-983,-220,-109,-37,-52,31,0,0,20474,5,5,3
3940,40,94,1,0,-761,-454,-987,-224,-97,-111,53,46,0,0,20487,5,2,2
3941,40,96,1,0,-763,-446,-981,-231,32,-38,118,34,0,0,20472,1,3,2
3942,40,98,1,0,-755,-455,-990,-230,-91,4,-123,-11,0,0,20486,3,5,2
3943,40,97,1,0,-769,-455,-994,-229,-45,-59,114,-6,0,0,20476,1,2,1
3944,40,95,1,1,-771,-452,-1001,-236,-45,-26,105,56,0,0,20483,5,3,3
3945,40,94,1,0,-763,-460,-1002,-241,-81,-62,148,-69,0,0,20483,2,2,2
3946,40,97,1,0,-770,-456,-1003,-253,-63,-19,122,42,0,0,20475,4,3,2
3947,40,94,1,0,-767,-472,-1002,-252,-33,107,78,46,0,0,20476,3,1,3
3948,40,97,1,0,-780,-462,-1013,-256,-83,108,-90,31,0,1,20480,3,2,2
3949,40,94,1,0,-783,-471,-1005,-251,23,118,108,41,0,0,20480,5,2,4
3950,40,96,1,0,-785,-471,-1018,-251,67,-110,129,-71,0,0,20481,2,5,1
3951,40,97,1,0,-780,-470,-1013,-261,-36,2,-81,72,0,0,20475,4,4,4
3952,40,98,1,1,-784,-479,-1017,-258,31,-66,-148,1,0,0,20487,1,2,5
3953,40,98,1,0,-797,-490,-1013,-268,-65,28,124,-15,1,0,20488,4,2,2
3954,40,96,1,0,-788,-490,-1030,-265,-70,-82,-90,8,0,0,20481,1,4,5
3955,40,96,1,0,-791,-487,-1021,-274,6,-8,-23,-45,0,0,20478,4,1,2
3956,40,94,1,0,-805,-491,-1035,-267,-35,-101,53,31,0,0,20487,3,1,1
3957,40,95,1,0,-803,-499,-1025,-273,21,90,-79,86,0,0,20475,2,3,5
3958,40,98,1,0,-809,-498,-1028,-273,-19,55,-141,-11,0,0,20479,5,2,4
3959,40,95,1,0,-798,-492,-1041,-274,-35,-22,-1,-75,0,0,20482,1,4,1
3960,40,98,1,1,-810,-501,-1041,-277,33,56,-19,-56,0,0,20478,3,2,3
3961,40,96,1,0,-809,-505,-1047,-283,-70,-119,-105,-8,0,0,20483,3,4,2
3962,40,96,1,0,-816,-512,-1040,-284,-89,-84,-148,23,0,0,20486,1,1,3
3963,40,96,1,0,-818,-515,-1045,-294,78,99,-29,3,1,0,20483,3,1,3
3964,40,94,1,0,-827,-519,-1050,-300,48,25,-45,-45,0,0,20474,4,5,5
3965,40,95,1,0,-818,-511,-1049,-304,-15,88,63,80,0,0,20472,3,3,2
3966,40,97,1,0,-822,-516,-1059,-298,69,-8,134,41,0,0,20472,5,3,3
3967,40,94,1,0,-821,-513,-1066,-302,23,-77,-49,-64,0,0,20487,3,1,5
3968,40,95,1,1,-823,-531,-1054,-313,-51,18,62,85,0,0,20480,3,5,4
3969,39,97,1,0,-828,-525,-1064,-306,-55,-109,15,-34,0,0,20484,1,1,2
3970,39,98,1,0,-838,-531,-1069,-311,58,6,-88,-56,0,0,20481,1,1,1
3971,39,96,1,0,-832,-531,-1077,-321,-110,-77,-79,-71,0,0,20481,4,3,2
3972,39,96,1,0,-841,-529,-1078,-309,2,42,-42,63,0,0,20478,3,1,3
3973,39,95,1,0,-838,-534,-1072,-326,-118,120,-90,68,0,0,20482,5,4,2
3974,39,94,1,0,-849,-541,-1080,-314,-83,10,26,-52,0,0,20488,5,5,5
3975,39,97,1,0,-852,-547,-1082,-318,-47,-37,-64,-24,0,0,20480,3,5,5
3976,39,95,1,1,-851,-550,-1085,-333,-76,-15,-94,60,0,0,20487,2,5,5
3977,39,94,1,0,-850,-555,-1082,-337,-116,15,146,1,0,0,20478,4,1,1
3978,39,96,1,0,-855,-551,-1084,-327,27,-92,-121,-48,0,0,20482,3,4,1
3979,39,94,1,0,-858,-558,-1088,-329,53,80,-7,45,0,0,20477,2,2,2
3980,39,97,1,0,-868,-559,-1099,-337,49,-39,-55,88,0,0,20478,3,3,3
3981,39,94,1,0,-859,-560,-1094,-342,100,77,-64,6,0,0,20472,2,2,2
3982,39,95,1,0,-872,-568,-1094,-345,53,93,71,76,0,0,20476,3,3,4
3983,39,94,1,0,-878,-565,-1099,-347,-11,-71,6,0,0,0,20479,5,2,3
3984,39,96,1,1,-877,-564,-1101,-347,96,53,106,-35,0,0,20481,3,3,2
3985,39,97,1,0,-870,-567,-1106,-353,-69,21,-49,21,0,0,20476,3,1,5
3986,39,94,1,0,-877,-576,-1102,-361,-97,-91,90,-64,0,0,20479,1,2,2
3987,39,95,1,0,-880,-576,-1115,-351,-116,-96,80,69,0,0,20483,2,1,2
3988,39,97,1,0,-878,-570,-1120,-356,101,73,23,-76,0,0,20483,1,3,4
3989,39,95,1,0,-884,-573,-1119,-367,17,83,110,-52,0,1,20477,5,4,5
3990,39,98,1,0,-893,-577,-1119,-368,-113,113,-143,-41,0,0,20484,4,2,4
3991,39,96,1,0,-887,-581,-1120,-364,81,77,-17,33,0,0,20487,4,4,4
3992,39,94,1,1,-901,-585,-1130,-364,84,-76,35,-40,0,0,20477,5,1,1
3993,39,96,1,0,-906,-590,-1127,-380,-86,-72,134,16,0,0,20488,4,4,3
3994,39,94,1,0,-896,-590,-1138,-372,119,5,105,-54,0,0,20482,5,3,5
3995,39,95,1,0,-911,-599,-1142,-387,-40,37,128,-53,0,0,20487,2,1,3
3996,39,95,1,0,-912,-594,-1136,-388,116,-21,-50,86,0,0,20478,5,1,3
3997,39,96,1,0,-914,-607,-1132,-392,-99,91,68,87,0,0,20474,1,3,5
3998,39,95,1,0,-904,-601,-1149,-386,-59,62,5,-69,0,0,20481,2,3,4
3999,39,97,1,0,-920,-606,-1153,-387,-87,-29,36,55,0,0,20483,5,5,5
4000,39,97,1,1,-915,-618,-1145,-398,6,8,101,8,0,0,20483,3,3,3
4001,39,97,1,0,-919,-611,-1146,-396,-66,-51,-94,-35,0,0,20484,2,3,5
4002,39,98,1,0,-929,-612,-1145,-398,73,-30,-55,-8,0,0,20485,5,4,1
4003,39,98,1,0,-933,-623,-1161,-406,-105,48,-138,41,0,0,20482,2,1,5
4004,39,96,1,0,-931,-619,-1156,-410,55,-44,67,62,0,0,20478,1,2,2
4005,39,97,1,0,-937,-622,-1161,-414,-80,106,93,-70,0,0,20487,4,4,3
4006,39,96,1,0,-938,-622,-1160,-403,51,50,68,-35,0,0,20472,2,1,1
4007,39,98,1,0,-941,-625,-1161,-406,-4,-59,142,-8,0,0,20482,5,5,4
4008,39,97,1,1,-944,-638,-1164,-419,-12,-117,-132,26,0,0,20480,3,2,5
4009,39,96,1,0,-943,-628,-1165,-417,15,-112,143,-29,0,0,20476,3,5,1
4010,39,97,1,0,-936,-632,-1181,-415,27,36,-150,32,0,0,20474,4,1,3
4011,39,94,1,0,-939,-643,-1172,-423,68,-97,136,24,1,1,20478,2,4,1
4012,39,97,1,0,-957,-649,-1186,-422,84,7,-18,-73,0,0,20476,3,5,2
4013,39,95,1,0,-957,-649,-1186,-432,119,86,-16,-86,0,0,20488,5,3,2
4014,39,96,1,0,-953,-644,-1181,-429,-61,-111,-147,0,0,0,20486,2,4,3
4015,39,96,1,0,-960,-644,-1184,-440,61,20,143,28,0,0,20479,5,4,3
4016,39,95,1,1,-966,-646,-1187,-438,21,108,85,-81,0,0,20472,2,3,1
4017,38,95,1,0,-970,-659,-1196,-444,111,-72,-132,-41,0,0,20480,2,5,1
4018,38,98,1,0,-967,-666,-1201,-439,-5,-73,82,-86,0,0,20476,4,5,1
4019,38,98,1,0,-965,-656,-1202,-444,-7,89,53,-59,0,0,20485,3,4,1
4020,38,94,1,0,-965,-656,-1193,-445,2,-71,-31,-62,0,0,20487,2,3,1
4021,38,95,1,0,-975,-658,-1202,-454,102,16,-137,75,0,0,20477,4,3,1
4022,38,95,1,0,-969,-661,-1214,-450,74,1,2,-64,1,0,20487,1,5,2
4023,38,96,1,0,-972,-669,-1209,-447,-37,87,-5,70,0,0,20488,4,4,3
4024,38,94,1,1,-975,-673,-1209,-455,-111,-105,-60,35,0,0,20485,2,2,5
4025,38,98,1,0,-984,-670,-1208,-464,-27,11,-133,-47,0,0,20487,5,5,2
4026,38,96,1,0,-981,-674,-1223,-464,-29,-110,124,-83,0,0,20473,1,4,5
4027,38,94,1,0,-987,-675,-1226,-462,-11,-82,69,-2,0,0,20477,3,2,2
4028,38,96,1,0,-985,-677,-1220,-461,20,43,-93,-51,0,0,20482,5,2,5
4029,38,96,1,0,-996,-682,-1232,-472,53,-88,96,-55,0,0,20487,3,5,1
4030,38,97,1,0,-1001,-692,-1225,-466,1,-113,-72,-36,0,0,20487,5,2,3
4031,38,97,1,0,-1007,-695,-1227,-471,-2,107,111,-7,0,0,20481,2,3,5
4032,38,98,1,1,-1001,-700,-1233,-485,-4,-1,-145,13,0,0,20480,5,4,3
4033,38,94,1,0,-1001,-704,-1230,-474,12,47,141,-74,0,0,20472,3,5,3
4034,38,97,1,0,-1000,-702,-1238,-488,-110,-53,-5,-71,0,0,20478,1,2,5
4035,38,94,1,0,-1011,-709,-1242,-480,103,54,-120,60,0,0,20481,4,2,1
4036,38,96,1,0,-1018,-700,-1237,-480,9,64,-49,-32,0,0,20472,1,4,4
4037,38,95,1,0,-1017,-708,-1251,-488,32,93,-93,-26,0,0,20478,2,2,3
4038,38,96,1,0,-1022,-710,-1241,-500,114,60,67,-68,0,0,20476,2,1,4
4039,38,95,1,0,-1013,-712,-1248,-495,57,-49,-61,-64,0,0,20483,3,5,4
4040,38,97,1,1,-1030,-715,-1246,-497,53,113,-75,82,0,1,20473,3,4,4
4041,38,95,1,0,-1034,-715,-1250,-495,10,119,-141,61,0,0,20488,5,5,2
4042,38,98,1,0,-1022,-714,-1267,-496,-47,-40,64,-86,0,0,20475,1,4,3
4043,38,95,1,0,-1023,-730,-1258,-506,53,60,53,-71,0,0,20476,1,2,4
4044,38,97,1,0,-1031,-726,-1265,-501,37,4,135,12,0,0,20473,4,2,2
4045,38,95,1,0,-1029,-727,-1274,-515,-65,18,-48,-84,0,0,20474,5,5,4
4046,38,98,1,0,-1036,-729,-1271,-522,85,-59,29,42,0,0,20485,1,2,4
4047,38,95,1,0,-1044,-739,-1268,-521,-34,72,-58,25,0,0,20484,3,4,2
4048,38,97,1,1,-1042,-733,-1272,-523,80,-39,-96,30,0,0,20477,4,5,1
4049,38,94,1,0,-1049,-742,-1280,-526,70,38,-103,-45,0,0,20486,1,5,5
4050,38,98,1,0,-1052,-745,-1276,-528,-54,-5,141,-57,0,0,20473,2,4,1
4051,38,95,1,0,-1058,-745,-1290,-521,58,41,50,38,0,0,20481,4,1,5
4052,38,95,1,0,-1052,-740,-1290,-523,-94,6,19,-85,0,0,20484,1,2,3
4053,38,96,1,0,-1049,-747,-1291,-537,73,-90,88,11,0,0,20488,2,1,3
4054,38,95,1,0,-1053,-749,-1298,-539,-35,3,121,-30,0,0,20473,3,5,2
4055,38,94,1,0,-1056,-760,-1298,-545,-24,-96,-117,53,0,0,20480,3,3,2
4056,38,96,1,1,-1070,-758,-1300,-543,-106,-86,35,67,0,0,20481,3,2,4
4057,38,97,1,0,-1069,-760,-1291,-537,-36,64,-143,32,0,0,20486,1,4,2
4058,38,96,1,0,-1075,-755,-1307,-537,-44,66,70,-35,0,0,20476,1,4,5
4059,38,98,1,0,-1065,-769,-1311,-545,88,33,144,30,0,0,20480,4,5,4
4060,38,94,1,0,-1067,-763,-1307,-554,45,-60,66,-65,0,0,20482,3,2,1
4061,38,96,1,0,-1083,-763,-1306,-546,52,-75,-131,43,0,1,20486,4,2,4
4062,38,94,1,0,-1073,-770,-1309,-549,43,15,120,-47,0,0,20477,4,3,5
4063,38,95,1,0,-1083,-773,-1309,-561,-100,-60,-39,-81,0,0,20473,3,2,1
4064,38,96,1,1,-1083,-772,-1316,-561,56,43,-111,-26,0,0,20481,4,4,5
4065,38,97,1,0,-1091,-776,-1316,-562,64,-61,75,-7,0,0,20477,2,4,4
4066,37,95,1,0,-1089,-788,-1327,-564,35,-6,-1,75,0,0,20481,2,4,1
4067,37,96,1,0,-1088,-792,-1329,-563,-28,9,-123,53,0,0,20479,3,5,1
4068,37,98,1,0,-1093,-786,-1323,-564,81,-24,139,-79,0,0,20474,2,3,2
4069,37,94,1,0,-1099,-785,-1322,-570,-19,56,-78,-5,0,0,20472,3,1,1
4070,37,97,1,0,-1103,-796,-1329,-571,-65,-19,-45,-79,0,0,20472,5,3,2
4071,37,97,1,0,-1102,-801,-1336,-582,17,55,80,-7,0,0,20480,2,3,2
4072,37,94,1,1,-1106,-800,-1330,-581,-84,25,100,-53,0,0,20487,5,1,2
4073,37,98,1,0,-1111,-809,-1343,-576,52,31,144,15,0,0,20475,4,5,1
4074,37,94,1,0,-1106,-797,-1339,-589,117,94,78,-29,0,0,20482,2,3,5
4075,37,96,1,0,-1116,-799,-1340,-584,-65,21,-15,-72,0,0,20478,2,5,3
4076,37,95,1,0,-1124,-802,-1341,-594,68,29,-37,-21,0,0,20484,2,5,1
4077,37,97,1,0,-1116,-806,-1344,-589,116,-119,100,-87,0,0,20480,5,4,4
4078,37,98,1,0,-1125,-819,-1344,-596,76,33,-125,11,1,0,20482,3,1,1
4079,37,97,1,0,-1120,-815,-1352,-598,-114,-21,84,55,0,0,20475,5,3,3
4080,37,94,1,1,-1124,-824,-1357,-596,6,69,45,-58,0,0,20486,4,1,1
4081,37,94,1,0,-1125,-820,-1363,-605,-107,-59,-55,12,0,0,20481,1,3,5
4082,37,96,1,0,-1126,-818,-1364,-606,-110,113,115,-5,0,0,20477,4,5,4
4083,37,96,1,0,-1141,-820,-1367,-610,-91,-116,-13,-33,0,0,20473,2,3,5
4084,37,95,1,0,-1143,-824,-1372,-604,-67,-89,134,1,0,0,20486,2,3,2
4085,37,98,1,0,-1132,-839,-1363,-608,32,107,43,15,0,0,20474,2,4,3
4086,37,97,1,0,-1143,-835,-1379,-620,41,-76,48,-43,0,0,20487,3,3,4
4087,37,98,1,0,-1150,-841,-1377,-614,-100,-3,27,-19,0,0,20477,2,4,1
4088,37,95,1,1,-1145,-847,-1369,-625,-59,102,139,18,0,0,20483,5,3,2
4089,37,95,1,0,-1149,-846,-1386,-632,-41,2,28,-38,0,0,20481,4,5,5
4090,37,95,1,0,-1154,-849,-1381,-633,103,-21,-82,71,0,0,20486,2,4,1
4091,37,98,1,0,-1160,-848,-1377,-627,66,73,-100,7,0,0,20475,3,3,2
4092,37,94,1,0,-1153,-853,-1387,-627,84,-11,93,58,1,0,20484,2,5,3
4093,37,98,1,0,-1153,-847,-1383,-641,69,77,147,-43,0,0,20475,1,4,4
4094,37,95,1,0,-1169,-858,-1398,-638,-69,16,24,50,0,0,20474,1,5,2
4095,37,94,1,0,-1160,-856,-1387,-646,-85,-59,61,53,0,1,20486,4,1,1
4096,37,97,1,1,-1159,-854,-1402,-643,-49,89,76,79,0,0,20488,3,2,1
4097,37,98,1,0,-1173,-857,-1405,-640,-74,-68,138,-76,0,0,20476,5,2,2
4098,37,98,1,0,-1177,-866,-1397,-642,-13,9,23,78,0,0,20486,3,3,3
4099,37,94,1,0,-1182,-872,-1398,-657,16,-14,-61,-15,0,0,20476,2,2,5
4100,37,97,1,0,-1180,-873,-1407,-647,69,-96,136,-45,0,0,20485,3,4,5
4101,37,96,1,0,-1180,-876,-1417,-655,98,-50,119,55,0,0,20479,4,2,5
4102,37,96,1,0,-1180,-879,-1404,-663,-23,-101,46,28,0,0,20476,3,2,1
4103,37,98,1,0,-1192,-879,-1417,-662,56,-76,-97,63,0,0,20473,4,5,5
4104,37,94,1,1,-1186,-874,-1422,-664,-113,43,-27,64,0,0,20476,4,2,2
4105,37,96,1,0,-1193,-888,-1416,-671,5,107,141,-78,0,0,20485,2,2,1
4106,37,94,1,0,-1184,-877,-1415,-662,6,-115,28,26,0,0,20475,4,5,1
4107,37,96,1,0,-1190,-884,-1429,-665,41,-21,-38,-30,0,0,20488,5,4,1
4108,37,98,1,0,-1200,-893,-1433,-678,-69,99,40,-13,0,0,20488,5,5,1
4109,37,95,1,0,-1198,-890,-1434,-670,3,-76,118,27,0,0,20476,2,2,3
4110,37,97,1,0,-1196,-889,-1433,-677,92,26,-37,-58,0,0,20481,4,5,5
4111,37,97,1,0,-1206,-897,-1436,-676,-74,-61,32,24,0,0,20486,5,5,2
4112,37,95,1,1,-1209,-891,-1430,-684,-24,-8,-122,-87,0,0,20488,3,3,2
4113,37,95,1,0,-1216,-898,-1437,-680,-51,-48,-31,80,0,0,20472,4,2,5
4114,37,98,1,0,-1204,-904,-1439,-685,80,114,115,10,0,0,20480,5,4,2
4115,37,97,1,0,-1211,-905,-1439,-697,75,77,31,5,0,0,20476,5,2,1
4116,36,95,1,0,-1211,-909,-1445,-699,7,-91,-105,-74,0,0,20487,4,3,1
4117,36,96,1,0,-1215,-905,-1454,-702,79,100,97,56,0,0,20484,5,5,1
4118,36,98,1,0,-1222,-914,-1444,-690,42,-64,35,-7,0,0,20479,4,3,2
4119,36,97,1,0,-1216,-912,-1451,-704,110,114,127,-12,0,0,20472,3,5,1
4120,36,97,1,1,-1225,-918,-1451,-695,-117,42,64,28,0,0,20483,2,5,3
4121,36,98,1,0,-1227,-915,-1459,-702,72,-117,61,68,0,0,20488,5,2,2
4122,36,95,1,0,-1231,-931,-1456,-711,85,48,97,29,0,0,20476,1,5,2
4123,36,96,1,0,-1233,-930,-1460,-709,-88,36,70,49,0,0,20487,2,3,2
4124,36,95,1,0,-1240,-927,-1460,-707,19,-7,-145,-57,0,0,20483,4,2,3
4125,36,94,1,0,-1238,-934,-1465,-712,-23,118,-134,68,0,0,20472,2,4,5
4126,36,97,1,0,-1234,-933,-1469,-711,-25,69,-12,27,0,1,20488,2,5,5
4127,36,96,1,0,-1241,-930,-1466,-721,17,95,118,5,0,0,20472,2,5,5
4128,36,94,1,1,-1246,-938,-1484,-719,94,108,118,33,0,0,20480,2,4,4
4129,36,97,1,0,-1251,-942,-1477,-721,-2,-2,27,-14,0,0,20481,2,4,4
4130,36,96,1,0,-1256,-941,-1477,-722,-25,68,42,52,0,0,20488,3,3,4
4131,36,98,1,0,-1254,-946,-1488,-731,-17,0,-136,-10,0,0,20477,1,3,2
4132,36,94,1,0,-1254,-949,-1491,-725,-106,44,52,-18,0,0,20481,1,3,2
4133,36,98,1,0,-1251,-949,-1480,-733,-22,58,-27,-76,1,0,20484,5,3,4
4134,36,96,1,0,-1259,-950,-1484,-735,-54,13,26,-48,0,0,20481,5,4,5
4135,36,96,1,0,-1269,-951,-1485,-731,5,116,79,5,0,0,20485,2,4,1
4136,36,98,1,1,-1273,-954,-1492,-739,2,-101,118,-15,0,0,20488,5,3,5
4137,36,95,1,0,-1264,-965,-1494,-735,-100,116,-97,-26,0,0,20487,2,1,3
4138,36,96,1,0,-1272,-964,-1504,-748,6,-84,-44,-6,0,0,20477,3,2,5
4139,36,96,1,0,-1277,-970,-1499,-740,81,-102,-9,86,0,0,20477,1,5,4
4140,36,98,1,0,-1271,-961,-1504,-746,74,-35,80,-68,0,0,20488,5,3,4
4141,36,95,1,0,-1282,-978,-1502,-756,80,-68,-32,90,0,0,20487,1,4,4
4142,36,94,1,0,-1273,-972,-1512,-758,54,33,-81,68,0,0,20487,1,1,3
4143,36,96,1,0,-1288,-970,-1507,-758,-22,-85,-98,-13,0,0,20474,3,5,5
4144,36,96,1,1,-1292,-972,-1520,-758,65,-78,-21,52,0,0,20487,3,4,2
4145,36,95,1,0,-1284,-983,-1509,-768,-111,49,-97,-77,0,0,20472,3,4,4
4146,36,94,1,0,-1285,-977,-1523,-768,113,85,-88,59,0,0,20479,2,4,5
4147,36,97,1,0,-1297,-992,-1526,-759,-97,115,19,-73,0,0,20488,2,1,3
4148,36,94,1,0,-1294,-981,-1528,-772,-116,27,4,89,0,0,20477,2,3,5
4149,36,98,1,0,-1289,-985,-1521,-779,5,-50,-69,56,0,0,20483,5,4,4
4150,36,95,1,0,-1296,-997,-1523,-776,-10,-3,111,-81,0,0,20483,4,1,5
4151,36,98,1,0,-1307,-989,-1535,-781,-70,55,50,-53,0,0,20476,3,4,2
4152,36,94,1,1,-1307,-995,-1535,-773,-73,-20,-92,90,0,0,20477,1,4,3
4153,36,96,1,0,-1313,-995,-1536,-782,116,96,-144,-83,0,0,20474,4,5,1
4154,36,97,1,0,-1303,-1006,-1536,-781,83,-30,-21,62,0,0,20487,5,4,3
4155,36,94,1,0,-1313,-997,-1540,-782,-2,-96,38,40,0,0,20484,1,2,5
4156,36,97,1,0,-1314,-1004,-1543,-789,-105,-84,47,-50,1,0,20486,3,3,5
4157,36,98,1,0,-1314,-1012,-1546,-798,102,101,-121,-42,0,0,20480,4,2,4
4158,36,95,1,0,-1321,-1004,-1552,-795,-70,99,-140,-39,0,0,20485,4,2,3
4159,36,95,1,0,-1315,-1010,-1547,-803,-100,20,99,10,0,0,20485,4,5,3
4160,36,97,1,1,-1327,-1016,-1550,-798,-58,-88,81,-76,0,0,20476,4,1,5
4161,36,94,1,0,-1321,-1025,-1558,-805,18,-38,106,-64,0,1,20484,3,3,3
4162,36,97,1,0,-1319,-1019,-1563,-797,-90,94,79,45,0,0,20473,1,5,1
4163,36,95,1,0,-1329,-1022,-1565,-808,54,5,-75,88,0,0,20481,5,4,1
4164,36,97,1,0,-1337,-1018,-1557,-815,-62,25,78,54,0,0,20481,5,4,2
4165,36,96,1,0,-1335,-1033,-1558,-808,-92,-29,-142,-87,0,0,20480,3,4,4
4166,36,97,1,0,-1330,-1022,-1567,-812,-74,-28,13,-5,0,0,20484,2,3,1
4167,36,97,1,0,-1347,-1037,-1563,-815,105,-99,-6,-70,0,0,20478,3,2,5
4168,36,98,1,1,-1346,-1030,-1579,-810,-108,72,-66,-89,0,0,20473,5,5,5
4169,36,98,1,0,-1341,-1036,-1570,-817,30,-44,60,44,0,0,20476,3,3,4
4170,35,97,1,0,-1350,-1036,-1572,-815,-82,106,-150,-24,0,0,20479,3,2,4
4171,35,96,1,0,-1342,-1042,-1574,-827,40,-29,-126,-31,0,0,20482,5,5,2
4172,35,97,1,0,-1351,-1036,-1577,-823,107,-38,-12,68,0,0,20474,1,1,5
4173,35,95,1,0,-1355,-1047,-1577,-823,-43,66,-36,-67,0,0,20478,2,4,2
4174,35,96,1,0,-1348,-1049,-1587,-825,-64,75,-129,78,0,0,20484,2,1,4
4175,35,94,1,0,-1364,-1048,-1588,-837,92,79,50,-65,0,0,20477,5,1,4
4176,35,95,1,1,-1368,-1051,-1592,-829,52,-85,17,-84,0,0,20474,3,2,5
4177,35,98,1,0,-1364,-1052,-1593,-835,81,-107,-121,-81,0,0,20480,3,4,4
4178,35,95,1,0,-1371,-1056,-1599,-835,-99,119,-24,-24,0,0,20477,1,2,5
4179,35,95,1,0,-1373,-1066,-1601,-848,85,61,141,-90,0,0,20487,4,2,1
4180,35,94,1,0,-1374,-1061,-1606,-837,-115,-90,7,76,0,0,20472,2,1,3
4181,35,96,1,0,-1379,-1071,-1610,-854,20,-110,13,-14,0,0,20472,5,5,2
4182,35,94,1,0,-1374,-1072,-1599,-848,15,-55,103,-84,0,0,20478,5,5,2
4183,35,97,1,0,-1381,-1063,-1599,-849,13,-96,-36,-63,0,0,20477,4,1,4
4184,35,94,1,1,-1375,-1075,-1609,-852,24,-39,25,16,0,0,20475,1,5,5
4185,35,97,1,0,-1374,-1074,-1614,-848,89,-12,-112,11,0,0,20472,2,2,4
4186,35,94,1,0,-1378,-1080,-1607,-856,36,93,88,-10,0,0,20483,5,2,5
4187,35,97,1,0,-1382,-1086,-1615,-859,65,-16,-120,48,0,0,20484,1,4,4
4188,35,96,1,0,-1393,-1079,-1618,-869,49,-27,129,-47,0,0,20486,3,4,4
4189,35,94,1,0,-1393,-1088,-1624,-870,69,89,22,64,0,0,20474,1,5,4
4190,35,97,1,0,-1386,-1083,-1625,-871,20,-26,150,-52,0,0,20478,3,1,4
4191,35,97,1,0,-1392,-1082,-1624,-875,-33,-83,118,-60,0,0,20484,5,3,5
4192,35,98,1,1,-1402,-1087,-1627,-875,74,-104,77,55,0,0,20483,1,5,2
4193,35,94,1,0,-1404,-1089,-1633,-877,-82,102,8,-69,0,1,20475,4,5,4
4194,35,95,1,0,-1399,-1099,-1627,-883,-12,-5,79,-89,0,0,20473,2,5,1
4195,35,94,1,0,-1399,-1100,-1632,-879,-94,-31,-112,26,0,0,20483,4,1,5
4196,35,97,1,0,-1406,-1101,-1644,-889,-35,-12,-123,-74,0,0,20475,5,3,3
4197,35,95,1,0,-1410,-1095,-1641,-885,40,-120,-74,52,0,0,20480,4,3,2
4198,35,94,1,0,-1414,-1103,-1637,-887,12,-117,86,87,0,0,20475,1,3,4
4199,35,97,1,0,-1406,-1112,-1646,-889,57,113,78,-89,1,0,20485,1,3,5
4200,35,96,1,1,-1415,-1112,-1642,-885,-77,-58,-77,15,0,0,20482,4,5,5
4201,35,96,1,0,-1421,-1113,-1649,-886,61,8,114,-83,0,0,20474,5,5,1
4202,35,94,1,0,-1422,-1114,-1655,-890,100,-82,-30,-18,0,0,20479,1,1,3
4203,35,97,1,0,-1427,-1117,-1647,-897,-91,3,-121,60,0,0,20486,3,4,1
4204,35,97,1,0,-1417,-1120,-1662,-898,-38,52,51,-80,0,0,20480,5,5,5
4205,35,97,1,0,-1429,-1115,-1659,-895,-69,-86,26,4,0,0,20479,4,2,3
4206,35,95,1,0,-1434,-1125,-1659,-906,-118,-29,100,-9,0,0,20478,2,5,5
4207,35,96,1,0,-1437,-1124,-1668,-907,1,22,115,3,0,0,20488,2,4,3
4208,35,95,1,1,-1438,-1127,-1664,-906,66,100,-15,-37,0,0,20487,1,2,2
4209,35,95,1,0,-1430,-1135,-1668,-903,9,-62,-68,27,0,0,20478,2,1,2
4210,35,97,1,0,-1436,-1132,-1663,-910,2,43,-62,56,1,0,20488,1,3,2
4211,35,94,1,0,-1445,-1138,-1667,-914,-14,48,-7,48,0,0,20472,1,3,4
4212,35,96,1,0,-1450,-1143,-1675,-920,33,77,-60,23,0,0,20472,3,1,2
4213,35,98,1,0,-1452,-1136,-1675,-920,81,76,-114,44,0,0,20478,1,2,4
4214,35,95,1,0,-1443,-1140,-1682,-930,95,-111,-78,75,0,0,20482,3,1,5
4215,35,98,1,0,-1455,-1147,-1687,-931,33,43,31,20,0,1,20483,5,1,5
4216,35,97,1,1,-1450,-1150,-1683,-919,-101,115,24,-60,0,0,20472,2,3,3
4217,35,96,1,0,-1457,-1148,-1683,-934,18,-18,101,-57,0,0,20477,1,2,5
4218,35,98,1,0,-1451,-1147,-1685,-926,-3,36,-137,-45,0,0,20484,3,2,5
4219,35,98,1,0,-1459,-1156,-1682,-941,97,-14,115,65,0,0,20482,5,3,4
4220,35,95,1,0,-1467,-1145,-1685,-943,-64,-39,-10,-64,0,0,20485,3,3,1
4221,35,96,1,0,-1456,-1153,-1698,-940,9,109,126,-50,0,0,20475,4,4,3
4222,35,94,1,0,-1466,-1151,-1692,-944,20,89,-127,62,0,0,20481,3,2,3
4223,35,97,1,0,-1471,-1162,-1691,-942,26,-119,147,-77,0,0,20481,2,3,1
4224,35,98,1,1,-1472,-1166,-1697,-938,-15,-118,123,81,0,0,20475,1,4,2
4225,35,94,1,0,-1467,-1156,-1699,-954,78,-6,92,-15,0,0,20475,5,5,3
4226,34,95,1,0,-1466,-1174,-1700,-945,-46,-32,-47,42,0,0,20481,3,4,3
4227,34,95,1,0,-1482,-1168,-1705,-943,-86,-6,-19,-76,0,0,20488,5,4,3
4228,34,98,1,0,-1470,-1166,-1708,-950,54,33,-19,-55,0,0,20472,1,3,3
4229,34,98,1,0,-1485,-1179,-1716,-950,62,91,-44,20,0,0,20487,3,4,2
4230,34,95,1,0,-1478,-1180,-1709,-951,116,100,52,33,0,0,20478,4,3,1
4231,34,98,1,0,-1479,-1185,-1719,-955,-68,-97,27,-28,0,0,20486,3,1,3
4232,34,95,1,1,-1479,-1176,-1718,-954,-95,-65,-1,6,0,0,20484,2,4,3
4233,34,97,1,0,-1486,-1182,-1722,-972,76,-43,-44,-18,0,0,20472,3,2,4
4234,34,98,1,0,-1496,-1189,-1716,-973,-102,45,16,55,0,0,20478,3,3,4
4235,34,95,1,0,-1489,-1181,-1716,-970,-15,-51,-63,-10,1,0,20486,2,1,2
4236,34,97,1,0,-1502,-1187,-1723,-976,116,15,-12,-24,0,0,20474,5,4,4
4237,34,98,1,0,-1492,-1197,-1733,-970,-71,103,-88,10,0,0,20476,4,4,2
4238,34,95,1,0,-1505,-1200,-1728,-967,-38,54,29,-46,0,0,20480,4,3,2
4239,34,97,1,0,-1501,-1190,-1732,-982,-53,10,-47,6,0,0,20472,4,4,5
4240,34,96,1,1,-1502,-1205,-1736,-987,55,100,-131,46,0,0,20480,4,4,3
4241,34,94,1,0,-1501,-1204,-1742,-984,108,-106,97,-49,0,0,20483,4,3,3
4242,34,95,1,0,-1516,-1199,-1738,-982,-12,-80,-61,44,0,0,20477,4,5,5
4243,34,95,1,0,-1512,-1200,-1742,-983,-118,55,83,-81,0,0,20485,4,3,4
4244,34,94,1,0,-1519,-1206,-1737,-991,-44,-99,102,53,0,0,20484,5,4,2
4245,34,95,1,0,-1523,-1207,-1744,-983,-51,-63,-9,-60,0,0,20472,1,1,1
4246,34,98,1,0,-1516,-1213,-1745,-991,39,55,107,-83,0,0,20484,5,2,5
4247,34,95,1,0,-1519,-1204,-1747,-997,51,-58,-137,11,0,0,20478,4,2,5
4248,34,95,1,1,-1528,-1219,-1757,-998,63,-29,98,-10,0,0,20485,2,4,1
4249,34,97,1,0,-1527,-1219,-1753,-998,48,29,49,31,0,0,20477,4,5,5
4250,34,96,1,0,-1518,-1225,-1760,-1001,-86,-100,96,53,0,0,20488,1,4,1
4251,34,95,1,0,-1529,-1213,-1763,-995,-86,110,-8,67,0,0,20473,1,2,3
4252,34,96,1,0,-1533,-1215,-1764,-1005,-115,-49,-41,-63,0,0,20474,5,4,5
4253,34,97,1,0,-1531,-1230,-1757,-1006,-4,-25,116,-40,0,0,20472,4,2,2
4254,34,95,1,0,-1534,-1222,-1763,-1010,-81,-26,-16,66,0,0,20487,1,2,3
4255,34,98,1,0,-1537,-1236,-1768,-1013,-3,-25,129,-30,0,0,20472,2,2,5
4256,34,98,1,1,-1536,-1235,-1770,-1014,21,69,2,-24,0,0,20476,1,3,2
4257,34,98,1,0,-1533,-1226,-1766,-1020,48,98,138,-33,0,0,20480,2,4,1
4258,34,94,1,0,-1538,-1233,-1767,-1022,-94,-58,36,-14,0,0,20479,3,5,1
4259,34,95,1,0,-1542,-1240,-1768,-1016,-5,-108,-26,20,0,1,20473,2,3,5
4260,34,95,1,0,-1550,-1236,-1783,-1027,100,71,-40,-81,0,0,20472,4,2,3
4261,34,98,1,0,-1554,-1247,-1772,-1019,67,54,116,-53,0,0,20476,5,4,1
4262,34,95,1,0,-1554,-1242,-1788,-1020,66,30,-40,-85,0,0,20481,3,3,5
4263,34,94,1,0,-1548,-1248,-1789,-1026,58,58,131,37,0,0,20486,2,4,4
4264,34,98,1,1,-1562,-1252,-1783,-1033,-74,-102,141,-64,1,0,20486,4,5,3
4265,34,95,1,0,-1554,-1252,-1796,-1027,-26,88,-108,-88,0,0,20482,2,4,3
4266,34,97,1,0,-1560,-1251,-1786,-1039,76,-109,-148,47,0,0,20481,1,2,2
4267,34,97,1,0,-1563,-1262,-1799,-1030,3,45,105,31,0,0,20478,1,3,2
4268,34,96,1,0,-1572,-1254,-1791,-1042,53,-48,22,70,0,0,20484,5,4,1
4269,34,98,1,0,-1565,-1265,-1789,-1041,43,89,56,-46,0,0,20484,3,1,5
4270,34,98,1,0,-1567,-1265,-1794,-1040,-33,-19,104,-12,0,0,20475,2,2,3
4271,34,95,1,0,-1574,-1258,-1796,-1039,78,114,-98,86,0,0,20477,1,5,5
4272,34,98,1,1,-1575,-1267,-1805,-1045,-112,-31,-123,69,0,0,20474,5,1,5
4273,34,95,1,0,-1580,-1267,-1810,-1049,-79,45,-113,13,0,0,20472,3,2,2
4274,34,96,1,0,-1583,-1276,-1802,-1060,19,-100,-51,-48,0,0,20472,1,2,5
4275,34,95,1,0,-1574,-1269,-1809,-1051,0,38,8,-30,0,0,20481,3,5,3
4276,34,98,1,0,-1582,-1274,-1807,-1060,5,-79,58,67,0,0,20480,5,1,1
4277,34,95,1,0,-1582,-1276,-1821,-1057,-52,-94,135,-28,0,0,20472,1,4,3
4278,34,96,1,0,-1586,-1275,-1822,-1055,120,-118,-115,68,0,0,20481,3,5,5
4279,34,94,1,0,-1588,-1284,-1824,-1062,44,88,-78,-13,0,0,20478,5,4,3
4280,34,94,1,1,-1584,-1290,-1813,-1059,16,-110,63,11,0,1,20475,1,2,1
4281,34,97,1,0,-1596,-1279,-1822,-1073,90,-3,-58,79,0,0,20485,5,1,3
4282,34,97,1,0,-1597,-1287,-1819,-1072,-83,54,-135,-2,0,0,20485,3,2,1
4283,34,97,1,0,-1601,-1287,-1833,-1069,62,92,-135,-4,0,0,20474,1,5,4
4284,34,97,1,0,-1600,-1297,-1834,-1074,26,5,57,18,0,0,20484,5,1,1
4285,34,96,1,0,-1602,-1299,-1832,-1067,-54,93,-58,62,0,0,20474,2,5,5
4286,33,95,1,0,-1594,-1291,-1827,-1076,107,-70,134,-5,0,0,20475,4,5,4
4287,33,97,1,0,-1610,-1295,-1828,-1075,-25,-3,126,71,0,0,20487,5,1,1
4288,33,96,1,1,-1613,-1291,-1830,-1078,-44,-21,29,55,0,0,20488,3,4,2
4289,33,94,1,0,-1600,-1298,-1838,-1078,111,-96,106,55,0,0,20481,2,2,4
4290,33,94,1,0,-1602,-1305,-1834,-1090,-120,-23,-41,68,0,0,20481,5,4,3
4291,33,96,1,0,-1614,-1310,-1840,-1095,-55,112,-120,43,1,0,20481,5,2,5
4292,33,96,1,0,-1622,-1305,-1849,-1090,52,-82,11,-77,0,0,20478,2,4,4
4293,33,96,1,0,-1621,-1302,-1839,-1098,-65,62,27,20,0,0,20472,3,3,4
4294,33,96,1,0,-1623,-1304,-1851,-1096,-15,-86,57,43,0,0,20488,5,5,5
4295,33,94,1,0,-1621,-1308,-1843,-1091,43,-70,104,21,0,0,20484,5,1,2
4296,33,96,1,1,-1628,-1317,-1852,-1102,-99,-114,-44,21,0,0,20478,4,2,3
4297,33,96,1,0,-1616,-1312,-1862,-1102,14,-101,131,67,0,0,20487,2,2,5
4298,33,96,1,0,-1618,-1318,-1853,-1108,-84,-65,23,4,0,0,20479,4,5,2
4299,33,98,1,0,-1623,-1325,-1862,-1107,115,-105,-14,77,0,0,20477,4,5,5
4300,33,95,1,0,-1628,-1328,-1862,-1109,-26,13,134,-77,0,0,20481,2,4,5
4301,33,98,1,0,-1637,-1317,-1869,-1115,13,-59,131,46,0,0,20481,3,2,5
4302,33,94,1,0,-1629,-1333,-1861,-1107,30,57,-33,8,0,0,20488,2,4,2
4303,33,97,1,0,-1638,-1324,-1873,-1114,65,-67,-51,28,0,0,20479,1,4,1
4304,33,94,1,1,-1633,-1332,-1870,-1112,-105,-84,-79,51,0,0,20482,1,1,1
4305,33,96,1,0,-1640,-1339,-1878,-1109,17,-59,-97,-65,0,0,20482,4,2,2
4306,33,94,1,0,-1635,-1334,-1865,-1110,-35,99,-56,-14,0,0,20475,4,4,1
4307,33,94,1,0,-1651,-1343,-1881,-1121,1,-41,134,-26,0,0,20480,3,5,4
4308,33,94,1,0,-1644,-1335,-1873,-1129,-33,-21,2,61,0,0,20474,3,2,4
4309,33,98,1,0,-1656,-1337,-1876,-1122,-13,60,31,73,0,0,20484,3,3,5
4310,33,97,1,0,-1646,-1349,-1877,-1124,94,36,-92,-12,0,0,20482,1,4,2
4311,33,94,1,0,-1660,-1337,-1887,-1122,21,-49,137,54,0,0,20484,5,3,2
4312,33,95,1,1,-1650,-1339,-1892,-1136,77,9,96,-29,0,0,20475,4,2,4
4313,33,96,1,0,-1654,-1353,-1885,-1134,113,-59,-36,-84,0,1,20478,3,4,4
4314,33,97,1,0,-1661,-1357,-1890,-1132,-73,-97,52,80,0,0,20473,5,1,5
4315,33,96,1,0,-1655,-1361,-1883,-1130,65,91,46,74,0,0,20480,4,5,3
4316,33,94,1,0,-1667,-1350,-1887,-1140,-120,-52,-48,71,0,0,20483,1,1,3
4317,33,95,1,0,-1658,-1365,-1896,-1145,-3,49,-28,11,0,0,20486,3,3,4
4318,33,98,1,0,-1665,-1365,-1898,-1135,-31,-88,137,53,0,0,20486,5,5,4
4319,33,96,1,0,-1671,-1369,-1897,-1138,-20,103,-7,-76,0,0,20487,1,4,4
4320,33,98,1,1,-1673,-1360,-1907,-1147,47,-20,-73,-50,0,0,20481,4,2,2
4321,33,95,1,0,-1667,-1360,-1896,-1155,77,-43,-41,-49,0,0,20480,3,4,4
4322,33,94,1,0,-1668,-1364,-1911,-1148,109,-20,-89,48,0,0,20473,2,3,2
4323,33,97,1,0,-1676,-1374,-1901,-1152,-74,-108,16,31,0,0,20483,5,2,5
4324,33,97,1,0,-1682,-1363,-1915,-1158,25,-57,-123,67,0,0,20486,5,5,2
4325,33,96,1,0,-1675,-1374,-1905,-1160,-59,119,86,-19,0,0,20477,4,4,1
4326,33,96,1,0,-1681,-1370,-1907,-1155,-44,78,112,-45,0,0,20483,4,5,2
4327,33,95,1,0,-1686,-1373,-1921,-1155,-99,-111,-4,45,0,0,20476,4,5,2
4328,33,95,1,1,-1693,-1373,-1919,-1160,15,106,11,26,0,0,20480,5,4,1
4329,33,96,1,0,-1689,-1388,-1910,-1171,-40,-38,-132,60,0,0,20474,5,4,2
4330,33,95,1,0,-1687,-1382,-1912,-1161,55,-62,121,-8,0,1,20475,1,5,1
4331,33,97,1,0,-1690,-1382,-1922,-1168,-117,-80,-22,-38,0,0,20477,4,5,2
4332,33,98,1,0,-1692,-1385,-1925,-1171,-78,-111,141,-88,0,0,20477,3,4,4
4333,33,95,1,0,-1696,-1381,-1928,-1175,29,14,99,51,0,0,20480,2,3,5
4334,33,97,1,0,-1692,-1398,-1924,-1170,64,-47,79,16,0,0,20487,4,1,1
4335,33,94,1,0,-1696,-1395,-1936,-1172,-12,99,145,12,0,0,20474,2,1,1
4336,33,97,1,1,-1695,-1397,-1927,-1179,-16,-42,24,-47,0,0,20480,4,1,5
4337,33,94,1,0,-1701,-1393,-1929,-1175,117,99,-89,0,0,0,20480,4,3,5
4338,33,95,1,0,-1699,-1392,-1929,-1182,-53,-76,110,7,0,0,20481,4,4,4
4339,33,98,1,0,-1711,-1396,-1945,-1177,1,-15,-137,78,0,0,20478,5,1,1
4340,33,95,1,0,-1708,-1406,-1943,-1182,46,-30,-122,-9,1,0,20480,1,5,2
4341,33,94,1,0,-1715,-1401,-1945,-1182,-59,80,50,-17,0,0,20485,1,1,1
4342,33,96,1,0,-1709,-1412,-1948,-1180,2,56,139,-10,0,0,20476,3,4,5
4343,33,94,1,0,-1711,-1401,-1952,-1187,104,-100,91,0,0,0,20487,3,3,3
4344,33,95,1,1,-1713,-1411,-1951,-1189,-73,22,-113,-58,0,0,20474,4,5,5
4345,33,96,1,0,-1713,-1414,-1948,-1194,118,-98,-45,-73,0,0,20483,4,4,5
4346,33,94,1,0,-1724,-1408,-1953,-1202,-113,-9,99,-38,0,0,20480,3,1,5
4347,33,97,1,0,-1717,-1418,-1955,-1204,47,-36,-66,65,0,0,20478,5,5,5
4348,33,94,1,0,-1717,-1425,-1953,-1202,-99,115,-8,14,0,0,20484,2,5,4
4349,33,97,1,0,-1729,-1411,-1954,-1206,5,-57,71,1,0,0,20477,5,1,2
4350,32,98,1,0,-1723,-1421,-1966,-1207,33,19,-33,-41,0,0,20486,4,4,2
4351,32,95,1,0,-1730,-1430,-1955,-1209,-68,64,144,-74,0,0,20480,5,4,5
4352,32,94,1,1,-1739,-1430,-1961,-1212,-12,-82,42,78,0,0,20476,3,3,4
4353,32,94,1,0,-1740,-1420,-1970,-1201,-64,12,-77,31,0,0,20488,5,3,5
4354,32,98,1,0,-1738,-1421,-1958,-1213,39,85,24,45,0,0,20486,4,4,5
4355,32,94,1,0,-1732,-1424,-1961,-1213,-21,-36,-83,-19,0,0,20477,1,4,5
4356,32,97,1,0,-1738,-1427,-1968,-1218,-2,23,-94,75,0,0,20486,4,4,5
4357,32,95,1,0,-1735,-1435,-1974,-1211,-21,79,112,48,0,0,20476,3,2,5
4358,32,94,1,0,-1742,-1442,-1976,-1211,17,-16,98,-4,0,0,20485,3,5,2
4359,32,97,1,0,-1741,-1434,-1983,-1218,24,-37,60,25,0,0,20479,4,1,4
4360,32,94,1,1,-1739,-1432,-1978,-1219,-48,-84,61,-72,1,0,20478,1,4,2
4361,32,95,1,0,-1756,-1444,-1974,-1220,-57,-117,-66,-21,0,0,20476,5,4,3
4362,32,95,1,0,-1753,-1439,-1981,-1233,-34,-91,-96,77,0,0,20473,4,4,5
4363,32,95,1,0,-1754,-1452,-1987,-1231,4,34,77,-11,0,0,20473,5,3,5
4364,32,98,1,0,-1758,-1447,-1986,-1236,-96,-99,-77,42,0,0,20472,3,5,5
4365,32,97,1,0,-1760,-1444,-1985,-1224,57,117,140,25,0,0,20478,3,3,1
4366,32,96,1,0,-1751,-1458,-1982,-1231,10,82,-65,37,0,1,20472,3,2,2
4367,32,95,1,0,-1764,-1451,-1986,-1237,-81,95,-58,25,0,0,20483,4,1,3
4368,32,96,1,1,-1760,-1456,-1998,-1244,-118,74,40,1,0,0,20482,5,3,5
4369,32,95,1,0,-1763,-1459,-2001,-1242,11,-31,-113,57,0,0,20480,5,1,5
4370,32,94,1,0,-1764,-1458,-2001,-1247,-118,95,59,-51,0,0,20474,1,4,5
4371,32,95,1,0,-1770,-1455,-1991,-1240,-4,-22,-83,9,0,0,20486,2,1,4
4372,32,98,1,0,-1768,-1469,-1997,-1252,33,109,49,-2,0,0,20479,5,1,4
4373,32,98,1,0,-1775,-1469,-2002,-1243,-28,88,145,26,0,0,20482,4,4,5
4374,32,94,1,0,-1778,-1458,-2000,-1253,46,67,-57,-79,0,0,20480,5,4,2
4375,32,96,1,0,-1781,-1461,-2001,-1256,-34,95,-123,-37,0,0,20478,3,5,2
4376,32,94,1,1,-1784,-1469,-2014,-1255,-82,39,-30,20,0,0,20474,4,2,3
4377,32,94,1,0,-1786,-1478,-2002,-1260,-30,-27,138,36,0,0,20479,1,4,4
4378,32,98,1,0,-1779,-1467,-2017,-1259,-65,88,72,-37,0,0,20474,1,3,5
4379,32,96,1,0,-1778,-1476,-2015,-1249,-111,37,123,-2,0,0,20477,5,1,3
4380,32,98,1,0,-1780,-1484,-2022,-1264,62,94,130,30,0,0,20475,5,3,1
4381,32,94,1,0,-1784,-1475,-2016,-1255,55,43,-125,76,0,0,20475,1,5,5
4382,32,97,1,0,-1795,-1488,-2020,-1260,-104,-103,119,82,0,0,20473,3,4,1
4383,32,94,1,0,-1794,-1480,-2019,-1270,69,62,-72,12,0,0,20488,4,3,3
4384,32,96,1,1,-1794,-1478,-2022,-1266,-117,-22,70,56,0,0,20478,3,4,2
4385,32,97,1,0,-1799,-1489,-2019,-1271,52,-54,19,-71,0,0,20487,2,3,4
4386,32,95,1,0,-1798,-1488,-2030,-1264,-38,-115,-82,32,0,0,20472,4,1,5
4387,32,98,1,0,-1797,-1488,-2020,-1270,-61,-67,71,45,0,0,20482,4,2,3
4388,32,97,1,0,-1798,-1496,-2032,-1269,-45,-60,43,-5,0,0,20472,4,4,4
4389,32,98,1,0,-1801,-1494,-2038,-1279,-113,-38,-40,-76,0,1,20474,5,1,5
4390,32,97,1,0,-1795,-1489,-2029,-1282,59,113,-94,75,0,0,20475,3,5,4
4391,32,94,1,0,-1798,-1493,-2032,-1277,112,13,118,-9,0,0,20487,3,5,4
4392,32,95,1,1,-1797,-1493,-2038,-1272,28,106,82,33,0,0,20481,5,5,3
4393,32,98,1,0,-1814,-1507,-2042,-1286,-40,-117,115,-32,0,0,20484,3,1,2
4394,32,96,1,0,-1815,-1496,-2047,-1291,25,-72,-105,-67,0,0,20486,5,4,4
4395,32,94,1,0,-1806,-1506,-2046,-1293,75,55,-2,76,0,0,20475,2,5,3
4396,32,97,1,0,-1806,-1502,-2040,-1295,58,-84,-106,87,0,0,20484,5,2,1
4397,32,96,1,0,-1812,-1512,-2038,-1293,99,57,141,-76,0,0,20480,1,1,4
4398,32,97,1,0,-1809,-1501,-2043,-1289,-47,50,128,31,0,0,20484,4,3,4
4399,32,95,1,0,-1811,-1510,-2055,-1289,43,36,90,79,0,0,20484,3,1,1
4400,32,94,1,1,-1816,-1517,-2049,-1288,118,-88,66,-10,0,0,20482,3,3,1
4401,32,94,1,0,-1828,-1521,-2046,-1293,101,40,-12,-39,0,0,20487,5,3,5
4402,32,96,1,0,-1820,-1508,-2046,-1295,90,-59,124,35,0,0,20483,5,3,2
4403,32,98,1,0,-1832,-1512,-2055,-1294,60,10,-29,-9,1,0,20479,3,2,5
4404,32,96,1,0,-1821,-1520,-2063,-1297,-25,-65,-22,-51,0,0,20487,4,1,1
4405,32,98,1,0,-1832,-1524,-2064,-1295,79,-56,73,-14,0,0,20484,4,4,2
4406,32,98,1,0,-1832,-1521,-2057,-1303,54,49,123,-16,0,0,20475,3,3,5
4407,32,95,1,0,-1829,-1520,-2063,-1310,-74,-14,-36,-5,0,0,20478,5,1,1
4408,32,97,1,1,-1833,-1532,-2062,-1302,-59,57,-94,87,0,0,20475,4,4,1
4409,32,94,1,0,-1840,-1533,-2070,-1315,104,-18,106,71,0,0,20487,3,1,1
4410,32,94,1,0,-1835,-1527,-2065,-1305,-100,-5,-83,-31,0,0,20480,4,4,3
4411,32,94,1,0,-1832,-1536,-2067,-1306,84,-11,-135,57,0,0,20473,2,3,4
4412,32,94,1,0,-1845,-1540,-2069,-1311,41,1,39,-49,0,0,20486,4,2,3
4413,32,97,1,0,-1840,-1533,-2064,-1321,93,-109,102,28,1,0,20487,3,5,4
4414,32,96,1,0,-1837,-1533,-2077,-1322,-4,85,-110,-76,0,0,20474,3,1,2
4415,32,96,1,0,-1844,-1540,-2073,-1325,0,115,-109,66,0,0,20482,4,4,4
4416,32,98,1,1,-1845,-1534,-2085,-1324,-103,-55,44,-80,0,0,20475,5,2,3
4417,32,97,1,0,-1853,-1539,-2086,-1327,-102,12,18,-60,0,0,20480,2,5,4
4418,32,97,1,0,-1856,-1543,-2073,-1326,-103,55,-69,-11,0,0,20474,5,5,2
4419,32,96,1,0,-1852,-1542,-2081,-1320,81,-27,113,-90,0,0,20480,1,4,3
4420,32,97,1,0,-1859,-1549,-2085,-1321,-26,-87,-40,65,0,0,20484,5,4,1
4421,32,95,1,0,-1850,-1554,-2083,-1323,-113,-120,93,12,0,0,20486,4,2,4
4422,31,94,1,0,-1859,-1556,-2086,-1331,-55,-82,15,-42,0,0,20478,2,2,1
4423,31,98,1,0,-1855,-1547,-2082,-1331,-26,-7,29,-25,0,0,20480,4,5,5
4424,31,94,1,1,-1863,-1553,-2097,-1328,119,84,19,-17,0,0,20478,3,2,4
4425,31,96,1,0,-1867,-1560,-2099,-1338,105,-26,-33,-49,0,0,20473,2,5,1
4426,31,96,1,0,-1863,-1556,-2090,-1332,-69,-56,-2,-90,0,0,20485,2,1,1
4427,31,96,1,0,-1864,-1562,-2103,-1333,26,-56,-69,-7,0,0,20487,1,5,5
4428,31,94,1,0,-1866,-1555,-2099,-1334,-96,-61,146,26,0,0,20488,5,1,4
4429,31,95,1,0,-1865,-1555,-2101,-1351,-29,-75,-130,0,0,0,20483,1,1,2
4430,31,96,1,0,-1865,-1567,-2097,-1340,81,69,-66,-81,0,0,20485,5,2,3
4431,31,94,1,0,-1873,-1557,-2106,-1343,-69,-44,110,70,0,0,20476,2,2,1
4432,31,94,1,1,-1868,-1570,-2109,-1342,34,-27,70,-27,0,1,20475,5,2,3
4433,31,97,1,0,-1882,-1563,-2112,-1358,-108,102,111,-9,0,0,20481,3,3,2
4434,31,96,1,0,-1873,-1562,-2106,-1348,0,55,67,-66,0,0,20480,3,2,4
4435,31,98,1,0,-1878,-1579,-2113,-1357,75,-117,132,3,0,0,20486,4,2,3
4436,31,97,1,0,-1884,-1579,-2104,-1357,-50,118,33,-55,0,0,20487,5,2,5
4437,31,94,1,0,-1889,-1568,-2106,-1351,30,-27,-87,25,0,0,20475,5,1,1
4438,31,98,1,0,-1876,-1580,-2121,-1359,-118,-97,-70,-56,0,0,20482,5,5,5
4439,31,96,1,0,-1882,-1580,-2114,-1361,119,-4,-55,-5,0,0,20481,1,3,2
4440,31,94,1,1,-1887,-1581,-2123,-1357,22,110,-17,-45,0,0,20473,4,3,5
4441,31,97,1,0,-1890,-1576,-2112,-1367,37,63,2,-80,0,0,20484,5,4,2
4442,31,97,1,0,-1894,-1588,-2113,-1365,14,-6,143,54,0,0,20485,3,5,2
4443,31,98,1,0,-1895,-1583,-2116,-1372,-109,-51,-40,-90,0,0,20477,2,5,5
4444,31,97,1,0,-1894,-1590,-2117,-1372,119,-87,-44,6,0,0,20478,1,1,2
4445,31,95,1,0,-1900,-1588,-2125,-1378,-114,51,141,31,0,0,20483,3,5,4
4446,31,97,1,0,-1903,-1588,-2120,-1370,-74,-47,-101,19,0,0,20488,5,4,1
4447,31,98,1,0,-1902,-1587,-2130,-1368,23,4,-61,-85,0,0,20485,2,2,5
4448,31,96,1,1,-1905,-1589,-2129,-1376,-37,48,-54,37,0,1,20480,5,1,3
4449,31,95,1,0,-1894,-1595,-2134,-1384,84,114,50,87,0,0,20474,5,1,5
4450,31,95,1,0,-1907,-1593,-2132,-1381,-7,59,17,2,0,0,20488,4,3,3
4451,31,95,1,0,-1908,-1590,-2136,-1387,16,-18,-135,72,0,0,20485,3,1,3
4452,31,95,1,0,-1910,-1591,-2130,-1374,14,-107,-101,-20,1,0,20479,2,3,5
4453,31,98,1,0,-1900,-1598,-2138,-1387,-37,-101,-63,-60,0,0,20481,2,3,5
4454,31,95,1,0,-1914,-1598,-2147,-1384,88,-85,24,-30,0,0,20479,1,5,3
4455,31,97,1,0,-1903,-1597,-2148,-1382,-21,12,131,-41,0,0,20476,1,4,5
4456,31,98,1,1,-1920,-1599,-2139,-1384,25,89,-137,-5,0,0,20487,5,1,3
4457,31,94,1,0,-1920,-1609,-2142,-1390,-63,-74,-83,27,0,0,20482,2,3,1
4458,31,95,1,0,-1917,-1601,-2147,-1386,46,-54,2,54,0,0,20474,1,5,5
4459,31,95,1,0,-1916,-1609,-2140,-1390,-52,75,-56,26,0,0,20475,5,5,1
4460,31,94,1,0,-1917,-1619,-2147,-1391,50,109,109,-77,0,0,20485,2,4,2
4461,31,96,1,0,-1920,-1607,-2143,-1402,-120,-72,19,3,0,0,20474,5,1,4
4462,31,96,1,0,-1928,-1615,-2148,-1397,34,51,-74,15,0,0,20480,3,4,5
4463,31,97,1,0,-1920,-1614,-2155,-1405,-96,-7,140,-28,0,0,20478,4,5,5
4464,31,97,1,1,-1928,-1623,-2149,-1407,77,58,-1,-90,0,0,20482,1,5,1
4465,31,96,1,0,-1934,-1613,-2154,-1407,-28,104,96,-39,0,0,20487,3,1,4
4466,31,94,1,0,-1923,-1626,-2155,-1410,-111,65,136,-57,0,0,20483,2,4,5
4467,31,98,1,0,-1922,-1616,-2152,-1405,-105,10,-49,-68,0,0,20484,1,2,3
4468,31,98,1,0,-1925,-1632,-2159,-1404,-32,29,88,-28,0,0,20476,1,2,4
4469,31,96,1,0,-1929,-1633,-2161,-1408,-67,93,107,33,0,0,20480,3,3,3
4470,31,94,1,0,-1930,-1635,-2169,-1402,103,26,-87,43,0,0,20478,1,3,3
4471,31,96,1,0,-1933,-1636,-2159,-1408,13,50,106,-81,0,0,20472,3,3,3
4472,31,98,1,1,-1943,-1630,-2175,-1419,-87,70,-73,-19,0,0,20481,3,2,3
4473,31,98,1,0,-1943,-1628,-2171,-1415,30,39,63,89,0,0,20483,2,4,2
4474,31,94,1,0,-1937,-1640,-2164,-1419,-42,-1,-120,76,0,0,20480,3,3,5
4475,31,94,1,0,-1945,-1632,-2171,-1417,-69,-80,-69,62,0,0,20487,2,3,3
4476,31,95,1,0,-1950,-1639,-2178,-1416,37,65,127,37,0,1,20486,1,1,5
4477,31,95,1,0,-1948,-1634,-2181,-1424,-114,-118,-36,-74,0,0,20477,2,2,1
4478,31,95,1,0,-1941,-1642,-2173,-1424,-28,12,-135,-12,0,0,20474,2,5,3
4479,31,95,1,0,-1943,-1649,-2176,-1421,16,-6,92,-88,0,0,20486,1,4,3
4480,31,97,1,1,-1943,-1645,-2174,-1425,103,62,120,-45,0,0,20474,1,4,1
4481,31,98,1,0,-1951,-1636,-2187,-1421,36,99,63,79,0,0,20477,3,4,1
4482,31,94,1,0,-1954,-1640,-2177,-1427,16,104,147,-68,0,0,20482,5,2,5
4483,31,95,1,0,-1946,-1641,-2183,-1423,-4,-105,102,-38,0,0,20486,4,5,5
4484,31,94,1,0,-1948,-1646,-2182,-1438,84,-84,82,66,0,0,20481,5,1,2
4485,31,94,1,0,-1961,-1651,-2195,-1434,-61,82,124,32,0,0,20483,3,3,1
4486,31,96,1,0,-1955,-1653,-2195,-1434,83,63,-116,48,0,0,20472,3,5,3
4487,31,94,1,0,-1961,-1649,-2193,-1440,-56,-33,32,-50,0,0,20483,2,3,1
4488,31,95,1,1,-1956,-1662,-2187,-1433,-34,-117,-63,63,0,0,20483,5,1,4
4489,31,96,1,0,-1961,-1653,-2190,-1442,2,-118,-19,-38,0,0,20486,4,2,2
4490,31,95,1,0,-1972,-1651,-2187,-1444,-116,84,-104,64,1,0,20479,3,5,5
4491,31,98,1,0,-1960,-1658,-2199,-1441,3,-48,0,19,0,0,20479,2,3,2
4492,31,98,1,0,-1965,-1662,-2197,-1440,-83,-100,-45,88,0,0,20479,3,4,5
4493,31,97,1,0,-1974,-1669,-2202,-1451,3,-20,-37,12,0,0,20487,4,3,3
4494,31,98,1,0,-1967,-1668,-2201,-1451,24,-49,33,34,0,0,20474,2,2,1
4495,31,94,1,0,-1969,-1665,-2210,-1445,30,-102,38,70,0,0,20476,3,1,4
4496,31,96,1,1,-1975,-1662,-2209,-1441,-16,-20,-105,-13,0,0,20478,3,3,3
4497,31,95,1,0,-1977,-1666,-2205,-1453,-48,-69,55,-66,0,0,20485,3,5,4
4498,31,98,1,0,-1969,-1663,-2199,-1448,19,-91,-139,30,0,0,20480,1,1,5
4499,31,97,1,0,-1982,-1664,-2201,-1445,110,-117,-39,25,0,0,20488,3,2,5
4500,31,94,1,0,-1987,-1672,-2216,-1454,-118,77,89,-33,1,0,20472,2,3,4
4501,31,95,1,0,-1974,-1667,-2211,-1462,-97,-23,39,69,0,0,20481,1,1,1
4502,31,97,1,0,-1980,-1681,-2207,-1452,24,-8,13,-15,0,0,20474,4,3,5
4503,31,98,1,0,-1977,-1678,-2210,-1452,30,-94,-89,49,0,0,20483,1,5,5
4504,30,96,1,1,-1993,-1679,-2222,-1464,-63,4,-50,77,0,0,20485,3,2,2
4505,30,94,1,0,-1980,-1677,-2216,-1454,-4,49,-123,22,0,0,20479,5,4,3
4506,30,96,1,0,-1992,-1676,-2220,-1467,-47,-43,-26,-50,0,1,20476,2,2,2
4507,30,98,1,0,-1996,-1680,-2225,-1461,3,-57,-121,71,0,0,20475,3,4,5
4508,30,96,1,0,-1990,-1677,-2217,-1460,24,105,49,-6,0,0,20477,4,3,3
4509,30,94,1,0,-1991,-1679,-2230,-1470,60,-19,-124,45,0,0,20474,2,4,2
4510,30,96,1,0,-1992,-1694,-2223,-1461,-98,25,-115,33,0,0,20476,2,1,5
4511,30,96,1,0,-1990,-1681,-2223,-1465,-95,49,27,61,0,0,20473,2,3,1
4512,30,97,1,1,-2000,-1687,-2224,-1477,48,-60,-41,21,0,0,20476,2,3,5
4513,30,96,1,0,-1994,-1698,-2223,-1478,-43,57,-69,45,0,0,20473,4,5,5
4514,30,94,1,0,-2003,-1695,-2236,-1468,92,89,-137,-24,0,0,20482,3,3,5
4515,30,97,1,0,-2005,-1695,-2227,-1482,-3,32,21,-31,0,0,20474,3,1,4
4516,30,96,1,0,-1997,-1696,-2238,-1477,-61,13,-59,-12,0,0,20483,4,2,4
4517,30,97,1,0,-1997,-1692,-2231,-1477,15,-76,-82,-59,0,0,20485,5,5,2
4518,30,95,1,0,-1997,-1691,-2230,-1483,-102,-117,43,63,0,0,20477,3,4,4
4519,30,96,1,0,-2005,-1695,-2237,-1479,-77,-21,70,76,0,0,20477,5,1,5
4520,30,95,1,1,-2000,-1693,-2232,-1485,-104,-39,-1,-60,0,0,20484,4,1,4
4521,30,97,1,0,-2009,-1698,-2238,-1477,-45,47,54,25,0,0,20473,1,1,4
4522,30,98,1,0,-2003,-1711,-2246,-1490,-84,63,11,18,0,0,20485,3,5,3
4523,30,94,1,0,-2009,-1706,-2245,-1487,-118,-76,-78,86,0,0,20478,5,2,1
4524,30,94,1,0,-2017,-1711,-2250,-1481,102,52,-3,-38,0,0,20484,3,2,2
4525,30,98,1,0,-2018,-1706,-2245,-1482,78,-76,-32,63,0,0,20484,2,2,2
4526,30,97,1,0,-2024,-1714,-2253,-1495,-19,-93,145,-1,0,0,20484,3,2,1
4527,30,97,1,0,-2020,-1703,-2243,-1496,102,-18,-79,58,0,0,20479,5,5,5
4528,30,98,1,1,-2020,-1717,-2241,-1498,-12,120,83,-35,0,0,20482,1,3,2
4529,30,96,1,0,-2015,-1721,-2257,-1489,43,-110,-24,-51,0,0,20485,4,2,4
4530,30,96,1,0,-2014,-1714,-2252,-1495,25,56,-145,-43,0,0,20485,4,3,4
4531,30,95,1,0,-2031,-1716,-2255,-1498,-91,-69,4,-15,0,0,20487,5,4,1
4532,30,97,1,0,-2020,-1709,-2247,-1499,-94,-1,65,-77,0,0,20480,5,5,4
4533,30,95,1,0,-2024,-1725,-2262,-1503,21,104,56,18,1,0,20472,4,4,2
4534,30,96,1,0,-2020,-1717,-2259,-1508,-63,-11,76,45,0,0,20487,3,3,4
4535,30,98,1,0,-2028,-1716,-2260,-1506,27,55,-18,-53,0,0,20479,1,1,4
4536,30,95,1,1,-2032,-1716,-2265,-1506,76,34,-42,-11,0,0,20484,5,5,2
4537,30,98,1,0,-2032,-1729,-2260,-1509,65,37,-139,-30,0,0,20488,1,4,2
4538,30,96,1,0,-2026,-1725,-2268,-1513,-65,-56,-3,-73,0,0,20477,2,5,2
4539,30,97,1,0,-2030,-1730,-2260,-1515,-72,39,128,-33,0,0,20475,5,4,3
4540,30,97,1,0,-2030,-1729,-2269,-1517,119,-76,52,-74,0,0,20484,1,2,2
4541,30,95,1,0,-2038,-1734,-2273,-1509,50,-2,107,10,0,0,20476,4,3,1
4542,30,97,1,0,-2031,-1724,-2268,-1506,72,-35,72,41,0,0,20485,5,5,3
4543,30,96,1,0,-2035,-1732,-2274,-1518,49,22,38,32,0,0,20476,4,1,1
4544,30,98,1,1,-2044,-1734,-2277,-1523,34,-96,-119,-54,0,0,20472,4,1,2
4545,30,98,1,0,-2044,-1742,-2271,-1523,-38,104,-24,45,0,0,20478,5,5,4
4546,30,98,1,0,-2043,-1728,-2281,-1518,82,14,-120,24,0,0,20478,1,3,5
4547,30,94,1,0,-2045,-1733,-2282,-1514,26,82,24,38,0,0,20472,1,4,4
4548,30,95,1,0,-2039,-1741,-2278,-1519,-120,-106,-10,90,0,0,20480,5,2,1
4549,30,97,1,0,-2054,-1732,-2278,-1514,-77,-56,-123,3,0,0,20484,3,3,5
4550,30,96,1,0,-2054,-1743,-2276,-1531,74,105,-130,-51,0,1,20475,5,4,2
4551,30,95,1,0,-2042,-1750,-2282,-1521,79,65,139,-65,0,0,20478,4,4,2
4552,30,95,1,1,-2056,-1741,-2275,-1523,91,-114,-36,-19,0,0,20472,3,5,5
4553,30,95,1,0,-2056,-1737,-2281,-1522,-79,-119,137,-5,0,0,20473,3,2,3
4554,30,98,1,0,-2061,-1751,-2290,-1527,58,-41,-29,-28,0,0,20484,5,5,2
4555,30,96,1,0,-2058,-1751,-2289,-1526,-103,-69,33,-15,0,0,20482,4,3,1
4556,30,98,1,0,-2062,-1743,-2287,-1526,101,26,-14,-45,0,0,20484,5,5,4
4557,30,96,1,0,-2051,-1758,-2294,-1526,119,38,-75,-85,0,0,20482,5,3,4
4558,30,96,1,0,-2063,-1750,-2282,-1531,81,19,50,62,0,0,20481,3,4,1
4559,30,98,1,0,-2065,-1754,-2285,-1537,-76,31,113,65,0,0,20485,3,4,3
4560,30,94,1,1,-2053,-1746,-2289,-1531,7,43,-34,82,0,0,20480,3,1,5
4561,30,98,1,0,-2069,-1755,-2294,-1534,103,-67,135,-8,0,0,20472,1,2,4
4562,30,94,1,0,-2057,-1750,-2298,-1539,89,-75,-142,14,1,0,20483,1,3,4
4563,30,97,1,0,-2061,-1765,-2300,-1546,-57,-28,132,-14,0,0,20482,1,4,5
4564,30,98,1,0,-2067,-1754,-2304,-1545,114,-47,-89,64,0,0,20485,3,1,4
4565,30,95,1,0,-2061,-1764,-2296,-1544,-39,-92,-67,1,0,0,20484,4,5,1
4566,30,96,1,0,-2065,-1756,-2294,-1540,-48,-38,145,-81,0,0,20479,2,5,5
4567,30,95,1,0,-2071,-1762,-2295,-1541,74,-10,-111,-72,0,0,20478,2,3,5
4568,30,94,1,1,-2068,-1757,-2309,-1542,85,77,149,-71,0,0,20488,3,5,2
4569,30,96,1,0,-2072,-1768,-2308,-1552,45,-9,-56,-4,0,0,20484,3,1,3
4570,30,97,1,0,-2076,-1766,-2305,-1554,109,28,-19,73,0,0,20480,3,5,1
4571,30,96,1,0,-2081,-1774,-2299,-1545,-26,32,-130,-88,0,0,20481,2,4,1
4572,30,94,1,0,-2082,-1770,-2314,-1552,57,-19,-63,0,0,0,20477,2,3,1
4573,30,97,1,0,-2081,-1772,-2311,-1556,-89,-11,-23,72,0,0,20476,2,4,4
4574,30,95,1,0,-2082,-1779,-2306,-1550,-36,-103,4,-11,0,0,20485,1,4,1
4575,30,94,1,0,-2082,-1770,-2314,-1551,-84,-113,-64,-69,0,1,20474,4,1,2
4576,30,96,1,1,-2079,-1779,-2311,-1555,-12,-56,85,-47,0,0,20484,1,3,5
4577,30,98,1,0,-2077,-1782,-2318,-1555,120,-65,-92,-77,0,0,20476,4,5,3
4578,30,95,1,0,-2081,-1776,-2306,-1561,88,14,-53,38,0,0,20475,1,1,2
4579,30,94,1,0,-2079,-1782,-2316,-1557,28,111,132,-54,0,0,20472,2,2,1
4580,30,95,1,0,-2084,-1784,-2315,-1557,-67,66,-85,69,0,0,20472,3,2,5
4581,30,98,1,0,-2087,-1787,-2325,-1558,-74,46,-131,-2,0,0,20488,1,4,5
4582,30,94,1,0,-2088,-1787,-2322,-1567,-99,-103,-136,-80,0,0,20476,4,4,4
4583,30,96,1,0,-2097,-1788,-2320,-1563,-101,113,-54,22,0,0,20487,5,2,1
4584,30,96,1,1,-2084,-1778,-2322,-1569,-44,-82,-71,20,0,0,20487,5,2,1
4585,30,94,1,0,-2094,-1777,-2321,-1559,12,112,17,-10,0,0,20477,2,1,5
4586,30,94,1,0,-2094,-1786,-2326,-1574,-11,-72,65,-33,0,0,20483,5,4,3
4587,30,96,1,0,-2100,-1783,-2329,-1576,-35,-8,99,-54,0,0,20488,2,4,4
4588,30,98,1,0,-2091,-1788,-2324,-1575,109,-82,41,8,0,0,20486,5,5,3
4589,30,94,1,0,-2099,-1790,-2331,-1572,99,73,-5,-9,0,0,20472,3,1,2
4590,30,95,1,0,-2101,-1798,-2334,-1575,52,-107,86,66,0,0,20485,5,3,4
4591,30,94,1,0,-2095,-1785,-2328,-1579,-90,-97,135,38,0,0,20486,5,3,2
4592,30,96,1,1,-2106,-1796,-2325,-1571,-77,67,82,-5,0,0,20474,5,1,3
4593,30,96,1,0,-2102,-1790,-2338,-1577,-88,-31,127,-5,0,0,20487,4,5,4
4594,30,94,1,0,-2105,-1792,-2338,-1575,21,53,121,-81,0,0,20484,1,3,3
4595,30,95,1,0,-2108,-1792,-2332,-1575,12,118,-27,-63,0,0,20478,4,3,1
4596,30,98,1,0,-2104,-1801,-2335,-1577,43,24,-138,49,0,0,20483,4,1,4
4597,30,95,1,0,-2108,-1805,-2331,-1574,11,-77,74,1,0,0,20473,5,1,3
4598,30,95,1,0,-2109,-1802,-2338,-1586,87,118,-2,-78,0,0,20473,1,1,5
4599,30,98,1,0,-2108,-1796,-2334,-1591,-25,92,86,8,0,0,20477,2,1,3
4600,30,96,1,1,-2115,-1799,-2346,-1586,-27,-64,-32,-74,0,0,20481,4,3,1
4601,30,95,1,0,-2113,-1809,-2347,-1585,83,-86,78,-44,0,0,20472,4,4,4
4602,30,98,1,0,-2113,-1809,-2334,-1590,108,89,-118,65,0,0,20477,4,2,2
4603,29,95,1,0,-2118,-1813,-2340,-1581,63,-115,131,-73,0,0,20477,1,3,1
4604,29,94,1,0,-2120,-1814,-2349,-1582,-25,-81,122,-4,0,0,20482,3,1,1
4605,29,96,1,0,-2111,-1804,-2343,-1585,31,-19,102,44,0,0,20481,3,3,1
4606,29,96,1,0,-2115,-1804,-2341,-1599,25,-118,13,62,0,0,20479,4,2,1
4607,29,98,1,0,-2114,-1805,-2355,-1586,-110,-74,-136,-75,0,0,20477,2,2,4
4608,29,97,1,1,-2123,-1807,-2348,-1600,45,-56,54,-69,0,0,20481,5,4,5
4609,29,95,1,0,-2114,-1808,-2344,-1591,-98,-93,91,-36,0,0,20477,2,5,4
4610,29,96,1,0,-2118,-1808,-2351,-1593,31,-104,-100,78,0,0,20482,5,5,4
4611,29,97,1,0,-2116,-1813,-2351,-1591,-95,-17,-99,-80,0,1,20479,5,2,3
4612,29,95,1,0,-2117,-1815,-2359,-1599,-22,-52,-101,-40,0,0,20477,5,4,2
4613,29,98,1,0,-2121,-1823,-2346,-1601,38,113,-21,-43,0,0,20487,1,2,1
4614,29,97,1,0,-2117,-1823,-2353,-1602,-84,-90,136,-53,0,0,20478,4,3,1
4615,29,94,1,0,-2118,-1817,-2348,-1593,-72,-67,81,34,0,0,20476,4,4,2
4616,29,98,1,1,-2122,-1815,-2362,-1598,-26,11,-6,10,0,0,20480,3,1,2
4617,29,95,1,0,-2132,-1818,-2362,-1608,13,-109,55,76,0,0,20483,1,4,2
4618,29,96,1,0,-2121,-1823,-2365,-1603,30,-79,-23,-35,0,0,20475,4,2,5
4619,29,98,1,0,-2129,-1831,-2353,-1601,95,2,24,8,1,0,20486,1,5,1
4620,29,97,1,0,-2138,-1828,-2369,-1610,31,-103,53,56,1,0,20482,3,4,3
4621,29,98,1,0,-2136,-1833,-2365,-1602,-79,-37,-3,21,0,0,20478,2,2,1
4622,29,97,1,0,-2126,-1825,-2361,-1601,25,-34,35,-39,0,1,20483,5,5,3
4623,29,94,1,0,-2134,-1835,-2361,-1604,-43,-77,-72,-75,0,0,20484,1,3,4
4624,29,97,1,1,-2137,-1823,-2371,-1611,-18,-73,-92,-87,0,0,20482,2,4,3
4625,29,95,1,0,-2129,-1827,-2371,-1613,-58,-120,-57,41,0,0,20480,1,4,2
4626,29,97,1,0,-2131,-1823,-2360,-1617,55,-21,9,34,0,0,20472,3,1,4
4627,29,95,1,0,-2141,-1839,-2363,-1619,-111,-104,113,51,0,0,20476,5,5,3
4628,29,97,1,0,-2133,-1829,-2366,-1611,-99,-75,-41,-83,0,0,20475,4,4,5
4629,29,94,1,0,-2146,-1830,-2371,-1608,92,-40,14,19,0,0,20472,1,3,1
4630,29,94,1,0,-2139,-1835,-2371,-1618,-15,99,-121,-66,0,0,20475,1,4,1
4631,29,98,1,0,-2142,-1843,-2369,-1621,-49,61,41,60,0,0,20486,2,1,5
4632,29,98,1,1,-2148,-1838,-2368,-1627,17,109,-15,-5,0,0,20487,2,5,1
4633,29,95,1,0,-2142,-1833,-2383,-1628,-35,53,47,-45,0,0,20487,3,4,5
4634,29,98,1,0,-2148,-1835,-2383,-1613,-9,-39,-52,31,0,0,20478,4,1,2
4635,29,96,1,0,-2144,-1833,-2375,-1614,-34,-92,134,-72,0,0,20479,1,2,1
4636,29,97,1,0,-2152,-1837,-2382,-1622,-77,-63,-21,50,0,0,20478,2,4,5
4637,29,97,1,0,-2148,-1839,-2377,-1623,-6,34,-39,5,0,0,20478,1,5,5
4638,29,97,1,0,-2151,-1839,-2384,-1624,69,72,-36,16,0,0,20477,5,4,5
4639,29,95,1,0,-2147,-1836,-2380,-1622,8,-23,-73,2,0,0,20481,3,5,1
4640,29,98,1,1,-2149,-1850,-2382,-1631,115,-75,67,-19,0,0,20472,5,5,2
4641,29,97,1,0,-2147,-1854,-2386,-1630,-28,-114,32,16,0,0,20484,1,4,5
4642,29,96,1,0,-2159,-1849,-2390,-1622,59,91,-10,-12,0,0,20486,4,3,3
4643,29,95,1,0,-2155,-1841,-2389,-1632,-92,21,119,-45,0,0,20476,3,4,5
4644,29,94,1,0,-2160,-1848,-2385,-1625,60,-77,-116,23,0,0,20487,5,2,2
4645,29,94,1,0,-2152,-1843,-2394,-1625,-96,3,126,-5,0,0,20480,1,1,4
4646,29,97,1,0,-2158,-1851,-2385,-1641,-14,63,61,-1,0,0,20477,4,5,3
4647,29,97,1,0,-2160,-1848,-2392,-1636,-95,-100,-13,15,0,0,20475,2,5,4
4648,29,97,1,1,-2157,-1848,-2397,-1642,44,119,-95,58,0,0,20474,5,5,5
4649,29,97,1,0,-2157,-1860,-2397,-1635,-26,-22,-115,69,0,0,20485,3,3,2
4650,29,97,1,0,-2154,-1848,-2391,-1635,-60,-35,-145,-43,0,0,20476,5,5,4
4651,29,95,1,0,-2169,-1863,-2388,-1639,28,109,113,-81,0,0,20473,5,5,1
4652,29,94,1,0,-2163,-1859,-2387,-1643,-116,32,70,-67,0,0,20480,4,5,1
4653,29,97,1,0,-2157,-1851,-2397,-1647,-3,-25,-101,-34,0,0,20484,3,5,4
4654,29,94,1,0,-2170,-1861,-2392,-1645,-114,45,40,-68,0,0,20475,1,4,3
4655,29,94,1,0,-2166,-1865,-2401,-1645,-43,53,-69,29,0,0,20479,3,1,3
4656,29,98,1,1,-2163,-1863,-2396,-1638,-82,89,7,30,0,0,20480,1,3,4
4657,29,94,1,0,-2175,-1867,-2391,-1641,-14,-103,17,43,0,0,20483,2,5,5
4658,29,97,1,0,-2168,-1869,-2403,-1640,-99,60,44,1,0,0,20479,3,2,3
4659,29,97,1,0,-2166,-1856,-2409,-1643,-61,-46,-21,-60,0,0,20474,2,3,5
4660,29,95,1,0,-2172,-1867,-2402,-1646,14,47,-80,-43,0,0,20476,4,3,1
4661,29,97,1,0,-2175,-1870,-2409,-1655,20,-49,-5,37,0,1,20477,4,2,3
4662,29,96,1,0,-2170,-1868,-2397,-1649,-55,-26,-25,67,0,0,20488,4,1,3
4663,29,96,1,0,-2174,-1860,-2412,-1653,-104,-53,85,-1,0,0,20487,3,3,2
4664,29,98,1,1,-2180,-1876,-2413,-1658,-101,79,19,-47,0,0,20482,2,4,3
4665,29,96,1,0,-2172,-1870,-2399,-1649,-7,-104,24,-68,0,0,20477,4,4,4
4666,29,96,1,0,-2171,-1869,-2406,-1660,63,72,-54,32,0,0,20474,3,4,5
4667,29,97,1,0,-2181,-1868,-2411,-1646,-79,72,-22,-12,0,0,20475,4,3,4
4668,29,98,1,0,-2176,-1871,-2409,-1652,13,28,69,53,0,0,20480,2,5,3
4669,29,96,1,0,-2181,-1869,-2413,-1663,-26,-73,-5,29,0,0,20481,2,3,4
4670,29,95,1,0,-2181,-1867,-2413,-1657,62,80,54,-35,0,0,20480,1,2,3
4671,29,97,1,0,-2186,-1877,-2416,-1665,-112,26,57,-31,0,0,20478,3,3,2
4672,29,94,1,1,-2187,-1868,-2412,-1650,-29,51,-15,80,0,0,20474,4,1,5
4673,29,94,1,0,-2180,-1870,-2419,-1666,-3,113,-137,39,0,0,20485,4,1,2
4674,29,98,1,0,-2178,-1881,-2412,-1660,38,20,-43,46,0,0,20473,1,5,3
4675,29,97,1,0,-2193,-1871,-2412,-1658,97,46,79,3,0,0,20477,1,3,5
4676,29,97,1,0,-2190,-1882,-2412,-1661,-2,-79,-86,-77,1,0,20484,4,3,4
4677,29,95,1,0,-2195,-1885,-2418,-1656,99,102,43,-61,0,0,20484,1,3,4
4678,29,97,1,0,-2191,-1885,-2422,-1661,-26,-95,-79,2,0,0,20483,1,1,3
4679,29,94,1,0,-2195,-1877,-2427,-1672,103,42,-10,25,0,0,20473,5,4,3
4680,29,97,1,1,-2185,-1885,-2415,-1657,41,25,90,-65,0,0,20485,4,5,4
4681,29,98,1,0,-2196,-1885,-2426,-1666,-55,-84,-62,4,0,0,20476,3,5,5
4682,29,98,1,0,-2195,-1878,-2428,-1669,-105,-72,-23,-81,0,0,20472,1,4,1
4683,29,96,1,0,-2199,-1884,-2424,-1674,25,64,-99,-84,0,0,20473,2,2,3
4684,29,96,1,0,-2197,-1893,-2426,-1671,118,-81,-115,54,0,0,20486,4,3,3
4685,29,94,1,0,-2202,-1888,-2432,-1667,-41,-79,22,59,0,0,20478,1,4,1
4686,29,95,1,0,-2192,-1890,-2419,-1670,67,82,6,-69,0,0,20488,2,5,5
4687,29,96,1,0,-2204,-1886,-2420,-1667,-115,84,-20,17,0,0,20472,2,4,2
4688,29,95,1,1,-2199,-1897,-2434,-1678,35,80,-120,15,0,0,20480,1,2,4
4689,29,96,1,0,-2205,-1890,-2434,-1675,-28,-48,25,-27,0,0,20473,3,2,2
4690,29,96,1,0,-2193,-1898,-2424,-1680,-29,1,149,47,0,0,20484,5,4,4
4691,29,95,1,0,-2201,-1897,-2435,-1677,97,-64,-7,0,0,0,20476,2,2,5
4692,29,97,1,0,-2192,-1889,-2431,-1675,35,111,139,71,0,0,20488,1,5,1
4693,29,96,1,0,-2200,-1892,-2439,-1675,-50,117,126,-26,0,0,20478,5,5,4
4694,29,96,1,0,-2204,-1898,-2437,-1673,-5,-85,-23,44,0,0,20479,5,2,5
4695,29,98,1,0,-2195,-1890,-2434,-1684,-107,106,128,-11,0,0,20472,4,2,5
4696,29,96,1,1,-2202,-1892,-2427,-1684,94,108,48,-68,0,0,20480,5,1,4
4697,29,97,1,0,-2212,-1901,-2442,-1687,58,-9,-55,68,0,0,20475,5,5,3
4698,29,95,1,0,-2197,-1892,-2441,-1685,-45,-78,85,90,0,0,20474,1,3,5
4699,29,96,1,0,-2198,-1901,-2441,-1679,61,-71,41,77,0,0,20478,2,5,1
4700,29,97,1,0,-2200,-1900,-2437,-1681,77,50,90,-52,0,0,20488,5,4,4
4701,29,97,1,0,-2205,-1904,-2430,-1684,77,23,-146,44,0,0,20487,3,3,2
4702,29,97,1,0,-2215,-1893,-2434,-1678,4,27,-133,-45,0,0,20486,2,2,5
4703,29,94,1,0,-2216,-1903,-2433,-1692,109,-90,60,39,0,0,20472,2,4,5
4704,29,97,1,1,-2209,-1899,-2434,-1680,103,31,-3,-47,0,0,20485,1,5,4
4705,29,97,1,0,-2203,-1901,-2442,-1682,-50,98,15,-54,0,0,20488,2,4,5
4706,29,97,1,0,-2214,-1903,-2443,-1692,61,-76,64,52,0,0,20480,3,4,5
4707,29,97,1,0,-2216,-1905,-2443,-1684,-21,-51,-88,72,0,0,20478,3,2,3
4708,29,97,1,0,-2218,-1902,-2441,-1695,-109,24,-5,39,1,1,20474,1,1,3
4709,29,98,1,0,-2208,-1909,-2439,-1696,80,-103,-42,52,0,0,20479,1,2,4
4710,29,94,1,0,-2221,-1906,-2446,-1686,101,44,-101,-49,0,0,20486,5,3,3
4711,29,98,1,0,-2208,-1902,-2446,-1688,52,24,-91,-66,0,0,20487,1,3,4
4712,29,96,1,1,-2215,-1915,-2449,-1690,81,-8,42,9,0,0,20485,5,5,4
4713,29,98,1,0,-2213,-1915,-2449,-1696,118,3,97,57,0,0,20484,1,1,4
4714,29,95,1,0,-2210,-1914,-2447,-1694,101,41,53,70,0,0,20478,1,4,1
4715,29,96,1,0,-2217,-1916,-2443,-1686,-56,-34,-120,42,0,0,20487,3,3,1
4716,29,95,1,0,-2226,-1920,-2452,-1698,-89,10,-61,-82,0,0,20484,2,4,3
4717,29,98,1,0,-2214,-1910,-2449,-1694,-25,-45,9,-65,0,0,20483,1,4,2
4718,29,98,1,0,-2223,-1920,-2451,-1701,-27,-64,115,-45,0,0,20472,1,1,1
4719,29,98,1,0,-2214,-1907,-2451,-1690,53,95,-31,-57,0,0,20482,4,1,3
4720,29,97,1,1,-2225,-1907,-2448,-1691,-71,-89,-31,64,0,0,20477,4,3,5
4721,29,98,1,0,-2226,-1920,-2457,-1693,23,-21,21,30,0,0,20476,2,1,1
4722,29,97,1,0,-2230,-1924,-2452,-1705,-115,106,90,46,0,0,20476,5,3,2
4723,29,94,1,0,-2226,-1920,-2449,-1707,-91,-117,-89,-70,0,0,20476,5,4,4
4724,29,98,1,0,-2228,-1917,-2460,-1694,-120,1,96,43,0,0,20486,1,1,1
4725,29,98,1,0,-2221,-1915,-2463,-1701,-86,-55,-78,10,0,0,20486,5,3,4
4726,29,98,1,0,-2219,-1917,-2465,-1707,29,44,119,31,0,0,20472,5,1,5
4727,29,96,1,0,-2227,-1916,-2457,-1710,-65,-20,-88,12,0,0,20473,5,4,4
4728,29,94,1,1,-2226,-1913,-2460,-1706,-64,23,-8,61,0,0,20477,1,1,3
4729,29,98,1,0,-2233,-1929,-2466,-1696,-64,37,16,-26,0,0,20483,4,4,2
4730,29,95,1,0,-2231,-1917,-2466,-1710,-39,55,-15,42,0,0,20483,4,5,4
4731,29,96,1,0,-2223,-1922,-2454,-1704,113,-8,-49,-13,0,0,20477,2,5,1
4732,29,95,1,0,-2228,-1917,-2458,-1702,-28,95,18,-82,0,0,20482,2,4,5
4733,29,97,1,0,-2229,-1923,-2469,-1701,49,-5,-79,48,0,0,20484,1,2,1
4734,29,96,1,0,-2234,-1920,-2469,-1715,-32,99,-115,-42,0,0,20484,3,5,4
4735,29,98,1,0,-2225,-1920,-2456,-1707,-67,73,-25,-46,1,1,20478,5,4,4
4736,29,96,1,1,-2240,-1932,-2471,-1715,-25,115,-71,-28,0,0,20486,5,4,4
4737,29,98,1,0,-2229,-1920,-2461,-1705,-90,67,16,-17,0,0,20473,3,1,5
4738,29,98,1,0,-2242,-1929,-2469,-1704,50,53,59,11,0,0,20479,5,3,4
4739,29,94,1,0,-2233,-1922,-2473,-1709,40,-82,30,81,0,0,20483,2,1,5
4740,29,95,1,0,-2243,-1927,-2462,-1710,50,-103,-124,50,0,0,20475,2,2,1
4741,29,97,1,0,-2240,-1936,-2469,-1710,10,65,117,82,0,0,20472,1,4,1
4742,29,94,1,0,-2235,-1926,-2473,-1713,-1,68,130,11,0,0,20485,3,2,4
4743,29,96,1,0,-2237,-1924,-2473,-1720,111,64,-19,77,0,0,20475,5,3,4
4744,29,95,1,1,-2244,-1937,-2463,-1720,75,7,25,-86,0,0,20482,5,1,5
4745,29,94,1,0,-2239,-1939,-2463,-1715,99,94,115,-87,0,0,20480,1,1,3
4746,28,94,1,0,-2235,-1938,-2467,-1723,-47,62,-78,10,0,0,20472,5,5,4
4747,28,96,1,0,-2234,-1929,-2464,-1714,-108,39,106,-89,0,0,20482,3,4,5
4748,28,94,1,0,-2238,-1939,-2480,-1709,6,-92,-128,30,0,0,20481,1,4,3
4749,28,96,1,0,-2250,-1928,-2473,-1718,-72,31,113,-75,0,0,20479,2,5,4
4750,28,94,1,0,-2242,-1928,-2479,-1726,73,-27,67,65,0,0,20473,3,5,2
4751,28,96,1,0,-2241,-1943,-2479,-1719,86,82,-95,-19,0,1,20481,3,1,5
4752,28,94,1,1,-2243,-1941,-2472,-1720,57,-2,-76,76,0,0,20482,4,3,3
4753,28,95,1,0,-2239,-1933,-2472,-1714,72,69,93,51,0,0,20485,3,3,4
4754,28,98,1,0,-2253,-1939,-2483,-1713,-67,93,73,19,0,0,20477,1,1,4
4755,28,94,1,0,-2253,-1933,-2469,-1723,106,-60,78,17,0,0,20485,3,5,5
4756,28,98,1,0,-2241,-1947,-2472,-1730,96,-86,46,-31,1,0,20474,1,4,5
4757,28,94,1,0,-2240,-1939,-2483,-1718,-31,76,77,-61,0,0,20486,2,4,3
4758,28,95,1,0,-2243,-1936,-2473,-1726,-98,90,133,-72,0,0,20479,5,2,1
4759,28,97,1,0,-2242,-1949,-2478,-1729,5,-24,-127,-56,0,0,20482,5,4,3
4760,28,95,1,1,-2251,-1936,-2475,-1721,-49,98,-38,-4,0,0,20487,1,4,1
4761,28,96,1,0,-2251,-1951,-2488,-1727,-104,27,-126,70,0,0,20474,2,4,4
4762,28,96,1,0,-2258,-1951,-2481,-1722,-43,-70,-127,-87,0,0,20485,5,5,2
4763,28,95,1,0,-2253,-1940,-2489,-1726,-78,19,-39,-22,0,0,20488,3,3,4
4764,28,98,1,0,-2253,-1945,-2478,-1735,38,53,8,-89,0,0,20488,2,2,1
4765,28,97,1,0,-2260,-1939,-2488,-1728,66,15,92,12,0,0,20488,5,3,5
4766,28,98,1,0,-2254,-1939,-2480,-1723,119,68,-33,31,0,0,20483,5,5,5
4767,28,95,1,0,-2246,-1944,-2480,-1724,30,-91,-104,73,0,0,20478,2,3,1
4768,28,94,1,1,-2262,-1948,-2485,-1723,-71,114,84,64,0,0,20485,1,5,3
4769,28,94,1,0,-2247,-1946,-2493,-1738,-56,-45,33,-50,0,0,20477,2,1,4
4770,28,95,1,0,-2263,-1944,-2479,-1734,100,111,-145,27,0,0,20485,5,3,2
4771,28,98,1,0,-2264,-1946,-2489,-1738,-68,-14,-7,-61,0,0,20480,3,2,3
4772,28,95,1,0,-2263,-1951,-2483,-1732,-92,49,-86,-16,0,0,20477,3,2,4
4773,28,95,1,0,-2263,-1951,-2491,-1734,10,-71,65,78,0,0,20486,3,4,3
4774,28,97,1,0,-2250,-1954,-2482,-1730,-77,86,27,-14,0,0,20477,1,5,3
4775,28,97,1,0,-2258,-1952,-2491,-1740,-94,98,87,-33,0,0,20485,1,1,5
4776,28,96,1,1,-2263,-1944,-2481,-1730,20,-80,71,-7,0,0,20482,2,3,3
4777,28,97,1,0,-2261,-1957,-2485,-1740,-120,84,69,65,0,0,20477,3,3,5
4778,28,95,1,0,-2265,-1950,-2493,-1738,42,-91,-31,23,0,0,20480,1,3,1
4779,28,94,1,0,-2268,-1951,-2492,-1736,81,-55,-44,-15,1,1,20484,4,1,5
4780,28,95,1,0,-2261,-1950,-2488,-1739,-23,30,-117,-74,0,0,20483,2,3,4
4781,28,94,1,0,-2256,-1953,-2497,-1734,-32,-43,-120,-32,0,0,20487,3,1,3
4782,28,96,1,0,-2258,-1959,-2492,-1730,-23,68,-17,-26,0,0,20482,5,2,4
4783,28,98,1,0,-2263,-1961,-2492,-1737,4,-29,-11,37,0,0,20488,2,4,2
4784,28,97,1,1,-2258,-1961,-2496,-1742,73,-29,68,3,0,0,20477,4,3,4
4785,28,96,1,0,-2265,-1960,-2493,-1747,-115,-25,-56,29,0,0,20480,3,2,3
4786,28,95,1,0,-2272,-1956,-2489,-1733,-54,13,-48,47,0,0,20484,4,5,3
4787,28,97,1,0,-2266,-1963,-2498,-1732,94,12,132,-31,0,0,20484,1,1,3
4788,28,96,1,0,-2265,-1950,-2501,-1746,32,-53,-105,-68,0,0,20478,4,5,2
4789,28,94,1,0,-2270,-1962,-2491,-1745,-76,-17,138,-40,0,0,20472,3,3,2
4790,28,96,1,0,-2266,-1964,-2493,-1749,0,-88,-39,-66,0,0,20481,2,1,5
4791,28,94,1,0,-2262,-1954,-2504,-1738,11,-61,52,5,0,0,20477,4,3,1
4792,28,96,1,1,-2261,-1960,-2503,-1736,34,-119,29,-30,0,0,20485,3,5,2
4793,28,96,1,0,-2261,-1953,-2505,-1751,50,114,102,-20,0,0,20482,3,1,2
4794,28,96,1,0,-2272,-1953,-2492,-1742,-59,-76,62,54,0,0,20483,1,2,5
4795,28,95,1,0,-2261,-1962,-2507,-1746,110,-55,-94,-23,0,0,20483,1,3,1
4796,28,98,1,0,-2262,-1968,-2497,-1748,18,117,-20,69,0,0,20486,4,2,2
4797,28,98,1,0,-2268,-1965,-2500,-1751,38,-86,-30,16,0,0,20480,4,5,4
4798,28,96,1,0,-2270,-1958,-2494,-1738,-60,105,-71,75,0,0,20477,2,3,5
4799,28,94,1,0,-2272,-1961,-2500,-1746,25,53,126,84,0,0,20476,2,1,5
4800,28,95,1,1,-2270,-1968,-2504,-1748,-109,-45,-55,-45,0,0,20477,5,3,2
4801,28,95,1,0,-2278,-1962,-2496,-1749,107,67,-37,-8,0,0,20484,3,3,4
4802,28,94,1,0,-2264,-1962,-2508,-1751,-109,27,111,-61,0,0,20476,2,4,1
4803,28,97,1,0,-2266,-1960,-2508,-1749,-57,-78,42,-46,0,0,20488,2,4,2
4804,28,97,1,0,-2279,-1959,-2498,-1755,27,-37,10,-20,0,0,20477,4,4,1
4805,28,98,1,0,-2280,-1970,-2512,-1756,-94,21,-107,10,0,0,20476,3,3,1
4806,28,98,1,0,-2266,-1972,-2497,-1749,79,11,144,-43,0,0,20486,4,3,3
4807,28,94,1,0,-2280,-1968,-2500,-1752,-39,-23,-59,-40,0,0,20478,2,3,3
4808,28,95,1,1,-2281,-1961,-2503,-1747,-85,71,-79,-53,0,0,20475,1,4,5
4809,28,97,1,0,-2279,-1962,-2510,-1753,4,14,7,79,0,0,20476,5,4,4
4810,28,95,1,0,-2278,-1963,-2511,-1756,-8,-96,38,-13,0,0,20480,3,4,3
4811,28,98,1,0,-2280,-1970,-2513,-1750,-82,-67,12,-65,0,0,20483,2,5,4
4812,28,94,1,0,-2270,-1963,-2506,-1752,-93,-7,21,67,0,0,20488,1,2,5
4813,28,94,1,0,-2274,-1969,-2502,-1757,31,107,97,18,1,0,20474,1,2,4
4814,28,96,1,0,-2274,-1966,-2510,-1754,84,6,144,-26,0,1,20483,4,1,4
4815,28,97,1,0,-2286,-1963,-2508,-1761,34,31,96,36,0,0,20486,2,2,5
4816,28,96,1,1,-2282,-1963,-2513,-1761,-87,96,-119,50,0,0,20488,4,3,1
4817,28,95,1,0,-2283,-1969,-2516,-1755,-31,-104,3,3,0,0,20473,1,3,1
4818,28,96,1,0,-2275,-1972,-2504,-1752,-43,-89,-9,36,0,0,20487,2,2,4
4819,28,96,1,0,-2280,-1976,-2511,-1762,-97,52,118,32,0,0,20487,1,5,2
4820,28,97,1,0,-2285,-1966,-2509,-1756,-76,-94,-12,-35,0,0,20476,2,3,5
4821,28,98,1,0,-2278,-1978,-2508,-1759,-46,17,150,18,0,0,20478,1,2,4
4822,28,96,1,0,-2287,-1972,-2511,-1751,81,64,113,-64,0,0,20479,4,3,1
4823,28,94,1,0,-2288,-1970,-2515,-1756,45,14,-45,42,0,0,20474,5,5,2
4824,28,94,1,1,-2285,-1979,-2517,-1754,-97,-54,121,22,0,0,20479,4,2,5
4825,28,98,1,0,-2282,-1967,-2514,-1756,97,54,-41,-38,0,0,20473,3,1,1
4826,28,97,1,0,-2285,-1979,-2517,-1765,42,108,61,72,0,0,20486,4,5,5
4827,28,94,1,0,-2281,-1973,-2507,-1760,-109,106,110,-62,0,0,20486,3,3,3
4828,28,98,1,0,-2277,-1975,-2510,-1761,43,26,-37,-77,0,0,20487,3,5,2
4829,28,98,1,0,-2277,-1976,-2519,-1765,-114,-30,86,-79,0,0,20479,4,1,1
4830,28,98,1,0,-2289,-1972,-2514,-1755,31,-5,89,61,0,0,20483,1,2,5
4831,28,96,1,0,-2283,-1985,-2520,-1765,46,91,-58,45,0,0,20484,1,2,2
4832,28,97,1,1,-2291,-1985,-2516,-1767,-60,-21,-53,-28,0,0,20472,1,3,4
4833,28,95,1,0,-2280,-1976,-2519,-1761,-44,15,-141,52,0,0,20483,3,3,1
4834,28,98,1,0,-2280,-1983,-2520,-1758,7,-112,81,-43,0,0,20481,2,3,1
4835,28,95,1,0,-2292,-1985,-2512,-1769,117,109,-114,74,0,0,20472,2,3,5
4836,28,98,1,0,-2282,-1984,-2511,-1764,62,98,55,34,0,0,20478,4,4,1
4837,28,96,1,0,-2286,-1978,-2519,-1755,-75,-38,-118,-14,0,0,20482,4,4,3
4838,28,96,1,0,-2291,-1981,-2521,-1761,61,72,-32,86,0,1,20479,1,3,3
4839,28,97,1,0,-2290,-1984,-2525,-1756,-79,53,-117,-73,0,0,20476,1,1,5
4840,28,97,1,1,-2291,-1976,-2513,-1756,102,80,-130,-44,0,0,20485,2,3,3
4841,28,98,1,0,-2292,-1984,-2521,-1758,22,-88,-50,37,0,0,20474,5,2,3
4842,28,94,1,0,-2287,-1974,-2521,-1761,88,-18,-43,-46,0,0,20476,5,1,3
4843,28,98,1,0,-2292,-1985,-2523,-1758,43,16,21,-87,0,0,20488,1,1,1
4844,28,95,1,0,-2281,-1988,-2523,-1760,-39,94,4,50,0,0,20474,1,5,4
4845,28,96,1,0,-2283,-1988,-2521,-1769,-117,2,76,74,0,0,20488,2,1,5
4846,28,95,1,0,-2296,-1980,-2513,-1759,-62,-83,-93,-57,0,0,20472,3,1,1
4847,28,95,1,0,-2287,-1989,-2523,-1769,-57,39,-49,-85,1,0,20485,4,2,5
4848,28,95,1,1,-2289,-1980,-2514,-1773,-60,99,55,-79,0,0,20488,4,3,2
4849,28,95,1,0,-2293,-1975,-2516,-1760,2,-104,-70,13,0,0,20486,4,5,3
4850,28,98,1,0,-2285,-1976,-2513,-1761,-72,55,26,65,0,0,20477,2,1,5
4851,28,96,1,0,-2287,-1985,-2514,-1771,54,-24,-48,39,0,0,20476,4,3,1
4852,28,95,1,0,-2296,-1988,-2523,-1760,-99,-27,149,83,0,0,20482,4,3,2
4853,28,97,1,0,-2289,-1991,-2519,-1764,-2,-79,-41,-12,0,0,20472,1,2,3
4854,28,98,1,0,-2287,-1991,-2530,-1773,86,112,49,-5,0,0,20487,1,3,1
4855,28,94,1,0,-2297,-1991,-2519,-1771,50,-19,-133,-20,0,0,20488,4,2,2
4856,28,98,1,1,-2286,-1993,-2516,-1774,-23,-77,128,-38,0,0,20484,5,1,5
4857,28,98,1,0,-2293,-1989,-2527,-1761,41,99,147,2,0,0,20481,1,3,4
4858,28,96,1,0,-2292,-1984,-2527,-1769,-10,37,53,-89,0,0,20479,5,1,3
4859,28,94,1,0,-2293,-1982,-2516,-1765,-37,-96,-62,12,0,0,20480,3,4,2
4860,28,98,1,0,-2286,-1979,-2516,-1774,17,12,112,22,0,0,20481,2,5,4
4861,28,94,1,0,-2298,-1981,-2528,-1774,49,6,-18,-41,0,0,20482,1,4,3
4862,28,94,1,0,-2286,-1993,-2526,-1776,42,96,121,-15,0,0,20485,1,2,3
4863,28,98,1,0,-2292,-1987,-2523,-1777,44,-98,-103,-75,0,0,20479,3,4,1
4864,28,94,1,1,-2287,-1983,-2530,-1770,-36,62,99,-83,0,0,20473,2,2,4
4865,28,96,1,0,-2297,-1980,-2530,-1769,-55,-59,32,-27,0,0,20481,1,4,3
4866,28,96,1,0,-2296,-1993,-2527,-1778,113,-70,-125,30,0,1,20487,5,2,5
4867,28,98,1,0,-2295,-1983,-2522,-1776,93,63,22,-8,0,0,20479,5,5,2
4868,28,97,1,0,-2302,-1982,-2528,-1778,40,-79,-98,65,0,0,20482,1,1,4
4869,28,95,1,0,-2291,-1981,-2524,-1772,91,11,-36,-16,0,0,20486,5,3,5
4870,28,95,1,0,-2290,-1984,-2523,-1765,106,-61,39,45,0,0,20479,2,3,3
4871,28,95,1,0,-2289,-1990,-2532,-1768,41,97,-140,37,0,0,20487,3,2,2
4872,28,95,1,1,-2304,-1996,-2527,-1773,118,17,-32,-60,0,0,20481,1,3,5
4873,28,95,1,0,-2289,-1995,-2522,-1767,1,34,92,73,0,0,20472,5,4,3
4874,28,94,1,0,-2294,-1986,-2521,-1779,104,-86,68,81,0,0,20473,2,2,5
4875,28,95,1,0,-2292,-1992,-2530,-1774,90,-114,-12,-88,0,0,20475,3,4,4
4876,28,95,1,0,-2300,-1990,-2520,-1765,68,-88,-6,-13,0,0,20485,4,4,5
4877,28,94,1,0,-2299,-1985,-2520,-1769,38,102,-149,11,1,0,20479,1,2,5
4878,28,95,1,0,-2305,-1992,-2524,-1777,-86,50,92,76,0,0,20485,2,5,2
4879,28,96,1,0,-2301,-1988,-2531,-1781,82,32,50,61,0,0,20476,5,4,2
4880,28,95,1,1,-2305,-1983,-2534,-1776,2,89,79,-47,0,0,20486,3,5,2
4881,28,94,1,0,-2291,-1999,-2525,-1781,13,56,114,5,0,0,20476,2,4,1
4882,28,97,1,0,-2293,-1986,-2526,-1779,87,101,-120,45,0,0,20475,3,1,3
4883,28,98,1,0,-2294,-1986,-2521,-1769,-20,-111,105,-49,0,0,20479,5,3,1
4884,28,94,1,0,-2305,-1999,-2526,-1777,-25,-109,-49,-51,0,0,20484,4,4,2
4885,28,95,1,0,-2304,-1992,-2528,-1782,106,-66,-100,49,0,0,20475,2,4,3
4886,28,97,1,0,-2293,-1996,-2528,-1772,-45,-41,3,15,0,0,20473,2,3,1
4887,28,95,1,0,-2307,-1986,-2532,-1772,23,-11,123,59,0,0,20472,3,1,2
4888,28,94,1,1,-2293,-1994,-2531,-1772,21,39,-111,82,0,0,20472,4,1,2
4889,28,94,1,0,-2292,-1989,-2523,-1775,116,-43,-144,-82,0,0,20483,2,4,5
4890,28,97,1,0,-2305,-1997,-2537,-1768,-53,-120,-116,69,0,0,20478,5,1,3
4891,28,98,1,0,-2307,-1989,-2525,-1777,35,-51,97,11,0,0,20483,2,5,2
4892,28,97,1,0,-2293,-1997,-2538,-1777,-79,106,-88,-38,0,0,20487,2,5,3
4893,28,98,1,0,-2295,-1991,-2533,-1776,-60,67,-57,-58,0,0,20478,3,5,2
4894,28,94,1,0,-2293,-1991,-2525,-1773,87,-88,-99,-7,0,0,20476,4,3,3
4895,28,96,1,0,-2293,-1996,-2525,-1784,-7,-74,75,-51,0,0,20479,5,3,4
4896,28,98,1,1,-2297,-1998,-2533,-1781,107,-55,49,70,0,0,20477,1,3,5
4897,28,98,1,0,-2307,-1989,-2533,-1781,46,30,-146,-3,0,0,20474,3,5,5
4898,28,98,1,0,-2309,-1999,-2539,-1779,44,106,-117,4,0,0,20479,4,5,4
4899,28,96,1,0,-2295,-1992,-2524,-1773,3,79,-95,44,0,0,20488,4,1,3
4900,28,96,1,0,-2304,-1997,-2536,-1778,45,-52,-66,87,0,0,20482,5,5,5
4901,28,98,1,0,-2307,-1988,-2535,-1770,112,7,16,-57,0,1,20484,2,3,1
4902,28,95,1,0,-2303,-1989,-2524,-1782,-25,-7,-106,-70,0,0,20482,5,4,3
4903,28,95,1,0,-2303,-1993,-2534,-1775,-71,-81,-39,77,0,0,20477,2,5,3
4904,28,97,1,1,-2294,-2002,-2534,-1770,-18,103,137,2,1,0,20480,4,1,2
4905,28,96,1,0,-2301,-1997,-2527,-1785,103,86,146,-33,0,0,20482,1,3,5
4906,28,94,1,0,-2296,-2000,-2525,-1775,98,82,-26,30,0,0,20486,3,1,4
4907,28,95,1,0,-2307,-1998,-2533,-1783,-41,96,-131,-79,0,0,20474,4,2,3
4908,28,94,1,0,-2295,-1993,-2541,-1773,-110,-79,-89,-70,0,0,20475,4,1,4
4909,28,96,1,0,-2308,-1989,-2541,-1778,41,6,-90,90,0,0,20479,1,3,1
4910,28,95,1,0,-2303,-1998,-2529,-1782,-25,86,78,-90,0,0,20479,4,5,3
4911,28,96,1,0,-2298,-1997,-2527,-1775,44,10,-65,85,0,0,20474,4,5,3
4912,28,98,1,1,-2295,-1991,-2531,-1784,108,-65,-140,-26,0,0,20479,4,3,2
4913,28,97,1,0,-2297,-2002,-2531,-1786,74,96,-141,89,0,0,20484,4,4,3
4914,28,96,1,0,-2299,-2002,-2539,-1786,59,90,148,56,0,0,20478,1,1,2
4915,28,98,1,0,-2311,-1995,-2539,-1774,30,-107,-21,-56,0,0,20474,3,1,1
4916,28,98,1,0,-2307,-1996,-2535,-1777,23,47,117,-21,0,0,20482,3,2,1
4917,28,94,1,0,-2307,-1993,-2530,-1773,-32,101,-136,-13,0,0,20486,3,4,1
4918,28,96,1,0,-2296,-2003,-2535,-1782,-99,-43,-30,28,0,0,20472,1,1,1
4919,28,96,1,0,-2301,-2004,-2526,-1780,34,94,98,89,0,0,20488,3,1,3
4920,28,94,1,1,-2303,-1989,-2530,-1782,-46,-38,-73,-10,0,0,20474,3,1,3
4921,28,94,1,0,-2303,-1989,-2538,-1781,-76,28,109,-44,0,0,20482,3,1,5
4922,28,94,1,0,-2309,-2001,-2528,-1786,4,119,-85,-23,0,0,20479,5,1,5
4923,28,97,1,0,-2304,-1996,-2539,-1780,-70,112,37,-65,0,0,20475,4,5,4
4924,28,95,1,0,-2297,-1991,-2535,-1787,58,110,20,-47,0,0,20472,2,3,2
4925,28,94,1,0,-2311,-2003,-2541,-1773,-36,75,-24,16,0,0,20485,4,3,3
4926,28,96,1,0,-2296,-2002,-2542,-1785,-99,-98,145,-37,1,0,20473,1,2,5
4927,28,97,1,0,-2299,-1997,-2533,-1773,32,-26,136,9,0,0,20476,5,3,5
4928,28,95,1,1,-2312,-1997,-2538,-1779,-37,23,70,39,0,0,20486,3,2,5
4929,28,94,1,0,-2301,-2002,-2533,-1787,-9,67,135,89,0,0,20479,5,5,3
4930,28,94,1,0,-2309,-2003,-2537,-1787,69,-115,-143,-24,0,0,20486,3,2,2
4931,28,96,1,0,-2301,-2001,-2537,-1774,56,-38,15,60,0,0,20478,5,2,4
4932,28,94,1,0,-2301,-1999,-2530,-1780,-86,20,-118,83,0,0,20485,1,1,3
4933,28,94,1,0,-2296,-1989,-2537,-1784,66,-38,112,90,0,0,20478,1,3,3
4934,28,95,1,0,-2300,-1992,-2529,-1782,101,59,-12,23,0,0,20484,2,2,5
4935,28,98,1,0,-2309,-1993,-2542,-1777,-56,117,-64,-39,0,0,20480,5,2,4
4936,28,94,1,1,-2307,-2002,-2540,-1784,-18,112,130,-65,0,0,20474,2,3,5
4937,28,94,1,0,-2300,-1990,-2541,-1777,65,74,113,69,0,0,20481,5,3,3
4938,28,95,1,0,-2299,-1998,-2541,-1787,-53,17,-92,87,0,0,20480,5,2,5
4939,28,97,1,0,-2300,-1998,-2529,-1773,41,-46,-47,-70,0,1,20478,2,1,5
4940,28,97,1,0,-2305,-1990,-2538,-1780,-14,-30,60,60,0,0,20472,4,3,1
4941,28,95,1,0,-2301,-1996,-2529,-1773,19,-81,-95,25,0,0,20473,5,3,3
4942,28,95,1,0,-2305,-1997,-2528,-1780,-43,-103,109,-64,0,0,20486,1,3,4
4943,28,94,1,0,-2307,-1997,-2536,-1786,-108,0,28,64,0,0,20480,5,4,1
4944,28,98,1,1,-2305,-1992,-2536,-1787,-77,96,72,-89,0,0,20474,2,1,1
4945,28,94,1,0,-2303,-2004,-2529,-1784,6,22,-89,-33,0,0,20478,1,5,1
4946,28,94,1,0,-2312,-1998,-2537,-1780,-90,9,-78,-13,0,0,20478,1,1,4
4947,28,97,1,0,-2296,-1989,-2527,-1775,-107,-101,-60,-70,0,0,20483,3,1,3
4948,28,96,1,0,-2301,-2000,-2537,-1780,105,20,-50,-61,0,0,20485,2,4,4
4949,28,97,1,0,-2311,-1995,-2535,-1771,100,-2,-5,24,0,0,20479,2,5,5
4950,28,94,1,0,-2299,-1994,-2533,-1787,6,48,-98,63,0,0,20486,2,5,5
4951,28,98,1,0,-2299,-1990,-2530,-1781,76,-86,-148,-82,0,0,20479,3,1,3
4952,28,97,1,1,-2300,-1994,-2530,-1775,-6,82,-25,-45,0,0,20472,2,1,5
4953,28,96,1,0,-2304,-2002,-2542,-1776,-20,104,32,-71,0,0,20479,1,2,5
4954,28,98,1,0,-2298,-1996,-2538,-1774,106,-114,-88,54,0,0,20479,2,4,1
4955,28,96,1,0,-2305,-2004,-2531,-1780,39,-88,102,52,0,0,20482,3,1,1
4956,28,96,1,0,-2306,-1995,-2540,-1776,113,-23,-95,46,0,0,20475,3,3,2
4957,28,98,1,0,-2305,-1989,-2535,-1775,-40,-8,-86,-56,0,0,20476,2,2,2
4958,28,95,1,0,-2301,-2003,-2527,-1777,29,78,98,-56,0,0,20475,3,2,1
4959,28,94,1,0,-2299,-1992,-2539,-1784,20,94,34,75,0,0,20476,1,4,4
4960,28,96,1,1,-2308,-2004,-2536,-1782,-119,104,-110,27,0,0,20483,5,3,1
4961,28,97,1,0,-2299,-1997,-2533,-1785,-107,8,135,34,0,0,20473,1,3,4
4962,28,94,1,0,-2309,-1989,-2526,-1774,-91,-58,100,-1,0,0,20478,5,1,1
4963,28,94,1,0,-2300,-1992,-2527,-1785,-53,-30,-66,44,1,0,20478,4,3,5
4964,28,95,1,0,-2298,-2003,-2537,-1782,18,-65,-33,-79,0,0,20483,1,1,5
4965,28,95,1,0,-2299,-1999,-2536,-1779,2,-23,114,-70,0,0,20482,1,3,5
4966,28,96,1,0,-2298,-1989,-2536,-1777,52,25,-78,-64,0,0,20483,5,2,5
4967,28,97,1,0,-2297,-2002,-2525,-1770,-60,-91,-10,-78,0,0,20486,5,3,2
4968,28,95,1,1,-2295,-1990,-2530,-1780,-103,46,49,38,0,0,20474,3,2,2
4969,28,94,1,0,-2299,-1993,-2535,-1783,-103,-114,24,-89,0,0,20478,4,4,5
4970,28,98,1,0,-2300,-1998,-2535,-1775,-56,89,40,88,0,0,20481,4,4,1
4971,28,94,1,0,-2303,-1995,-2538,-1779,9,95,-43,-62,0,0,20479,1,5,4
4972,28,94,1,0,-2296,-1995,-2539,-1773,61,-89,-85,18,0,0,20475,4,5,2
4973,28,96,1,0,-2298,-1993,-2535,-1784,20,43,-84,-12,0,0,20476,5,4,5
4974,28,95,1,0,-2302,-1997,-2535,-1780,-47,74,92,-35,0,0,20473,3,5,5
4975,28,96,1,0,-2302,-1997,-2529,-1785,97,84,60,32,0,0,20479,2,2,2
4976,28,96,1,1,-2298,-1987,-2534,-1778,-19,-37,-94,58,0,0,20482,4,3,2
4977,28,95,1,0,-2308,-1987,-2532,-1775,-16,99,-41,-56,0,1,20488,1,5,4
4978,28,94,1,0,-2303,-1999,-2535,-1774,-49,2,94,-25,0,0,20484,5,3,3
4979,28,97,1,0,-2295,-2002,-2524,-1776,-20,-58,-105,-76,0,0,20481,1,2,4
4980,28,98,1,0,-2297,-1989,-2534,-1777,15,-56,97,-82,0,0,20479,5,5,2
4981,28,95,1,0,-2305,-1991,-2536,-1773,-37,-112,-51,-64,0,0,20475,2,5,3
4982,28,97,1,0,-2298,-1995,-2536,-1776,-88,83,-62,-87,0,0,20479,5,1,4
4983,28,97,1,0,-2293,-1995,-2537,-1780,64,-14,-47,19,0,0,20474,2,2,4
4984,28,97,1,1,-2295,-1993,-2536,-1770,-85,-18,126,-60,0,0,20485,1,4,4
4985,28,97,1,0,-2295,-1990,-2529,-1779,-52,-72,62,25,0,0,20480,2,1,2
4986,28,94,1,0,-2295,-1993,-2528,-1774,101,106,-126,-29,0,0,20477,4,2,2
4987,28,98,1,0,-2293,-1989,-2528,-1773,79,25,47,57,0,0,20473,1,4,5
4988,28,98,1,0,-2297,-1990,-2531,-1775,110,-29,-100,-82,0,0,20477,5,4,4
4989,28,96,1,0,-2303,-1996,-2522,-1777,92,-82,-141,-81,0,0,20477,3,1,3
4990,28,95,1,0,-2307,-1991,-2525,-1773,38,23,-48,-57,0,0,20483,2,2,4
4991,28,94,1,0,-2306,-1993,-2522,-1772,-82,64,-60,-57,0,0,20474,1,1,4
4992,28,96,1,1,-2291,-1996,-2528,-1777,-8,45,-15,-55,0,0,20486,4,2,2
4993,28,98,1,0,-2303,-1984,-2530,-1773,108,-48,-143,-39,0,0,20477,5,3,2
4994,28,95,1,0,-2291,-1995,-2532,-1771,-46,-115,139,-71,0,0,20483,5,3,1
4995,28,97,1,0,-2305,-1985,-2521,-1767,-65,-49,-44,-2,0,0,20480,1,2,3
4996,28,94,1,0,-2297,-1999,-2521,-1773,-73,62,-129,18,0,0,20480,2,2,5
4997,28,96,1,0,-2293,-1984,-2527,-1777,-108,-57,-148,-73,0,0,20473,4,1,4
4998,28,97,1,0,-2297,-1992,-2524,-1778,76,112,6,-68,0,0,20483,2,4,2
4999,28,95,1,0,-2300,-1994,-2531,-1773,-71,-25,-79,84,0,0,20478,2,3,2
5000,28,97,1,1,-2300,-1986,-2535,-1766,-54,107,-30,-19,0,0,20483,5,2,2
5001,28,96,1,0,-2296,-1989,-2520,-1772,-92,55,39,-54,0,0,20487,1,5,5
5002,28,98,1,0,-2301,-1987,-2520,-1770,20,-40,123,48,0,0,20474,1,2,2
5003,28,98,1,0,-2294,-1997,-2532,-1767,40,-47,150,16,1,0,20481,4,2,3
5004,28,97,1,0,-2297,-1985,-2527,-1767,13,44,105,55,0,0,20474,3,4,3
5005,28,95,1,0,-2292,-1993,-2531,-1765,-29,30,114,75,0,0,20477,1,4,3
5006,28,98,1,0,-2295,-1981,-2530,-1769,-66,40,98,-14,0,1,20474,4,2,2
5007,28,96,1,0,-2300,-1994,-2524,-1776,23,71,-89,45,0,0,20475,3,5,5
5008,28,97,1,1,-2299,-1991,-2531,-1775,-90,-30,-101,89,0,0,20485,3,5,3
5009,28,96,1,0,-2290,-1982,-2523,-1768,98,23,-118,80,0,0,20479,2,1,1
5010,28,94,1,0,-2303,-1987,-2523,-1766,-102,45,-69,46,0,0,20485,1,2,2
5011,28,94,1,0,-2292,-1994,-2523,-1764,62,42,-74,-59,0,0,20480,2,4,5
5012,28,97,1,0,-2298,-1989,-2517,-1763,58,76,-60,70,0,0,20476,5,4,1
5013,28,97,1,0,-2299,-1985,-2531,-1766,-67,51,-74,27,0,0,20478,3,2,2
5014,28,98,1,0,-2299,-1987,-2521,-1774,-38,-93,44,-74,0,0,20473,3,4,4
5015,28,96,1,0,-2293,-1981,-2532,-1775,5,69,52,5,0,0,20482,5,4,5
5016,28,94,1,1,-2292,-1989,-2530,-1771,-98,104,-39,-14,0,0,20485,3,3,2
5017,28,96,1,0,-2296,-1980,-2528,-1770,96,-89,-33,-84,0,0,20481,4,1,5
5018,28,97,1,0,-2289,-1981,-2518,-1772,114,44,-131,-49,0,0,20482,1,2,2
5019,28,95,1,0,-2285,-1978,-2519,-1776,47,-16,25,23,0,0,20486,5,3,3
5020,28,96,1,0,-2295,-1979,-2519,-1773,103,-97,77,-31,1,0,20483,4,1,1
5021,28,97,1,0,-2290,-1991,-2530,-1766,-40,-1,-127,-39,0,0,20487,3,1,1
5022,28,97,1,0,-2284,-1985,-2527,-1767,45,-100,40,-73,0,0,20479,4,2,5
5023,28,94,1,0,-2292,-1987,-2517,-1767,76,-70,-105,27,0,0,20488,2,1,3
5024,28,96,1,1,-2298,-1978,-2529,-1768,99,98,77,45,0,1,20484,1,3,1
5025,28,97,1,0,-2287,-1981,-2528,-1760,91,-67,109,81,0,0,20486,5,2,1
5026,28,95,1,0,-2297,-1978,-2516,-1770,69,28,-94,-82,0,0,20480,3,4,5
5027,28,94,1,0,-2284,-1988,-2525,-1766,80,114,-83,72,0,0,20486,5,3,1
5028,28,96,1,0,-2285,-1991,-2517,-1773,-56,74,-37,81,0,0,20482,1,1,3
5029,28,97,1,0,-2287,-1984,-2523,-1757,-108,120,-108,76,0,0,20475,2,3,1
5030,28,94,1,0,-2286,-1990,-2519,-1768,6,-32,-83,12,0,0,20488,5,3,1
5031,28,97,1,0,-2287,-1987,-2518,-1769,31,-20,53,15,0,0,20485,3,5,5
5032,28,95,1,1,-2285,-1980,-2518,-1758,13,-103,109,24,0,0,20475,2,2,5
5033,28,96,1,0,-2290,-1986,-2516,-1756,25,78,11,31,0,0,20479,5,4,5
5034,28,98,1,0,-2283,-1981,-2512,-1766,92,-116,-63,90,0,0,20484,5,2,4
5035,28,94,1,0,-2287,-1988,-2517,-1768,-33,-98,65,-86,0,0,20472,1,4,3
5036,28,98,1,0,-2295,-1987,-2518,-1758,-33,83,72,27,0,0,20482,4,2,2
5037,28,98,1,0,-2287,-1983,-2511,-1757,-102,41,-29,1,0,0,20483,5,2,4
5038,28,95,1,0,-2292,-1972,-2510,-1762,14,-87,140,-10,0,0,20481,5,5,4
5039,28,96,1,0,-2286,-1983,-2513,-1769,-88,-16,-110,24,0,0,20480,4,5,3
5040,28,97,1,1,-2286,-1974,-2524,-1759,-24,-43,68,0,0,0,20486,4,1,5
5041,28,98,1,0,-2278,-1981,-2517,-1760,-112,21,5,58,0,0,20478,5,3,4
5042,28,95,1,0,-2288,-1976,-2515,-1758,-40,-96,-140,-45,0,0,20485,5,2,3
5043,28,94,1,0,-2286,-1986,-2513,-1754,33,90,-44,68,0,0,20476,5,4,2
5044,28,98,1,0,-2277,-1980,-2519,-1759,-106,-65,26,-50,0,0,20484,3,5,3
5045,28,96,1,0,-2279,-1978,-2522,-1752,90,-117,-2,-80,0,0,20485,3,4,2
5046,28,95,1,0,-2280,-1969,-2513,-1760,-93,112,45,2,0,0,20476,1,5,2
5047,28,96,1,0,-2276,-1981,-2515,-1763,27,-14,-81,-41,0,0,20484,4,3,4
5048,28,95,1,1,-2276,-1970,-2512,-1764,-118,-110,105,-25,1,0,20477,5,2,5
5049,28,97,1,0,-2288,-1974,-2517,-1754,120,-81,103,79,0,0,20484,2,3,2
5050,28,96,1,0,-2290,-1982,-2506,-1759,-26,-101,-67,10,0,0,20483,4,1,1
5051,28,98,1,0,-2285,-1975,-2518,-1751,-10,95,-120,-49,0,0,20484,5,5,4
5052,28,95,1,0,-2279,-1971,-2515,-1750,-33,105,4,85,0,0,20478,2,1,4
5053,28,98,1,0,-2284,-1977,-2509,-1764,45,105,-138,-20,0,0,20477,4,5,5
5054,28,97,1,0,-2273,-1974,-2519,-1762,-4,-56,-10,-9,0,0,20479,5,4,3
5055,28,94,1,0,-2274,-1980,-2507,-1754,83,38,-120,-83,0,0,20480,3,2,3
5056,28,95,1,1,-2283,-1969,-2509,-1759,83,10,148,82,0,0,20477,1,1,4
5057,28,94,1,0,-2287,-1974,-2506,-1757,-75,57,-12,61,0,0,20482,3,2,3
5058,28,95,1,0,-2273,-1980,-2506,-1754,64,115,99,75,0,0,20481,1,1,1
5059,28,96,1,0,-2279,-1979,-2512,-1758,-76,-47,-125,-68,0,0,20473,2,5,3
5060,28,94,1,0,-2271,-1979,-2511,-1746,59,-111,-44,-25,0,0,20473,4,1,2
5061,28,96,1,0,-2273,-1971,-2505,-1751,57,-81,30,-88,0,1,20474,2,3,2
5062,28,94,1,0,-2279,-1978,-2512,-1749,-117,20,-64,72,0,0,20474,3,4,2
5063,28,97,1,0,-2273,-1978,-2504,-1746,60,-111,-95,-49,0,0,20484,3,1,5
5064,28,97,1,1,-2282,-1964,-2510,-1757,-2,-44,92,-21,0,0,20481,3,4,5
5065,28,94,1,0,-2280,-1965,-2507,-1744,37,-100,-105,-15,0,0,20477,4,3,4
5066,28,96,1,0,-2280,-1976,-2511,-1756,40,-87,-38,-36,0,0,20488,5,4,5
5067,28,94,1,0,-2278,-1967,-2510,-1749,-30,41,57,62,0,0,20474,4,5,3
5068,28,96,1,0,-2278,-1970,-2499,-1754,-32,-45,6,59,0,0,20483,2,5,3
5069,28,98,1,0,-2268,-1962,-2506,-1756,-111,13,-122,14,0,0,20475,1,5,5
5070,28,94,1,0,-2266,-1966,-2510,-1745,25,-101,146,-59,0,0,20484,3,2,2
5071,28,94,1,0,-2272,-1966,-2505,-1753,-68,-68,62,-71,0,0,20473,5,1,4
5072,28,94,1,1,-2277,-1960,-2507,-1744,50,63,138,13,0,0,20482,5,2,3
5073,28,96,1,0,-2279,-1967,-2498,-1752,23,-78,108,57,0,0,20485,4,4,5
5074,28,97,1,0,-2272,-1959,-2500,-1741,72,-4,-21,-32,0,0,20479,3,3,1
5075,28,98,1,0,-2277,-1970,-2503,-1741,-47,34,-33,-39,0,0,20475,2,3,4
5076,28,96,1,0,-2270,-1968,-2495,-1743,18,25,-81,80,1,0,20473,2,2,2
5077,28,94,1,0,-2273,-1962,-2500,-1745,-55,-9,-58,59,0,0,20473,1,1,3
5078,28,96,1,0,-2264,-1957,-2494,-1739,-111,54,101,-10,0,0,20478,5,2,1
5079,28,96,1,0,-2269,-1965,-2496,-1739,-49,5,109,24,0,0,20474,4,3,1
5080,28,95,1,1,-2266,-1958,-2506,-1751,67,-22,-84,65,0,0,20473,1,1,5
5081,28,94,1,0,-2262,-1959,-2507,-1752,112,-76,-79,-14,0,0,20481,1,1,5
5082,28,94,1,0,-2273,-1968,-2506,-1741,116,-94,59,-90,0,1,20482,3,2,4
5083,28,95,1,0,-2272,-1953,-2494,-1737,51,-57,-28,-42,0,0,20488,5,4,1
5084,28,97,1,0,-2274,-1960,-2494,-1750,97,-54,-116,41,0,0,20474,1,5,5
5085,28,95,1,0,-2275,-1963,-2499,-1736,-72,114,-131,-87,0,0,20483,4,4,3
5086,28,97,1,0,-2270,-1966,-2495,-1738,-120,-81,150,23,0,0,20477,1,4,2
5087,28,98,1,0,-2261,-1959,-2494,-1741,-112,-88,144,42,0,0,20488,4,3,4
5088,28,97,1,1,-2261,-1954,-2491,-1737,101,-104,138,17,0,0,20479,3,4,4
5089,28,94,1,0,-2269,-1965,-2494,-1748,-68,-29,-68,56,0,0,20478,1,1,3
5090,28,96,1,0,-2260,-1957,-2495,-1738,-103,-38,148,-23,0,0,20473,5,5,3
5091,28,97,1,0,-2271,-1951,-2502,-1735,113,-63,1,86,0,0,20479,3,3,4
5092,28,97,1,0,-2268,-1952,-2495,-1733,20,83,-34,83,0,0,20472,5,1,2
5093,28,98,1,0,-2269,-1959,-2500,-1744,25,-107,60,-5,0,0,20484,3,4,3
5094,28,95,1,0,-2261,-1960,-2490,-1740,-23,60,103,9,0,0,20474,1,5,1
5095,28,96,1,0,-2254,-1961,-2500,-1739,28,-54,95,32,0,0,20486,4,4,3
5096,28,97,1,1,-2264,-1954,-2485,-1731,-18,-54,39,-24,0,0,20486,5,4,2
5097,28,95,1,0,-2254,-1947,-2492,-1741,-2,56,78,-8,0,0,20473,5,2,5
5098,28,96,1,0,-2257,-1955,-2485,-1738,46,-77,125,-77,0,0,20485,5,4,4
5099,28,96,1,0,-2254,-1957,-2492,-1730,46,-112,-144,75,0,0,20474,1,4,3
5100,28,98,1,0,-2256,-1944,-2491,-1733,-92,-56,30,-61,1,0,20473,1,3,4
5101,28,98,1,0,-2251,-1947,-2493,-1741,45,95,-2,46,0,0,20473,5,3,5
5102,28,96,1,0,-2260,-1945,-2489,-1738,61,52,149,-32,0,0,20477,1,3,1
5103,28,97,1,0,-2250,-1956,-2480,-1734,-36,114,-82,78,0,0,20484,5,5,4
5104,28,96,1,1,-2258,-1944,-2486,-1728,-10,35,146,-79,0,0,20485,1,2,1
5105,28,98,1,0,-2262,-1950,-2489,-1727,-51,-105,9,-19,0,0,20485,5,2,3
5106,28,94,1,0,-2261,-1941,-2478,-1735,-65,21,-92,44,0,0,20479,3,3,1
5107,28,98,1,0,-2249,-1941,-2488,-1729,-111,-19,-60,-29,0,0,20478,4,4,4
5108,28,97,1,0,-2247,-1946,-2478,-1735,-111,-24,75,75,0,0,20481,5,5,1
5109,28,97,1,0,-2260,-1954,-2489,-1734,75,67,133,-4,0,0,20479,3,4,4
5110,28,98,1,0,-2256,-1950,-2478,-1730,66,49,-58,10,0,0,20488,5,2,3
5111,28,95,1,0,-2251,-1942,-2479,-1733,-62,-9,25,16,0,0,20482,1,3,2
5112,28,95,1,1,-2251,-1952,-2490,-1728,-5,-67,-11,-41,0,0,20486,3,5,4
5113,28,94,1,0,-2251,-1944,-2483,-1733,104,85,-68,-77,0,0,20484,4,4,1
5114,28,97,1,0,-2243,-1949,-2474,-1722,7,-13,98,-11,0,0,20485,2,2,2
5115,28,96,1,0,-2243,-1951,-2478,-1718,-107,-118,-139,-44,0,0,20481,2,3,2
5116,28,98,1,0,-2244,-1941,-2486,-1727,6,-33,-70,21,0,0,20474,1,1,1
5117,28,97,1,0,-2252,-1942,-2472,-1724,-114,-82,73,53,0,0,20475,2,5,5
5118,28,97,1,0,-2253,-1946,-2471,-1721,-26,73,40,-67,0,0,20473,5,1,5
5119,28,97,1,0,-2246,-1934,-2481,-1731,-91,108,-109,38,0,0,20484,1,5,2
5120,28,98,1,1,-2250,-1939,-2485,-1718,-91,7,56,67,0,0,20483,1,1,2
5121,28,98,1,0,-2243,-1941,-2474,-1722,-61,-69,-142,27,0,0,20487,3,1,4
5122,28,96,1,0,-2239,-1941,-2481,-1720,-115,-94,-125,-82,0,0,20479,3,3,1
5123,28,94,1,0,-2247,-1934,-2482,-1715,14,-112,-38,31,0,0,20473,4,4,1
5124,28,98,1,0,-2250,-1932,-2478,-1717,-10,-72,12,-49,0,1,20482,2,4,1
5125,28,97,1,0,-2249,-1937,-2481,-1718,-3,90,100,-66,0,0,20481,2,1,5
5126,28,94,1,0,-2246,-1928,-2479,-1717,-34,-23,-62,84,0,0,20474,4,2,2
5127,28,98,1,0,-2247,-1929,-2469,-1718,-85,116,56,-71,0,0,20478,3,4,5
5128,28,96,1,1,-2234,-1934,-2474,-1715,-113,62,72,3,0,0,20476,5,2,2
5129,28,98,1,0,-2245,-1929,-2477,-1713,-92,115,69,61,0,0,20486,3,5,1
5130,28,94,1,0,-2246,-1936,-2475,-1721,-45,75,18,1,0,0,20481,5,3,3
5131,28,95,1,0,-2244,-1933,-2472,-1719,-47,38,35,-67,0,0,20478,5,4,5
5132,29,95,1,0,-2245,-1935,-2465,-1717,75,-88,-106,55,0,0,20487,4,4,1
5133,29,96,1,0,-2234,-1935,-2464,-1714,105,42,-101,2,0,0,20479,5,5,2
5134,29,98,1,0,-2232,-1935,-2467,-1708,8,36,-73,48,0,0,20487,3,4,1
5135,29,95,1,0,-2231,-1929,-2474,-1720,84,-61,-18,-57,0,0,20484,5,1,3
5136,29,95,1,1,-2232,-1922,-2462,-1709,-27,-91,30,72,0,0,20484,4,1,3
5137,29,96,1,0,-2241,-1924,-2473,-1710,-72,68,78,50,0,0,20486,1,5,1
5138,29,97,1,0,-2229,-1924,-2473,-1709,-52,-1,63,-74,0,0,20482,1,1,5
5139,29,97,1,0,-2240,-1931,-2468,-1710,-58,63,116,85,0,0,20473,3,3,4
5140,29,96,1,0,-2242,-1927,-2471,-1713,112,29,93,11,1,0,20472,5,3,4
5141,29,97,1,0,-2240,-1934,-2470,-1710,32,76,149,16,0,0,20477,3,3,2
5142,29,94,1,0,-2226,-1922,-2468,-1704,20,-110,-33,-48,0,0,20482,5,4,5
5143,29,98,1,0,-2225,-1929,-2458,-1699,-117,-84,-33,-60,0,1,20475,4,5,4
5144,29,96,1,1,-2239,-1932,-2454,-1710,36,34,-140,-75,0,0,20485,4,5,1
5145,29,95,1,0,-2229,-1927,-2456,-1706,29,26,-6,31,0,0,20478,1,4,3
5146,29,94,1,0,-2235,-1920,-2467,-1709,78,30,-4,-22,0,0,20488,1,2,2
5147,29,98,1,0,-2224,-1926,-2453,-1704,-11,-39,103,-66,0,0,20480,1,1,4
5148,29,98,1,0,-2232,-1919,-2465,-1702,19,-118,-61,76,0,0,20483,3,1,1
5149,29,97,1,0,-2225,-1917,-2461,-1704,34,87,44,81,0,0,20482,4,5,2
5150,29,95,1,0,-2219,-1915,-2460,-1700,110,-116,-80,32,0,0,20472,4,1,3
5151,29,95,1,0,-2233,-1918,-2451,-1695,71,74,108,60,0,0,20476,4,3,1
5152,29,96,1,1,-2231,-1918,-2455,-1703,-101,-55,82,-21,0,0,20487,2,2,2
5153,29,97,1,0,-2226,-1920,-2450,-1705,-59,28,13,63,0,0,20478,3,5,1
5154,29,95,1,0,-2220,-1912,-2457,-1698,-35,-46,-93,-34,0,0,20477,1,5,3
5155,29,96,1,0,-2223,-1920,-2455,-1702,-5,-118,-7,57,0,0,20488,5,2,2
5156,29,97,1,0,-2224,-1908,-2448,-1703,-76,75,34,-4,0,0,20485,3,5,2
5157,29,98,1,0,-2218,-1920,-2451,-1705,-87,25,-74,-12,0,0,20472,5,2,4
5158,29,97,1,0,-2217,-1914,-2453,-1692,-18,2,29,-1,0,0,20475,5,1,3
5159,29,98,1,0,-2215,-1918,-2453,-1692,-77,-29,39,-51,0,0,20485,1,3,3
5160,29,95,1,1,-2219,-1908,-2451,-1699,19,-94,98,38,1,0,20488,4,3,5
5161,29,98,1,0,-2226,-1913,-2453,-1700,21,-99,98,64,0,0,20479,5,4,2
5162,29,95,1,0,-2214,-1915,-2446,-1698,-14,120,-66,26,0,0,20473,2,5,4
5163,29,97,1,0,-2225,-1909,-2451,-1685,23,66,119,-60,0,0,20487,3,2,3
5164,29,94,1,0,-2213,-1909,-2444,-1699,56,-69,40,27,0,0,20485,3,2,2
5165,29,97,1,0,-2209,-1910,-2447,-1687,-3,-65,-18,-67,0,0,20488,1,2,1
5166,29,94,1,0,-2207,-1913,-2450,-1684,16,-114,126,-19,0,0,20485,5,5,2
5167,29,97,1,0,-2209,-1908,-2444,-1696,82,-98,-122,-79,0,0,20481,2,5,1
5168,29,95,1,1,-2215,-1906,-2436,-1687,-10,90,-99,89,0,0,20476,4,2,2
5169,29,97,1,0,-2211,-1903,-2451,-1693,41,109,11,10,0,0,20477,4,5,3
5170,29,97,1,0,-2219,-1899,-2436,-1691,92,-64,69,76,0,0,20476,1,1,1
5171,29,97,1,0,-2210,-1909,-2445,-1691,73,43,-121,-60,0,0,20482,5,5,1
5172,29,96,1,0,-2208,-1895,-2441,-1678,87,21,-86,21,0,0,20476,4,2,1
5173,29,98,1,0,-2208,-1906,-2432,-1692,61,100,142,-83,0,0,20487,3,4,3
5174,29,95,1,0,-2214,-1909,-2434,-1684,-66,-112,-47,-47,0,0,20472,3,1,3
5175,29,94,1,0,-2208,-1893,-2433,-1686,-110,86,-27,-36,0,0,20484,3,4,4
5176,29,98,1,1,-2215,-1895,-2435,-1683,82,30,83,75,0,0,20480,4,2,2
5177,29,95,1,0,-2213,-1907,-2437,-1681,105,-87,75,42,0,0,20478,4,3,2
5178,29,94,1,0,-2198,-1901,-2443,-1687,69,70,-47,-80,0,0,20473,4,1,4
5179,29,98,1,0,-2203,-1892,-2443,-1685,6,-33,52,81,0,1,20481,4,3,1
5180,29,95,1,0,-2196,-1893,-2430,-1684,23,-102,-76,-73,0,0,20487,4,4,3
5181,29,96,1,0,-2203,-1898,-2431,-1684,12,115,-131,17,0,0,20474,2,5,5
5182,29,97,1,0,-2198,-1892,-2434,-1675,-62,-60,-36,-70,0,0,20482,1,2,3
5183,29,98,1,0,-2209,-1888,-2429,-1670,-1,44,95,9,0,0,20487,4,1,4
5184,29,94,1,1,-2208,-1889,-2431,-1673,28,10,73,14,0,0,20486,2,2,2
5185,29,96,1,0,-2192,-1894,-2427,-1673,-73,63,-2,57,0,0,20475,1,1,1
5186,29,96,1,0,-2196,-1886,-2428,-1671,-71,65,147,49,0,0,20485,3,3,5
5187,29,94,1,0,-2191,-1892,-2431,-1665,19,42,19,-64,0,0,20478,3,1,4
5188,29,94,1,0,-2197,-1890,-2434,-1675,0,-105,66,83,0,0,20482,3,3,4
5189,29,98,1,0,-2203,-1884,-2432,-1678,6,115,142,-11,0,0,20481,4,1,1
5190,29,98,1,0,-2200,-1892,-2423,-1678,-118,-9,-77,22,0,0,20485,5,3,3
5191,29,98,1,0,-2200,-1890,-2426,-1667,102,83,49,-40,0,0,20480,3,3,5
5192,29,94,1,1,-2192,-1882,-2426,-1671,91,89,-14,38,0,0,20476,5,3,5
5193,29,94,1,0,-2188,-1879,-2417,-1660,10,62,-141,13,0,0,20473,3,4,5
5194,29,94,1,0,-2192,-1885,-2416,-1666,90,-8,-126,-21,0,0,20478,4,2,2
5195,29,97,1,0,-2197,-1882,-2416,-1661,73,109,110,-29,0,0,20476,5,4,5
5196,29,98,1,0,-2196,-1887,-2428,-1665,58,82,117,49,0,0,20472,1,4,4
5197,29,94,1,0,-2189,-1878,-2423,-1669,-75,-17,-60,58,0,0,20488,2,5,3
5198,29,97,1,0,-2196,-1880,-2426,-1658,-94,26,-4,61,0,0,20477,3,4,1
5199,29,97,1,0,-2186,-1874,-2418,-1664,-113,118,148,-59,0,0,20478,5,2,4
5200,29,98,1,1,-2193,-1873,-2417,-1667,59,119,35,-37,0,0,20472,4,4,1
5201,29,94,1,0,-2191,-1876,-2412,-1658,-7,-87,84,-86,0,0,20475,1,1,5
5202,29,98,1,0,-2192,-1871,-2418,-1661,-36,68,96,61,0,0,20477,5,1,2
5203,29,95,1,0,-2177,-1877,-2412,-1662,29,-99,69,-19,0,0,20482,4,4,5
5204,29,96,1,0,-2185,-1882,-2418,-1658,-62,-97,-27,58,0,0,20473,3,2,1
5205,29,96,1,0,-2178,-1867,-2415,-1661,-56,31,52,66,0,0,20479,5,3,1
5206,29,95,1,0,-2186,-1869,-2404,-1663,-12,-33,142,-55,0,0,20483,5,1,1
5207,29,96,1,0,-2181,-1881,-2411,-1652,91,-73,59,-20,0,0,20472,2,3,3
5208,29,97,1,1,-2184,-1878,-2407,-1647,-36,3,-23,-45,1,0,20481,4,4,4
5209,29,98,1,0,-2177,-1866,-2415,-1657,-35,79,130,-16,0,0,20484,3,2,4
5210,29,96,1,0,-2172,-1864,-2403,-1658,-105,40,-44,28,0,0,20475,4,4,4
5211,29,96,1,0,-2176,-1872,-2408,-1645,111,24,123,86,0,1,20487,3,2,5
5212,29,94,1,0,-2183,-1863,-2412,-1655,96,-61,138,-4,0,0,20487,1,2,2
5213,29,94,1,0,-2173,-1874,-2404,-1647,-46,46,8,-86,0,0,20483,1,5,3
5214,29,96,1,0,-2169,-1873,-2408,-1657,-25,33,-60,59,0,0,20484,5,2,5
5215,29,96,1,0,-2179,-1867,-2407,-1643,-1,36,70,9,0,0,20479,2,4,1
5216,29,95,1,1,-2167,-1868,-2404,-1644,-112,-31,-70,-83,0,0,20478,1,5,4
5217,29,97,1,0,-2177,-1868,-2403,-1654,-32,-113,61,-59,0,0,20484,5,4,3
5218,29,98,1,0,-2178,-1863,-2396,-1637,69,-17,-135,-50,0,0,20480,1,2,3
5219,29,97,1,0,-2173,-1860,-2404,-1651,80,-13,-119,-88,0,0,20474,3,3,1
5220,29,94,1,0,-2169,-1862,-2405,-1651,41,-16,146,16,0,0,20480,5,1,2
5221,29,95,1,0,-2168,-1853,-2403,-1649,-53,-118,-81,53,0,0,20475,5,4,4
5222,29,97,1,0,-2171,-1851,-2391,-1649,46,-8,-94,36,0,0,20479,5,5,5
5223,29,96,1,0,-2168,-1859,-2393,-1647,-66,-93,-40,-14,0,0,20478,4,2,4
5224,29,94,1,1,-2167,-1862,-2393,-1634,-90,34,-8,31,1,0,20476,2,2,1
5225,29,97,1,0,-2166,-1848,-2387,-1646,18,-87,131,-24,0,0,20486,4,5,4
5226,29,97,1,0,-2155,-1856,-2396,-1639,-59,77,-107,-85,0,0,20478,3,4,4
5227,29,98,1,0,-2161,-1850,-2395,-1629,-68,93,118,34,0,0,20477,4,5,2
5228,29,98,1,0,-2167,-1854,-2396,-1643,-78,-51,115,-2,0,0,20484,1,4,1
5229,29,94,1,0,-2163,-1856,-2394,-1637,-101,-88,41,-71,0,0,20485,1,5,5
5230,29,98,1,0,-2157,-1857,-2396,-1633,-54,-82,-55,-76,0,0,20485,5,5,2
5231,29,98,1,0,-2151,-1848,-2384,-1635,-37,87,94,38,0,0,20475,5,5,4
5232,29,97,1,1,-2164,-1857,-2380,-1638,-92,-79,82,-21,0,0,20477,2,1,5
5233,29,94,1,0,-2160,-1847,-2382,-1634,-86,14,-44,-73,0,0,20488,1,3,4
5234,29,94,1,0,-2159,-1842,-2389,-1622,-18,-118,87,19,0,0,20481,4,2,1
5235,29,97,1,0,-2147,-1840,-2376,-1631,74,87,142,-77,0,0,20488,2,4,2
5236,29,94,1,0,-2148,-1843,-2379,-1630,73,52,-79,44,0,0,20481,4,4,2
5237,29,96,1,0,-2154,-1850,-2375,-1620,2,-25,146,7,0,1,20488,1,5,1
5238,29,94,1,0,-2157,-1839,-2377,-1625,-52,82,139,-28,0,0,20478,2,1,5
5239,29,98,1,0,-2145,-1843,-2387,-1631,40,-3,-69,53,0,0,20486,2,3,4
5240,29,94,1,1,-2147,-1838,-2381,-1623,114,22,-70,-81,0,0,20486,3,1,1
5241,29,94,1,0,-2140,-1834,-2380,-1620,-45,99,-68,8,0,0,20483,2,1,5
5242,29,96,1,0,-2145,-1844,-2371,-1624,23,-93,-119,-87,0,0,20483,1,4,2
5243,29,97,1,0,-2144,-1844,-2379,-1622,-85,54,-104,44,0,0,20484,2,3,1
5244,29,98,1,0,-2151,-1839,-2380,-1621,-37,-119,-83,-36,0,0,20482,4,3,1
5245,29,95,1,0,-2146,-1835,-2377,-1612,-80,-22,-105,-49,0,0,20475,2,5,4
5246,29,94,1,0,-2141,-1830,-2367,-1625,105,-53,-67,-41,0,0,20481,1,5,4
5247,29,95,1,0,-2149,-1830,-2370,-1612,58,3,15,-57,0,0,20488,5,2,3
5248,29,95,1,1,-2134,-1828,-2378,-1616,97,-75,-109,-7,0,0,20478,4,3,4
5249,29,94,1,0,-2141,-1833,-2374,-1614,-65,-74,48,65,0,0,20481,3,3,4
5250,29,97,1,0,-2137,-1836,-2362,-1605,-59,39,-88,-77,0,0,20482,4,2,4
5251,29,95,1,0,-2132,-1835,-2367,-1607,-23,-109,24,-74,0,0,20480,1,4,2
5252,29,96,1,0,-2128,-1835,-2362,-1605,-68,120,-25,3,0,0,20481,4,4,1
5253,29,98,1,0,-2133,-1830,-2371,-1614,12,51,28,-84,0,0,20475,4,3,2
5254,29,96,1,0,-2135,-1823,-2367,-1602,22,-89,-107,66,0,0,20479,3,4,1
5255,29,97,1,0,-2126,-1820,-2371,-1606,-120,14,-88,8,0,0,20488,2,3,1
5256,29,97,1,1,-2135,-1828,-2359,-1607,-86,11,71,80,0,0,20486,1,4,4
5257,29,97,1,0,-2129,-1818,-2367,-1607,-115,-92,64,65,0,0,20478,3,4,2
5258,29,95,1,0,-2131,-1828,-2365,-1603,-12,-14,115,-68,0,0,20475,1,3,2
5259,29,96,1,0,-2133,-1827,-2352,-1596,101,111,103,77,0,0,20487,4,5,2
5260,29,94,1,0,-2123,-1824,-2361,-1609,-79,23,45,-15,1,0,20483,3,2,2
5261,29,97,1,0,-2121,-1827,-2364,-1603,79,-113,-42,-10,0,0,20481,3,5,5
5262,29,94,1,0,-2129,-1819,-2348,-1592,78,-29,9,26,0,0,20475,1,4,2
5263,29,97,1,0,-2126,-1809,-2361,-1595,88,-32,-122,-7,0,0,20481,4,5,4
5264,29,96,1,1,-2125,-1812,-2361,-1604,-70,-29,-15,-90,0,0,20481,4,2,2
5265,29,98,1,0,-2129,-1808,-2346,-1602,-4,-31,-123,48,0,0,20480,5,3,3
5266,29,95,1,0,-2122,-1812,-2347,-1598,30,115,51,61,0,0,20477,4,5,2
5267,29,98,1,0,-2114,-1807,-2349,-1590,-27,36,133,87,0,0,20488,2,5,4
5268,29,98,1,0,-2126,-1803,-2354,-1592,-55,75,-100,-34,0,0,20472,3,5,5
5269,29,95,1,0,-2113,-1818,-2349,-1592,-51,25,110,-63,0,0,20488,5,2,5
5270,29,94,1,0,-2124,-1817,-2349,-1598,48,-30,-146,12,0,0,20480,5,2,3
5271,29,96,1,0,-2119,-1804,-2343,-1582,78,80,-31,-27,0,0,20476,4,3,1
5272,29,95,1,1,-2113,-1812,-2352,-1590,-65,-79,66,63,0,0,20477,5,4,1
5273,29,94,1,0,-2119,-1813,-2341,-1592,-35,-1,92,-8,0,0,20482,4,1,5
5274,30,97,1,0,-2119,-1802,-2347,-1591,35,-53,88,-46,0,1,20487,4,2,4
5275,30,96,1,0,-2108,-1807,-2346,-1589,77,-107,128,-33,0,0,20482,3,2,3
5276,30,97,1,0,-2116,-1807,-2337,-1588,118,-84,-138,-64,0,0,20486,2,5,1
5277,30,96,1,0,-2108,-1805,-2340,-1581,94,118,113,-40,0,0,20484,3,3,3
5278,30,94,1,0,-2107,-1808,-2340,-1580,-116,-27,-89,30,0,0,20485,1,3,5
5279,30,96,1,0,-2098,-1800,-2331,-1585,103,17,-49,20,0,0,20487,1,1,3
5280,30,95,1,1,-2097,-1803,-2338,-1586,48,80,98,-40,0,0,20484,1,4,4
5281,30,94,1,0,-2111,-1796,-2335,-1572,43,-72,117,-66,0,0,20479,5,3,2
5282,30,96,1,0,-2106,-1789,-2325,-1580,60,-90,65,84,0,0,20479,5,4,4
5283,30,97,1,0,-2094,-1786,-2337,-1574,-39,100,114,18,0,0,20487,2,1,2
5284,30,98,1,0,-2104,-1797,-2327,-1573,-1,30,132,-30,0,0,20475,5,1,5
5285,30,97,1,0,-2094,-1799,-2323,-1572,-118,-13,28,-41,1,0,20480,3,3,3
5286,30,97,1,0,-2100,-1798,-2326,-1574,-98,89,70,55,0,0,20480,5,2,3
5287,30,97,1,0,-2100,-1784,-2321,-1579,82,-60,-32,-55,0,0,20478,2,4,2
5288,30,95,1,1,-2101,-1793,-2325,-1572,26,8,133,17,0,0,20482,4,3,1
5289,30,95,1,0,-2096,-1779,-2321,-1563,-1,-109,106,-14,0,1,20478,2,5,4
5290,30,98,1,0,-2096,-1783,-2321,-1567,-93,-32,-18,-1,0,0,20478,2,5,5
5291,30,98,1,0,-2087,-1787,-2320,-1559,-80,-9,-136,64,0,0,20473,2,4,3
5292,30,98,1,0,-2095,-1787,-2329,-1565,-47,-71,-150,-25,0,0,20477,4,2,3
5293,30,94,1,0,-2083,-1782,-2325,-1561,41,20,-22,71,0,0,20478,3,3,3
5294,30,95,1,0,-2087,-1781,-2324,-1563,47,96,100,-10,0,0,20479,2,3,5
5295,30,95,1,0,-2088,-1788,-2316,-1570,-54,53,-139,51,0,0,20483,4,5,4
5296,30,97,1,1,-2088,-1771,-2323,-1566,39,-32,-111,49,0,0,20479,3,4,2
5297,30,95,1,0,-2080,-1783,-2309,-1561,38,11,-41,69,0,0,20488,5,1,3
5298,30,98,1,0,-2076,-1781,-2313,-1552,109,73,-108,-68,0,0,20488,4,4,5
5299,30,94,1,0,-2087,-1767,-2306,-1556,-3,-109,105,35,0,0,20473,1,3,1
5300,30,95,1,0,-2080,-1779,-2317,-1555,47,-57,96,24,0,0,20480,5,2,5
5301,30,98,1,0,-2073,-1779,-2304,-1547,-3,92,-91,70,0,0,20476,1,1,5
5302,30,94,1,0,-2085,-1764,-2303,-1553,18,32,115,16,0,0,20472,1,5,4
5303,30,94,1,0,-2080,-1773,-2303,-1555,106,82,78,78,0,0,20472,2,3,1
5304,30,94,1,1,-2070,-1765,-2314,-1553,-44,-95,-50,-37,0,0,20483,1,4,2
5305,30,97,1,0,-2067,-1775,-2309,-1555,70,-118,145,25,0,0,20481,5,5,2
5306,30,98,1,0,-2066,-1767,-2309,-1549,4,6,91,-52,0,0,20484,3,1,2
5307,30,94,1,0,-2071,-1764,-2298,-1554,-39,-85,120,16,0,0,20473,1,1,5
5308,30,94,1,0,-2070,-1758,-2304,-1553,-2,-97,-68,44,0,0,20475,3,4,3
5309,30,97,1,0,-2065,-1770,-2299,-1552,-20,-4,54,64,0,0,20483,5,4,3
5310,30,97,1,0,-2061,-1762,-2302,-1544,-64,-28,71,26,0,0,20472,1,3,3
5311,30,95,1,0,-2071,-1753,-2294,-1541,-54,73,-72,59,0,0,20484,5,2,3
5312,30,94,1,1,-2074,-1756,-2297,-1544,92,-59,-50,-76,0,0,20478,4,1,5
5313,30,96,1,0,-2068,-1762,-2303,-1538,-81,97,-34,-32,0,0,20487,4,3,3
5314,30,95,1,0,-2069,-1760,-2288,-1536,-17,17,-39,-35,0,0,20477,2,4,3
5315,30,96,1,0,-2068,-1762,-2292,-1536,21,2,-27,-75,0,0,20479,5,1,5
5316,30,94,1,0,-2056,-1758,-2299,-1544,-111,108,40,-37,0,0,20481,5,5,2
5317,30,96,1,0,-2056,-1749,-2289,-1529,-90,74,-141,48,0,0,20482,2,5,4
5318,30,96,1,0,-2063,-1757,-2297,-1531,116,41,84,0,0,0,20475,2,5,3
5319,30,97,1,0,-2060,-1751,-2283,-1525,-111,-30,-81,39,0,0,20485,3,4,5
5320,30,95,1,1,-2059,-1749,-2294,-1533,9,-96,65,6,0,0,20488,2,3,5
5321,30,95,1,0,-2054,-1741,-2284,-1531,-75,55,86,55,0,0,20486,4,3,1
5322,30,97,1,0,-2047,-1741,-2285,-1526,17,-86,-12,-24,0,0,20481,5,1,1
5323,30,95,1,0,-2052,-1750,-2276,-1521,65,-4,-76,-26,0,0,20482,3,5,1
5324,30,95,1,0,-2054,-1739,-2280,-1533,47,-19,-51,-38,0,0,20477,2,4,2
5325,30,95,1,0,-2043,-1742,-2280,-1520,72,-69,45,-20,1,0,20479,2,4,1
5326,30,97,1,0,-2055,-1739,-2283,-1529,36,-6,-116,-18,0,0,20480,2,1,2
5327,30,94,1,0,-2053,-1733,-2279,-1527,-21,116,17,-6,0,1,20482,4,4,1
5328,30,98,1,1,-2042,-1733,-2280,-1518,34,-21,37,-38,0,0,20478,1,2,1
5329,30,97,1,0,-2051,-1731,-2276,-1518,-70,-59,-95,-71,0,0,20472,2,1,2
5330,30,94,1,0,-2038,-1744,-2275,-1517,-24,96,-128,-21,0,0,20480,4,1,1
5331,30,94,1,0,-2038,-1738,-2276,-1516,56,-116,-123,58,0,0,20472,3,4,1
5332,30,98,1,0,-2041,-1736,-2270,-1522,-12,84,9,-14,0,0,20479,2,3,2
5333,30,96,1,0,-2034,-1735,-2263,-1511,-2,29,118,-19,0,0,20477,4,5,5
5334,30,97,1,0,-2035,-1724,-2276,-1509,15,37,-6,-51,0,0,20473,3,3,2
5335,30,98,1,0,-2039,-1724,-2268,-1510,101,-44,-144,78,0,0,20482,5,1,3
5336,30,98,1,1,-2034,-1724,-2264,-1507,-102,-27,-115,71,0,0,20482,3,3,3
5337,30,98,1,0,-2028,-1719,-2268,-1503,-58,-116,-149,50,0,0,20475,4,5,5
5338,30,96,1,0,-2039,-1718,-2266,-1515,67,-34,15,36,0,0,20488,5,2,3
5339,30,95,1,0,-2034,-1728,-2257,-1500,-89,4,22,-77,0,0,20488,3,2,5
5340,30,94,1,0,-2029,-1718,-2264,-1509,115,101,-97,-79,0,0,20476,4,3,2
5341,30,96,1,0,-2021,-1716,-2267,-1502,47,73,-113,-31,0,0,20480,3,3,4
5342,30,97,1,0,-2035,-1728,-2258,-1497,43,26,58,85,0,0,20484,5,1,4
5343,30,96,1,0,-2021,-1714,-2255,-1500,-20,-77,12,49,0,0,20483,2,4,2
5344,30,98,1,1,-2032,-1715,-2247,-1507,-41,21,56,-51,0,0,20478,2,5,3
5345,30,97,1,0,-2018,-1716,-2251,-1497,68,44,31,75,0,0,20484,1,1,4
5346,30,98,1,0,-2026,-1715,-2255,-1497,81,6,40,20,0,0,20481,3,3,5
5347,30,98,1,0,-2027,-1713,-2244,-1502,51,-3,68,39,1,0,20488,2,5,1
5348,30,98,1,0,-2022,-1718,-2257,-1493,-44,-58,41,-79,0,0,20488,2,5,4
5349,30,96,1,0,-2018,-1704,-2244,-1485,-72,-63,22,73,0,0,20481,5,4,3
5350,30,98,1,0,-2011,-1714,-2244,-1488,-38,-48,-61,78,0,0,20472,2,2,5
5351,30,97,1,0,-2021,-1703,-2245,-1494,-110,-86,112,-22,0,0,20474,1,1,3
5352,30,95,1,1,-2012,-1700,-2238,-1481,-55,-111,24,85,0,0,20480,2,3,3
5353,30,97,1,0,-2010,-1709,-2239,-1487,-116,85,143,-17,0,0,20481,1,3,2
5354,30,97,1,0,-2007,-1705,-2246,-1483,-83,-116,102,-73,0,0,20472,5,2,1
5355,30,97,1,0,-2015,-1707,-2237,-1480,52,-108,-150,-10,0,0,20484,3,2,5
5356,30,94,1,0,-2013,-1696,-2242,-1490,22,-4,-78,-43,0,0,20478,3,2,3
5357,30,98,1,0,-2010,-1707,-2245,-1475,-43,-35,-43,-29,0,0,20483,3,3,1
5358,30,95,1,0,-2013,-1699,-2243,-1484,-81,33,71,75,0,0,20478,4,1,3
5359,30,96,1,0,-2010,-1704,-2236,-1483,45,-64,34,69,0,0,20487,5,5,4
5360,30,94,1,1,-1997,-1693,-2230,-1476,-16,105,1,-77,0,1,20483,3,5,4
5361,30,96,1,0,-2009,-1700,-2235,-1475,-24,-84,-115,-51,0,0,20485,3,3,5
5362,30,98,1,0,-2006,-1696,-2229,-1474,-93,81,-96,63,0,0,20480,5,3,3
5363,30,94,1,0,-2006,-1688,-2230,-1475,-78,62,-123,25,0,0,20482,5,1,4
5364,30,95,1,0,-1989,-1683,-2234,-1480,-82,39,68,-80,0,0,20486,2,1,1
5365,30,96,1,0,-1998,-1696,-2225,-1476,-102,21,-5,68,0,0,20479,4,5,3
5366,30,94,1,0,-2002,-1693,-2221,-1468,99,-108,-35,-70,0,0,20487,4,5,4
5367,30,94,1,0,-1999,-1689,-2215,-1461,45,27,129,-38,0,0,20472,4,3,3
5368,30,96,1,1,-1986,-1679,-2219,-1461,-30,-41,21,63,0,0,20476,2,1,3
5369,30,94,1,0,-1986,-1690,-2218,-1473,-4,-88,-70,-89,0,0,20487,5,1,1
5370,30,97,1,0,-1982,-1675,-2224,-1463,76,-106,-98,39,0,0,20482,4,1,4
5371,30,97,1,0,-1992,-1686,-2221,-1470,-109,80,80,48,0,0,20478,5,1,2
5372,30,94,1,0,-1979,-1674,-2216,-1462,-38,116,63,-80,0,0,20473,5,4,2
5373,31,96,1,0,-1988,-1682,-2217,-1458,-44,-39,95,9,0,0,20475,5,3,2
5374,31,96,1,0,-1977,-1668,-2218,-1450,109,-100,-112,39,0,0,20473,4,4,5
5375,31,94,1,0,-1980,-1669,-2205,-1455,116,120,75,65,0,0,20474,5,2,4
5376,31,95,1,1,-1980,-1665,-2209,-1455,65,67,-136,-37,0,0,20482,4,1,3
5377,31,97,1,0,-1977,-1667,-2205,-1460,113,-61,-108,-43,0,0,20478,3,2,2
5378,31,95,1,0,-1979,-1672,-2203,-1444,18,-46,-145,59,0,0,20487,1,3,4
5379,31,96,1,0,-1969,-1667,-2209,-1454,-113,40,-124,74,0,0,20477,1,5,5
5380,31,97,1,0,-1978,-1661,-2196,-1441,68,-31,44,-52,0,0,20472,5,3,2
5381,31,96,1,0,-1980,-1669,-2207,-1448,75,-47,91,-5,0,0,20476,1,3,3
5382,31,98,1,0,-1979,-1660,-2208,-1450,-14,89,117,-24,0,0,20476,1,5,4
5383,31,94,1,0,-1977,-1660,-2196,-1437,-3,-57,-118,54,0,0,20476,5,5,4
5384,31,95,1,1,-1960,-1653,-2197,-1447,-95,-34,88,-10,0,0,20477,4,2,1
5385,31,98,1,0,-1960,-1652,-2204,-1440,-24,-5,-48,80,0,0,20486,1,2,3
5386,31,96,1,0,-1962,-1664,-2199,-1447,-87,-10,-99,-54,0,0,20483,4,1,2
5387,31,97,1,0,-1966,-1663,-2191,-1441,-59,-7,103,26,0,0,20474,1,5,2
5388,31,96,1,0,-1956,-1657,-2189,-1435,-25,-94,-139,42,0,0,20485,1,4,2
5389,31,95,1,0,-1966,-1658,-2186,-1436,29,-34,-43,-79,0,0,20478,4,2,5
5390,31,98,1,0,-1954,-1650,-2197,-1426,-11,117,-129,-17,0,0,20486,4,5,4
5391,31,98,1,0,-1961,-1644,-2196,-1434,-107,34,71,42,1,0,20478,5,3,1
5392,31,97,1,1,-1957,-1646,-2185,-1432,-26,62,-98,2,0,0,20482,2,3,4
5393,31,97,1,0,-1960,-1645,-2178,-1432,-107,-40,124,-46,0,0,20488,4,5,1
5394,31,98,1,0,-1952,-1647,-2187,-1424,-3,-19,99,33,0,1,20487,2,5,5
5395,31,94,1,0,-1948,-1652,-2186,-1424,-32,13,101,-43,0,0,20488,4,2,2
5396,31,94,1,0,-1944,-1648,-2187,-1420,-17,-74,23,-21,0,0,20478,3,5,3
5397,31,98,1,0,-1942,-1641,-2174,-1416,-55,-115,11,36,0,0,20474,2,5,2
5398,31,98,1,0,-1951,-1633,-2172,-1416,-21,37,148,-15,0,0,20472,3,2,4
5399,31,94,1,0,-1947,-1631,-2173,-1426,-91,67,38,26,0,0,20477,3,3,5
5400,31,96,1,1,-1943,-1641,-2169,-1419,77,89,-105,77,0,0,20479,3,5,5
5401,31,97,1,0,-1940,-1635,-2168,-1425,51,-5,-71,-84,0,0,20488,1,5,4
5402,31,97,1,0,-1938,-1637,-2174,-1420,26,100,15,-62,0,0,20472,4,1,2
5403,31,98,1,0,-1946,-1630,-2172,-1407,3,-35,-45,21,0,0,20473,5,1,5
5404,31,97,1,0,-1943,-1633,-2171,-1408,-113,-83,114,-84,0,0,20473,1,4,5
5405,31,97,1,0,-1934,-1621,-2164,-1417,-82,-78,119,85,0,0,20483,4,2,1
5406,31,97,1,0,-1935,-1635,-2160,-1405,30,-94,87,28,0,0,20483,4,4,2
5407,31,95,1,0,-1941,-1630,-2164,-1412,76,2,100,-5,0,0,20485,3,5,3
5408,31,94,1,1,-1934,-1624,-2162,-1409,65,-50,129,6,0,0,20485,4,5,4
5409,31,96,1,0,-1933,-1616,-2162,-1400,-51,-19,-122,77,0,0,20486,5,2,5
5410,31,95,1,0,-1925,-1620,-2154,-1396,86,-36,-133,49,0,0,20481,5,1,4
5411,31,96,1,0,-1932,-1625,-2150,-1405,37,116,-98,50,0,0,20485,1,5,4
5412,31,96,1,0,-1933,-1617,-2157,-1404,-42,-3,80,36,0,0,20478,4,1,1
5413,31,95,1,0,-1925,-1619,-2158,-1398,71,-118,-75,-7,0,0,20488,1,5,3
5414,31,96,1,0,-1929,-1615,-2159,-1399,16,23,-3,-28,0,0,20487,3,5,3
5415,31,96,1,0,-1919,-1608,-2148,-1398,-83,56,-37,70,0,0,20474,3,5,5
5416,31,95,1,1,-1920,-1613,-2155,-1397,56,12,143,51,0,0,20481,3,3,3
5417,31,96,1,0,-1918,-1606,-2144,-1390,-62,68,-103,31,0,0,20480,1,1,2
5418,31,97,1,0,-1924,-1610,-2153,-1389,-90,72,-96,-36,1,0,20487,2,2,2
5419,31,97,1,0,-1907,-1610,-2150,-1396,112,0,-19,31,0,1,20485,2,2,5
5420,31,96,1,0,-1915,-1612,-2150,-1389,120,113,117,-62,0,0,20480,4,3,4
5421,31,94,1,0,-1918,-1610,-2144,-1384,3,66,15,-79,0,0,20487,3,1,5
5422,31,98,1,0,-1903,-1608,-2137,-1380,-61,-1,18,42,0,0,20474,3,1,4
5423,31,97,1,0,-1907,-1600,-2144,-1381,23,-46,22,-33,0,0,20476,3,2,5
5424,31,98,1,1,-1913,-1598,-2138,-1389,92,-53,-116,-15,0,0,20486,5,5,4
5425,31,94,1,0,-1901,-1598,-2133,-1388,77,87,72,38,0,0,20473,1,5,2
5426,31,96,1,0,-1911,-1595,-2140,-1378,-76,-81,-36,-81,0,0,20478,5,5,3
5427,31,95,1,0,-1896,-1588,-2127,-1383,-29,20,-88,-50,0,0,20486,4,4,2
5428,31,94,1,0,-1894,-1593,-2132,-1375,42,63,130,-24,0,0,20484,3,2,3
5429,31,95,1,0,-1896,-1587,-2124,-1379,58,-34,121,62,0,0,20481,4,4,3
5430,31,98,1,0,-1895,-1583,-2123,-1378,-69,-30,97,88,0,0,20472,5,2,2
5431,31,98,1,0,-1887,-1594,-2132,-1363,-59,-88,-66,-59,0,0,20481,4,3,2
5432,31,94,1,1,-1899,-1586,-2119,-1365,-56,49,-32,-1,0,0,20486,3,3,1
5433,31,98,1,0,-1900,-1590,-2116,-1361,2,-117,97,-4,0,0,20477,2,4,2
5434,31,95,1,0,-1892,-1591,-2121,-1358,-50,-85,43,-73,0,0,20486,2,3,4
5435,31,94,1,0,-1887,-1589,-2115,-1365,-54,94,-129,42,0,0,20486,4,3,4
5436,31,95,1,0,-1893,-1585,-2121,-1355,43,45,-33,33,0,0,20478,4,5,5
5437,31,94,1,0,-1893,-1582,-2116,-1367,-91,8,16,-9,0,0,20479,3,2,4
5438,31,94,1,0,-1882,-1571,-2115,-1358,-72,-83,59,-32,0,0,20479,4,2,3
5439,31,94,1,0,-1876,-1569,-2106,-1350,-8,-25,18,-31,0,0,20475,2,5,4
5440,31,96,1,1,-1886,-1568,-2117,-1352,91,86,128,-52,0,0,20478,4,4,4
5441,31,96,1,0,-1872,-1564,-2116,-1353,103,50,38,-46,0,0,20477,5,4,5
5442,31,95,1,0,-1885,-1569,-2101,-1345,-1,115,110,74,0,0,20486,2,3,1
5443,31,96,1,0,-1879,-1571,-2103,-1352,-25,110,-67,75,0,0,20479,3,3,2
5444,31,96,1,0,-1876,-1568,-2109,-1341,2,43,-28,-22,0,0,20481,3,4,3
5445,31,98,1,0,-1871,-1566,-2095,-1354,102,-111,27,65,0,0,20476,1,5,3
5446,31,95,1,0,-1878,-1563,-2093,-1342,-3,56,97,-77,0,0,20473,1,5,4
5447,31,94,1,0,-1864,-1563,-2104,-1340,-34,-27,62,36,0,0,20481,2,2,3
5448,31,98,1,1,-1860,-1552,-2105,-1348,84,-4,99,61,0,0,20476,1,5,1
5449,31,96,1,0,-1864,-1557,-2097,-1337,8,18,-75,-28,1,1,20476,3,2,4
5450,31,94,1,0,-1868,-1563,-2088,-1347,-13,24,115,54,0,0,20472,4,5,2
5451,31,97,1,0,-1870,-1550,-2090,-1344,42,-50,117,-29,0,0,20473,2,3,2
5452,31,96,1,0,-1864,-1556,-2092,-1340,-52,-105,51,82,0,0,20488,3,1,5
5453,31,98,1,0,-1851,-1558,-2093,-1331,85,97,54,61,0,0,20484,4,4,1
5454,31,97,1,0,-1852,-1544,-2082,-1335,-19,0,-128,-75,0,0,20472,1,2,3
5455,32,95,1,0,-1862,-1553,-2078,-1323,71,-51,7,11,0,0,20486,5,3,2
5456,32,94,1,1,-1854,-1539,-2080,-1329,54,-118,-21,69,0,0,20485,4,4,1
5457,32,98,1,0,-1859,-1541,-2083,-1334,36,46,-136,-71,0,0,20483,3,1,3
5458,32,98,1,0,-1856,-1550,-2086,-1328,-60,-74,-66,68,0,0,20474,1,4,4
5459,32,97,1,0,-1854,-1548,-2084,-1325,-103,-5,-109,-49,0,0,20488,2,2,4
5460,32,98,1,0,-1842,-1545,-2084,-1317,-58,21,80,52,0,0,20476,5,1,1
5461,32,98,1,0,-1841,-1546,-2082,-1313,-84,-97,-89,75,0,0,20484,2,4,1
5462,32,98,1,0,-1836,-1534,-2069,-1323,-13,61,-92,-56,0,0,20474,2,2,3
5463,32,95,1,0,-1835,-1540,-2070,-1309,-85,-27,-20,-56,0,0,20474,5,5,1
5464,32,94,1,1,-1835,-1525,-2072,-1309,-58,-5,-36,-59,1,0,20476,3,2,1
5465,32,97,1,0,-1833,-1525,-2069,-1314,-60,-113,149,-58,0,0,20486,2,4,3
5466,32,96,1,0,-1834,-1532,-2068,-1306,-117,36,145,-87,0,0,20486,1,4,4
5467,32,97,1,0,-1830,-1530,-2065,-1317,-97,64,63,89,0,0,20483,4,5,2
5468,32,96,1,0,-1838,-1525,-2070,-1312,-87,-5,-94,80,0,0,20478,1,3,1
5469,32,97,1,0,-1829,-1531,-2066,-1300,-82,45,130,-27,0,0,20476,2,2,3
5470,32,98,1,0,-1825,-1524,-2058,-1297,97,-46,149,-7,0,1,20487,1,5,2
5471,32,97,1,0,-1827,-1517,-2060,-1311,-30,57,64,85,0,0,20473,2,4,2
5472,32,95,1,1,-1830,-1513,-2061,-1294,-28,-72,4,52,0,0,20476,4,2,1
5473,32,95,1,0,-1820,-1517,-2063,-1304,-29,98,116,41,0,0,20475,4,4,5
5474,32,96,1,0,-1828,-1521,-2057,-1290,85,100,127,-86,0,0,20478,1,3,4
5475,32,98,1,0,-1820,-1513,-2059,-1300,-30,-54,95,-86,0,0,20484,5,3,5
5476,32,97,1,0,-1813,-1520,-2046,-1287,90,-30,-47,-37,0,0,20480,1,3,3
5477,32,98,1,0,-1814,-1516,-2044,-1289,-83,48,68,-35,0,0,20485,1,3,3
5478,32,94,1,0,-1820,-1509,-2050,-1295,65,-16,126,25,0,0,20484,2,2,3
5479,32,97,1,0,-1817,-1501,-2052,-1288,88,69,122,29,0,0,20479,2,2,4
5480,32,94,1,1,-1812,-1510,-2038,-1288,29,110,-62,62,0,0,20475,5,1,3
5481,32,96,1,0,-1808,-1511,-2038,-1278,-10,118,-65,-25,0,0,20476,3,1,2
5482,32,95,1,0,-1811,-1498,-2037,-1282,7,50,36,-29,0,0,20482,1,1,3
5483,32,96,1,0,-1812,-1501,-2039,-1284,13,102,132,-69,0,0,20485,4,1,3
5484,32,96,1,0,-1810,-1498,-2031,-1281,-17,-85,-84,87,0,0,20477,5,2,3
5485,32,96,1,0,-1806,-1494,-2033,-1279,21,-54,-97,66,0,0,20473,4,3,3
5486,32,94,1,0,-1809,-1488,-2027,-1280,-111,-46,-46,86,0,0,20479,2,2,3
5487,32,94,1,0,-1805,-1485,-2024,-1270,35,51,138,41,0,0,20479,5,5,4
5488,32,98,1,1,-1798,-1488,-2034,-1268,35,86,30,-61,0,0,20479,2,4,5
5489,32,95,1,0,-1796,-1493,-2024,-1268,25,104,14,40,0,0,20476,3,5,5
5490,32,98,1,0,-1793,-1495,-2017,-1270,-6,41,72,87,0,0,20475,4,4,4
5491,32,95,1,0,-1799,-1483,-2027,-1268,25,-37,15,89,0,0,20477,2,4,5
5492,32,95,1,0,-1783,-1480,-2024,-1269,10,84,-5,72,0,0,20473,1,2,1
5493,32,98,1,0,-1783,-1483,-2025,-1264,55,111,142,-88,0,0,20480,4,4,1
5494,32,96,1,0,-1789,-1484,-2019,-1259,-8,-38,4,-42,0,0,20475,4,5,1
5495,32,94,1,0,-1791,-1476,-2010,-1263,28,-35,112,-55,0,0,20486,2,1,3
5496,32,94,1,1,-1784,-1469,-2022,-1257,-33,82,-102,-41,0,0,20484,1,1,5
5497,32,95,1,0,-1786,-1483,-2014,-1256,48,-99,111,65,0,0,20481,4,5,4
5498,32,95,1,0,-1784,-1474,-2018,-1259,-89,-21,-36,79,0,0,20486,3,4,4
5499,32,97,1,0,-1772,-1470,-2004,-1261,13,-29,7,84,0,0,20473,2,5,5
5500,32,95,1,0,-1783,-1473,-1999,-1256,89,-37,82,-58,0,0,20477,1,3,4
5501,32,95,1,0,-1782,-1470,-2005,-1251,50,-104,85,-63,0,0,20472,5,3,2
5502,32,95,1,0,-1769,-1471,-2011,-1253,-93,6,147,58,0,0,20482,2,2,3
5503,32,97,1,0,-1772,-1463,-1999,-1244,-57,-12,-77,-67,0,0,20479,3,3,2
5504,32,96,1,1,-1774,-1462,-2004,-1243,66,83,-84,-86,1,0,20481,1,3,2
5505,32,96,1,0,-1760,-1468,-2000,-1243,-86,-62,139,-48,0,0,20473,5,4,2
5506,32,95,1,0,-1763,-1456,-1988,-1238,-89,61,48,-64,0,0,20483,5,4,1
5507,32,95,1,0,-1768,-1454,-1994,-1235,71,60,107,-80,0,0,20482,2,4,3
5508,32,94,1,0,-1770,-1456,-2000,-1233,-57,-100,-81,42,0,0,20473,1,3,2
5509,32,96,1,0,-1768,-1456,-1994,-1230,25,-34,-117,-72,0,0,20474,2,5,4
5510,32,98,1,0,-1752,-1445,-1989,-1241,-27,-18,0,-39,0,0,20473,4,5,4
5511,32,94,1,0,-1762,-1456,-1982,-1237,-33,39,32,-27,0,0,20478,5,1,5
5512,32,94,1,1,-1750,-1447,-1982,-1229,-83,-106,-88,55,0,0,20481,4,1,1
5513,32,94,1,0,-1753,-1449,-1982,-1232,11,50,-35,58,0,0,20473,2,5,3
5514,32,94,1,0,-1759,-1450,-1989,-1220,88,41,107,0,0,0,20478,3,1,3
5515,32,96,1,0,-1748,-1442,-1972,-1222,110,30,-78,-38,0,0,20482,3,4,2
5516,32,97,1,0,-1740,-1444,-1979,-1217,-51,-67,-88,26,0,0,20476,3,5,2
5517,32,98,1,0,-1748,-1443,-1976,-1223,83,-72,-3,-83,0,0,20487,2,1,2
5518,32,98,1,0,-1741,-1434,-1982,-1219,-31,-115,-130,-46,0,1,20485,4,4,5
5519,32,95,1,0,-1736,-1436,-1977,-1217,0,45,116,86,0,0,20474,2,2,5
5520,32,97,1,1,-1746,-1439,-1975,-1211,14,63,-46,41,0,0,20483,2,1,1
5521,32,97,1,0,-1733,-1424,-1966,-1212,106,-82,-36,-4,0,0,20482,2,1,1
5522,32,98,1,0,-1731,-1433,-1974,-1219,65,-54,-109,64,1,0,20487,5,4,1
5523,32,98,1,0,-1742,-1427,-1972,-1211,21,25,-51,-37,0,0,20477,1,3,4
5524,32,97,1,0,-1732,-1420,-1960,-1201,61,29,-148,47,0,0,20477,3,1,3
5525,32,94,1,0,-1733,-1427,-1967,-1200,89,70,6,-48,0,0,20485,5,4,2
5526,32,96,1,0,-1727,-1425,-1961,-1208,107,120,90,-46,0,0,20474,1,3,4
5527,33,97,1,0,-1728,-1422,-1962,-1208,-36,-76,143,-32,0,0,20482,1,1,3
5528,33,97,1,1,-1732,-1417,-1955,-1202,120,-36,-142,-35,0,0,20485,5,5,1
5529,33,95,1,0,-1730,-1419,-1957,-1198,-77,-92,67,-22,0,0,20474,5,3,3
5530,33,95,1,0,-1717,-1421,-1956,-1195,113,-101,89,24,0,0,20484,3,5,4
5531,33,98,1,0,-1724,-1417,-1944,-1188,76,-110,90,43,0,0,20487,2,5,2
5532,33,94,1,0,-1712,-1403,-1954,-1190,-107,-14,42,12,0,0,20476,3,4,3
5533,33,97,1,0,-1715,-1407,-1939,-1189,-25,109,44,88,0,0,20486,3,1,1
5534,33,94,1,0,-1711,-1414,-1950,-1183,46,102,60,-2,0,0,20477,4,5,5
5535,33,98,1,0,-1708,-1398,-1942,-1184,-99,-42,-124,90,0,0,20476,1,3,4
5536,33,98,1,1,-1706,-1396,-1942,-1180,-8,-114,65,13,0,0,20482,5,2,5
5537,33,95,1,0,-1710,-1400,-1939,-1180,-118,-115,-128,6,0,0,20480,3,5,5
5538,33,96,1,0,-1700,-1396,-1939,-1176,111,-22,128,-27,0,0,20485,4,2,3
5539,33,97,1,0,-1702,-1390,-1940,-1180,-12,-17,-145,10,0,0,20486,2,2,4
5540,33,95,1,0,-1702,-1388,-1931,-1172,-20,-93,-121,-24,0,0,20474,2,2,1
5541,33,97,1,0,-1701,-1386,-1930,-1179,-44,32,106,54,0,0,20475,5,2,3
5542,33,94,1,0,-1691,-1396,-1922,-1171,100,-45,32,-50,0,0,20485,1,5,3
5543,33,94,1,0,-1697,-1391,-1933,-1163,-87,39,61,-78,0,0,20484,2,2,1
5544,33,94,1,1,-1702,-1389,-1917,-1167,-35,-93,4,-71,0,0,20479,4,5,1
5545,33,96,1,0,-1692,-1380,-1920,-1171,-119,54,-144,56,0,0,20475,5,1,5
5546,33,95,1,0,-1695,-1388,-1917,-1158,-39,-62,-9,43,0,0,20474,1,3,4
5547,33,96,1,0,-1686,-1387,-1924,-1157,15,-90,-149,-32,0,0,20485,4,3,5
5548,33,97,1,0,-1688,-1376,-1922,-1168,110,52,-149,-39,0,1,20485,2,5,2
5549,33,97,1,0,-1687,-1371,-1907,-1152,-108,9,-28,35,0,0,20479,1,5,4
5550,33,97,1,0,-1686,-1382,-1910,-1155,-84,23,-84,-55,0,0,20481,1,5,3
5551,33,96,1,0,-1679,-1368,-1907,-1162,90,-99,-80,-67,0,0,20486,2,4,4
5552,33,96,1,1,-1672,-1370,-1910,-1151,-87,-25,33,-30,0,0,20480,4,2,4
5553,33,98,1,0,-1680,-1368,-1911,-1158,-6,42,127,44,0,1,20485,3,5,3
5554,33,96,1,0,-1681,-1374,-1902,-1142,-47,-70,-139,17,0,0,20474,1,2,2
5555,33,95,1,0,-1679,-1372,-1900,-1149,60,119,69,24,0,0,20484,2,1,3
5556,33,94,1,0,-1676,-1357,-1909,-1152,-119,-112,63,-32,0,0,20478,2,1,2
5557,33,96,1,0,-1669,-1363,-1902,-1149,115,-72,79,52,0,0,20474,5,2,5
5558,33,96,1,0,-1673,-1361,-1894,-1150,-44,-67,110,-89,0,0,20477,3,4,4
5559,33,97,1,0,-1667,-1363,-1903,-1144,64,-94,-50,8,0,0,20479,1,4,2
5560,33,94,1,1,-1658,-1352,-1889,-1131,1,116,-143,63,0,0,20472,4,4,4
5561,33,96,1,0,-1663,-1346,-1892,-1136,-63,-42,-84,36,0,0,20482,2,2,4
5562,33,97,1,0,-1651,-1358,-1896,-1135,105,-70,-144,-81,0,0,20476,4,3,2
5563,33,94,1,0,-1659,-1344,-1886,-1129,95,-32,109,65,0,0,20477,5,5,4
5564,33,98,1,0,-1656,-1351,-1888,-1127,43,-29,-47,-24,0,0,20477,5,1,2
5565,33,98,1,0,-1653,-1339,-1884,-1131,10,-91,-18,3,0,0,20485,1,5,2
5566,33,98,1,0,-1648,-1337,-1885,-1122,83,31,-37,-88,0,0,20480,4,3,1
5567,33,97,1,0,-1641,-1347,-1874,-1127,49,109,43,-8,0,0,20473,4,4,1
5568,33,98,1,1,-1644,-1342,-1877,-1125,61,37,40,-78,0,0,20476,1,2,4
5569,33,95,1,0,-1637,-1332,-1869,-1125,50,-54,-127,8,0,0,20488,3,2,2
5570,33,98,1,0,-1645,-1337,-1876,-1126,87,-86,28,18,0,0,20473,2,4,3
5571,33,97,1,0,-1643,-1341,-1863,-1111,37,-115,-125,-19,0,0,20477,5,4,5
5572,33,97,1,0,-1646,-1334,-1874,-1110,54,-7,85,34,0,0,20473,2,4,2
5573,33,97,1,0,-1639,-1324,-1863,-1107,-1,92,28,39,0,0,20486,1,2,2
5574,33,98,1,0,-1637,-1334,-1861,-1115,-4,15,117,-61,1,0,20482,2,2,5
5575,33,95,1,0,-1634,-1331,-1857,-1108,-15,118,98,54,0,0,20482,3,4,5
5576,33,96,1,1,-1628,-1323,-1858,-1107,-120,-33,-21,-25,0,0,20488,3,2,5
5577,33,96,1,0,-1627,-1319,-1854,-1097,-119,25,-106,87,0,0,20477,1,4,5
5578,33,95,1,0,-1633,-1317,-1865,-1107,72,23,-124,31,0,0,20477,3,4,3
5579,33,94,1,0,-1626,-1311,-1861,-1092,114,78,-122,20,0,0,20484,3,2,4
5580,33,98,1,0,-1616,-1309,-1853,-1090,-28,82,44,23,0,0,20486,4,5,1
5581,33,98,1,0,-1619,-1315,-1857,-1103,19,-42,-14,25,0,0,20484,4,3,5
5582,33,94,1,0,-1611,-1315,-1851,-1091,-34,-85,118,59,0,0,20476,3,4,1
5583,33,95,1,0,-1614,-1312,-1852,-1088,35,-19,-113,35,0,0,20476,1,2,1
5584,33,97,1,1,-1620,-1314,-1849,-1092,82,-67,55,-32,0,0,20479,4,5,4
5585,33,98,1,0,-1616,-1300,-1841,-1084,43,83,33,37,0,0,20473,3,4,2
5586,33,95,1,0,-1608,-1302,-1843,-1084,-106,-97,-18,-25,0,0,20488,1,5,2
5587,33,95,1,0,-1606,-1305,-1845,-1082,61,-82,-106,-37,0,0,20472,2,4,5
5588,33,97,1,0,-1611,-1302,-1842,-1088,-103,-34,140,-47,0,0,20486,3,4,4
5589,33,97,1,0,-1598,-1303,-1841,-1087,-106,-118,61,42,1,1,20484,4,2,3
5590,33,98,1,0,-1597,-1290,-1830,-1076,109,-42,34,82,0,0,20483,5,1,4
5591,33,96,1,0,-1594,-1294,-1838,-1068,-64,-93,65,46,0,0,20484,2,4,4
5592,34,98,1,1,-1593,-1295,-1825,-1073,-23,-38,8,-83,0,0,20488,2,1,1
5593,34,98,1,0,-1597,-1287,-1826,-1065,53,83,14,-50,0,0,20487,2,5,4
5594,34,96,1,0,-1599,-1284,-1828,-1064,-7,-113,-146,-66,0,0,20488,5,2,2
5595,34,97,1,0,-1588,-1288,-1816,-1059,36,-110,-5,-65,0,0,20484,4,1,1
5596,34,96,1,0,-1587,-1281,-1812,-1067,58,0,-115,-39,0,0,20483,4,2,2
5597,34,98,1,0,-1580,-1280,-1818,-1065,104,109,24,-40,0,0,20473,3,1,3
5598,34,95,1,0,-1582,-1277,-1813,-1059,-96,-1,76,23,0,0,20475,5,5,3
5599,34,95,1,0,-1583,-1271,-1814,-1057,109,-73,73,14,0,0,20480,1,5,5
5600,34,95,1,1,-1588,-1278,-1808,-1054,43,32,20,-42,0,0,20484,5,2,3
5601,34,98,1,0,-1584,-1267,-1806,-1047,-115,47,-42,90,0,0,20476,1,4,5
5602,34,94,1,0,-1581,-1274,-1800,-1060,-11,-37,44,-90,0,0,20481,4,2,3
5603,34,95,1,0,-1579,-1273,-1802,-1050,-92,-24,-111,-21,0,0,20476,1,2,5
5604,34,98,1,0,-1581,-1273,-1806,-1043,105,-25,-128,78,0,0,20474,5,1,3
5605,34,97,1,0,-1572,-1256,-1794,-1041,105,60,68,45,0,0,20479,1,1,4
5606,34,97,1,0,-1574,-1258,-1806,-1049,27,50,-41,-25,0,0,20485,4,4,2
5607,34,96,1,0,-1574,-1265,-1798,-1041,40,9,128,49,0,0,20480,3,1,5
5608,34,94,1,1,-1567,-1261,-1795,-1039,114,-9,20,-79,0,0,20479,2,4,1
5609,34,94,1,0,-1566,-1248,-1786,-1033,101,23,46,59,0,0,20474,5,5,4
5610,34,95,1,0,-1560,-1253,-1796,-1042,23,111,72,-12,0,0,20475,1,4,2
5611,34,96,1,0,-1558,-1259,-1787,-1033,87,-69,26,89,0,0,20475,5,2,1
5612,34,95,1,0,-1561,-1244,-1787,-1035,74,102,-73,55,0,0,20483,5,5,3
5613,34,94,1,0,-1557,-1240,-1788,-1024,82,46,-28,-68,0,0,20480,5,4,1
5614,34,95,1,0,-1553,-1249,-1776,-1031,-70,-114,-123,4,0,0,20474,2,4,2
5615,34,95,1,0,-1546,-1243,-1776,-1030,113,-101,-57,-34,0,0,20476,2,3,2
5616,34,94,1,1,-1552,-1243,-1779,-1024,71,-27,-83,46,1,0,20483,2,3,4
5617,34,98,1,0,-1551,-1235,-1781,-1019,-80,-41,109,-54,0,0,20473,2,2,3
5618,34,95,1,0,-1543,-1240,-1779,-1025,65,90,-49,35,0,0,20481,4,5,4
5619,34,97,1,0,-1540,-1226,-1772,-1014,34,83,64,-35,0,0,20479,5,3,2
5620,34,96,1,0,-1533,-1238,-1775,-1012,103,68,49,39,0,1,20474,3,1,4
5621,34,97,1,0,-1533,-1237,-1761,-1007,72,-1,91,78,0,0,20474,3,1,4
5622,34,97,1,0,-1527,-1224,-1768,-1005,-32,104,121,-74,0,0,20472,2,1,3
5623,34,94,1,0,-1539,-1224,-1764,-1014,118,-10,-111,41,0,0,20484,5,1,3
5624,34,97,1,1,-1531,-1223,-1761,-1003,-45,94,-25,-61,0,0,20473,4,1,3
5625,34,95,1,0,-1530,-1220,-1763,-1005,-102,115,-150,65,0,0,20483,5,2,2
5626,34,98,1,0,-1519,-1227,-1749,-999,-34,-101,116,52,0,0,20476,4,5,3
5627,34,95,1,0,-1529,-1209,-1749,-1004,101,-75,16,46,0,0,20478,4,4,1
5628,34,96,1,0,-1521,-1216,-1755,-993,13,43,140,-72,0,0,20477,4,4,5
5629,34,94,1,0,-1522,-1218,-1752,-990,92,-84,-86,-57,0,0,20482,3,1,3
5630,34,94,1,0,-1518,-1204,-1751,-997,-51,-45,-25,-59,0,0,20478,4,3,3
5631,34,95,1,0,-1517,-1213,-1745,-995,57,-53,-123,12,0,0,20488,1,5,1
5632,34,96,1,1,-1521,-1201,-1749,-987,-25,26,55,-47,0,0,20486,3,3,1
5633,34,94,1,0,-1505,-1208,-1738,-983,-59,-73,-114,-32,0,0,20480,4,4,4
5634,34,94,1,0,-1513,-1198,-1746,-983,-16,119,-145,66,0,0,20482,2,3,2
5635,34,97,1,0,-1503,-1193,-1739,-982,63,19,-35,-26,0,0,20483,2,1,4
5636,34,96,1,0,-1498,-1197,-1730,-976,93,-87,-31,-85,0,0,20485,4,3,3
5637,34,98,1,0,-1509,-1190,-1733,-974,81,-2,142,29,0,0,20482,2,5,4
5638,34,98,1,0,-1495,-1193,-1736,-977,-102,-83,17,49,0,0,20484,2,3,2
5639,34,96,1,0,-1494,-1187,-1722,-980,-33,15,-28,5,0,0,20474,5,5,3
5640,34,98,1,1,-1491,-1187,-1729,-963,47,-53,-149,-76,0,0,20483,3,2,1
5641,34,94,1,0,-1498,-1190,-1722,-973,-22,47,-73,-74,0,0,20478,5,2,2
5642,34,97,1,0,-1484,-1192,-1726,-968,-61,-53,-22,-78,0,0,20473,5,5,2
5643,34,97,1,0,-1487,-1181,-1727,-970,19,115,10,88,0,0,20474,2,1,3
5644,34,97,1,0,-1488,-1174,-1712,-965,-30,-68,-13,12,0,0,20481,5,3,3
5645,34,97,1,0,-1493,-1179,-1722,-968,35,85,-135,9,0,0,20475,4,1,5
5646,34,95,1,0,-1482,-1183,-1717,-954,58,-83,-136,84,0,0,20477,2,2,1
5647,34,95,1,0,-1478,-1168,-1719,-958,-26,-89,48,5,0,0,20481,5,4,2
5648,34,96,1,1,-1480,-1165,-1705,-961,111,-37,114,82,0,0,20488,1,3,5
5649,34,97,1,0,-1476,-1173,-1701,-949,113,49,-82,71,0,0,20476,5,5,4
5650,34,95,1,0,-1469,-1165,-1698,-953,119,-27,-143,-72,0,0,20482,1,5,3
5651,35,97,1,0,-1477,-1170,-1694,-946,97,-65,-14,-2,0,0,20482,2,1,1
5652,35,95,1,0,-1471,-1160,-1694,-947,115,43,-31,72,0,0,20472,5,1,2
5653,35,94,1,0,-1475,-1156,-1699,-936,-90,-113,129,-6,0,0,20484,5,1,3
5654,35,95,1,0,-1469,-1157,-1702,-943,-100,38,142,-18,0,0,20475,2,4,3
5655,35,97,1,0,-1459,-1153,-1692,-942,-113,40,-25,64,0,0,20486,5,2,1
5656,35,96,1,1,-1457,-1160,-1696,-937,110,-6,66,34,0,0,20473,5,5,5
5657,35,94,1,0,-1458,-1151,-1685,-941,-17,31,78,43,0,0,20479,1,2,5
5658,35,98,1,0,-1452,-1152,-1689,-934,38,-84,-66,16,0,0,20481,3,1,2
5659,35,97,1,0,-1459,-1153,-1683,-930,-17,-47,11,7,0,1,20488,5,2,3
5660,35,95,1,0,-1452,-1145,-1676,-935,75,51,136,24,0,0,20487,4,2,4
5661,35,96,1,0,-1452,-1146,-1672,-927,-117,34,43,-19,0,0,20484,2,1,4
5662,35,95,1,0,-1443,-1134,-1673,-924,50,-114,48,-85,1,0,20485,3,2,1
5663,35,95,1,0,-1451,-1135,-1669,-914,-51,-91,100,-70,0,0,20484,4,1,4
5664,35,98,1,1,-1443,-1129,-1666,-924,5,-17,26,85,0,0,20484,2,4,4
5665,35,96,1,0,-1443,-1137,-1663,-918,-13,-101,131,-57,0,0,20474,2,2,4
5666,35,97,1,0,-1432,-1134,-1669,-910,35,-77,38,3,0,0,20479,3,2,3
5667,35,97,1,0,-1430,-1126,-1669,-909,-18,-8,-16,-51,0,0,20472,5,1,3
5668,35,98,1,0,-1433,-1127,-1660,-914,-116,7,38,19,0,0,20488,5,2,5
5669,35,96,1,0,-1426,-1124,-1662,-899,49,-3,43,11,0,0,20486,4,1,4
5670,35,95,1,0,-1425,-1114,-1662,-901,49,-103,-124,-50,0,0,20479,5,4,3
5671,35,94,1,0,-1427,-1124,-1651,-905,110,48,-18,-6,0,0,20485,4,5,1
5672,35,97,1,1,-1423,-1120,-1660,-904,106,23,34,-13,0,0,20478,1,1,2
5673,35,94,1,0,-1415,-1115,-1649,-899,2,30,117,-6,0,0,20473,3,3,3
5674,35,95,1,0,-1420,-1117,-1656,-903,49,80,59,-3,0,0,20488,3,5,5
5675,35,95,1,0,-1413,-1107,-1645,-901,-50,-66,122,88,0,0,20477,4,5,3
5676,35,97,1,0,-1421,-1102,-1644,-896,-35,-77,66,10,0,0,20485,5,5,4
5677,35,98,1,0,-1408,-1099,-1643,-894,-60,114,-129,89,0,0,20479,4,2,5
5678,35,96,1,0,-1405,-1100,-1636,-879,134,135,78,-11,0,0,20475,3,4,2
5679,35,95,1,0,-1410,-1102,-1633,-883,14,44,67,132,0,0,20473,2,1,1
5680,35,98,1,1,-1401,-1094,-1634,-882,83,105,155,-26,0,0,20472,1,2,3
5681,35,96,1,0,-1397,-1102,-1640,-886,12,134,84,145,0,0,20481,4,4,5
5682,35,96,1,0,-1405,-1095,-1631,-880,167,220,-16,54,1,0,20478,5,5,1
5683,35,94,1,0,-1395,-1100,-1631,-880,124,43,-33,84,0,1,20478,1,5,3
5684,35,98,1,0,-1396,-1088,-1632,-878,239,251,103,143,0,0,20477,5,5,2
5685,35,97,1,0,-1403,-1090,-1620,-877,195,283,279,61,0,0,20475,1,4,2
5686,35,95,1,0,-1392,-1079,-1626,-874,275,216,44,150,0,0,20472,2,1,5
5687,35,97,1,0,-1389,-1088,-1626,-872,320,243,316,94,0,0,20486,3,1,3
5688,35,96,1,1,-1384,-1077,-1615,-863,264,196,243,252,0,0,20474,5,1,3
5689,35,95,1,0,-1378,-1072,-1614,-869,330,344,247,263,0,0,20488,5,4,4
5690,35,94,1,0,-1391,-1073,-1609,-861,214,240,282,228,0,0,20473,5,2,5
5691,35,95,1,0,-1383,-1078,-1617,-864,270,283,227,260,0,0,20474,2,4,1
5692,35,96,1,0,-1385,-1073,-1602,-847,361,247,324,287,0,0,20486,4,3,2
5693,35,94,1,0,-1381,-1062,-1608,-854,273,304,331,246,0,0,20478,5,1,1
5694,35,98,1,0,-1371,-1066,-1607,-842,393,231,333,279,0,0,20481,2,3,2
5695,35,98,1,0,-1373,-1073,-1599,-841,272,462,350,263,0,0,20485,1,3,1
5696,35,98,1,1,-1377,-1063,-1608,-840,317,280,375,327,0,0,20480,4,1,5
5697,35,97,1,0,-1360,-1060,-1591,-845,283,339,405,262,0,0,20472,4,4,1
5698,35,98,1,0,-1364,-1062,-1598,-840,302,386,231,400,0,0,20473,3,5,2
5699,35,97,1,0,-1367,-1057,-1589,-835,448,424,296,379,0,0,20482,2,3,5
5700,35,97,1,0,-1363,-1056,-1591,-836,409,429,276,365,0,0,20472,2,3,3
5701,35,96,1,0,-1358,-1043,-1590,-826,439,546,284,424,0,0,20475,3,1,4
5702,35,96,1,0,-1352,-1050,-1584,-827,452,485,399,330,0,0,20479,1,4,3
5703,35,95,1,0,-1346,-1039,-1583,-831,554,479,279,402,0,0,20479,3,2,2
5704,35,97,1,1,-1349,-1045,-1575,-823,624,604,366,346,0,0,20484,5,1,5
5705,35,95,1,0,-1345,-1039,-1578,-818,533,436,375,437,0,0,20480,1,1,4
5706,35,95,1,0,-1339,-1047,-1578,-822,574,641,484,519,0,0,20474,5,1,3
5707,35,97,1,0,-1352,-1039,-1580,-814,467,539,364,516,0,0,20476,1,2,3
5708,36,95,1,0,-1338,-1038,-1579,-813,594,501,422,409,0,0,20472,2,3,3
5709,36,97,1,0,-1345,-1039,-1575,-820,535,530,629,453,1,0,20483,2,3,3
5710,36,96,1,0,-1331,-1029,-1562,-817,648,666,615,511,0,0,20475,5,2,5
5711,36,98,1,0,-1341,-1031,-1560,-810,676,684,562,516,0,0,20488,1,2,2
5712,36,94,1,1,-1339,-1030,-1563,-808,693,744,670,636,0,0,20479,4,1,4
5713,36,95,1,0,-1325,-1024,-1567,-805,648,575,542,485,0,0,20485,2,3,1
5714,36,98,1,0,-1333,-1015,-1559,-811,670,746,666,578,0,0,20483,2,4,4
5715,36,97,1,0,-1319,-1021,-1552,-807,816,620,660,534,0,0,20475,5,2,5
5716,36,97,1,0,-1317,-1008,-1553,-799,837,826,636,563,0,0,20484,5,3,5
5717,36,98,1,0,-1328,-1010,-1557,-802,679,782,714,580,0,0,20485,2,1,5
5718,36,96,1,0,-1326,-1006,-1555,-786,692,686,547,677,0,0,20478,1,1,4
5719,36,98,1,0,-1312,-1010,-1550,-783,690,892,614,608,0,0,20482,4,4,2
5720,36,98,1,1,-1306,-1002,-1541,-782,815,685,721,594,0,0,20487,2,1,3
5721,36,97,1,0,-1317,-1006,-1536,-789,942,717,704,724,0,0,20486,2,3,2
5722,36,97,1,0,-1302,-994,-1533,-778,911,860,810,739,0,0,20482,3,5,2
5723,36,95,1,0,-1300,-1004,-1539,-780,937,974,827,744,0,0,20486,4,2,5
5724,36,95,1,0,-1309,-989,-1539,-780,818,825,815,826,0,1,20481,2,3,4
5725,36,94,1,0,-1294,-989,-1538,-770,855,958,629,741,0,0,20474,4,5,4
5726,36,97,1,0,-1300,-1000,-1523,-779,852,981,906,794,0,0,20473,4,4,4
5727,36,97,1,0,-1293,-995,-1535,-777,1048,821,701,833,0,0,20484,5,4,1
5728,36,94,1,1,-1289,-995,-1517,-767,969,1038,881,886,0,0,20480,1,4,5
5729,36,97,1,0,-1300,-987,-1515,-768,955,1082,694,774,0,0,20488,2,2,5
5730,36,95,1,0,-1284,-977,-1516,-764,972,1009,793,833,0,0,20481,5,3,3
5731,36,96,1,0,-1295,-979,-1524,-756,931,1100,951,880,0,0,20476,4,3,3
5732,36,94,1,0,-1285,-978,-1514,-766,1141,964,979,833,0,1,20478,4,1,4
5733,36,96,1,0,-1284,-980,-1512,-755,1065,994,935,851,0,0,20477,2,4,2
5734,36,97,1,0,-1281,-965,-1509,-756,1168,939,912,923,1,0,20475,3,4,3
5735,36,96,1,0,-1276,-973,-1513,-746,1041,1116,852,989,0,0,20475,2,5,5
5736,36,95,1,1,-1273,-969,-1500,-744,1009,1167,1049,918,0,0,20477,2,3,1
5737,36,98,1,0,-1279,-973,-1503,-743,1128,1221,995,933,0,0,20474,2,2,5
5738,36,94,1,0,-1277,-961,-1501,-744,1209,1097,884,963,0,0,20483,1,4,5
5739,36,97,1,0,-1263,-963,-1492,-743,1060,1106,960,941,0,0,20474,5,4,2
5740,36,96,1,0,-1260,-958,-1500,-736,1296,1277,1116,1013,0,0,20477,3,2,2
5741,36,98,1,0,-1259,-955,-1494,-731,1212,1140,937,1058,0,0,20473,1,5,4
5742,36,97,1,0,-1256,-950,-1489,-731,1147,1212,905,942,0,0,20478,5,1,2
5743,36,94,1,0,-1251,-951,-1491,-739,1305,1160,1083,1054,0,0,20476,2,1,4
5744,36,98,1,1,-1251,-956,-1490,-739,1363,1309,1199,1141,0,0,20477,1,2,1
5745,36,98,1,0,-1251,-953,-1489,-721,1196,1143,947,1150,0,0,20477,2,1,2
5746,36,97,1,0,-1252,-944,-1488,-727,1409,1236,1071,1139,0,0,20478,2,3,3
5747,36,94,1,0,-1241,-939,-1479,-719,1431,1369,1070,1022,0,0,20481,1,5,1
5748,36,98,1,0,-1254,-933,-1475,-715,1434,1350,1190,1156,0,0,20474,3,1,4
5749,36,98,1,0,-1249,-940,-1479,-725,1339,1404,1259,1060,0,0,20472,3,4,3
5750,36,95,1,0,-1245,-926,-1479,-718,1407,1262,1100,1128,0,0,20474,4,2,3
5751,36,96,1,0,-1231,-930,-1476,-719,1387,1301,1195,1081,0,0,20473,3,2,5
5752,36,94,1,1,-1244,-929,-1472,-713,1460,1338,1344,1092,0,0,20485,1,4,1
5753,36,96,1,0,-1234,-931,-1463,-716,1524,1320,1073,1193,0,0,20486,1,4,4
5754,36,95,1,0,-1231,-917,-1454,-712,1459,1335,1246,1171,0,0,20472,2,2,2
5755,36,98,1,0,-1224,-924,-1467,-699,1504,1367,1211,1294,0,0,20481,2,2,1
5756,36,98,1,0,-1229,-924,-1453,-706,1487,1449,1393,1223,0,0,20481,1,1,4
5757,36,94,1,0,-1224,-914,-1460,-692,1493,1395,1249,1322,0,0,20484,5,1,1
5758,36,95,1,0,-1229,-920,-1453,-699,1470,1472,1234,1285,0,0,20475,2,4,5
5759,36,96,1,0,-1226,-915,-1452,-688,1469,1542,1382,1337,0,0,20485,4,1,1
5760,36,97,1,1,-1219,-908,-1454,-700,1463,1631,1392,1267,0,0,20488,4,4,4
5761,37,98,1,0,-1207,-906,-1445,-695,1677,1447,1218,1340,0,0,20478,4,2,3
5762,37,94,1,0,-1209,-898,-1438,-679,1633,1478,1359,1390,0,0,20483,4,3,1
5763,37,95,1,0,-1216,-901,-1436,-690,1663,1566,1373,1377,0,0,20482,2,3,4
5764,37,95,1,0,-1202,-902,-1432,-676,1656,1687,1501,1407,0,0,20476,3,2,5
5765,37,95,1,0,-1197,-904,-1441,-682,1761,1555,1436,1466,1,0,20479,4,3,5
5766,37,96,1,0,-1196,-902,-1432,-672,1704,1604,1523,1367,0,0,20473,3,4,4
5767,37,95,1,0,-1196,-886,-1423,-679,1704,1747,1352,1413,0,0,20485,1,3,2
5768,37,97,1,1,-1198,-896,-1427,-665,1739,1684,1403,1420,0,0,20476,2,5,1
5769,37,95,1,0,-1189,-882,-1424,-662,1722,1588,1495,1484,0,0,20481,3,4,2
5770,37,95,1,0,-1196,-882,-1421,-662,1672,1625,1546,1479,0,0,20484,5,4,2
5771,37,96,1,0,-1183,-887,-1416,-667,1886,1663,1415,1458,0,0,20484,3,4,4
5772,37,97,1,0,-1183,-872,-1410,-669,1723,1699,1455,1423,0,0,20475,1,4,4
5773,37,95,1,0,-1185,-885,-1415,-662,1801,1855,1436,1487,0,0,20486,5,5,5
5774,37,96,1,0,-1178,-870,-1416,-657,1739,1844,1566,1506,0,0,20483,4,4,1
5775,37,96,1,0,-1178,-869,-1405,-647,1765,1685,1692,1471,0,0,20487,2,2,3
5776,37,94,1,1,-1175,-867,-1413,-654,1882,1811,1508,1625,0,0,20477,4,5,3
5777,37,96,1,0,-1171,-862,-1408,-649,1924,1889,1480,1556,0,0,20487,5,4,2
5778,37,95,1,0,-1175,-861,-1397,-654,1848,1750,1683,1635,0,0,20481,2,1,5
5779,37,96,1,0,-1165,-869,-1399,-653,1977,1981,1552,1540,0,0,20473,5,3,2
5780,37,94,1,0,-1175,-868,-1403,-645,2048,1890,1777,1597,0,0,20473,2,4,1
5781,37,96,1,0,-1162,-864,-1391,-641,1903,1827,1587,1617,0,0,20485,1,2,1
5782,37,94,1,0,-1166,-860,-1399,-644,1937,1848,1568,1641,0,0,20473,5,5,3
5783,37,94,1,0,-1152,-854,-1391,-635,1976,1987,1582,1641,0,0,20484,1,1,3
5784,37,98,1,1,-1155,-843,-1393,-635,2027,1977,1608,1682,0,0,20474,3,5,5
5785,37,94,1,0,-1147,-840,-1390,-637,1978,1976,1661,1657,0,1,20485,4,3,1
5786,37,95,1,0,-1150,-845,-1385,-625,2017,2076,1800,1772,0,0,20486,1,5,4
5787,37,94,1,0,-1153,-840,-1385,-625,2184,2020,1872,1660,0,0,20474,1,2,3
5788,37,96,1,0,-1141,-844,-1371,-620,2203,1921,1817,1788,0,0,20480,2,3,3
5789,37,98,1,0,-1141,-833,-1377,-613,2178,2104,1631,1659,0,0,20486,1,1,1
5790,37,95,1,0,-1139,-839,-1376,-612,2195,1990,1669,1749,0,0,20483,2,4,5
5791,37,95,1,0,-1147,-825,-1369,-622,2153,2121,1753,1811,0,0,20483,1,5,4
5792,37,98,1,1,-1138,-831,-1361,-607,2062,2173,1908,1809,0,0,20472,1,5,3
5793,37,96,1,0,-1132,-827,-1366,-608,2083,2036,1918,1799,0,0,20485,1,4,4
5794,37,94,1,0,-1140,-817,-1360,-605,2170,2088,1990,1878,0,0,20487,3,2,4
5795,37,96,1,0,-1136,-817,-1366,-597,2223,2172,1988,1925,0,0,20481,3,5,1
5796,37,98,1,0,-1128,-816,-1357,-607,2149,2136,1999,1870,0,0,20479,2,4,2
5797,37,96,1,0,-1117,-825,-1353,-593,2167,2094,1780,1851,0,0,20480,3,3,2
5798,37,95,1,0,-1128,-811,-1350,-602,2173,2112,2018,1851,0,0,20475,1,4,3
5799,37,94,1,0,-1119,-811,-1348,-588,2370,2119,1800,1890,0,0,20480,3,4,2
5800,37,98,1,1,-1115,-809,-1343,-585,2373,2321,1835,1829,0,0,20482,5,1,5
5801,37,94,1,0,-1118,-799,-1351,-585,2330,2338,1913,1854,0,0,20488,3,5,2
5802,37,94,1,0,-1113,-804,-1350,-584,2306,2279,1930,2020,0,0,20483,1,1,4
5803,37,98,1,0,-1104,-799,-1347,-587,2296,2219,1953,1994,0,0,20475,5,2,2
5804,37,97,1,0,-1101,-802,-1337,-577,2351,2413,1888,1892,1,0,20474,3,2,3
5805,37,98,1,0,-1108,-798,-1341,-582,2461,2281,2146,1965,0,0,20474,4,1,5
5806,37,95,1,0,-1109,-786,-1325,-580,2406,2332,2046,1953,0,0,20477,2,4,1
5807,37,98,1,0,-1105,-786,-1333,-573,2546,2350,1991,1958,0,0,20483,3,4,3
5808,37,94,1,1,-1099,-794,-1330,-568,2460,2440,1927,1987,0,0,20478,3,2,1
5809,37,94,1,0,-1087,-789,-1325,-569,2434,2337,2196,2081,0,0,20473,2,1,1
5810,37,94,1,0,-1098,-779,-1314,-568,2545,2486,2054,2095,0,0,20480,3,4,4
5811,37,98,1,0,-1090,-780,-1318,-556,2612,2363,2020,2059,0,0,20480,3,3,4
5812,38,97,1,0,-1080,-772,-1316,-556,2531,2408,2185,2131,0,0,20479,3,2,4
5813,38,98,1,0,-1085,-779,-1307,-564,2490,2478,2130,2116,0,0,20486,2,4,2
5814,38,96,1,0,-1085,-774,-1315,-552,2652,2469,2115,2140,0,0,20479,4,5,3
5815,38,97,1,0,-1071,-765,-1309,-547,2630,2540,2100,2136,0,1,20485,3,1,2
5816,38,98,1,1,-1080,-762,-1305,-551,2529,2435,2279,2111,0,0,20479,1,1,2
5817,38,94,1,0,-1065,-772,-1300,-546,2664,2508,2122,2232,0,0,20472,3,1,5
5818,38,94,1,0,-1063,-756,-1300,-543,2729,2608,2277,2169,0,0,20472,3,3,2
5819,38,94,1,0,-1071,-762,-1304,-550,2694,2538,2318,2198,0,0,20478,1,5,5
5820,38,97,1,0,-1062,-766,-1300,-537,2664,2602,2181,2144,0,0,20488,1,3,3
5821,38,95,1,0,-1067,-752,-1300,-532,2822,2596,2368,2327,0,0,20472,5,5,3
5822,38,96,1,0,-1068,-753,-1292,-542,2612,2585,2175,2239,0,0,20473,4,3,2
5823,38,95,1,0,-1065,-753,-1283,-537,2686,2560,2387,2222,0,0,20478,1,1,4
5824,38,95,1,1,-1056,-749,-1292,-535,2792,2700,2431,2270,0,0,20478,4,5,2
5825,38,94,1,0,-1059,-753,-1283,-532,2682,2734,2272,2376,0,0,20485,3,4,2
5826,38,98,1,0,-1051,-738,-1282,-523,2708,2688,2423,2355,0,0,20486,2,2,3
5827,38,96,1,0,-1040,-739,-1273,-525,2786,2644,2461,2276,0,0,20486,2,4,2
5828,38,97,1,0,-1049,-739,-1273,-522,2769,2692,2447,2300,1,0,20472,3,1,2
5829,38,95,1,0,-1047,-741,-1276,-512,2920,2746,2492,2280,0,0,20486,3,3,2
5830,38,96,1,0,-1046,-725,-1275,-508,2860,2915,2433,2426,0,0,20482,1,5,2
5831,38,97,1,0,-1038,-735,-1265,-520,2918,2824,2569,2316,0,0,20478,1,4,4
5832,38,94,1,1,-1028,-723,-1266,-502,2805,2801,2586,2327,0,0,20472,3,4,5
5833,38,94,1,0,-1024,-726,-1270,-509,2999,2825,2524,2437,0,0,20483,3,5,5
5834,38,96,1,0,-1027,-727,-1257,-512,3023,2761,2401,2444,0,0,20476,2,1,3
5835,38,98,1,0,-1025,-718,-1253,-502,3075,2789,2409,2375,0,0,20473,3,3,1
5836,38,98,1,0,-1019,-719,-1247,-499,2974,2946,2659,2465,0,0,20472,4,3,4
5837,38,98,1,0,-1019,-710,-1249,-500,3030,2978,2485,2431,0,0,20482,3,4,5
5838,38,96,1,0,-1011,-715,-1254,-490,2973,2953,2456,2534,0,0,20488,4,1,1
5839,38,98,1,0,-1012,-713,-1240,-494,2932,2841,2667,2528,0,0,20476,1,4,2
5840,38,94,1,1,-1012,-704,-1248,-483,3088,2865,2647,2562,0,0,20485,2,4,5
5841,38,94,1,0,-1008,-697,-1246,-487,3167,3036,2468,2518,0,0,20478,4,5,3
5842,38,94,1,0,-1009,-709,-1233,-479,3201,2910,2517,2595,0,0,20474,4,3,1
5843,38,96,1,0,-1002,-700,-1240,-476,3185,3088,2617,2533,0,0,20486,4,3,4
5844,38,98,1,0,-1008,-691,-1232,-476,3246,3007,2709,2541,0,0,20474,1,2,3
5845,38,96,1,0,-1008,-698,-1233,-479,3244,3162,2700,2561,0,0,20477,4,2,3
5846,38,98,1,0,-993,-698,-1236,-472,3157,3195,2601,2605,0,1,20481,2,5,4
5847,38,98,1,0,-998,-693,-1218,-473,3239,3018,2602,2701,0,0,20483,2,4,2
5848,38,95,1,1,-1000,-679,-1220,-468,3126,3018,2765,2708,0,0,20487,4,3,4
5849,38,94,1,0,-987,-679,-1218,-469,3348,3062,2654,2756,0,0,20479,1,2,2
5850,38,96,1,0,-992,-672,-1220,-465,3280,3043,2785,2667,0,0,20480,2,5,4
5851,38,95,1,0,-991,-679,-1214,-460,3313,3246,2713,2770,0,0,20476,1,1,5
5852,38,95,1,0,-984,-669,-1212,-454,3332,3261,2790,2747,0,0,20479,2,1,3
5853,38,95,1,0,-979,-678,-1207,-461,3205,3196,2763,2733,0,0,20478,4,1,4
5854,38,96,1,0,-970,-668,-1209,-447,3253,3192,2863,2788,0,0,20481,2,2,2
5855,38,94,1,0,-979,-668,-1202,-447,3325,3248,2842,2815,0,0,20488,5,4,1
5856,38,98,1,1,-974,-658,-1200,-439,3355,3211,2796,2783,0,0,20472,3,3,5
5857,38,96,1,0,-962,-663,-1203,-448,3493,3348,2981,2851,0,0,20478,5,4,3
5858,38,98,1,0,-962,-661,-1200,-446,3457,3413,2931,2885,0,0,20482,3,3,4
5859,38,95,1,0,-963,-660,-1200,-441,3314,3241,2734,2838,0,0,20479,1,5,4
5860,38,98,1,0,-962,-653,-1188,-436,3319,3415,2951,2821,0,0,20476,1,5,3
5861,39,96,1,0,-957,-647,-1185,-427,3366,3366,2785,2826,0,0,20473,2,2,2
5862,39,98,1,0,-957,-640,-1191,-424,3383,3316,3067,2901,0,0,20480,4,4,3
5863,39,95,1,0,-958,-652,-1189,-436,3374,3437,3019,2884,0,0,20479,5,4,1
5864,39,95,1,1,-945,-639,-1174,-420,3413,3501,2882,2857,0,0,20487,5,2,3
5865,39,98,1,0,-950,-648,-1176,-424,3639,3366,2855,2921,0,0,20474,4,4,4
5866,39,97,1,0,-951,-644,-1181,-420,3524,3565,3065,2899,0,0,20476,1,5,3
5867,39,95,1,0,-941,-637,-1180,-424,3471,3507,3006,2938,0,0,20481,5,1,2
5868,39,98,1,0,-933,-627,-1174,-407,3579,3402,2977,3023,0,0,20487,5,2,4
5869,39,98,1,0,-931,-622,-1171,-412,3624,3459,2906,3050,0,1,20474,5,4,1
5870,39,95,1,0,-938,-623,-1157,-409,3598,3410,3107,2954,0,0,20481,5,2,2
5871,39,96,1,0,-924,-632,-1163,-400,3702,3602,2927,2997,0,0,20487,1,4,4
5872,39,94,1,1,-935,-615,-1158,-401,3608,3575,3061,3051,1,0,20478,2,1,3
5873,39,96,1,0,-920,-615,-1149,-409,3573,3554,3130,3042,0,0,20483,4,4,5
5874,39,98,1,0,-923,-612,-1147,-396,3706,3560,3083,3005,0,0,20487,5,5,3
5875,39,97,1,0,-928,-617,-1154,-389,3656,3562,3097,3085,0,0,20480,4,2,3
5876,39,96,1,0,-926,-603,-1142,-397,3646,3717,3004,3031,0,0,20486,3,4,5
5877,39,97,1,0,-916,-614,-1139,-398,3771,3625,3088,3073,0,0,20485,1,2,3
5878,39,96,1,0,-910,-612,-1144,-384,3825,3647,3308,3086,0,0,20473,1,2,3
5879,39,97,1,0,-917,-609,-1144,-388,3666,3738,3163,3044,0,0,20485,5,5,2
5880,39,96,1,1,-912,-595,-1144,-377,3682,3787,3086,3133,0,0,20480,5,5,1
5881,39,98,1,0,-902,-600,-1128,-385,3925,3609,3281,3143,0,0,20472,4,3,1
5882,39,97,1,0,-897,-589,-1132,-385,3880,3795,3174,3194,0,0,20483,5,5,4
5883,39,95,1,0,-899,-593,-1124,-378,3796,3632,3126,3268,0,0,20487,2,2,5
5884,39,96,1,0,-894,-584,-1127,-366,3785,3879,3114,3142,0,0,20479,4,4,3
5885,39,96,1,0,-899,-593,-1129,-374,3805,3701,3269,3289,0,0,20472,3,4,5
5886,39,97,1,0,-886,-579,-1116,-358,4018,3831,3320,3172,0,0,20472,4,5,2
5887,39,98,1,0,-884,-577,-1125,-365,3947,3831,3340,3209,0,0,20476,5,5,3
5888,39,94,1,1,-891,-586,-1110,-354,3847,3876,3254,3200,1,0,20479,1,5,2
5889,39,95,1,0,-887,-573,-1113,-366,4065,3797,3410,3208,0,0,20480,4,4,3
5890,39,95,1,0,-878,-566,-1108,-349,4032,3928,3358,3306,0,0,20488,3,1,3
5891,39,94,1,0,-872,-566,-1115,-347,4044,3778,3433,3381,0,0,20473,1,1,4
5892,39,98,1,0,-879,-569,-1100,-356,4082,3835,3335,3352,0,0,20484,4,3,4
5893,39,96,1,0,-866,-557,-1104,-345,4054,3889,3282,3363,0,0,20481,3,2,4
5894,39,97,1,0,-864,-559,-1101,-346,4142,3940,3372,3320,0,0,20488,3,5,3
5895,39,94,1,0,-869,-567,-1093,-348,4083,4011,3384,3420,0,0,20475,5,3,5
5896,39,95,1,1,-870,-550,-1089,-342,4136,3895,3549,3428,0,0,20473,2,5,2
5897,39,96,1,0,-856,-550,-1090,-341,4204,4037,3397,3477,0,0,20474,3,1,3
5898,39,97,1,0,-862,-545,-1095,-326,4210,4133,3582,3510,0,0,20477,2,3,1
5899,39,95,1,0,-863,-551,-1086,-323,4102,3933,3408,3394,0,0,20484,1,3,1
5900,39,97,1,0,-852,-553,-1091,-326,4262,3963,3383,3494,0,1,20481,3,5,2
5901,39,98,1,0,-851,-539,-1088,-322,4297,4188,3653,3550,0,0,20480,2,2,3
5902,39,95,1,0,-844,-544,-1073,-325,4308,4124,3540,3418,0,0,20475,3,4,3
5903,39,96,1,0,-838,-534,-1067,-316,4109,4042,3565,3441,0,0,20480,5,1,1
5904,39,94,1,1,-838,-534,-1075,-315,4315,4181,3638,3552,0,0,20483,3,5,5
5905,39,95,1,0,-834,-528,-1071,-322,4194,4171,3682,3616,0,0,20474,3,1,1
5906,39,94,1,0,-834,-524,-1066,-305,4315,4151,3631,3478,0,0,20482,5,4,1
5907,39,95,1,0,-835,-521,-1069,-301,4337,4204,3742,3568,0,0,20487,1,1,4
5908,40,98,1,0,-831,-516,-1067,-314,4258,4170,3634,3596,0,0,20481,2,2,1
5909,40,95,1,0,-835,-529,-1066,-305,4307,4297,3755,3554,0,0,20484,3,5,4
5910,40,95,1,0,-833,-521,-1064,-307,4295,4335,3633,3565,0,1,20484,2,1,3
5911,40,97,1,0,-818,-519,-1055,-295,4375,4305,3749,3605,0,0,20479,1,2,5
5912,40,94,1,1,-812,-509,-1047,-290,4393,4241,3689,3706,0,0,20477,3,1,1
5913,40,94,1,0,-811,-502,-1048,-291,4506,4388,3637,3678,0,0,20487,5,4,3
5914,40,97,1,0,-813,-501,-1050,-291,4393,4373,3693,3637,0,0,20476,5,5,4
5915,40,96,1,0,-817,-502,-1035,-288,4533,4400,3720,3654,0,0,20483,3,4,1
5916,40,96,1,0,-808,-499,-1038,-291,4507,4391,3886,3603,0,0,20476,2,4,1
5917,40,95,1,0,-804,-502,-1034,-279,4459,4328,3786,3742,0,0,20479,1,2,1
5918,40,96,1,0,-796,-501,-1033,-272,4604,4357,3640,3634,0,0,20485,4,3,5
5919,40,94,1,0,-797,-488,-1032,-282,4405,4382,3708,3828,0,0,20481,1,2,1
5920,40,94,1,1,-803,-496,-1022,-269,4495,4474,3809,3774,0,0,20478,5,2,2
5921,40,95,1,0,-794,-482,-1026,-267,4454,4427,3714,3808,0,0,20482,4,1,1
5922,40,97,1,0,-799,-479,-1024,-274,4489,4407,3904,3801,0,0,20480,3,2,3
5923,40,97,1,0,-794,-476,-1025,-257,4710,4430,3945,3887,0,0,20472,2,1,1
5924,40,97,1,0,-786,-475,-1014,-266,4541,4531,3868,3835,0,0,20477,5,2,5
5925,40,94,1,0,-787,-478,-1016,-265,4526,4527,3875,3745,0,0,20480,3,5,2
5926,40,96,1,0,-780,-472,-1014,-264,4548,4556,3815,3833,0,0,20481,5,3,1
5927,40,97,1,0,-776,-468,-1017,-249,4668,4583,3820,3876,0,0,20474,3,4,4
5928,40,96,1,1,-781,-475,-1004,-249,4694,4573,3873,3877,0,0,20483,3,4,4
5929,40,94,1,0,-773,-460,-1011,-246,4585,4556,3819,3880,0,0,20479,1,1,2
5930,40,95,1,0,-763,-457,-1003,-249,4837,4674,3909,3990,0,0,20475,1,1,3
5931,40,97,1,0,-774,-459,-999,-250,4779,4614,3986,3862,0,0,20486,5,1,4
5932,40,98,1,0,-760,-460,-998,-234,4680,4677,3883,4007,0,0,20476,5,2,5
5933,40,94,1,0,-767,-457,-992,-244,4792,4641,4034,3983,0,0,20484,2,4,4
5934,40,95,1,0,-764,-452,-991,-236,4780,4700,4132,3992,0,0,20481,2,4,1
5935,40,94,1,0,-751,-451,-991,-225,4761,4657,3974,4016,0,0,20482,1,3,2
5936,40,95,1,1,-750,-448,-984,-221,4804,4743,3912,4077,0,0,20478,3,3,3
5937,40,96,1,0,-755,-451,-986,-221,4934,4618,4049,4096,1,0,20486,1,1,4
5938,40,96,1,0,-744,-437,-971,-228,4914,4742,3995,4059,0,0,20478,5,5,3
5939,40,94,1,0,-747,-438,-973,-214,4856,4671,4183,4011,0,0,20485,1,2,2
5940,40,95,1,0,-737,-438,-981,-216,5003,4878,4046,4033,0,0,20479,3,5,5
5941,40,94,1,0,-746,-434,-968,-212,5016,4851,4238,4003,0,0,20472,5,3,1
5942,40,94,1,0,-732,-423,-975,-213,5009,4814,4113,4113,0,0,20488,2,4,5
5943,40,97,1,0,-735,-432,-957,-202,5058,4816,4177,4066,0,0,20482,1,5,2
5944,40,98,1,1,-725,-416,-969,-208,4981,4878,4213,4038,0,0,20476,2,2,2
5945,40,98,1,0,-723,-429,-964,-210,5017,4930,4146,4174,0,0,20481,4,2,3
5946,40,98,1,0,-727,-425,-952,-209,4928,4862,4153,4237,0,0,20485,1,5,5
5947,40,97,1,0,-722,-416,-952,-199,4922,4855,4344,4170,0,0,20474,2,1,1
5948,40,94,1,0,-723,-419,-958,-199,5157,4859,4147,4116,0,1,20482,3,5,5
5949,40,96,1,0,-714,-410,-952,-187,5043,4875,4122,4242,0,0,20474,5,3,4
5950,40,95,1,0,-711,-404,-941,-196,5073,4835,4386,4239,0,0,20473,1,4,1
5951,40,94,1,0,-719,-411,-943,-192,5183,4946,4283,4249,0,0,20472,4,5,1
5952,40,95,1,1,-705,-408,-941,-178,5111,4972,4332,4280,0,0,20485,1,2,5
5953,40,96,1,0,-700,-391,-930,-184,5113,4953,4231,4308,0,0,20480,4,2,1
5954,41,96,1,0,-705,-388,-939,-182,5086,5061,4374,4191,0,0,20475,3,1,5
5955,41,95,1,0,-707,-397,-928,-168,5217,5052,4473,4218,0,0,20478,4,2,1
5956,41,94,1,0,-695,-384,-929,-175,5168,5094,4460,4355,1,0,20484,2,3,5
5957,41,96,1,0,-697,-393,-919,-165,5104,5154,4347,4262,0,0,20480,1,1,3
5958,41,95,1,0,-697,-377,-925,-163,5254,5174,4287,4365,0,0,20484,4,3,5
5959,41,98,1,0,-688,-390,-915,-167,5130,5225,4424,4423,0,0,20488,4,3,3
5960,41,96,1,1,-679,-384,-914,-154,5347,5027,4548,4327,0,0,20485,4,4,3
5961,41,98,1,0,-678,-370,-918,-161,5343,5113,4353,4313,0,0,20486,4,1,1
5962,41,94,1,0,-686,-367,-911,-157,5273,5113,4461,4334,0,0,20475,3,3,5
5963,41,95,1,0,-682,-366,-916,-152,5384,5267,4406,4350,0,0,20487,2,3,2
5964,41,96,1,0,-675,-365,-911,-145,5281,5184,4494,4474,0,0,20473,1,4,4
5965,41,97,1,0,-667,-357,-898,-146,5375,5133,4445,4382,0,0,20476,1,3,1
5966,41,96,1,0,-672,-370,-904,-151,5312,5243,4647,4481,0,0,20474,1,5,3
5967,41,95,1,0,-663,-363,-903,-142,5488,5285,4498,4497,0,0,20473,4,5,1
5968,41,98,1,1,-663,-364,-901,-136,5451,5342,4434,4449,0,0,20474,1,3,3
5969,41,97,1,0,-658,-346,-886,-139,5373,5248,4628,4414,0,0,20474,1,4,3
5970,41,98,1,0,-650,-359,-886,-135,5414,5326,4644,4559,0,0,20475,3,2,1
5971,41,98,1,0,-651,-356,-878,-132,5510,5289,4717,4500,0,0,20475,2,5,3
5972,41,95,1,0,-656,-350,-875,-126,5424,5226,4722,4458,0,0,20472,2,2,1
5973,41,94,1,0,-646,-349,-874,-121,5492,5388,4717,4600,0,0,20484,4,5,4
5974,41,98,1,0,-640,-341,-882,-127,5462,5326,4655,4541,0,0,20487,4,1,5
5975,41,94,1,0,-639,-334,-881,-117,5626,5304,4624,4541,0,0,20482,3,2,1
5976,41,97,1,1,-639,-328,-865,-124,5558,5295,4737,4591,0,0,20483,2,5,4
5977,41,97,1,0,-642,-334,-869,-120,5457,5346,4691,4633,0,0,20482,5,4,4
5978,41,95,1,0,-632,-332,-871,-106,5689,5548,4814,4555,0,0,20473,3,2,4
5979,41,94,1,0,-640,-320,-860,-112,5500,5349,4669,4727,0,0,20478,3,4,5
5980,41,94,1,0,-623,-316,-865,-107,5593,5509,4811,4661,0,0,20478,3,2,2
5981,41,96,1,0,-619,-322,-850,-105,5598,5445,4885,4624,0,0,20481,4,3,2
5982,41,96,1,0,-632,-310,-862,-102,5761,5536,4761,4743,0,0,20481,4,3,2
5983,41,95,1,0,-616,-320,-854,-99,5743,5434,4917,4746,0,0,20472,1,1,2
5984,41,97,1,1,-613,-311,-856,-94,5807,5535,4738,4729,0,0,20488,4,5,4
5985,41,96,1,0,-619,-302,-851,-91,5842,5673,4787,4700,0,0,20485,4,4,5
5986,41,96,1,0,-607,-298,-851,-87,5647,5695,4887,4815,0,0,20473,4,3,5
5987,41,97,1,0,-612,-295,-838,-79,5653,5711,4695,4774,0,0,20477,1,5,5
5988,41,95,1,0,-607,-300,-831,-87,5685,5541,4969,4851,0,0,20488,1,4,2
5989,41,98,1,0,-596,-305,-832,-81,5851,5749,4920,4762,0,0,20485,3,4,4
5990,41,97,1,0,-599,-300,-829,-79,5756,5533,4935,4780,0,0,20477,5,1,5
5991,41,95,1,0,-591,-289,-830,-73,5885,5776,4871,4835,0,0,20481,4,1,1
5992,41,95,1,1,-602,-282,-818,-74,5939,5738,4950,4818,0,0,20479,5,4,5
5993,41,98,1,0,-585,-284,-819,-74,5852,5771,4973,4773,0,0,20479,1,1,3
5994,41,95,1,0,-595,-281,-824,-71,5765,5793,4851,4783,0,0,20481,3,4,5
5995,41,95,1,0,-580,-277,-810,-70,5948,5752,5048,4871,0,0,20488,2,1,5
5996,41,94,1,0,-576,-277,-816,-51,5975,5852,4953,4957,0,0,20486,5,5,2
5997,41,94,1,0,-589,-270,-805,-60,6024,5807,5017,4910,1,1,20479,5,4,2
5998,41,97,1,0,-579,-274,-814,-61,5951,5865,5085,4990,0,0,20481,3,2,3
5999,42,96,1,0,-569,-260,-802,-58,5970,5897,4896,5022,0,0,20479,3,4,4
6000,42,95,1,1,-578,-261,-798,-46,6084,5866,4958,4968,0,0,20478,4,5,3
6001,42,98,1,0,-570,-255,-806,-44,6066,5931,5185,4951,0,0,20473,5,3,3
6002,42,98,1,0,-562,-256,-789,-42,6089,5859,5109,4907,0,0,20482,1,4,3
6003,42,94,1,0,-560,-264,-794,-36,6131,5861,5091,4970,0,0,20482,5,1,4
6004,42,94,1,0,-566,-252,-791,-43,5997,5858,5112,5089,0,0,20481,2,5,3
6005,42,97,1,0,-557,-247,-790,-37,6200,5941,5044,4946,0,0,20481,1,5,5
6006,42,98,1,0,-550,-256,-788,-25,6195,5929,5143,5093,0,0,20486,2,4,4
6007,42,95,1,0,-546,-243,-780,-22,5998,5962,5253,5124,0,0,20472,5,1,1
6008,42,95,1,1,-549,-235,-773,-23,6101,5907,5276,4986,0,0,20480,1,4,5
6009,42,95,1,0,-547,-238,-778,-26,6183,5898,5181,5124,0,0,20481,4,1,4
6010,42,97,1,0,-540,-242,-780,-24,6123,6069,5174,5132,0,0,20480,5,2,3
6011,42,96,1,0,-547,-236,-771,-12,6241,5942,5173,5139,0,0,20486,3,2,3
6012,42,98,1,0,-535,-238,-768,-5,6319,5978,5217,5122,0,0,20483,3,4,3
6013,42,96,1,0,-535,-232,-767,-4,6292,6174,5199,5070,0,0,20476,2,1,3
6014,42,94,1,0,-526,-220,-760,-6,6360,5964,5335,5117,0,0,20485,4,5,4
6015,42,98,1,0,-524,-217,-765,-4,6252,5996,5244,5252,0,0,20485,5,4,4
6016,42,94,1,1,-521,-219,-763,-3,6336,6077,5401,5110,0,0,20480,4,2,4
6017,42,98,1,0,-530,-219,-760,8,6381,6020,5386,5219,0,0,20475,4,4,1
6018,42,97,1,0,-520,-217,-748,7,6204,6231,5353,5209,0,0,20479,5,3,4
6019,42,98,1,0,-519,-217,-751,6,6287,6190,5256,5155,0,0,20475,1,3,2
6020,42,98,1,0,-510,-206,-746,15,6295,6237,5200,5201,1,0,20483,3,1,2
6021,42,98,1,0,-519,-210,-734,5,6342,6228,5445,5324,0,0,20477,5,5,1
6022,42,97,1,0,-502,-208,-735,24,6462,6255,5356,5251,0,0,20485,2,2,4
6023,42,95,1,0,-506,-196,-731,27,6311,6312,5514,5290,0,0,20482,1,1,4
6024,42,96,1,1,-507,-192,-731,26,6414,6303,5304,5293,0,1,20483,1,4,3
6025,42,96,1,0,-498,-192,-725,31,6467,6360,5293,5405,0,0,20483,5,2,2
6026,42,94,1,0,-492,-187,-730,34,6388,6207,5471,5369,0,0,20480,2,2,3
6027,42,96,1,0,-502,-185,-726,38,6407,6301,5397,5295,0,0,20488,3,5,1
6028,42,97,1,0,-493,-187,-719,35,6480,6368,5486,5409,0,0,20486,3,1,5
6029,42,95,1,0,-487,-180,-727,35,6461,6413,5625,5371,0,0,20484,4,2,5
6030,42,97,1,0,-478,-183,-724,32,6538,6394,5585,5323,0,0,20481,4,1,1
6031,42,96,1,0,-489,-178,-713,50,6637,6275,5526,5508,0,0,20472,1,4,2
6032,42,94,1,1,-484,-166,-705,53,6475,6482,5480,5505,0,0,20483,5,4,1
6033,42,96,1,0,-476,-176,-701,47,6479,6415,5634,5432,0,0,20482,2,5,4
6034,42,96,1,0,-482,-159,-697,52,6554,6386,5511,5485,0,0,20480,2,2,4
6035,42,95,1,0,-463,-165,-694,47,6573,6520,5660,5431,0,1,20478,3,1,2
6036,42,96,1,0,-476,-169,-692,63,6740,6370,5702,5544,0,0,20487,4,3,5
6037,42,96,1,0,-461,-159,-690,53,6753,6483,5609,5531,0,0,20483,4,4,2
6038,42,97,1,0,-462,-147,-698,55,6665,6446,5700,5582,0,0,20487,1,3,2
6039,42,98,1,0,-463,-150,-687,62,6766,6502,5759,5556,0,0,20483,1,5,1
6040,42,97,1,1,-449,-150,-682,67,6704,6552,5764,5612,0,0,20482,1,3,2
6041,42,94,1,0,-456,-148,-684,65,6727,6572,5616,5610,1,0,20485,4,1,3
6042,42,97,1,0,-454,-145,-685,78,6837,6664,5523,5571,0,0,20477,5,1,1
6043,43,98,1,0,-451,-145,-681,79,6748,6469,5667,5546,0,0,20488,3,3,2
6044,43,97,1,0,-437,-144,-669,83,6814,6502,5811,5578,0,0,20487,4,3,1
6045,43,95,1,0,-439,-136,-672,83,6825,6506,5638,5588,0,0,20475,4,2,3
6046,43,95,1,0,-443,-124,-665,91,6924,6675,5846,5590,0,0,20473,3,3,3
6047,43,94,1,0,-444,-132,-662,81,6897,6746,5713,5606,0,0,20482,5,1,3
6048,43,97,1,1,-432,-126,-662,91,6808,6684,5641,5632,0,0,20487,2,1,2
6049,43,95,1,0,-433,-115,-663,96,6974,6686,5868,5678,0,0,20486,3,3,2
6050,43,97,1,0,-431,-115,-661,94,7008,6609,5939,5674,0,0,20483,2,5,1
6051,43,98,1,0,-432,-117,-652,107,7010,6769,5942,5702,0,0,20481,2,5,5
6052,43,96,1,0,-424,-122,-657,104,6851,6812,5923,5770,0,0,20488,2,2,2
6053,43,95,1,0,-417,-111,-654,101,6975,6799,5982,5675,0,0,20472,4,3,3
6054,43,97,1,0,-408,-106,-651,115,7064,6678,5711,5684,0,0,20475,5,2,3
6055,43,94,1,0,-412,-113,-645,110,6996,6810,5731,5758,0,0,20482,5,5,2
6056,43,95,1,1,-402,-106,-642,122,6884,6793,6006,5758,0,0,20485,5,4,5
6057,43,97,1,0,-405,-97,-643,122,6953,6893,5813,5868,0,0,20477,4,3,3
6058,43,95,1,0,-409,-91,-633,115,6919,6955,5972,5756,0,0,20480,4,3,3
6059,43,98,1,0,-401,-86,-626,124,7127,6803,5849,5746,0,0,20473,4,3,4
6060,43,95,1,0,-404,-85,-620,127,7009,6966,5800,5790,0,0,20481,2,5,3
6061,43,97,1,0,-391,-86,-630,122,6980,6944,5875,5880,0,0,20480,4,5,1
6062,43,96,1,0,-384,-78,-614,137,7035,6970,6062,5794,0,0,20473,5,2,5
6063,43,96,1,0,-396,-75,-614,142,7083,6840,5858,5884,0,0,20478,1,3,3
6064,43,94,1,1,-383,-81,-624,145,7099,6868,6025,5981,0,0,20486,5,2,2
6065,43,98,1,0,-388,-76,-615,145,7048,6961,5981,5833,0,0,20479,5,5,4
6066,43,97,1,0,-373,-65,-614,150,7159,6972,6079,5916,0,0,20485,4,2,1
6067,43,97,1,0,-385,-71,-607,140,7166,6922,6144,5892,0,0,20477,1,2,4
6068,43,97,1,0,-374,-69,-599,157,7284,7101,6201,6049,0,0,20487,1,2,1
6069,43,98,1,0,-365,-64,-601,154,7179,7025,6076,5990,0,0,20488,2,2,3
6070,43,97,1,0,-369,-65,-605,152,7218,6983,5977,5951,1,0,20481,4,1,2
6071,43,96,1,0,-373,-50,-595,152,7296,7052,6090,5971,0,0,20485,4,4,3
6072,43,97,1,1,-369,-47,-599,163,7224,7139,6159,6040,0,0,20488,3,1,5
6073,43,98,1,0,-366,-48,-586,169,7282,7016,6034,6097,0,0,20481,5,2,3
6074,43,96,1,0,-352,-41,-594,164,7361,7201,6111,6108,0,0,20474,1,1,2
6075,43,94,1,0,-346,-49,-585,179,7330,7011,6110,6037,0,0,20485,3,5,2
6076,43,97,1,0,-350,-42,-578,175,7469,7166,6048,6117,0,0,20476,4,2,2
6077,43,96,1,0,-342,-35,-584,171,7380,7247,6076,6180,0,0,20485,4,3,1
6078,43,95,1,0,-338,-38,-581,177,7317,7089,6070,6101,0,0,20483,1,5,4
6079,43,98,1,0,-345,-37,-576,180,7396,7164,6303,6035,0,0,20486,4,3,4
6080,43,95,1,1,-332,-34,-573,181,7483,7152,6090,6057,0,0,20478,3,5,3
6081,43,95,1,0,-335,-28,-566,193,7549,7332,6294,6242,0,0,20484,2,4,4
6082,43,97,1,0,-340,-32,-556,196,7521,7173,6190,6107,0,0,20472,2,5,3
6083,43,95,1,0,-331,-27,-557,200,7371,7315,6348,6142,0,0,20476,3,1,4
6084,43,96,1,0,-329,-19,-552,194,7419,7397,6448,6131,0,0,20473,4,3,4
6085,43,98,1,0,-316,-12,-547,205,7557,7342,6319,6164,0,1,20480,2,5,5
6086,43,98,1,0,-319,-21,-557,212,7490,7292,6276,6143,0,0,20482,3,3,5
6087,44,96,1,0,-319,-9,-548,211,7520,7443,6209,6257,0,0,20488,4,1,2
6088,44,96,1,1,-311,-11,-544,215,7537,7406,6267,6201,0,0,20483,3,1,4
6089,44,96,1,0,-312,-9,-537,206,7503,7476,6371,6207,0,0,20488,1,5,2
6090,44,95,1,0,-315,-9,-544,214,7698,7430,6514,6295,0,0,20478,4,2,3
6091,44,94,1,0,-307,9,-535,223,7682,7461,6360,6379,0,0,20477,1,4,2
6092,44,97,1,0,-296,-1,-529,214,7747,7431,6529,6252,0,0,20485,2,2,1
6093,44,96,1,0,-305,4,-526,220,7575,7415,6528,6244,0,0,20479,2,5,4
6094,44,96,1,0,-289,12,-530,236,7689,7436,6566,6364,0,0,20475,1,1,1
6095,44,94,1,0,-291,12,-528,239,7793,7364,6352,6351,0,0,20487,2,5,5
6096,44,97,1,1,-289,18,-521,233,7710,7383,6483,6385,1,0,20482,4,4,2
6097,44,95,1,0,-281,14,-521,242,7705,7609,6510,6324,0,0,20472,1,4,5
6098,44,94,1,0,-281,26,-520,232,7716,7497,6604,6465,0,0,20486,2,1,3
6099,44,94,1,0,-278,27,-510,247,7796,7622,6463,6432,0,1,20481,4,5,3
6100,44,96,1,0,-281,22,-503,251,7684,7613,6469,6512,0,0,20483,1,3,2
6101,44,95,1,0,-283,29,-514,247,7738,7696,6671,6419,0,0,20478,2,4,5
6102,44,97,1,0,-280,36,-508,258,7871,7481,6653,6501,0,0,20486,4,3,1
6103,44,98,1,0,-274,35,-495,255,7877,7551,6512,6437,0,0,20487,3,4,5
6104,44,94,1,1,-259,35,-491,252,7771,7627,6623,6524,0,0,20480,1,3,1
6105,44,97,1,0,-269,41,-495,253,7914,7595,6490,6515,0,0,20479,1,1,3
6106,44,94,1,0,-262,41,-483,261,7802,7549,6725,6435,0,0,20479,5,2,1
6107,44,97,1,0,-255,42,-480,273,7801,7580,6783,6475,0,0,20485,4,2,1
6108,44,95,1,0,-247,51,-480,271,7816,7676,6771,6611,0,0,20476,1,5,5
6109,44,98,1,0,-245,62,-474,274,7821,7759,6723,6610,0,0,20486,1,1,2
6110,44,96,1,0,-251,55,-482,279,7948,7773,6726,6511,0,0,20479,3,2,2
6111,44,94,1,0,-250,58,-470,278,8001,7681,6717,6545,0,0,20472,2,3,2
6112,44,98,1,1,-240,66,-471,281,7917,7794,6765,6662,0,0,20472,1,5,3
6113,44,97,1,0,-232,66,-470,282,7938,7836,6816,6598,0,0,20476,3,5,5
6114,44,96,1,0,-233,76,-472,282,8031,7802,6653,6556,0,0,20473,5,5,1
6115,44,96,1,0,-226,66,-467,291,8015,7772,6711,6573,0,0,20472,4,3,1
6116,44,95,1,0,-228,78,-468,300,8135,7811,6730,6645,0,0,20483,4,2,2
6117,44,94,1,0,-224,79,-462,293,8010,7752,6787,6747,0,0,20484,4,3,2
6118,44,98,1,0,-217,88,-447,298,8020,7949,6777,6633,0,0,20479,2,4,2
6119,44,94,1,0,-214,89,-444,299,8143,7853,6705,6656,0,0,20477,4,5,3
6120,44,95,1,1,-225,91,-456,309,8180,8018,6742,6723,0,0,20479,3,1,3
6121,44,95,1,0,-220,93,-452,310,8105,7921,6788,6679,0,0,20476,2,1,2
6122,44,98,1,0,-218,87,-438,304,8203,7979,6786,6729,0,0,20484,2,3,5
6123,44,96,1,0,-211,92,-445,318,8148,8001,6890,6768,0,0,20482,2,3,5
6124,44,94,1,0,-204,101,-442,310,8286,7954,6923,6697,0,0,20488,4,2,3
6125,44,94,1,0,-204,102,-428,322,8282,7888,6975,6812,0,0,20478,3,3,2
6126,44,97,1,0,-202,101,-434,329,8311,8040,6992,6739,0,0,20485,1,2,3
6127,44,97,1,0,-201,110,-433,334,8280,8044,7007,6877,0,0,20475,5,5,3
6128,44,94,1,1,-197,116,-422,323,8233,8020,6895,6866,0,0,20482,3,1,4
6129,45,96,1,0,-198,119,-417,327,8164,8079,6923,6927,0,0,20475,5,1,2
6130,45,95,1,0,-190,117,-414,335,8413,8127,6895,6884,0,0,20482,1,2,3
6131,45,95,1,0,-186,119,-418,342,8192,8164,6952,6908,0,0,20487,5,5,2
6132,45,95,1,0,-190,132,-415,342,8229,8030,6962,6964,0,0,20485,2,1,3
6133,45,96,1,0,-185,132,-405,353,8418,8041,7074,6819,0,0,20483,4,4,5
6134,45,98,1,0,-175,126,-403,343,8287,8132,7013,6992,0,0,20483,3,1,1
6135,45,95,1,0,-167,139,-401,353,8333,8208,7074,6964,0,0,20483,4,1,1
6136,45,97,1,1,-174,134,-394,348,8482,8203,6914,6956,0,0,20472,2,5,4
6137,45,98,1,0,-173,141,-399,364,8345,8279,7033,6911,0,0,20480,5,2,5
6138,45,95,1,0,-159,151,-391,366,8352,8179,7138,7004,0,0,20487,1,2,5
6139,45,95,1,0,-169,139,-389,369,8563,8106,7241,7051,0,0,20472,4,5,3
6140,45,94,1,0,-156,157,-384,374,8573,8285,7260,6991,0,0,20473,5,2,3
6141,45,94,1,0,-148,153,-392,376,8374,8208,7184,7045,0,0,20480,5,4,2
6142,45,97,1,0,-150,152,-383,379,8500,8228,7268,7063,0,0,20477,1,1,3
6143,45,98,1,0,-151,154,-385,379,8516,8368,7132,7135,0,0,20474,4,3,5
6144,45,98,1,1,-150,162,-370,386,8446,8262,7151,7134,0,0,20483,4,1,4
6145,45,96,1,0,-137,164,-381,385,8442,8234,7179,6993,0,0,20484,1,5,3
6146,45,95,1,0,-139,172,-368,391,8460,8399,7248,7050,0,0,20475,5,5,4
6147,45,98,1,0,-131,165,-374,390,8682,8340,7308,7024,0,0,20488,5,5,1
6148,45,96,1,0,-130,176,-371,396,8672,8355,7096,7186,1,0,20478,2,1,4
6149,45,95,1,0,-136,180,-361,399,8737,8393,7263,7137,0,1,20473,3,5,4
6150,45,94,1,0,-131,180,-366,399,8678,8408,7394,7105,0,0,20479,2,3,4
6151,45,97,1,0,-130,175,-362,404,8645,8491,7218,7083,0,0,20475,1,5,2
6152,45,94,1,1,-123,192,-359,395,8748,8488,7226,7089,0,0,20486,5,3,3
6153,45,98,1,0,-127,192,-352,411,8580,8339,7220,7194,0,0,20486,3,4,5
6154,45,96,1,0,-111,198,-344,417,8799,8591,7383,7202,0,0,20488,3,1,5
6155,45,95,1,0,-112,193,-346,418,8654,8485,7218,7160,0,0,20483,1,1,2
6156,45,97,1,0,-112,200,-334,407,8731,8478,7253,7279,0,0,20473,4,5,3
6157,45,95,1,0,-99,199,-345,414,8818,8639,7417,7230,0,0,20472,5,5,1
6158,45,96,1,0,-99,198,-335,426,8728,8482,7342,7347,0,1,20488,3,4,2
6159,45,96,1,0,-94,212,-327,420,8788,8503,7518,7290,0,0,20485,1,5,4
6160,45,95,1,1,-95,216,-328,426,8788,8506,7367,7350,0,0,20474,3,1,2
6161,45,98,1,0,-91,219,-328,429,8772,8573,7286,7326,0,0,20485,4,2,4
6162,45,96,1,0,-94,223,-322,435,8957,8631,7355,7303,0,0,20479,2,1,1
6163,45,96,1,0,-85,220,-324,434,8787,8606,7444,7246,0,0,20481,1,5,1
6164,45,96,1,0,-79,226,-324,447,8786,8558,7359,7332,0,0,20484,1,1,2
6165,45,95,1,0,-80,220,-319,442,8980,8752,7413,7281,0,0,20473,4,4,2
6166,45,94,1,0,-78,227,-310,451,8967,8612,7636,7431,0,0,20472,1,4,2
6167,45,98,1,0,-76,225,-299,456,8971,8721,7471,7400,0,0,20473,4,4,4
6168,45,96,1,1,-80,237,-301,445,9016,8759,7460,7447,0,0,20476,1,1,3
6169,45,95,1,0,-77,243,-295,460,8875,8695,7460,7384,0,0,20479,3,2,1
6170,45,95,1,0,-62,241,-305,450,9019,8820,7566,7492,0,0,20473,5,3,4
6171,45,97,1,0,-59,248,-301,457,8932,8645,7470,7363,0,0,20482,4,4,2
6172,46,94,1,0,-55,251,-289,465,9111,8852,7626,7501,0,0,20484,3,4,3
6173,46,96,1,0,-66,245,-287,460,9104,8796,7736,7483,0,0,20484,1,4,2
6174,46,96,1,0,-50,250,-278,470,9050,8862,7531,7415,1,0,20472,3,5,1
6175,46,97,1,0,-54,249,-285,474,9110,8764,7598,7537,0,0,20482,4,4,1
6176,46,94,1,1,-54,253,-277,476,8969,8774,7518,7563,0,0,20475,2,1,4
6177,46,94,1,0,-51,261,-277,474,9051,8933,7757,7443,0,0,20488,2,1,1
6178,46,98,1,0,-36,259,-272,486,9185,8991,7602,7501,0,0,20475,2,2,3
6179,46,97,1,0,-36,261,-269,477,9029,8819,7576,7497,0,0,20483,4,4,4
6180,46,94,1,0,-33,263,-270,481,9206,8988,7761,7500,0,0,20476,2,5,1
6181,46,98,1,0,-40,266,-269,498,9065,8910,7729,7635,0,0,20476,2,5,5
6182,46,97,1,0,-23,274,-261,490,9071,9000,7773,7591,0,0,20482,3,1,4
6183,46,95,1,0,-22,285,-262,491,9092,8878,7775,7527,0,0,20472,5,4,5
6184,46,95,1,1,-24,288,-256,500,9148,8918,7702,7636,0,0,20481,4,5,3
6185,46,95,1,0,-21,280,-257,502,9338,9070,7621,7670,0,0,20488,4,2,4
6186,46,95,1,0,-26,295,-241,514,9146,8952,7847,7591,0,0,20487,5,1,3
6187,46,97,1,0,-16,292,-239,508,9309,9053,7686,7743,0,0,20488,4,1,4
6188,46,97,1,0,-19,295,-236,511,9339,8991,7690,7685,0,0,20473,1,4,1
6189,46,97,1,0,-17,296,-241,511,9305,8968,7885,7692,0,0,20481,3,5,3
6190,46,95,1,0,-11,297,-231,514,9382,9077,7790,7642,0,0,20486,3,5,3
6191,46,96,1,0,-4,302,-240,515,9371,9092,7798,7793,0,0,20488,5,5,1
6192,46,96,1,1,3,302,-225,517,9255,9208,7759,7723,0,0,20482,4,3,5
6193,46,96,1,0,4,309,-221,532,9392,9228,7869,7841,0,0,20475,2,2,2
6194,46,98,1,0,5,307,-222,523,9436,9193,7977,7687,0,0,20479,2,3,3
6195,46,97,1,0,3,322,-226,532,9486,9190,7840,7749,0,0,20476,1,4,1
6196,46,97,1,0,14,313,-218,540,9374,9136,8034,7877,0,0,20479,4,1,4
6197,46,95,1,0,14,330,-220,545,9563,9250,7837,7814,0,0,20479,5,1,5
6198,46,95,1,0,22,324,-216,541,9577,9128,7841,7862,0,0,20474,1,2,5
6199,46,95,1,0,24,335,-206,548,9493,9151,7865,7812,1,0,20481,5,3,5
6200,46,98,1,1,26,329,-212,553,9427,9350,8119,7810,0,0,20474,4,5,4
6201,46,95,1,0,34,327,-203,553,9602,9347,7976,7827,0,0,20485,5,1,2
6202,46,96,1,0,39,342,-205,551,9542,9263,8154,7846,0,0,20478,4,4,5
6203,46,97,1,0,38,346,-195,566,9511,9341,8011,7922,0,0,20475,3,3,5
6204,46,95,1,0,37,344,-192,566,9669,9308,8144,7973,0,0,20474,3,2,5
6205,46,94,1,0,45,354,-198,558,9525,9382,7974,7865,0,0,20475,5,3,5
6206,46,95,1,0,50,349,-189,564,9686,9253,7961,8025,0,0,20479,3,3,3
6207,46,98,1,0,46,353,-185,579,9653,9421,8091,8002,0,0,20475,4,4,1
6208,46,97,1,1,51,353,-177,579,9590,9297,7995,7982,0,0,20473,5,1,3
6209,46,94,1,0,47,358,-173,582,9738,9425,8172,7951,0,1,20483,3,2,3
6210,46,94,1,0,59,369,-172,580,9664,9314,8027,8058,0,0,20478,1,2,2
6211,46,95,1,0,60,371,-172,582,9757,9346,8043,8097,0,0,20472,2,4,1
6212,46,98,1,0,62,364,-174,589,9636,9547,8257,7964,0,0,20477,2,2,3
6213,47,94,1,0,70,367,-164,593,9746,9558,8117,7958,0,0,20479,3,5,1
6214,47,98,1,0,69,370,-160,595,9847,9447,8156,8058,0,0,20474,2,4,1
6215,47,95,1,0,67,372,-157,596,9784,9543,8198,8086,0,0,20473,5,4,1
6216,47,97,1,1,70,375,-154,604,9882,9408,8188,8041,0,0,20474,5,1,3
6217,47,98,1,0,73,387,-150,609,9822,9592,8163,8049,0,0,20472,2,1,3
6218,47,98,1,0,79,392,-155,610,9695,9464,8255,8163,0,0,20483,2,5,5
6219,47,96,1,0,90,398,-145,607,9901,9624,8338,8059,0,0,20481,5,5,1
6220,47,95,1,0,80,390,-145,615,9868,9665,8299,8150,0,0,20480,4,2,1
6221,47,94,1,0,85,395,-142,615,9822,9474,8348,8090,0,1,20477,3,1,4
6222,47,95,1,0,87,397,-130,625,9982,9576,8193,8163,0,0,20484,5,2,4
6223,47,97,1,0,99,395,-132,622,9961,9628,8333,8103,1,0,20477,4,1,2
6224,47,97,1,1,106,402,-128,631,9790,9545,8218,8197,0,0,20483,4,4,3
6225,47,96,1,0,105,402,-121,630,9964,9630,8459,8242,0,0,20484,3,5,3
6226,47,94,1,0,101,413,-122,633,10047,9544,8225,8195,0,0,20477,3,3,5
6227,47,96,1,0,104,419,-125,640,9864,9659,8479,8223,0,0,20481,4,5,2
6228,47,95,1,0,116,423,-113,636,9852,9620,8399,8224,0,0,20473,1,1,2
6229,47,94,1,0,111,428,-115,639,9936,9616,8428,8195,0,0,20487,2,2,5
6230,47,97,1,0,122,424,-121,642,9921,9762,8397,8225,0,0,20474,3,4,2
6231,47,97,1,0,124,432,-114,641,10073,9795,8570,8230,0,0,20487,3,3,5
6232,47,96,1,1,126,423,-106,644,9915,9831,8403,8227,0,0,20476,4,4,5
6233,47,97,1,0,125,434,-112,659,10128,9755,8381,8348,0,0,20485,1,2,4
6234,47,95,1,0,126,434,-97,659,10095,9728,8364,8366,0,0,20484,5,5,1
6235,47,97,1,0,131,447,-102,659,9973,9857,8416,8371,0,0,20476,4,1,1
6236,47,96,1,0,133,438,-88,655,10138,9841,8557,8302,0,0,20487,1,1,2
6237,47,97,1,0,131,450,-87,662,10032,9749,8523,8448,0,0,20488,5,4,2
6238,47,96,1,0,134,445,-84,668,10241,9908,8615,8398,0,0,20480,1,3,2
6239,47,94,1,0,140,452,-86,667,10027,9814,8573,8359,0,0,20477,4,4,5
6240,47,98,1,1,149,455,-84,679,10073,9812,8691,8361,0,1,20475,3,4,2
6241,47,96,1,0,159,458,-72,682,10117,9823,8521,8490,0,0,20483,1,5,1
6242,47,96,1,0,152,457,-72,687,10226,9978,8564,8405,0,0,20476,3,5,2
6243,47,97,1,0,165,472,-81,683,10273,10031,8578,8502,0,0,20486,2,3,1
6244,47,94,1,0,154,461,-62,683,10118,10030,8721,8462,0,0,20485,1,4,4
6245,47,94,1,0,158,477,-70,684,10298,10053,8466,8470,0,0,20486,2,2,1
6246,47,95,1,0,174,466,-69,685,10285,9867,8553,8534,0,0,20482,5,4,1
6247,47,94,1,0,170,479,-63,701,10254,10063,8548,8500,0,0,20484,2,2,5
6248,47,94,1,1,169,480,-65,701,10396,10091,8779,8430,0,0,20484,4,4,1
6249,47,97,1,0,169,486,-48,702,10426,9925,8584,8595,0,0,20474,2,4,1
6250,47,96,1,0,174,480,-52,697,10410,10057,8683,8621,0,0,20481,5,1,1
6251,47,95,1,0,174,493,-42,707,10249,10094,8610,8620,0,0,20483,4,3,4
6252,47,97,1,0,177,486,-43,716,10457,10089,8817,8565,1,0,20472,1,4,4
6253,47,95,1,0,196,503,-42,708,10353,10167,8872,8521,0,0,20478,5,4,4
6254,47,95,1,0,191,501,-38,716,10363,10111,8670,8627,0,0,20483,5,3,1
6255,48,96,1,0,199,495,-28,723,10402,10058,8787,8597,0,0,20484,2,3,3
6256,48,95,1,1,204,500,-29,722,10484,10234,8759,8669,0,0,20481,2,5,3
6257,48,96,1,0,195,508,-27,733,10388,10265,8882,8570,0,0,20472,5,1,2
6258,48,96,1,0,197,515,-28,732,10363,10096,8904,8657,0,0,20474,1,2,4
6259,48,95,1,0,214,516,-30,734,10417,10142,8745,8672,0,0,20482,3,3,3
6260,48,97,1,0,216,514,-24,740,10575,10089,8837,8675,0,0,20482,5,4,5
6261,48,98,1,0,212,516,-24,745,10525,10214,8952,8648,0,0,20484,5,4,5
6262,48,94,1,0,224,518,-7,736,10468,10190,8968,8780,0,0,20473,4,1,1
6263,48,96,1,0,226,530,-14,749,10611,10337,8806,8700,0,0,20479,2,1,2
6264,48,96,1,1,225,527,-12,753,10567,10355,8915,8690,0,0,20485,4,3,1
6265,48,94,1,0,232,529,-5,753,10537,10256,8832,8768,0,0,20485,4,2,2
6266,48,95,1,0,236,539,6,747,10592,10265,9033,8739,0,0,20472,5,4,4
6267,48,95,1,0,234,543,9,763,10595,10367,8957,8698,0,0,20479,1,5,2
6268,48,94,1,0,238,548,-1,762,10534,10216,8972,8749,0,0,20478,3,1,5
6269,48,98,1,0,245,546,5,763,10531,10238,9096,8717,0,0,20487,4,2,4
6270,48,96,1,0,247,548,13,759,10543,10299,8881,8746,0,0,20485,3,4,1
6271,48,96,1,0,248,554,10,771,10779,10445,8924,8775,0,0,20484,4,4,5
6272,48,98,1,1,247,561,18,778,10644,10294,9078,8758,1,0,20486,4,3,2
6273,48,96,1,0,258,560,18,783,10683,10347,8941,8898,0,0,20477,5,4,3
6274,48,95,1,0,258,567,28,777,10812,10522,9102,8835,0,0,20476,4,1,2
6275,48,97,1,0,255,561,18,784,10796,10369,9093,8949,0,0,20479,1,4,2
6276,48,96,1,0,266,574,37,783,10655,10385,8984,8846,0,0,20485,3,5,4
6277,48,96,1,0,256,571,24,791,10761,10544,9180,8849,0,0,20484,3,3,1
6278,48,96,1,0,258,566,34,788,10709,10566,9176,8845,0,0,20478,5,1,4
6279,48,97,1,0,265,580,42,801,10814,10630,9026,9007,0,0,20481,3,3,5
6280,48,95,1,1,268,584,40,803,10888,10601,9142,8958,0,0,20483,1,2,2
6281,48,95,1,0,279,580,37,805,10796,10533,9115,8894,0,0,20472,4,3,1
6282,48,94,1,0,286,580,55,802,10820,10612,9205,8922,0,0,20476,5,5,2
6283,48,95,1,0,281,582,44,805,10783,10661,9160,8998,0,0,20486,3,2,2
6284,48,95,1,0,277,589,58,809,10894,10495,9048,8967,0,0,20476,2,2,5
6285,48,98,1,0,281,590,54,807,11006,10679,9064,9038,0,0,20472,1,5,5
6286,48,97,1,0,283,590,67,808,10896,10659,9258,8953,0,0,20488,2,4,5
6287,48,95,1,0,295,605,66,817,10860,10746,9340,8958,0,0,20473,1,4,3
6288,48,95,1,1,295,600,66,824,10859,10634,9202,9009,0,0,20487,4,4,3
6289,48,97,1,0,299,607,71,826,10917,10653,9247,9125,0,0,20478,1,1,1
6290,48,95,1,0,295,602,79,821,10919,10620,9213,9116,0,1,20472,3,1,2
6291,48,94,1,0,306,608,69,823,11004,10707,9133,9167,0,0,20473,1,3,4
6292,48,94,1,0,302,619,81,838,10979,10625,9293,9069,0,0,20473,3,5,2
6293,48,94,1,0,305,626,78,842,10941,10654,9409,9157,0,0,20485,2,2,4
6294,48,95,1,0,314,628,80,839,11068,10687,9215,9055,0,0,20477,3,3,1
6295,48,95,1,0,312,619,83,850,11035,10825,9235,9106,0,0,20481,5,1,4
6296,49,94,1,1,325,630,92,849,11117,10731,9245,9195,0,0,20481,1,4,2
6297,49,96,1,0,321,632,89,844,11136,10765,9424,9233,0,0,20480,4,1,1
6298,49,98,1,0,321,638,92,851,11010,10820,9219,9257,0,0,20484,5,4,4
6299,49,97,1,0,337,643,107,862,11148,10886,9246,9180,0,0,20473,2,2,3
6300,49,97,1,0,339,644,101,852,11253,10887,9446,9176,0,0,20482,2,5,2
6301,49,98,1,0,341,648,100,859,11150,10802,9507,9252,1,0,20487,5,4,3
6302,49,97,1,0,340,655,112,864,11234,10896,9301,9274,0,0,20477,1,5,5
6303,49,94,1,0,347,644,117,862,11270,10953,9403,9216,0,0,20481,5,5,5
6304,49,94,1,1,344,659,121,879,11331,10955,9504,9255,0,0,20475,4,3,3
6305,49,96,1,0,355,659,113,868,11337,10908,9395,9256,0,0,20488,4,3,2
6306,49,94,1,0,350,664,117,883,11334,10927,9495,9288,0,0,20472,2,1,3
6307,49,95,1,0,357,655,118,877,11266,10929,9335,9338,0,0,20472,5,1,3
6308,49,94,1,0,363,667,132,876,11275,10872,9481,9285,0,0,20488,2,2,5
6309,49,95,1,0,367,663,130,884,11235,11095,9378,9347,0,0,20472,2,5,2
6310,49,96,1,0,370,674,141,890,11327,10894,9647,9354,0,0,20479,3,1,5
6311,49,96,1,0,361,672,137,894,11297,11079,9510,9362,0,0,20473,2,1,2
6312,49,96,1,1,365,684,146,896,11330,11019,9428,9322,0,0,20485,4,1,4
6313,49,98,1,0,377,689,140,895,11280,10966,9596,9381,0,0,20488,3,3,4
6314,49,96,1,0,375,693,151,909,11370,11043,9605,9398,0,0,20488,3,2,5
6315,49,97,1,0,378,684,149,911,11473,11149,9527,9399,0,0,20474,5,2,1
6316,49,96,1,0,381,687,152,905,11503,11014,9692,9467,0,0,20481,1,4,4
6317,49,97,1,0,381,689,154,908,11499,11221,9655,9411,0,0,20485,3,4,5
6318,49,97,1,0,398,690,161,907,11472,11181,9669,9501,0,0,20473,5,5,3
6319,49,96,1,0,389,695,162,915,11524,11105,9724,9480,0,0,20480,4,5,2
6320,49,95,1,1,389,704,162,915,11453,11231,9626,9532,0,0,20480,3,2,4
6321,49,94,1,0,396,709,161,920,11448,11285,9775,9442,0,0,20480,2,3,1
6322,49,94,1,0,399,702,172,924,11497,11179,9545,9466,0,0,20488,4,1,4
6323,49,98,1,0,404,706,179,932,11524,11171,9567,9527,0,0,20482,4,3,1
6324,49,97,1,0,414,720,182,939,11415,11282,9716,9507,0,0,20474,1,3,3
6325,49,97,1,0,413,714,179,943,11486,11307,9731,9569,0,0,20479,1,5,2
6326,49,94,1,0,407,721,192,933,11567,11160,9874,9622,0,1,20479,3,4,5
6327,49,94,1,0,421,723,186,937,11591,11204,9820,9505,0,0,20476,5,5,5
6328,49,98,1,1,414,731,192,951,11679,11353,9637,9542,0,0,20482,1,1,3
6329,49,94,1,0,431,725,194,950,11644,11217,9723,9688,0,0,20472,2,4,4
6330,49,95,1,0,430,728,192,956,11637,11271,9774,9601,0,0,20483,2,1,2
6331,49,94,1,0,434,733,199,957,11616,11357,9741,9719,0,0,20474,2,4,3
6332,49,98,1,0,431,746,196,951,11745,11249,9828,9708,0,0,20472,4,5,2
6333,49,94,1,0,430,738,210,957,11604,11346,9893,9663,0,0,20484,3,2,2
6334,49,96,1,0,448,755,204,970,11659,11262,9933,9707,0,0,20479,3,1,5
6335,49,94,1,0,449,754,214,963,11766,11285,9825,9733,0,0,20486,2,2,4
6336,49,97,1,1,453,753,220,963,11828,11307,9831,9772,0,0,20474,2,2,5
6337,50,94,1,0,449,754,220,978,11726,11411,9770,9670,0,0,20485,5,1,4
6338,50,96,1,0,455,752,225,985,11865,11553,9787,9795,0,0,20477,5,5,3
6339,50,98,1,0,459,770,221,982,11676,11498,10043,9805,0,0,20482,3,1,3
6340,50,94,1,0,460,763,233,980,11734,11499,9860,9769,0,0,20477,2,4,4
6341,50,98,1,0,463,763,225,993,11910,11595,9946,9708,0,0,20472,2,1,2
6342,50,94,1,0,464,777,241,986,11733,11610,9882,9813,0,0,20474,4,2,2
6343,50,97,1,0,467,770,243,998,11780,11423,9953,9781,0,0,20478,1,4,5
6344,50,95,1,1,472,781,239,1001,11835,11487,10103,9855,1,0,20475,5,4,3
6345,50,97,1,0,479,787,249,994,11823,11554,9997,9778,0,0,20486,4,1,2
6346,50,94,1,0,482,792,246,1002,11922,11646,10045,9784,0,0,20473,1,4,1
6347,50,96,1,0,488,790,245,1009,11782,11607,10131,9924,0,0,20473,5,4,4
6348,50,97,1,0,489,783,248,1007,11988,11655,10080,9870,0,0,20473,2,3,4
6349,50,94,1,0,484,786,259,1009,11909,11605,9921,9833,0,0,20479,5,2,2
6350,50,94,1,0,497,791,265,1021,11834,11597,9985,9846,0,0,20484,3,1,4
6351,50,98,1,0,487,805,257,1018,11939,11582,10094,9891,0,0,20485,5,1,5
6352,50,98,1,1,491,807,271,1014,11877,11680,9932,9971,0,0,20479,2,1,3
6353,50,94,1,0,493,804,269,1018,11940,11627,10021,9923,0,0,20481,3,2,4
6354,50,95,1,0,507,813,277,1031,12024,11568,10193,9980,0,0,20486,3,3,2
6355,50,96,1,0,503,807,276,1033,12130,11678,10123,9998,0,0,20478,5,3,5
6356,50,95,1,0,511,816,281,1028,12154,11627,10088,9929,0,0,20485,1,3,5
6357,50,96,1,0,512,812,274,1036,12143,11611,10273,10004,0,0,20474,5,4,5
6358,50,98,1,0,521,826,287,1045,12047,11775,10121,9983,0,0,20475,4,4,1
6359,50,97,1,0,510,821,293,1045,12195,11727,10271,10068,0,1,20479,2,3,3
6360,50,94,1,1,515,829,284,1042,12132,11860,10101,10059,0,0,20473,1,3,2
6361,50,94,1,0,524,825,287,1042,12156,11864,10229,9960,0,0,20486,2,1,2
6362,50,96,1,0,525,832,292,1053,12039,11718,10159,9949,0,0,20475,3,5,4
6363,50,97,1,0,532,839,299,1049,12187,11728,10349,10120,0,0,20472,1,2,4
6364,50,95,1,0,527,837,308,1052,12228,11848,10114,9987,0,0,20476,1,5,4
6365,50,94,1,0,534,844,313,1069,12240,11867,10225,10150,0,0,20488,1,5,4
6366,50,98,1,0,532,844,313,1071,12186,11845,10338,10021,0,1,20477,3,2,3
6367,50,98,1,0,544,842,310,1065,12258,11849,10314,10132,0,0,20478,5,5,5
6368,50,98,1,1,552,861,316,1068,12259,11934,10213,10040,0,0,20483,1,4,1
6369,50,97,1,0,546,849,325,1073,12134,11935,10221,10148,0,0,20482,3,3,1
6370,50,96,1,0,547,859,317,1077,12317,11987,10215,10154,1,0,20473,5,5,1
6371,50,94,1,0,553,864,318,1079,12249,11827,10229,10120,0,0,20485,1,1,3
6372,50,94,1,0,561,859,332,1076,12175,12053,10244,10162,0,0,20486,4,1,3
6373,50,96,1,0,568,874,327,1094,12391,12054,10383,10136,0,0,20483,1,2,2
6374,50,96,1,0,557,867,339,1086,12374,12005,10247,10157,0,0,20474,1,3,2
6375,50,94,1,0,570,874,336,1096,12225,12035,10390,10151,0,0,20483,1,5,5
6376,50,98,1,1,571,875,334,1097,12433,12130,10261,10277,0,0,20478,4,1,2
6377,50,94,1,0,573,884,336,1104,12328,12001,10433,10248,0,0,20472,1,3,3
6378,51,97,1,0,569,883,349,1095,12438,11972,10550,10174,0,0,20488,4,2,5
6379,51,98,1,0,578,885,357,1113,12406,12012,10451,10193,0,0,20487,1,4,4
6380,51,98,1,0,586,887,361,1112,12385,12140,10487,10350,0,0,20485,1,5,3
6381,51,95,1,0,579,890,360,1104,12348,12094,10483,10300,0,0,20485,1,3,5
6382,51,94,1,0,584,897,360,1121,12387,12047,10612,10288,0,0,20482,1,3,5
6383,51,96,1,0,591,905,357,1125,12356,12142,10573,10268,0,0,20478,4,4,2
6384,51,95,1,1,597,906,369,1118,12585,12159,10494,10297,0,0,20479,4,5,1
6385,51,95,1,0,601,898,376,1131,12503,12135,10604,10291,0,0,20477,4,5,4
6386,51,96,1,0,602,914,368,1124,12539,12218,10603,10351,0,0,20483,2,3,2
6387,51,94,1,0,600,908,368,1127,12410,12123,10661,10335,0,0,20472,4,4,1
6388,51,94,1,0,608,922,378,1136,12454,12270,10530,10406,0,0,20488,3,3,5
6389,51,96,1,0,605,917,386,1137,12533,12235,10604,10455,0,0,20479,1,3,1
6390,51,96,1,0,621,927,384,1138,12493,12229,10594,10474,0,0,20472,1,3,5
6391,51,97,1,0,614,918,385,1148,12701,12244,10448,10395,0,0,20488,3,1,5
6392,51,96,1,1,626,930,398,1138,12487,12359,10586,10419,1,0,20488,2,3,1
6393,51,95,1,0,617,927,401,1156,12615,12160,10636,10379,0,0,20483,5,4,1
6394,51,98,1,0,632,926,400,1158,12549,12363,10656,10374,0,0,20488,2,3,1
6395,51,95,1,0,625,939,406,1163,12737,12331,10574,10442,0,0,20487,1,1,2
6396,51,94,1,0,638,935,395,1159,12641,12355,10540,10488,0,0,20481,3,5,3
6397,51,95,1,0,643,946,407,1166,12769,12293,10782,10495,0,0,20472,3,3,2
6398,51,97,1,0,647,952,410,1158,12592,12273,10535,10486,0,0,20484,1,1,1
6399,51,95,1,0,640,950,411,1165,12721,12318,10667,10436,0,0,20488,1,1,4
6400,51,97,1,1,653,958,420,1178,12629,12462,10557,10555,0,0,20472,4,2,1
6401,51,94,1,0,646,952,416,1166,12619,12388,10597,10538,0,0,20488,3,4,2
6402,51,96,1,0,649,967,418,1177,12673,12412,10657,10558,0,0,20479,3,1,3
6403,51,96,1,0,652,966,431,1175,12816,12312,10746,10495,0,0,20476,5,3,2
6404,51,94,1,0,666,961,435,1180,12887,12501,10805,10559,0,0,20475,2,4,3
6405,51,96,1,0,661,966,424,1183,12853,12422,10616,10602,0,0,20485,2,2,2
6406,51,96,1,0,671,975,430,1184,12872,12468,10867,10521,0,0,20488,4,2,3
6407,51,97,1,0,673,978,429,1187,12807,12405,10720,10621,0,0,20484,4,1,4
6408,51,96,1,1,678,973,432,1191,12814,12387,10823,10688,0,0,20477,3,2,1
6409,51,98,1,0,669,981,450,1196,12817,12436,10867,10717,0,1,20484,2,1,4
6410,51,94,1,0,681,989,451,1200,12945,12497,10771,10694,0,0,20476,1,5,3
6411,51,94,1,0,672,987,452,1212,12800,12567,10833,10677,0,0,20478,5,1,1
6412,51,98,1,0,683,993,447,1208,12903,12602,10989,10724,0,0,20478,2,2,5
6413,51,98,1,0,678,986,458,1219,13004,12509,10846,10765,0,0,20482,1,3,4
6414,51,98,1,0,694,999,460,1215,13047,12519,11011,10762,0,0,20473,4,4,2
6415,51,95,1,0,690,1002,457,1222,12975,12552,11005,10755,0,0,20481,1,4,5
6416,51,96,1,1,693,997,469,1224,12864,12603,10758,10773,0,0,20476,4,5,1
6417,51,95,1,0,705,1001,476,1218,12888,12738,10841,10771,0,0,20472,2,3,4
6418,51,98,1,0,707,1017,474,1232,13037,12534,10823,10821,0,0,20477,4,2,5
6419,52,96,1,0,703,1006,468,1231,12923,12738,10934,10761,0,0,20474,5,1,1
6420,52,98,1,0,704,1021,477,1236,13124,12684,10915,10745,0,0,20474,5,2,4
6421,52,98,1,0,717,1016,482,1238,12951,12589,11075,10819,0,0,20486,4,2,2
6422,52,96,1,0,722,1017,479,1235,13085,12683,11105,10785,0,0,20487,4,3,3
6423,52,94,1,0,724,1018,484,1234,13112,12672,11052,10845,0,0,20472,2,4,2
6424,52,95,1,1,713,1035,490,1244,13148,12711,11047,10803,0,0,20481,4,5,1
6425,52,95,1,0,723,1033,499,1253,13020,12785,11018,10885,0,0,20488,1,3,5
6426,52,95,1,0,723,1029,501,1258,13185,12706,11011,10783,1,1,20475,3,4,5
6427,52,97,1,0,736,1039,504,1260,13244,12736,11133,10914,0,0,20472,1,1,2
6428,52,95,1,0,730,1048,509,1254,13110,12845,11110,10832,0,0,20481,4,5,5
6429,52,96,1,0,741,1039,507,1263,13262,12861,11025,10909,0,0,20485,1,2,1
6430,52,98,1,0,734,1041,507,1270,13212,12870,11000,10938,0,0,20479,2,1,1
6431,52,94,1,0,748,1049,510,1266,13253,12854,10985,10905,0,0,20477,5,5,3
6432,52,94,1,1,737,1049,516,1262,13298,12735,11014,10993,0,0,20485,4,4,1
6433,52,98,1,0,753,1057,514,1267,13217,12964,11264,10954,0,0,20474,4,1,2
6434,52,94,1,0,756,1057,524,1268,13331,12768,11212,10998,0,0,20472,3,3,4
6435,52,94,1,0,758,1066,529,1283,13283,12973,11270,10902,0,0,20486,1,5,1
6436,52,98,1,0,758,1062,528,1281,13298,12878,11214,11007,0,0,20485,5,3,1
6437,52,96,1,0,761,1068,538,1283,13163,12933,11076,10925,0,0,20478,2,3,1
6438,52,97,1,0,771,1070,539,1296,13229,12899,11314,11006,0,0,20482,4,1,1
6439,52,95,1,0,773,1073,533,1289,13420,13018,11131,11067,0,0,20487,1,3,3
6440,52,97,1,1,766,1078,541,1290,13386,12933,11172,10983,0,0,20476,2,5,1
6441,52,98,1,0,778,1074,538,1291,13282,12885,11357,11095,0,0,20485,3,1,1
6442,52,98,1,0,775,1076,547,1293,13350,12921,11357,11064,0,0,20478,4,1,5
6443,52,97,1,0,787,1079,551,1304,13438,12977,11339,10999,0,0,20473,4,5,1
6444,52,94,1,0,776,1087,553,1306,13314,13077,11118,11096,0,0,20472,4,5,4
6445,52,94,1,0,780,1099,556,1312,13280,13150,11273,11153,0,0,20486,4,2,4
6446,52,97,1,0,787,1098,556,1306,13431,13023,11286,11108,0,0,20488,5,1,2
6447,52,94,1,0,794,1107,555,1319,13418,13035,11332,11056,0,0,20484,2,2,5
6448,52,96,1,1,802,1105,568,1317,13510,13160,11186,11083,0,0,20486,1,2,2
6449,52,96,1,0,800,1097,571,1315,13452,13065,11267,11096,0,0,20488,4,4,4
6450,52,96,1,0,801,1112,573,1328,13404,13090,11222,11131,0,0,20485,1,1,1
6451,52,97,1,0,804,1110,578,1329,13583,13023,11267,11203,0,1,20488,2,4,1
6452,52,94,1,0,802,1116,581,1328,13496,13078,11342,11126,0,0,20482,4,4,1
6453,52,94,1,0,808,1123,581,1335,13544,13171,11433,11102,0,0,20483,3,3,1
6454,52,95,1,0,815,1122,587,1343,13556,13244,11293,11163,0,0,20480,3,5,5
6455,52,98,1,0,823,1120,585,1341,13587,13282,11477,11236,0,0,20475,5,1,5
6456,52,96,1,1,817,1120,590,1339,13478,13134,11536,11306,0,0,20487,2,1,3
6457,52,94,1,0,824,1131,586,1341,13577,13096,11447,11193,0,0,20481,1,2,3
6458,52,97,1,0,821,1128,592,1348,13487,13185,11278,11172,0,0,20472,5,2,2
6459,52,97,1,0,826,1131,596,1361,13630,13197,11424,11230,0,0,20477,3,3,4
6460,53,97,1,0,837,1137,602,1354,13530,13325,11417,11294,0,0,20482,1,2,3
6461,53,98,1,0,829,1149,598,1362,13549,13321,11584,11310,0,0,20473,3,1,5
6462,53,94,1,0,843,1153,613,1357,13732,13324,11366,11216,0,0,20479,4,2,2
6463,53,96,1,0,840,1146,603,1362,13587,13179,11431,11345,0,0,20488,2,3,2
6464,53,98,1,1,847,1158,617,1368,13759,13380,11378,11296,0,0,20474,4,2,3
6465,53,94,1,0,847,1151,613,1377,13631,13408,11432,11406,0,0,20473,4,5,2
6466,53,96,1,0,847,1159,618,1370,13748,13368,11676,11366,0,0,20477,4,5,1
6467,53,94,1,0,846,1153,623,1386,13833,13326,11672,11320,0,0,20475,1,3,5
6468,53,98,1,0,853,1172,629,1382,13795,13343,11451,11290,0,0,20481,4,3,3
6469,53,97,1,0,859,1162,636,1382,13641,13464,11441,11397,0,0,20481,4,2,5
6470,53,98,1,0,867,1177,638,1390,13762,13502,11451,11355,0,0,20472,4,1,2
6471,53,96,1,0,860,1172,642,1387,13888,13408,11657,11325,0,0,20475,2,2,5
6472,53,97,1,1,867,1180,641,1388,13702,13303,11544,11451,1,0,20486,5,1,1
6473,53,94,1,0,866,1177,635,1401,13714,13415,11527,11506,0,0,20476,1,4,4
6474,53,98,1,0,873,1177,650,1398,13736,13338,11635,11478,0,0,20482,1,5,4
6475,53,94,1,0,885,1188,653,1406,13797,13414,11686,11364,0,0,20488,1,2,5
6476,53,98,1,0,879,1185,652,1404,13778,13573,11642,11517,0,0,20474,5,3,2
6477,53,95,1,0,883,1194,650,1409,13831,13377,11676,11457,0,0,20479,2,2,1
6478,53,95,1,0,894,1199,651,1420,13986,13554,11610,11573,0,0,20488,2,2,1
6479,53,96,1,0,887,1193,665,1423,13811,13625,11713,11480,0,0,20485,3,2,3
6480,53,95,1,1,893,1206,656,1419,14009,13592,11841,11442,0,0,20474,1,2,4
6481,53,94,1,0,902,1205,668,1424,13958,13496,11571,11448,0,0,20481,5,4,5
6482,53,96,1,0,905,1215,665,1424,13957,13504,11698,11622,0,0,20473,5,3,2
6483,53,98,1,0,903,1206,671,1428,13837,13653,11841,11529,0,0,20474,5,3,3
6484,53,97,1,0,909,1219,668,1436,14053,13487,11763,11542,0,0,20484,2,1,1
6485,53,94,1,0,908,1213,675,1434,14083,13620,11842,11484,0,0,20478,2,4,1
6486,53,98,1,0,919,1226,686,1432,13883,13498,11852,11498,0,0,20483,3,3,1
6487,53,97,1,0,923,1220,689,1434,13960,13731,11701,11517,0,0,20486,5,2,3
6488,53,96,1,1,917,1218,693,1440,13975,13761,11715,11568,0,0,20480,5,1,5
6489,53,96,1,0,914,1233,684,1449,13988,13646,11669,11616,0,0,20476,4,4,3
6490,53,94,1,0,931,1232,701,1444,14019,13596,11727,11677,0,0,20480,1,3,4
6491,53,95,1,0,929,1240,690,1447,14116,13569,11853,11704,0,0,20483,2,4,5
6492,53,95,1,0,937,1232,704,1463,14146,13763,11708,11585,0,0,20476,3,3,4
6493,53,95,1,0,929,1239,697,1463,14161,13720,11998,11712,0,0,20480,4,3,1
6494,53,95,1,0,945,1239,700,1455,14194,13669,12006,11647,0,0,20475,1,3,4
6495,53,97,1,0,940,1247,717,1465,14066,13750,11905,11692,0,0,20476,2,5,5
6496,53,96,1,1,951,1257,705,1472,14246,13784,11958,11644,0,0,20486,5,1,2
6497,53,94,1,0,950,1252,717,1470,14246,13703,11843,11683,0,0,20476,1,2,3
6498,53,94,1,0,949,1249,727,1469,14255,13725,11858,11636,0,0,20476,4,5,1
6499,53,96,1,0,956,1267,719,1484,14276,13782,11952,11751,0,0,20473,3,5,2
6500,53,95,1,0,956,1263,721,1476,14281,13931,12057,11792,1,0,20473,3,1,2
6501,53,94,1,0,955,1272,733,1482,14165,13904,12095,11827,0,0,20488,4,4,4
6502,54,98,1,0,969,1273,726,1479,14273,13747,11916,11768,0,0,20481,3,2,4
6503,54,97,1,0,972,1266,732,1483,14330,13773,12048,11848,0,0,20487,1,5,1
6504,54,95,1,1,968,1269,740,1500,14259,13912,12011,11742,0,0,20486,5,3,4
6505,54,96,1,0,970,1283,746,1493,14240,13815,12078,11826,0,0,20476,4,2,2
6506,54,97,1,0,980,1284,749,1500,14255,13905,12102,11749,0,0,20477,5,4,3
6507,54,97,1,0,973,1282,744,1504,14312,13834,12144,11798,0,0,20488,1,1,1
6508,54,94,1,0,976,1292,754,1511,14217,13954,12028,11801,0,1,20476,3,3,1
6509,54,98,1,0,976,1293,746,1509,14319,13926,12101,11767,0,0,20483,1,3,4
6510,54,98,1,0,981,1287,749,1510,14262,13922,12028,11912,0,0,20481,1,3,1
6511,54,95,1,0,989,1302,759,1514,14304,14028,11983,11937,0,0,20485,5,3,4
6512,54,95,1,1,999,1298,758,1515,14367,14052,12131,11805,0,0,20473,2,3,2
6513,54,98,1,0,994,1300,770,1518,14309,14104,12072,11908,0,0,20481,1,4,4
6514,54,98,1,0,1006,1308,766,1530,14332,13917,12023,11904,0,0,20475,3,3,5
6515,54,96,1,0,995,1308,778,1524,14314,14094,11977,11945,0,0,20486,2,5,1
6516,54,95,1,0,1010,1308,769,1537,14336,13926,12000,11945,0,0,20473,5,5,4
6517,54,97,1,0,1009,1314,779,1527,14456,14070,12199,11939,0,0,20477,5,1,5
6518,54,98,1,0,1017,1310,786,1538,14460,14093,12058,11898,0,0,20479,1,3,3
6519,54,94,1,0,1020,1324,786,1545,14553,13977,12228,12030,0,1,20472,1,2,2
6520,54,95,1,1,1021,1320,790,1538,14509,14063,12295,11928,0,0,20482,3,5,2
6521,54,95,1,0,1024,1331,795,1553,14545,14027,12235,11961,0,0,20487,2,1,4
6522,54,96,1,0,1022,1332,791,1543,14491,14018,12184,12047,0,0,20482,4,2,4
6523,54,98,1,0,1030,1335,788,1556,14590,14061,12142,11961,0,0,20483,5,1,2
6524,54,95,1,0,1037,1340,800,1560,14503,14030,12308,11942,0,0,20480,1,4,2
6525,54,94,1,0,1030,1340,796,1551,14504,14232,12137,11968,0,0,20472,1,4,2
6526,54,97,1,0,1037,1335,797,1565,14490,14226,12198,12132,0,0,20488,4,1,3
6527,54,95,1,0,1033,1338,800,1556,14636,14270,12326,12046,0,0,20473,1,2,4
6528,54,98,1,1,1039,1344,810,1565,14550,14171,12166,12103,0,0,20485,1,2,4
6529,54,95,1,0,1037,1344,813,1576,14502,14156,12178,12082,0,0,20480,2,4,2
6530,54,94,1,0,1051,1360,811,1575,14592,14337,12178,12156,1,0,20474,2,3,1
6531,54,96,1,0,1049,1366,822,1583,14715,14184,12430,12148,0,0,20477,4,3,5
6532,54,96,1,0,1059,1369,818,1575,14725,14303,12329,12115,0,0,20481,2,4,3
6533,54,97,1,0,1063,1360,824,1574,14603,14333,12257,12055,0,0,20485,3,1,2
6534,54,96,1,0,1059,1370,829,1580,14667,14289,12288,12201,0,0,20488,5,2,1
6535,54,97,1,0,1055,1371,838,1583,14745,14388,12213,12100,0,0,20479,2,4,3
6536,54,94,1,1,1058,1367,828,1597,14671,14249,12461,12222,0,0,20483,4,1,4
6537,54,95,1,0,1064,1384,834,1595,14717,14363,12512,12209,0,0,20485,4,2,5
6538,54,94,1,0,1068,1375,848,1593,14842,14401,12472,12109,0,0,20472,4,2,1
6539,54,94,1,0,1074,1385,851,1596,14708,14395,12297,12218,0,0,20475,1,4,1
6540,54,95,1,0,1072,1391,840,1595,14835,14395,12524,12156,0,0,20479,2,3,5
6541,54,94,1,0,1089,1390,857,1598,14720,14327,12341,12178,0,0,20488,2,2,5
6542,54,95,1,0,1084,1389,856,1603,14785,14411,12569,12248,0,0,20485,1,1,2
6543,54,95,1,0,1092,1392,865,1613,14801,14498,12518,12270,0,0,20475,1,3,2
6544,55,98,1,1,1084,1403,868,1622,14793,14433,12575,12233,0,0,20484,2,2,1
6545,55,95,1,0,1093,1408,855,1622,14746,14486,12615,12250,0,0,20481,4,3,2
6546,55,97,1,0,1098,1408,858,1621,14945,14329,12591,12215,0,1,20484,5,4,1
6547,55,94,1,0,1105,1412,868,1628,14775,14450,12530,12370,0,0,20474,2,5,4
6548,55,98,1,0,1100,1406,880,1630,14851,14365,12530,12368,0,0,20480,1,2,3
6549,55,98,1,0,1112,1414,871,1625,14845,14564,12584,12392,0,0,20479,5,4,1
6550,55,97,1,0,1109,1409,873,1632,14860,14574,12507,12348,0,0,20488,3,1,5
6551,55,94,1,0,1117,1413,878,1629,14994,14475,12643,12394,0,0,20474,2,1,4
6552,55,95,1,1,1108,1414,882,1634,15046,14595,12581,12359,0,0,20482,1,1,1
6553,55,98,1,0,1126,1426,890,1648,15023,14563,12527,12384,0,0,20483,1,3,3
6554,55,94,1,0,1113,1429,898,1652,14953,14635,12477,12387,0,0,20479,5,2,2
6555,55,98,1,0,1118,1432,900,1645,14888,14680,12553,12398,0,0,20482,1,5,2
6556,55,98,1,0,1126,1441,893,1645,15100,14542,12572,12387,0,0,20474,3,5,2
6557,55,95,1,0,1124,1438,900,1651,15005,14494,12530,12327,0,0,20479,3,4,4
6558,55,97,1,0,1127,1445,905,1657,14925,14656,12589,12483,0,0,20479,5,2,1
6559,55,94,1,0,1130,1442,907,1653,15037,14524,12594,12511,0,0,20483,5,4,2
6560,55,97,1,1,1131,1440,910,1664,14936,14690,12640,12474,0,0,20476,3,5,2
6561,55,97,1,0,1145,1442,919,1670,15124,14585,12602,12437,0,0,20475,2,5,2
6562,55,95,1,0,1140,1459,919,1667,14951,14748,12818,12382,0,0,20484,3,3,4
6563,55,95,1,0,1144,1463,915,1676,15074,14706,12749,12477,0,0,20476,3,4,5
6564,55,96,1,0,1149,1460,925,1684,15172,14599,12729,12561,0,0,20482,5,2,4
6565,55,94,1,0,1161,1458,925,1679,15151,14749,12810,12459,1,0,20487,1,4,2
6566,55,98,1,0,1161,1467,930,1683,15100,14778,12690,12445,0,0,20472,1,5,2
6567,55,96,1,0,1158,1465,926,1686,15218,14781,12585,12491,0,0,20475,3,3,4
6568,55,98,1,1,1160,1472,936,1688,15165,14836,12706,12547,0,0,20475,3,4,5
6569,55,96,1,0,1160,1467,928,1696,15202,14702,12639,12600,0,0,20481,2,2,3
6570,55,97,1,0,1169,1478,944,1688,15073,14680,12621,12629,0,0,20480,2,3,2
6571,55,97,1,0,1167,1480,946,1701,15078,14823,12851,12618,0,0,20479,5,4,3
6572,55,96,1,0,1169,1485,953,1707,15203,14736,12886,12606,0,0,20477,5,3,5
6573,55,96,1,0,1180,1486,955,1698,15264,14780,12783,12516,0,0,20472,4,2,1
6574,55,96,1,0,1174,1481,959,1703,15326,14868,12920,12607,0,0,20485,5,2,1
6575,55,98,1,0,1181,1499,958,1715,15131,14789,12748,12542,0,0,20488,1,1,2
6576,55,95,1,1,1190,1496,957,1707,15226,14826,12863,12552,0,0,20473,2,1,1
6577,55,97,1,0,1198,1498,962,1712,15177,14806,12801,12556,0,0,20481,1,3,5
6578,55,95,1,0,1186,1500,957,1718,15346,14969,12894,12594,0,0,20477,4,5,4
6579,55,97,1,0,1195,1504,965,1725,15336,14975,12864,12582,0,0,20482,4,1,1
6580,55,96,1,0,1192,1504,968,1732,15254,14777,12788,12716,0,0,20488,1,1,4
6581,55,95,1,0,1208,1509,979,1728,15220,14921,12747,12700,0,0,20480,1,1,2
6582,55,97,1,0,1210,1505,979,1737,15403,14939,12795,12665,0,0,20473,2,1,4
6583,55,95,1,0,1214,1512,973,1726,15392,14891,13021,12770,0,0,20472,3,4,4
6584,55,94,1,1,1207,1518,975,1734,15321,14906,12990,12728,0,0,20477,1,1,4
6585,55,98,1,0,1207,1527,991,1742,15435,15044,12895,12658,0,0,20483,3,3,5
6586,56,98,1,0,1213,1524,994,1738,15365,15057,12866,12698,0,0,20476,5,5,1
6587,56,98,1,0,1222,1529,984,1747,15388,14871,13000,12708,0,0,20488,4,3,5
6588,56,97,1,0,1224,1526,993,1750,15354,15003,12878,12805,0,1,20488,5,3,4
6589,56,98,1,0,1223,1541,1004,1757,15398,15068,12918,12787,1,0,20486,4,4,4
6590,56,94,1,0,1235,1533,993,1750,15349,15056,12933,12867,0,0,20481,2,4,2
6591,56,94,1,0,1225,1539,999,1754,15357,15092,13073,12800,0,0,20477,1,3,2
6592,56,96,1,1,1239,1539,1008,1763,15587,15134,12975,12711,0,0,20481,1,1,3
6593,56,98,1,0,1235,1538,1005,1761,15592,15115,12905,12884,0,0,20478,1,2,2
6594,56,96,1,0,1245,1554,1012,1768,15413,14973,13158,12732,0,0,20474,1,1,2
6595,56,95,1,0,1248,1546,1013,1776,15427,15016,13007,12866,0,0,20477,3,5,5
6596,56,95,1,0,1253,1556,1011,1779,15411,15008,13100,12790,0,0,20486,4,4,5
6597,56,95,1,0,1257,1557,1015,1776,15539,15029,12953,12858,0,0,20483,5,1,5
6598,56,96,1,0,1262,1554,1021,1784,15474,15097,13066,12777,0,0,20474,5,2,1
6599,56,95,1,0,1252,1560,1027,1784,15509,15135,13089,12806,0,0,20478,4,4,2
6600,56,94,1,1,1255,1563,1032,1786,15543,15232,13133,12947,0,0,20473,4,1,2
6601,56,94,1,0,1259,1566,1034,1781,15679,15273,13174,12921,0,0,20474,2,4,3
6602,56,98,1,0,1263,1573,1031,1795,15644,15143,13253,12854,0,0,20487,2,1,2
6603,56,94,1,0,1268,1575,1041,1796,15526,15191,13094,12911,0,0,20477,3,1,5
6604,56,95,1,0,1272,1579,1044,1805,15730,15110,13058,12889,0,0,20480,2,5,5
6605,56,95,1,0,1271,1589,1042,1792,15570,15299,13292,12950,0,0,20477,4,1,2
6606,56,94,1,0,1270,1578,1044,1798,15739,15111,13301,12936,0,0,20478,4,3,2
6607,56,98,1,0,1281,1582,1058,1812,15665,15336,13195,13012,0,0,20480,3,4,5
6608,56,97,1,1,1288,1598,1049,1801,15730,15246,13235,12930,0,1,20485,2,5,3
6609,56,95,1,0,1291,1593,1059,1816,15666,15380,13060,12982,0,0,20487,3,1,4
6610,56,95,1,0,1290,1590,1060,1819,15779,15367,13101,12928,0,0,20484,2,3,2
6611,56,94,1,0,1299,1608,1061,1817,15633,15259,13090,12919,0,0,20486,4,2,2
6612,56,96,1,0,1297,1598,1067,1814,15801,15255,13352,12940,0,0,20472,1,1,2
6613,56,98,1,0,1293,1606,1076,1821,15659,15227,13251,13101,1,0,20487,4,2,2
6614,56,96,1,0,1305,1605,1077,1822,15650,15262,13265,12989,0,0,20484,3,1,4
6615,56,97,1,0,1299,1612,1072,1831,15764,15254,13326,12971,0,0,20474,4,3,2
6616,56,98,1,1,1304,1609,1081,1826,15830,15337,13333,13060,0,0,20484,4,4,4
6617,56,95,1,0,1307,1613,1084,1831,15915,15359,13335,13019,0,0,20487,1,1,4
6618,56,94,1,0,1308,1621,1086,1831,15916,15382,13408,13099,0,0,20482,1,1,5
6619,56,94,1,0,1323,1623,1084,1839,15734,15322,13345,13028,0,0,20479,5,3,3
6620,56,98,1,0,1312,1622,1088,1846,15722,15333,13276,13039,0,0,20478,3,1,1
6621,56,96,1,0,1328,1628,1095,1846,15918,15509,13335,13131,0,0,20488,3,3,3
6622,56,97,1,0,1328,1625,1099,1857,15865,15470,13235,13149,0,0,20487,4,3,1
6623,56,98,1,0,1334,1642,1095,1855,15798,15347,13420,13175,0,0,20479,4,2,2
6624,56,95,1,1,1336,1631,1105,1852,15874,15562,13342,13175,0,0,20484,2,4,2
6625,56,97,1,0,1332,1640,1097,1853,15977,15522,13266,13128,0,0,20488,1,2,4
6626,56,94,1,0,1330,1639,1106,1870,15899,15490,13425,13177,0,0,20473,5,5,5
6627,56,94,1,0,1334,1649,1113,1859,15876,15418,13348,13183,0,0,20478,3,4,3
6628,56,98,1,0,1350,1647,1112,1872,16024,15566,13498,13198,0,0,20483,4,5,5
6629,57,96,1,0,1349,1653,1118,1870,15852,15410,13483,13156,0,0,20477,5,5,4
6630,57,94,1,0,1343,1662,1127,1867,15869,15487,13298,13151,0,0,20487,1,5,3
6631,57,94,1,0,1348,1662,1117,1884,15889,15493,13416,13216,0,0,20484,1,1,2
6632,57,95,1,1,1352,1655,1120,1887,16017,15543,13478,13309,0,0,20479,4,4,5
6633,57,94,1,0,1357,1661,1132,1877,15898,15559,13546,13283,0,0,20483,5,5,4
6634,57,95,1,0,1360,1673,1134,1880,16106,15662,13471,13341,0,0,20479,2,5,3
6635,57,95,1,0,1368,1680,1141,1893,15960,15557,13527,13290,1,0,20481,4,5,3
6636,57,94,1,0,1366,1670,1137,1899,16112,15671,13590,13308,0,0,20483,1,3,5
6637,57,94,1,0,1365,1678,1132,1893,16147,15542,13523,13305,0,0,20479,1,2,4
6638,57,98,1,0,1374,1673,1147,1896,16046,15701,13624,13304,0,0,20481,4,2,5
6639,57,96,1,0,1378,1677,1138,1903,16030,15701,13538,13354,0,1,20482,2,5,5
6640,57,97,1,1,1387,1691,1143,1909,16063,15598,13481,13355,0,0,20485,5,1,3
6641,57,96,1,0,1377,1695,1149,1900,16036,15654,13488,13238,0,0,20472,2,3,3
6642,57,95,1,0,1379,1695,1154,1917,16224,15668,13499,13387,0,0,20477,4,2,1
6643,57,96,1,0,1386,1701,1158,1921,16161,15808,13523,13358,0,0,20477,1,5,1
6644,57,95,1,0,1385,1700,1165,1921,16058,15663,13462,13293,0,0,20477,4,1,5
6645,57,94,1,0,1387,1700,1163,1919,16063,15803,13649,13344,0,0,20479,4,4,5
6646,57,97,1,0,1396,1702,1164,1928,16222,15658,13517,13299,0,0,20487,5,4,2
6647,57,96,1,0,1404,1714,1166,1921,16171,15642,13615,13426,0,0,20480,1,2,5
6648,57,95,1,1,1398,1712,1175,1936,16193,15798,13518,13427,0,0,20473,5,5,1
6649,57,98,1,0,1405,1718,1180,1923,16142,15682,13512,13360,0,0,20472,3,4,1
6650,57,95,1,0,1401,1723,1177,1934,16192,15687,13742,13383,0,0,20483,1,1,2
6651,57,98,1,0,1407,1712,1183,1941,16224,15806,13551,13464,0,0,20483,3,2,2
6652,57,97,1,0,1419,1714,1183,1940,16195,15910,13515,13368,0,0,20482,3,2,2
6653,57,97,1,0,1418,1730,1193,1945,16246,15939,13568,13463,0,0,20486,5,5,3
6654,57,97,1,0,1418,1734,1192,1948,16376,15866,13812,13461,0,0,20477,4,2,3
6655,57,96,1,0,1421,1732,1199,1945,16213,15832,13547,13395,0,0,20485,4,4,5
6656,57,96,1,1,1433,1737,1190,1952,16261,15932,13633,13438,0,0,20473,2,4,4
6657,57,96,1,0,1434,1742,1207,1951,16392,15974,13836,13518,0,0,20484,1,4,1
6658,57,95,1,0,1439,1733,1197,1960,16407,15959,13818,13502,0,0,20485,4,5,5
6659,57,94,1,0,1437,1745,1206,1960,16257,15865,13865,13576,0,0,20475,3,5,3
6660,57,97,1,0,1446,1747,1211,1968,16298,15860,13874,13441,0,0,20475,5,5,5
6661,57,97,1,0,1440,1751,1206,1973,16444,15899,13843,13490,0,0,20472,2,3,2
6662,57,98,1,0,1452,1755,1215,1969,16338,15898,13850,13515,1,0,20485,3,5,2
6663,57,95,1,0,1454,1756,1212,1979,16437,15944,13759,13482,0,0,20479,4,4,3
6664,57,97,1,1,1454,1751,1217,1971,16332,15984,13857,13506,0,0,20481,1,2,3
6665,57,97,1,0,1451,1764,1227,1972,16470,16075,13808,13539,0,0,20487,1,1,4
6666,57,96,1,0,1459,1763,1226,1989,16384,15872,13794,13603,0,0,20484,2,4,5
6667,57,96,1,0,1463,1761,1234,1992,16400,15903,13791,13666,0,0,20472,5,2,5
6668,57,96,1,0,1457,1771,1225,1988,16411,15937,13836,13593,0,0,20486,3,3,4
6669,57,96,1,0,1459,1766,1232,1983,16489,16052,13749,13702,0,0,20472,5,3,3
6670,57,96,1,0,1462,1780,1232,1988,16431,15988,13791,13711,0,0,20482,4,1,2
6671,57,95,1,0,1468,1777,1237,1997,16448,16043,13938,13559,0,0,20484,1,2,2
6672,58,97,1,1,1479,1781,1243,2000,16440,15937,13875,13652,0,0,20476,2,3,3
6673,58,94,1,0,1477,1778,1245,1996,16509,16066,13786,13728,0,0,20485,4,4,4
6674,58,94,1,0,1485,1791,1257,2007,16643,16120,13791,13723,0,0,20473,1,4,2
6675,58,94,1,0,1479,1786,1253,2011,16484,16163,14034,13758,0,0,20476,5,3,2
6676,58,96,1,0,1483,1794,1253,2018,16657,16193,13828,13654,0,0,20484,5,1,1
6677,58,97,1,0,1494,1793,1261,2007,16514,16207,13810,13766,0,0,20480,5,3,5
6678,58,95,1,0,1493,1806,1255,2010,16461,16216,13961,13705,0,0,20472,1,1,5
6679,58,94,1,0,1494,1799,1268,2025,16655,16117,13827,13638,0,0,20475,5,1,2
6680,58,98,1,1,1492,1798,1266,2027,16542,16120,14076,13671,0,0,20487,4,5,4
6681,58,98,1,0,1492,1809,1263,2031,16553,16134,13972,13793,0,0,20485,3,2,2
6682,58,98,1,0,1506,1806,1280,2027,16617,16226,13955,13830,0,0,20474,1,3,4
6683,58,94,1,0,1514,1820,1270,2033,16652,16161,13931,13827,0,0,20486,3,5,1
6684,58,96,1,0,1509,1808,1276,2034,16627,16133,14129,13694,0,1,20484,3,2,3
6685,58,98,1,0,1512,1827,1275,2037,16598,16123,13988,13784,0,0,20475,5,4,3
6686,58,94,1,0,1516,1823,1287,2032,16617,16120,14127,13803,0,0,20475,2,4,3
6687,58,95,1,0,1520,1822,1281,2041,16609,16329,14072,13768,0,0,20488,3,1,2
6688,58,94,1,1,1517,1834,1290,2048,16781,16361,14087,13775,0,0,20475,2,5,3
6689,58,96,1,0,1522,1837,1296,2041,16638,16369,13991,13876,0,0,20477,3,3,1
6690,58,96,1,0,1525,1828,1302,2047,16768,16333,14044,13836,0,0,20481,3,2,2
6691,58,96,1,0,1537,1840,1294,2058,16696,16172,13951,13782,0,0,20488,1,2,3
6692,58,98,1,0,1536,1834,1303,2051,16761,16249,14128,13824,0,0,20473,5,4,3
6693,58,97,1,0,1540,1838,1312,2052,16793,16351,14042,13919,0,0,20476,5,4,1
6694,58,95,1,0,1533,1840,1306,2061,16839,16317,14105,13798,0,0,20476,4,2,5
6695,58,94,1,0,1543,1847,1307,2072,16803,16415,14039,13888,0,0,20483,4,3,5
6696,58,94,1,1,1536,1859,1316,2072,16888,16452,14105,13812,0,0,20481,4,3,5
6697,58,97,1,0,1553,1858,1323,2075,16869,16365,14076,13965,0,0,20482,5,5,4
6698,58,98,1,0,1542,1861,1327,2073,16862,16350,14170,13966,0,0,20479,5,1,1
6699,58,94,1,0,1551,1856,1326,2075,16731,16337,14067,13862,0,0,20480,1,5,4
6700,58,96,1,0,1562,1864,1324,2074,16851,16334,14275,13948,0,0,20472,4,2,4
6701,58,98,1,0,1561,1867,1320,2088,16793,16439,14111,14003,0,0,20485,1,5,5
6702,58,98,1,0,1560,1872,1326,2080,16887,16330,14122,13997,0,0,20475,2,2,1
6703,58,96,1,0,1561,1876,1341,2093,16951,16438,14330,13982,0,0,20486,1,3,1
6704,58,96,1,1,1561,1873,1338,2088,16880,16547,14261,13967,0,0,20480,2,4,3
6705,58,98,1,0,1565,1885,1341,2101,16982,16364,14075,13957,0,0,20483,4,4,5
6706,58,98,1,0,1570,1877,1340,2090,16898,16538,14081,13965,0,0,20485,4,3,2
6707,58,97,1,0,1574,1875,1353,2094,16905,16405,14183,14038,0,0,20486,4,5,4
6708,58,98,1,0,1584,1887,1348,2105,17018,16460,14262,13957,0,0,20486,2,3,2
6709,58,98,1,0,1586,1890,1355,2102,16936,16393,14226,14113,0,0,20472,5,5,1
6710,58,96,1,0,1592,1895,1353,2112,17063,16458,14222,13964,0,0,20480,5,5,2
6711,58,98,1,0,1585,1888,1364,2111,17078,16486,14125,14050,1,0,20477,5,5,3
6712,58,94,1,1,1585,1897,1361,2114,16903,16405,14172,14096,0,1,20477,2,2,2
6713,58,94,1,0,1593,1900,1361,2120,17076,16629,14396,14038,0,0,20484,5,3,4
6714,58,95,1,0,1597,1900,1369,2127,16949,16665,14196,14136,0,0,20479,2,3,4
6715,58,94,1,0,1594,1911,1375,2123,17026,16471,14257,14154,0,0,20486,2,5,3
6716,59,97,1,0,1608,1904,1370,2128,16990,16561,14257,14151,0,0,20488,2,1,2
6717,59,98,1,0,1612,1908,1377,2122,17127,16672,14242,14159,0,0,20488,3,2,5
6718,59,96,1,0,1610,1913,1383,2133,17155,16699,14232,14105,0,0,20475,1,1,2
6719,59,97,1,0,1604,1922,1381,2141,17055,16686,14383,14211,0,0,20477,5,1,4
6720,59,94,1,1,1609,1923,1383,2143,17097,16598,14298,14057,0,0,20477,1,2,4
6721,59,98,1,0,1622,1915,1389,2137,16995,16546,14327,14175,0,0,20472,4,1,4
6722,59,96,1,0,1615,1920,1392,2144,17048,16754,14436,14071,0,0,20472,3,5,3
6723,59,95,1,0,1616,1926,1392,2153,17139,16691,14287,14190,0,0,20479,2,3,1
6724,59,95,1,0,1627,1929,1399,2151,17047,16541,14530,14089,0,0,20479,5,5,2
6725,59,94,1,0,1622,1929,1391,2148,17189,16686,14509,14239,0,0,20485,2,1,1
6726,59,97,1,0,1630,1940,1399,2160,17059,16703,14569,14126,0,0,20473,5,2,3
6727,59,98,1,0,1638,1933,1401,2154,17121,16806,14550,14164,0,0,20486,3,4,2
6728,59,97,1,1,1630,1939,1413,2153,17142,16727,14567,14190,0,0,20474,3,1,2
6729,59,95,1,0,1631,1947,1408,2167,17169,16802,14486,14275,0,0,20473,3,3,3
6730,59,96,1,0,1642,1946,1406,2163,17259,16786,14488,14245,0,0,20478,5,2,1
6731,59,94,1,0,1644,1947,1415,2174,17228,16841,14528,14307,0,0,20476,5,5,4
6732,59,97,1,0,1651,1949,1416,2166,17251,16841,14529,14304,0,0,20476,5,4,3
6733,59,96,1,0,1650,1956,1424,2176,17200,16780,14391,14237,0,0,20475,4,5,3
6734,59,95,1,0,1645,1954,1430,2171,17197,16814,14573,14192,0,0,20483,5,4,4
6735,59,94,1,0,1651,1966,1431,2188,17137,16815,14412,14286,0,0,20483,4,5,2
6736,59,95,1,1,1660,1965,1421,2184,17198,16677,14467,14345,0,0,20476,1,1,2
6737,59,97,1,0,1654,1970,1424,2193,17400,16864,14609,14292,0,0,20480,2,3,4
6738,59,95,1,0,1658,1970,1440,2196,17308,16879,14415,14252,0,0,20479,2,3,2
6739,59,97,1,0,1675,1978,1445,2187,17360,16754,14550,14235,0,1,20476,2,3,1
6740,59,95,1,0,1674,1979,1447,2190,17375,16960,14616,14387,0,0,20476,2,5,5
6741,59,94,1,0,1681,1987,1444,2203,17370,16925,14454,14386,0,0,20486,4,5,3
6742,59,95,1,0,1673,1978,1449,2193,17276,16919,14716,14362,0,0,20481,4,1,2
6743,59,96,1,0,1684,1987,1442,2207,17414,16968,14514,14410,0,0,20484,3,1,3
6744,59,98,1,1,1684,1989,1456,2209,17401,16968,14605,14433,0,0,20474,4,5,5
6745,59,96,1,0,1689,1995,1451,2201,17487,16932,14655,14326,0,0,20474,4,5,1
6746,59,95,1,0,1690,1994,1461,2212,17411,16924,14602,14408,0,0,20479,4,2,4
6747,59,95,1,0,1687,2002,1457,2216,17392,16835,14603,14343,0,0,20479,5,1,4
6748,59,95,1,0,1697,2001,1459,2212,17305,16866,14740,14449,0,0,20487,3,1,2
6749,59,96,1,0,1692,2007,1465,2214,17393,17057,14562,14417,1,0,20480,4,5,3
6750,59,97,1,0,1698,2013,1474,2225,17331,16941,14712,14509,0,0,20487,5,5,2
6751,59,96,1,0,1694,2011,1477,2226,17522,17081,14771,14406,0,0,20474,1,5,5
6752,59,95,1,1,1705,2016,1469,2237,17447,17093,14619,14398,0,0,20488,4,1,2
6753,59,96,1,0,1699,2006,1484,2232,17416,16963,14656,14407,0,0,20484,4,2,4
6754,59,96,1,0,1710,2009,1484,2227,17472,17070,14841,14441,0,0,20488,4,4,1
6755,59,95,1,0,1714,2016,1477,2234,17513,17049,14582,14451,0,0,20482,3,4,2
6756,59,98,1,0,1718,2023,1477,2234,17479,17012,14744,14441,0,0,20483,1,4,3
6757,59,94,1,0,1714,2018,1489,2242,17410,16932,14762,14455,0,0,20473,2,4,3
6758,59,96,1,0,1722,2033,1486,2250,17478,17059,14722,14583,0,0,20476,4,1,1
6759,59,95,1,0,1716,2028,1497,2249,17630,17099,14598,14465,0,1,20482,4,3,4
6760,59,98,1,1,1720,2033,1491,2248,17433,17030,14795,14588,0,0,20476,1,1,4
6761,60,94,1,0,1731,2043,1497,2261,17538,17027,14671,14499,0,0,20488,4,3,1
6762,60,98,1,0,1728,2041,1506,2251,17553,17140,14649,14597,0,0,20476,4,2,2
6763,60,97,1,0,1736,2046,1500,2264,17608,17047,14914,14611,0,0,20488,4,3,3
6764,60,94,1,0,1730,2050,1500,2260,17666,17110,14669,14543,0,0,20483,3,2,5
6765,60,95,1,0,1743,2043,1518,2267,17700,17064,14784,14637,0,0,20480,3,1,3
6766,60,96,1,0,1746,2047,1505,2276,17661,17177,14905,14613,0,0,20477,2,2,5
6767,60,98,1,0,1739,2061,1521,2275,17732,17078,14966,14517,0,0,20481,2,5,2
6768,60,98,1,1,1748,2051,1519,2268,17709,17154,14696,14537,0,0,20482,1,5,4
6769,60,95,1,0,1749,2063,1528,2283,17642,17088,14800,14647,0,0,20481,3,3,5
6770,60,97,1,0,1759,2054,1519,2277,17691,17145,14997,14639,0,0,20484,1,2,2
6771,60,94,1,0,1754,2063,1533,2286,17635,17183,14785,14626,0,0,20477,3,1,3
6772,60,98,1,0,1754,2073,1535,2293,17731,17236,14993,14578,0,0,20476,4,4,4
6773,60,95,1,0,1758,2069,1528,2294,17798,17309,14965,14659,0,0,20476,2,2,3
6774,60,98,1,0,1763,2078,1541,2297,17740,17117,14852,14639,0,0,20474,3,3,4
6775,60,95,1,0,1767,2084,1543,2292,17716,17250,14932,14686,0,0,20474,2,5,4
6776,60,95,1,1,1779,2085,1536,2292,17778,17352,15028,14607,0,0,20473,1,5,4
6777,60,96,1,0,1776,2078,1544,2307,17763,17290,15011,14587,1,0,20485,4,2,3
6778,60,97,1,0,1778,2077,1544,2306,17862,17247,14802,14618,0,0,20481,5,1,1
6779,60,96,1,0,1784,2087,1548,2297,17766,17223,15017,14767,0,0,20487,2,5,2
6780,60,94,1,0,1783,2095,1551,2314,17797,17203,15000,14706,0,0,20482,2,1,1
6781,60,94,1,0,1783,2089,1556,2315,17839,17370,14899,14696,0,0,20481,3,1,1
6782,60,97,1,0,1787,2099,1562,2317,17854,17272,15032,14640,0,0,20481,3,3,5
6783,60,96,1,0,1793,2103,1567,2312,17911,17357,14875,14657,0,0,20476,1,3,4
6784,60,96,1,1,1790,2093,1559,2325,17701,17418,14968,14722,0,0,20475,1,1,2
6785,60,95,1,0,1791,2105,1560,2329,17887,17224,15002,14662,0,0,20487,3,4,5
6786,60,97,1,0,1794,2099,1570,2319,17806,17464,15040,14802,0,0,20472,3,1,5
6787,60,98,1,0,1794,2112,1569,2320,17918,17279,14884,14821,1,0,20487,2,2,4
6788,60,95,1,0,1802,2118,1581,2330,17943,17472,15035,14800,0,0,20479,1,2,2
6789,60,95,1,0,1802,2122,1576,2329,17800,17362,15075,14758,0,0,20475,3,4,3
6790,60,98,1,0,1804,2110,1582,2329,17863,17340,14950,14855,0,0,20478,1,5,5
6791,60,98,1,0,1816,2122,1576,2343,18007,17352,14994,14822,0,0,20480,4,3,3
6792,60,94,1,1,1813,2117,1580,2343,17848,17464,14977,14777,0,0,20488,1,1,1
6793,60,94,1,0,1826,2132,1592,2337,17825,17438,15019,14892,0,0,20475,2,5,5
6794,60,95,1,0,1823,2126,1587,2347,17843,17547,15215,14902,0,0,20486,1,3,5
6795,60,94,1,0,1829,2130,1599,2355,17884,17551,15106,14799,0,0,20475,1,5,1
6796,60,96,1,0,1821,2142,1597,2359,17936,17509,14978,14849,0,0,20476,4,5,4
6797,60,96,1,0,1837,2129,1592,2362,18015,17467,15117,14884,0,0,20478,4,3,3
6798,60,94,1,0,1826,2145,1602,2361,17899,17550,15036,14896,0,0,20488,5,4,3
6799,60,95,1,0,1842,2150,1600,2365,17877,17401,15260,14797,0,0,20486,2,3,2
6800,60,98,1,1,1839,2150,1609,2367,17936,17390,15127,14838,0,0,20473,2,4,3
6801,60,95,1,0,1834,2140,1605,2368,18115,17548,15014,14823,0,0,20473,1,3,1
6802,60,97,1,0,1841,2152,1607,2361,18040,17551,15146,14904,0,1,20477,3,5,5
6803,60,98,1,0,1849,2150,1621,2374,17902,17620,15232,14877,0,0,20487,2,3,4
6804,60,94,1,0,1851,2161,1624,2376,18143,17461,15114,14898,0,0,20486,1,5,4
6805,60,97,1,0,1845,2163,1615,2379,17977,17522,15138,14916,0,0,20479,5,1,5
6806,60,96,1,0,1849,2167,1629,2382,18001,17472,15117,14869,0,0,20480,2,1,5
6807,61,96,1,0,1855,2157,1628,2374,18178,17589,15200,14879,0,0,20488,3,3,1
6808,61,98,1,1,1864,2159,1632,2390,18177,17635,15083,15026,0,0,20479,2,2,4
6809,61,96,1,0,1856,2163,1627,2385,18030,17658,15090,14920,0,0,20483,3,2,2
6810,61,98,1,0,1863,2178,1627,2384,18088,17574,15323,14913,0,0,20485,5,3,2
6811,61,96,1,0,1862,2173,1639,2388,18150,17623,15344,14892,0,0,20473,4,3,1
6812,61,98,1,0,1876,2183,1638,2389,18173,17715,15374,14973,0,0,20486,2,4,3
6813,61,96,1,0,1870,2179,1639,2405,18167,17698,15091,15001,0,0,20474,4,3,3
6814,61,97,1,0,1880,2187,1648,2400,18172,17537,15297,14913,0,0,20481,1,5,5
6815,61,98,1,0,1871,2189,1656,2397,18064,17676,15341,14969,0,1,20485,2,4,3
6816,61,97,1,1,1889,2194,1654,2413,18088,17618,15407,15022,0,0,20488,5,3,2
6817,61,95,1,0,1892,2190,1658,2404,18262,17724,15351,15085,0,0,20478,3,3,3
6818,61,94,1,0,1890,2197,1659,2408,18271,17736,15396,15040,0,0,20479,5,3,5
6819,61,96,1,0,1895,2192,1662,2411,18292,17751,15197,15103,0,0,20482,4,1,2
6820,61,97,1,0,1890,2195,1655,2421,18181,17699,15450,14997,0,0,20482,1,4,4
6821,61,95,1,0,1900,2197,1662,2425,18252,17602,15270,15101,0,0,20488,2,1,1
6822,61,97,1,0,1895,2212,1670,2431,18118,17830,15218,15016,0,0,20483,2,1,3
6823,61,97,1,0,1907,2216,1670,2419,18191,17640,15376,15051,0,0,20477,4,4,2
6824,61,95,1,1,1900,2204,1677,2435,18310,17668,15440,15152,0,0,20486,2,5,4
6825,61,94,1,0,1911,2208,1681,2425,18266,17673,15403,15185,0,0,20474,3,5,4
6826,61,98,1,0,1909,2221,1684,2432,18268,17707,15487,15067,0,0,20485,4,3,3
6827,61,95,1,0,1919,2214,1682,2444,18188,17685,15466,15102,0,0,20473,5,2,5
6828,61,96,1,0,1908,2228,1679,2442,18365,17884,15477,15048,0,0,20479,2,3,5
6829,61,96,1,0,1921,2231,1693,2443,18311,17726,15520,15217,0,0,20483,1,5,5
6830,61,96,1,0,1917,2231,1694,2437,18389,17840,15249,15211,1,0,20473,1,1,4
6831,61,98,1,0,1921,2226,1697,2455,18351,17814,15286,15122,0,0,20477,4,1,4
6832,61,97,1,1,1926,2237,1687,2451,18432,17851,15349,15114,0,0,20488,3,2,2
6833,61,97,1,0,1932,2229,1699,2454,18377,17736,15376,15131,0,0,20482,5,5,5
6834,61,94,1,0,1923,2244,1705,2451,18408,17964,15436,15089,0,0,20483,1,5,3
6835,61,97,1,0,1940,2247,1708,2459,18345,17829,15292,15234,0,0,20484,4,4,4
6836,61,98,1,0,1944,2244,1703,2456,18362,17957,15440,15248,0,0,20486,4,3,3
6837,61,94,1,0,1932,2238,1706,2457,18346,17904,15332,15218,0,0,20474,1,4,4
6838,61,97,1,0,1939,2247,1715,2470,18390,17997,15475,15162,0,0,20476,4,2,3
6839,61,95,1,0,1943,2255,1708,2474,18456,18000,15452,15199,0,0,20488,1,5,4
6840,61,96,1,1,1953,2250,1712,2473,18382,17900,15627,15274,0,0,20481,4,5,5
6841,61,98,1,0,1942,2249,1716,2474,18495,17954,15428,15202,0,0,20488,4,4,4
6842,61,95,1,0,1953,2255,1729,2472,18342,18030,15491,15269,0,0,20476,1,4,1
6843,61,96,1,0,1962,2268,1723,2474,18464,17905,15577,15204,0,0,20483,5,1,5
6844,61,95,1,0,1959,2262,1721,2487,18436,17988,15534,15182,0,0,20483,3,3,1
6845,61,98,1,0,1965,2263,1730,2486,18388,17911,15405,15288,0,0,20481,2,2,4
6846,61,96,1,0,1969,2276,1726,2491,18554,18019,15553,15190,0,0,20475,4,4,1
6847,61,95,1,0,1973,2267,1734,2494,18414,17895,15430,15331,0,0,20480,4,1,2
6848,61,94,1,1,1962,2271,1734,2490,18395,17874,15664,15377,0,0,20479,1,4,4
6849,61,97,1,0,1963,2282,1735,2497,18484,17949,15428,15365,0,0,20479,5,4,4
6850,61,95,1,0,1980,2281,1749,2494,18613,18000,15470,15221,0,0,20477,1,3,4
6851,61,96,1,0,1984,2281,1738,2494,18491,17917,15584,15238,1,0,20476,5,4,3
6852,61,95,1,0,1972,2287,1747,2511,18452,18075,15482,15333,0,0,20485,2,4,3
6853,61,96,1,0,1986,2287,1745,2500,18547,18059,15574,15415,0,0,20482,1,2,3
6854,61,95,1,0,1990,2289,1747,2505,18649,18040,15723,15299,0,0,20482,1,4,4
6855,62,96,1,0,1985,2287,1755,2511,18528,18128,15480,15421,0,0,20479,2,4,3
6856,62,97,1,1,1992,2296,1755,2512,18593,18122,15618,15316,0,0,20479,4,5,2
6857,62,98,1,0,1994,2291,1768,2514,18588,18051,15528,15340,0,0,20478,3,5,3
6858,62,94,1,0,1996,2299,1757,2522,18496,18079,15596,15347,0,0,20477,3,3,5
6859,62,94,1,0,1995,2303,1775,2526,18650,17986,15584,15431,0,0,20482,5,5,4
6860,62,96,1,0,1993,2306,1767,2526,18549,18208,15660,15337,0,0,20475,4,2,3
6861,62,96,1,0,1997,2316,1772,2531,18668,18168,15606,15331,0,0,20476,1,4,2
6862,62,97,1,0,2006,2306,1780,2535,18693,18022,15712,15367,0,0,20479,5,2,1
6863,62,96,1,0,2007,2321,1772,2536,18753,18174,15748,15393,0,1,20488,4,3,1
6864,62,94,1,1,2012,2320,1788,2543,18656,18237,15659,15451,0,0,20483,5,5,1
6865,62,98,1,0,2008,2315,1785,2531,18595,18173,15595,15521,0,0,20488,1,4,2
6866,62,97,1,0,2011,2319,1790,2534,18641,18219,15762,15411,0,0,20487,2,1,3
6867,62,98,1,0,2021,2333,1793,2550,18647,18086,15586,15365,0,0,20472,1,5,5
6868,62,96,1,0,2013,2332,1794,2539,18781,18142,15820,15431,0,0,20488,3,2,5
6869,62,97,1,0,2030,2332,1796,2550,18735,18239,15654,15497,0,0,20479,5,3,5
6870,62,97,1,0,2028,2333,1796,2551,18642,18106,15809,15501,0,0,20485,5,5,3
6871,62,94,1,0,2037,2335,1793,2549,18812,18122,15724,15530,0,0,20475,4,2,1
6872,62,95,1,1,2024,2346,1802,2552,18723,18333,15888,15506,0,0,20478,4,2,1
6873,62,96,1,0,2038,2343,1802,2554,18775,18149,15857,15584,0,0,20476,3,4,1
6874,62,97,1,0,2030,2344,1808,2559,18866,18226,15839,15506,0,0,20485,4,1,4
6875,62,94,1,0,2041,2352,1806,2571,18723,18361,15739,15477,1,0,20480,5,3,4
6876,62,96,1,0,2047,2345,1804,2564,18653,18308,15837,15579,0,0,20478,1,2,2
6877,62,98,1,0,2050,2344,1817,2566,18807,18167,15701,15449,0,0,20472,4,1,1
6878,62,98,1,0,2054,2360,1814,2576,18826,18296,15666,15587,0,0,20485,5,4,1
6879,62,94,1,0,2046,2363,1827,2573,18710,18396,15802,15606,0,0,20488,3,3,5
6880,62,97,1,1,2055,2358,1826,2577,18720,18198,15717,15510,0,0,20487,5,5,3
6881,62,96,1,0,2063,2355,1823,2579,18915,18420,15684,15610,0,0,20485,3,3,5
6882,62,96,1,0,2053,2366,1834,2589,18764,18381,15896,15653,0,0,20472,4,5,4
6883,62,94,1,0,2062,2373,1832,2590,18850,18291,15838,15554,0,0,20478,3,1,3
6884,62,97,1,0,2067,2364,1840,2584,18937,18239,15817,15508,0,0,20480,3,2,3
6885,62,96,1,0,2072,2368,1836,2585,18879,18455,15851,15542,0,0,20479,3,2,2
6886,62,96,1,0,2064,2374,1835,2593,18983,18359,15745,15651,0,0,20478,3,5,2
6887,62,95,1,0,2067,2373,1844,2601,18948,18394,15844,15618,0,0,20477,3,3,4
6888,62,97,1,1,2069,2387,1847,2598,18833,18447,15787,15707,0,0,20473,4,5,4
6889,62,96,1,0,2069,2389,1849,2601,18870,18257,15775,15700,0,0,20482,3,5,4
6890,62,96,1,0,2077,2384,1856,2597,18922,18457,15932,15629,0,0,20472,4,4,5
6891,62,94,1,0,2081,2388,1858,2603,18846,18371,15820,15569,0,1,20481,1,4,4
6892,62,96,1,0,2091,2384,1846,2601,18914,18315,15835,15658,0,0,20473,3,4,1
6893,62,97,1,0,2084,2399,1849,2612,18857,18412,15978,15657,0,0,20482,2,4,5
6894,62,97,1,0,2091,2391,1864,2614,18828,18313,16049,15625,0,0,20488,5,2,5
6895,62,94,1,0,2094,2399,1855,2617,18975,18446,16000,15669,0,0,20479,4,3,1
6896,62,97,1,1,2097,2397,1857,2612,19080,18370,15865,15749,0,0,20481,5,4,2
6897,62,94,1,0,2100,2397,1871,2615,18945,18540,16083,15700,0,0,20481,3,5,3
6898,62,98,1,0,2103,2408,1873,2618,18902,18344,16089,15670,0,0,20485,1,5,2
6899,62,95,1,0,2104,2411,1876,2619,18992,18368,15879,15662,0,0,20480,4,1,4
6900,62,96,1,0,2100,2411,1866,2630,18951,18410,15932,15743,0,0,20475,2,5,4
6901,62,98,1,0,2111,2408,1879,2638,18901,18448,15886,15805,0,0,20481,5,2,2
6902,62,97,1,0,2112,2414,1871,2627,18955,18411,15974,15697,0,0,20472,5,1,2
6903,62,95,1,0,2104,2427,1883,2632,19093,18536,16017,15717,0,0,20478,2,3,2
6904,63,98,1,1,2115,2422,1887,2644,19129,18577,16123,15823,0,0,20483,3,5,3
6905,63,97,1,0,2115,2427,1888,2637,19109,18643,16021,15836,0,0,20476,2,5,3
6906,63,94,1,0,2127,2422,1891,2641,18939,18634,16122,15844,0,0,20480,4,2,4
6907,63,96,1,0,2127,2422,1892,2641,19047,18511,16108,15724,0,0,20476,1,4,4
6908,63,97,1,0,2122,2440,1893,2651,19168,18483,15898,15713,0,0,20476,5,3,1
6909,63,96,1,0,2121,2440,1896,2653,19067,18640,16181,15823,1,0,20483,2,2,1
6910,63,97,1,0,2127,2443,1907,2656,19197,18471,16199,15790,0,0,20488,2,3,1
6911,63,94,1,0,2125,2433,1906,2655,19174,18569,16160,15839,0,0,20479,4,4,3
6912,63,97,1,1,2127,2447,1907,2664,19130,18572,16213,15809,0,0,20480,2,2,4
6913,63,97,1,0,2143,2449,1903,2661,19120,18678,15988,15844,0,0,20486,1,4,5
6914,63,96,1,0,2135,2441,1910,2667,19016,18623,16077,15896,0,0,20485,5,2,3
6915,63,98,1,0,2150,2447,1913,2665,19219,18576,16176,15815,0,0,20477,4,1,2
6916,63,94,1,0,2146,2450,1912,2678,19175,18646,16195,15763,0,0,20474,2,3,1
6917,63,98,1,0,2153,2461,1916,2678,19076,18638,16175,15858,0,0,20473,1,1,4
6918,63,96,1,0,2148,2454,1916,2671,19202,18749,16057,15796,0,0,20476,3,4,1
6919,63,95,1,0,2149,2466,1930,2680,19073,18576,16253,15857,0,0,20486,4,3,3
6920,63,96,1,1,2159,2470,1933,2679,19301,18719,16178,15780,0,0,20474,1,1,4
6921,63,95,1,0,2163,2468,1933,2690,19211,18766,16021,15934,0,0,20473,3,5,2
6922,63,96,1,0,2156,2468,1931,2685,19109,18734,16136,15874,0,0,20486,1,1,3
6923,63,94,1,0,2156,2471,1936,2686,19184,18590,16198,15870,0,0,20488,5,2,5
6924,63,97,1,0,2172,2465,1940,2698,19181,18645,16202,15811,0,0,20475,5,1,2
6925,63,94,1,0,2162,2475,1930,2693,19170,18683,16268,15960,0,0,20476,3,4,4
6926,63,98,1,0,2174,2481,1935,2689,19304,18789,16222,15968,0,0,20487,3,4,4
6927,63,94,1,0,2172,2476,1941,2693,19269,18705,16041,15913,0,1,20479,3,4,5
6928,63,94,1,1,2175,2480,1945,2705,19195,18768,16151,15969,0,0,20473,1,1,1
6929,63,95,1,0,2179,2481,1944,2699,19146,18856,16332,15893,0,0,20476,5,1,2
6930,63,95,1,0,2186,2495,1944,2708,19184,18729,16317,15952,0,0,20483,2,2,4
6931,63,97,1,0,2180,2498,1954,2705,19212,18744,16204,15924,0,0,20487,1,4,5
6932,63,95,1,0,2193,2489,1959,2713,19217,18741,16251,15875,0,1,20482,1,4,4
6933,63,94,1,0,2182,2500,1961,2705,19205,18780,16132,15907,0,0,20476,5,1,5
6934,63,96,1,0,2189,2498,1968,2723,19334,18831,16201,15996,0,0,20477,1,1,1
6935,63,94,1,0,2185,2494,1968,2718,19264,18868,16334,16047,0,0,20477,5,2,3
6936,63,95,1,1,2197,2496,1968,2725,19338,18820,16142,16045,0,0,20487,5,2,4
6937,63,94,1,0,2201,2500,1960,2715,19229,18802,16282,15962,0,0,20485,3,3,2
6938,63,97,1,0,2206,2514,1978,2733,19339,18865,16260,15924,0,0,20473,1,2,3
6939,63,97,1,0,2206,2505,1969,2723,19425,18947,16305,15939,1,0,20488,3,1,4
6940,63,95,1,0,2211,2508,1969,2737,19475,18853,16188,15985,0,0,20485,2,3,5
6941,63,95,1,0,2202,2519,1980,2739,19365,18934,16426,16110,0,0,20475,3,1,4
6942,63,96,1,0,2204,2514,1981,2735,19439,18930,16346,16081,0,0,20477,2,3,3
6943,63,97,1,0,2209,2520,1983,2745,19371,18872,16398,16040,0,0,20473,5,3,5
6944,63,98,1,1,2210,2524,1980,2748,19321,18876,16335,16065,0,0,20480,5,5,5
6945,63,94,1,0,2217,2523,1994,2739,19429,18917,16324,16042,0,0,20481,1,2,1
6946,63,96,1,0,2227,2524,1991,2744,19363,18774,16370,16054,0,0,20474,2,3,5
6947,63,97,1,0,2218,2522,1999,2740,19350,18973,16328,16085,0,0,20475,1,2,5
6948,63,95,1,0,2224,2530,1996,2750,19355,18952,16273,16032,0,0,20482,4,4,2
6949,63,97,1,0,2229,2538,2001,2760,19561,18986,16272,16109,0,0,20476,2,1,1
6950,63,97,1,0,2224,2543,1996,2754,19449,18802,16484,16101,0,0,20481,4,1,1
6951,63,95,1,0,2226,2546,1995,2759,19429,18894,16412,16048,0,0,20486,4,5,5
6952,63,95,1,1,2240,2544,1998,2764,19538,18890,16324,16022,0,0,20487,3,2,2
6953,63,96,1,0,2238,2549,2005,2765,19359,18838,16440,16031,0,0,20472,1,2,1
6954,64,94,1,0,2232,2540,2017,2759,19440,18941,16497,16149,0,0,20487,1,1,5
6955,64,94,1,0,2243,2551,2012,2767,19515,19005,16467,16149,0,0,20486,3,3,5
6956,64,96,1,0,2251,2557,2008,2766,19581,18877,16487,16054,0,0,20475,2,4,1
6957,64,96,1,0,2244,2553,2022,2767,19443,18864,16408,16109,0,0,20475,3,5,2
6958,64,97,1,0,2244,2550,2021,2777,19488,19030,16496,16197,0,0,20480,3,4,1
6959,64,95,1,0,2247,2561,2025,2780,19524,18979,16491,16218,0,0,20488,3,2,4
6960,64,94,1,1,2251,2558,2031,2785,19506,19080,16387,16160,0,0,20479,3,5,1
6961,64,97,1,0,2257,2571,2022,2789,19648,19065,16513,16143,0,0,20483,3,5,4
6962,64,96,1,0,2252,2575,2032,2792,19633,18909,16539,16172,0,0,20478,3,3,2
6963,64,94,1,0,2255,2562,2034,2787,19500,19125,16366,16260,0,0,20474,3,3,3
6964,64,96,1,0,2263,2578,2033,2796,19600,19118,16531,16162,0,0,20482,3,2,2
6965,64,97,1,0,2262,2578,2029,2791,19606,19026,16393,16267,0,0,20480,2,4,1
6966,64,98,1,0,2264,2578,2038,2793,19508,19061,16579,16124,0,0,20476,1,2,1
6967,64,95,1,0,2273,2586,2044,2803,19708,18945,16611,16195,0,0,20486,5,3,2
6968,64,98,1,1,2277,2579,2041,2794,19697,19077,16548,16262,0,0,20487,4,3,2
6969,64,94,1,0,2270,2576,2053,2803,19541,19072,16605,16153,0,0,20481,3,2,4
6970,64,97,1,0,2275,2590,2044,2812,19672,19183,16599,16272,0,0,20481,1,4,4
6971,64,94,1,0,2282,2591,2056,2812,19748,19016,16377,16216,0,0,20473,1,1,2
6972,64,98,1,0,2280,2596,2049,2809,19538,19038,16588,16166,1,0,20478,3,3,2
6973,64,97,1,0,2279,2592,2059,2815,19570,19048,16378,16262,0,1,20482,4,4,1
6974,64,95,1,0,2297,2599,2056,2810,19650,19094,16606,16309,0,0,20476,5,1,3
6975,64,97,1,0,2291,2599,2069,2812,19652,19058,16468,16249,0,0,20480,5,1,2
6976,64,96,1,1,2296,2595,2063,2812,19734,19136,16668,16323,0,0,20483,3,3,3
6977,64,96,1,0,2297,2600,2063,2826,19619,19190,16416,16318,0,0,20483,5,3,3
6978,64,97,1,0,2297,2607,2067,2820,19600,19194,16436,16378,0,0,20481,1,3,3
6979,64,98,1,0,2302,2616,2064,2818,19650,19199,16699,16327,0,0,20486,1,1,2
6980,64,98,1,0,2298,2614,2081,2836,19764,19098,16615,16327,0,0,20486,1,2,4
6981,64,97,1,0,2307,2608,2073,2826,19802,19123,16517,16235,0,0,20478,2,4,3
6982,64,96,1,0,2302,2609,2070,2836,19816,19245,16722,16384,0,0,20487,1,1,5
6983,64,96,1,0,2314,2613,2075,2832,19715,19080,16514,16276,0,0,20483,2,4,4
6984,64,97,1,1,2313,2627,2084,2835,19637,19287,16698,16259,0,0,20481,4,1,5
6985,64,94,1,0,2314,2618,2091,2845,19773,19204,16523,16287,0,0,20474,3,1,2
6986,64,96,1,0,2319,2617,2091,2841,19671,19217,16736,16257,0,0,20480,4,3,4
6987,64,96,1,0,2315,2621,2097,2849,19752,19151,16714,16439,0,0,20482,1,2,5
6988,64,96,1,0,2324,2622,2092,2845,19835,19231,16486,16324,0,0,20485,5,5,2
6989,64,98,1,0,2333,2639,2100,2857,19715,19193,16621,16286,0,0,20475,2,2,2
6990,64,96,1,0,2320,2636,2096,2856,19877,19324,16576,16424,0,0,20472,1,4,3
6991,64,98,1,0,2337,2636,2107,2856,19799,19200,16685,16301,0,0,20474,5,2,4
6992,64,95,1,1,2337,2646,2104,2849,19915,19242,16785,16308,0,0,20477,4,5,5
6993,64,97,1,0,2335,2634,2102,2855,19879,19178,16545,16351,0,0,20473,5,5,3
6994,64,95,1,0,2342,2645,2108,2860,19838,19303,16748,16373,0,0,20474,2,4,5
6995,64,96,1,0,2337,2645,2101,2865,19735,19237,16737,16399,0,0,20482,4,2,4
6996,64,94,1,0,2349,2642,2114,2861,19863,19216,16648,16324,0,0,20488,1,2,5
6997,64,95,1,0,2338,2647,2115,2861,19883,19226,16802,16507,0,1,20472,3,3,3
6998,64,95,1,0,2346,2647,2124,2869,19929,19233,16675,16459,0,0,20472,2,1,4
6999,64,97,1,0,2347,2655,2111,2870,19811,19410,16723,16480,0,0,20472,2,3,5
7000,64,95,1,1,2352,2654,2118,2881,19865,19332,16649,16359,0,0,20476,2,2,5
7001,64,95,1,0,2351,2666,2126,2878,19840,19374,16611,16502,0,0,20482,2,2,2
7002,64,97,1,0,2357,2663,2124,2875,19831,19306,16846,16376,0,0,20477,4,5,2
7003,64,97,1,0,2352,2663,2135,2877,19839,19343,16644,16423,0,0,20488,4,3,1
7004,64,94,1,0,2364,2672,2122,2881,19987,19415,16693,16491,0,0,20487,5,5,4
7005,64,95,1,0,2360,2669,2126,2889,19933,19307,16869,16394,0,0,20472,5,2,5
7006,64,97,1,0,2364,2670,2140,2894,19972,19262,16839,16434,0,0,20488,1,2,4
7007,64,98,1,0,2374,2671,2144,2889,19984,19318,16759,16419,0,0,20475,1,3,2
7008,65,94,1,1,2369,2672,2146,2887,19969,19272,16699,16577,0,0,20473,1,4,5
7009,65,94,1,0,2371,2683,2150,2889,19878,19339,16776,16564,0,0,20476,2,2,5
7010,65,94,1,0,2378,2682,2143,2898,19948,19521,16745,16514,0,0,20472,3,3,1
7011,65,96,1,0,2378,2688,2148,2899,20053,19420,16793,16480,0,0,20472,2,5,3
7012,65,96,1,0,2374,2693,2148,2896,19858,19323,16802,16564,0,0,20484,2,5,4
7013,65,96,1,0,2376,2693,2156,2906,19984,19369,16879,16506,1,0,20476,2,3,3
7014,65,97,1,0,2386,2695,2148,2901,20012,19382,16849,16477,0,0,20487,1,5,3
7015,65,98,1,0,2381,2697,2148,2911,20084,19502,16837,16488,0,0,20485,4,1,4
7016,65,97,1,1,2391,2702,2166,2918,20042,19369,16709,16487,0,0,20488,5,2,3
7017,65,94,1,0,2395,2701,2157,2913,19924,19528,16857,16602,0,0,20486,4,1,2
7018,65,98,1,0,2387,2702,2155,2914,20125,19480,16831,16616,0,0,20488,5,4,3
7019,65,97,1,0,2398,2698,2172,2928,20121,19474,16799,16548,0,0,20484,4,1,3
7020,65,98,1,0,2390,2705,2166,2921,20124,19450,16742,16504,0,0,20481,1,2,1
7021,65,95,1,0,2401,2706,2170,2930,19999,19495,16926,16641,0,1,20484,4,1,3
7022,65,95,1,0,2409,2708,2173,2932,20143,19534,16739,16655,0,0,20480,3,1,3
7023,65,97,1,0,2402,2711,2169,2922,20167,19415,16888,16636,0,0,20482,2,5,2
7024,65,94,1,1,2408,2718,2174,2937,20084,19624,16728,16583,0,0,20484,1,2,2
7025,65,95,1,0,2409,2723,2176,2935,19951,19420,16805,16689,0,0,20479,3,2,4
7026,65,96,1,0,2417,2721,2176,2930,20045,19466,16876,16679,0,0,20473,2,5,5
7027,65,98,1,0,2417,2720,2176,2941,20045,19509,16791,16537,0,0,20486,3,1,2
7028,65,95,1,0,2416,2725,2178,2944,20177,19555,16882,16601,1,0,20474,5,5,3
7029,65,95,1,0,2425,2726,2195,2950,20022,19586,16786,16699,0,0,20483,5,5,2
7030,65,98,1,0,2426,2736,2187,2952,20203,19452,16824,16637,0,0,20482,5,2,2
7031,65,98,1,0,2419,2727,2190,2953,20004,19473,16866,16618,0,0,20487,3,5,3
7032,65,96,1,1,2423,2739,2196,2944,20212,19491,16907,16715,0,0,20473,2,5,4
7033,65,94,1,0,2425,2731,2202,2951,20018,19465,16908,16594,0,0,20487,2,2,5
7034,65,98,1,0,2434,2739,2207,2959,20203,19627,16940,16617,0,0,20473,3,2,2
7035,65,97,1,0,2435,2732,2198,2955,20242,19594,17005,16718,0,0,20482,3,1,3
7036,65,95,1,0,2433,2741,2199,2959,20128,19714,16937,16608,0,0,20478,4,5,2
7037,65,98,1,0,2436,2738,2214,2967,20106,19661,16812,16621,0,0,20480,2,5,1
7038,65,94,1,0,2440,2750,2209,2963,20094,19520,16872,16652,0,0,20484,5,4,3
7039,65,97,1,0,2447,2749,2211,2960,20073,19603,16879,16761,0,0,20473,5,3,1
7040,65,98,1,1,2441,2747,2216,2962,20190,19662,16923,16637,0,0,20472,5,3,2
7041,65,96,1,0,2445,2753,2221,2976,20264,19748,16928,16690,0,0,20472,4,4,2
7042,65,95,1,0,2447,2755,2219,2981,20291,19764,17047,16757,0,0,20480,5,2,4
7043,65,94,1,0,2452,2760,2228,2982,20288,19701,17023,16651,0,0,20488,1,3,3
7044,65,95,1,0,2450,2766,2215,2985,20094,19595,16974,16703,0,0,20483,4,5,5
7045,65,97,1,0,2454,2758,2226,2981,20230,19730,17107,16796,0,0,20479,3,3,3
7046,65,97,1,0,2462,2772,2229,2978,20118,19781,17079,16818,0,0,20484,5,2,4
7047,65,94,1,0,2465,2774,2224,2983,20116,19715,17095,16710,0,0,20487,4,1,1
7048,65,96,1,1,2467,2770,2233,2994,20278,19586,17018,16660,0,0,20472,2,3,3
7049,65,98,1,0,2469,2765,2237,2996,20260,19744,17075,16703,0,0,20484,1,2,1
7050,65,94,1,0,2465,2779,2237,2995,20255,19746,17133,16754,0,0,20482,1,1,5
7051,65,98,1,0,2475,2783,2246,2986,20280,19751,16993,16839,1,0,20481,4,1,3
7052,65,98,1,0,2476,2775,2238,2994,20237,19784,17126,16698,0,0,20478,5,4,1
7053,65,97,1,0,2477,2785,2245,3005,20241,19832,17155,16729,0,0,20474,3,5,4
7054,65,98,1,0,2479,2777,2240,3000,20386,19848,17068,16791,0,0,20472,2,1,3
7055,65,94,1,0,2471,2782,2252,3007,20391,19702,17017,16813,0,0,20474,5,3,1
7056,65,94,1,1,2480,2789,2247,3002,20375,19758,17095,16713,0,0,20484,3,5,2
7057,65,94,1,0,2486,2792,2244,3004,20304,19705,16996,16885,0,0,20476,1,1,2
7058,65,95,1,0,2484,2786,2254,3014,20208,19699,17131,16876,0,0,20488,5,5,2
7059,65,97,1,0,2483,2791,2264,3015,20290,19722,17010,16858,0,0,20486,5,5,4
7060,65,98,1,0,2487,2798,2250,3012,20247,19749,17131,16776,0,0,20484,2,5,5
7061,65,97,1,0,2488,2802,2267,3021,20388,19779,17032,16910,0,0,20484,1,5,2
7062,65,98,1,0,2501,2803,2256,3019,20404,19821,17069,16880,0,1,20480,4,2,5
7063,65,94,1,0,2489,2801,2258,3019,20442,19858,16984,16789,0,0,20480,4,3,3
7064,66,97,1,1,2501,2805,2275,3029,20241,19809,17174,16793,0,0,20484,3,2,4
7065,66,94,1,0,2503,2809,2265,3032,20253,19867,17165,16805,0,0,20488,3,4,4
7066,66,95,1,0,2502,2806,2278,3025,20466,19704,17056,16803,0,0,20474,4,1,1
7067,66,98,1,0,2504,2816,2267,3031,20304,19848,17069,16855,0,0,20485,2,1,4
7068,66,95,1,0,2505,2817,2275,3035,20298,19871,17202,16807,0,0,20487,5,2,3
7069,66,98,1,0,2512,2821,2273,3041,20317,19810,17161,16944,0,0,20487,3,2,2
7070,66,95,1,0,2508,2810,2282,3034,20402,19933,17053,16822,0,0,20480,5,2,5
7071,66,96,1,0,2517,2819,2284,3040,20394,19785,17025,16892,0,0,20482,5,2,1
7072,66,94,1,1,2519,2821,2291,3045,20532,19898,17295,16931,0,0,20488,3,5,4
7073,66,97,1,0,2513,2828,2293,3041,20323,19963,17058,16930,0,0,20487,4,4,4
7074,66,94,1,0,2525,2834,2295,3052,20481,19848,17069,16931,0,0,20473,2,5,4
7075,66,95,1,0,2514,2836,2284,3053,20500,19936,17258,16948,0,0,20486,1,4,2
7076,66,94,1,0,2519,2836,2287,3042,20519,19839,17087,16908,0,0,20488,5,3,3
7077,66,98,1,0,2527,2836,2289,3049,20408,20010,17297,16924,0,0,20483,3,4,2
7078,66,96,1,0,2528,2843,2305,3061,20366,19919,17297,16843,0,0,20482,3,5,3
7079,66,94,1,0,2537,2841,2301,3058,20480,19960,17206,16890,0,0,20483,4,5,2
7080,66,97,1,1,2531,2836,2307,3062,20504,19984,17241,17001,0,0,20484,4,4,4
7081,66,98,1,0,2538,2841,2299,3052,20414,19888,17223,16914,0,0,20473,5,1,5
7082,66,96,1,0,2541,2849,2305,3059,20537,19980,17286,16932,0,0,20473,1,5,1
7083,66,94,1,0,2544,2846,2315,3061,20485,19959,17214,16887,0,0,20483,1,3,1
7084,66,94,1,0,2548,2843,2307,3067,20577,20038,17171,16884,0,0,20479,5,3,2
7085,66,94,1,0,2551,2854,2319,3068,20533,19947,17208,16900,0,0,20481,4,2,2
7086,66,95,1,0,2547,2851,2321,3063,20411,20064,17233,16952,0,0,20485,4,5,3
7087,66,98,1,0,2548,2863,2321,3065,20456,19998,17289,16912,0,0,20481,2,5,1
7088,66,98,1,1,2552,2853,2327,3071,20492,19909,17225,17038,0,0,20482,3,2,2
7089,66,97,1,0,2556,2854,2325,3083,20490,19987,17365,16958,0,0,20476,3,2,3
7090,66,98,1,0,2559,2868,2326,3074,20518,19888,17292,16972,0,0,20476,4,1,4
7091,66,94,1,0,2563,2870,2331,3081,20429,20087,17252,16920,0,0,20481,2,4,4
7092,66,98,1,0,2561,2868,2327,3088,20515,19963,17258,16945,1,0,20485,3,3,1
7093,66,97,1,0,2562,2865,2325,3084,20494,20054,17313,16985,0,0,20481,5,2,4
7094,66,96,1,0,2556,2870,2331,3086,20633,19984,17274,17064,0,0,20484,2,2,3
7095,66,94,1,0,2557,2880,2342,3093,20604,19905,17442,17087,0,0,20478,1,5,4
7096,66,98,1,1,2567,2875,2337,3099,20691,20132,17363,16974,0,1,20483,1,4,1
7097,66,96,1,0,2561,2874,2342,3089,20534,19915,17412,16992,0,0,20482,3,5,1
7098,66,95,1,0,2575,2878,2336,3095,20638,20070,17433,17092,0,0,20472,1,3,3
7099,66,96,1,0,2572,2882,2344,3092,20513,19965,17451,17108,0,0,20481,3,1,3
7100,66,94,1,0,2579,2885,2344,3105,20663,19963,17290,17041,0,0,20486,5,2,2
7101,66,97,1,0,2570,2885,2342,3100,20660,20066,17454,17043,0,0,20475,2,5,3
7102,66,94,1,0,2576,2892,2349,3104,20685,20020,17226,16989,0,0,20480,1,1,1
7103,66,97,1,0,2588,2895,2351,3100,20571,20104,17476,17001,0,0,20481,4,1,3
7104,66,96,1,1,2586,2885,2348,3104,20592,20037,17342,17150,0,0,20485,3,2,5
7105,66,96,1,0,2591,2901,2354,3118,20551,20121,17428,17053,0,0,20482,1,1,4
7106,66,95,1,0,2591,2897,2362,3113,20737,19967,17242,17147,0,0,20475,2,3,4
7107,66,94,1,0,2595,2905,2352,3111,20535,20029,17228,17050,0,0,20478,4,2,1
7108,66,94,1,0,2600,2893,2368,3118,20573,20072,17283,17164,0,0,20473,4,3,1
7109,66,96,1,0,2598,2895,2368,3124,20615,20184,17312,17084,0,0,20473,4,1,1
7110,66,95,1,0,2595,2900,2362,3121,20560,20058,17256,17138,0,0,20480,3,4,1
7111,66,98,1,0,2604,2898,2372,3118,20764,20029,17529,17126,0,0,20473,2,3,1
7112,66,97,1,1,2598,2908,2378,3122,20586,20056,17376,17119,0,0,20488,1,4,3
7113,66,96,1,0,2610,2909,2371,3129,20676,20159,17275,17204,0,0,20485,5,1,2
7114,66,96,1,0,2597,2904,2381,3135,20620,20236,17293,17062,0,0,20472,1,5,3
7115,66,95,1,0,2603,2908,2380,3133,20653,20121,17269,17088,0,0,20480,5,1,3
7116,66,95,1,0,2610,2911,2375,3142,20730,20242,17514,17203,0,0,20477,5,1,3
7117,66,97,1,0,2609,2926,2385,3141,20711,20226,17357,17072,0,0,20480,2,2,4
7118,66,94,1,0,2611,2922,2384,3132,20683,20144,17525,17172,0,0,20486,3,5,4
7119,66,94,1,0,2611,2920,2380,3134,20743,20182,17337,17119,0,0,20475,3,2,4
7120,66,97,1,1,2620,2927,2392,3147,20759,20229,17560,17077,0,0,20477,2,3,4
7121,66,94,1,0,2616,2919,2390,3151,20715,20202,17573,17170,0,0,20477,3,4,4
7122,66,96,1,0,2615,2925,2385,3142,20647,20086,17570,17090,0,0,20473,3,3,5
7123,66,96,1,0,2631,2928,2401,3156,20868,20219,17552,17114,0,0,20482,3,4,4
7124,67,94,1,0,2629,2925,2390,3156,20806,20137,17437,17130,0,0,20482,3,5,5
7125,67,97,1,0,2626,2928,2401,3151,20788,20097,17584,17119,0,0,20483,4,5,4
7126,67,98,1,0,2625,2929,2406,3151,20760,20299,17384,17211,0,0,20481,1,1,2
7127,67,98,1,0,2627,2940,2398,3149,20731,20182,17410,17263,1,0,20473,3,5,4
7128,67,94,1,1,2627,2933,2407,3153,20822,20094,17404,17167,0,0,20484,4,4,1
7129,67,94,1,0,2628,2937,2399,3167,20749,20280,17459,17281,0,0,20478,2,3,4
7130,67,97,1,0,2639,2945,2406,3164,20900,20248,17478,17281,0,0,20473,2,3,2
7131,67,96,1,0,2640,2939,2408,3170,20802,20219,17576,17208,0,0,20483,1,1,1
7132,67,97,1,0,2637,2945,2417,3160,20686,20213,17643,17215,0,0,20480,3,5,3
7133,67,95,1,0,2639,2947,2416,3166,20887,20166,17631,17195,0,1,20480,2,4,3
7134,67,97,1,0,2649,2957,2422,3168,20817,20314,17477,17302,0,0,20473,3,2,1
7135,67,97,1,0,2656,2951,2423,3169,20792,20354,17557,17172,0,0,20479,5,2,4
7136,67,96,1,1,2658,2964,2420,3169,20867,20253,17439,17184,0,0,20475,1,2,3
7137,67,95,1,0,2656,2956,2418,3174,20817,20318,17623,17241,0,0,20487,3,4,3
7138,67,97,1,0,2652,2959,2429,3178,20897,20231,17638,17198,0,0,20487,4,1,5
7139,67,97,1,0,2652,2965,2423,3184,20809,20373,17572,17323,0,0,20472,5,3,3
7140,67,98,1,0,2656,2962,2432,3189,20914,20174,17433,17261,0,0,20477,2,3,1
7141,67,94,1,0,2663,2960,2431,3179,20969,20223,17498,17199,0,0,20487,3,5,1
7142,67,97,1,0,2664,2963,2434,3195,20939,20292,17447,17236,0,0,20483,3,1,2
7143,67,97,1,0,2658,2968,2435,3189,20990,20348,17485,17207,0,0,20483,2,4,3
7144,67,94,1,1,2661,2970,2444,3189,20992,20306,17558,17262,0,0,20479,2,5,3
7145,67,94,1,0,2661,2973,2434,3187,20870,20301,17685,17208,0,0,20475,5,5,2
7146,67,97,1,0,2675,2984,2446,3203,20872,20397,17606,17321,0,0,20486,5,4,3
7147,67,98,1,0,2667,2985,2435,3197,20786,20258,17607,17282,0,0,20479,2,2,4
7148,67,94,1,0,2669,2983,2450,3195,20997,20226,17650,17363,0,0,20480,2,1,4
7149,67,97,1,0,2681,2982,2452,3196,20831,20418,17716,17256,0,0,20479,5,1,5
7150,67,97,1,0,2682,2980,2448,3204,20822,20436,17543,17344,0,0,20479,4,3,3
7151,67,95,1,0,2682,2985,2442,3204,20889,20356,17659,17227,0,0,20476,5,4,1
7152,67,96,1,1,2678,2986,2449,3206,20808,20324,17576,17259,0,0,20475,2,4,2
7153,67,96,1,0,2678,2999,2462,3205,20827,20373,17715,17300,0,0,20477,2,1,3
7154,67,98,1,0,2694,2990,2452,3217,20862,20430,17499,17296,0,0,20479,4,3,2
7155,67,95,1,0,2682,2989,2463,3218,20995,20360,17538,17412,0,0,20476,4,4,4
7156,67,96,1,0,2693,2990,2457,3211,20883,20453,17666,17369,0,0,20480,2,3,4
7157,67,98,1,0,2692,3002,2464,3212,21027,20447,17519,17256,0,0,20478,1,4,5
7158,67,96,1,0,2692,3009,2466,3218,20879,20315,17520,17408,0,0,20486,2,3,2
7159,67,96,1,0,2701,3010,2464,3221,20893,20432,17484,17354,0,0,20480,3,5,4
7160,67,95,1,1,2698,3005,2461,3223,20902,20499,17602,17432,0,0,20473,2,5,1
7161,67,98,1,0,2699,3010,2475,3231,20877,20315,17611,17364,0,0,20480,1,4,5
7162,67,96,1,0,2698,3012,2479,3223,20988,20459,17787,17311,1,0,20473,5,4,2
7163,67,98,1,0,2701,3015,2474,3236,21008,20490,17780,17284,0,1,20480,2,5,1
7164,67,95,1,0,2711,3009,2477,3233,21089,20412,17560,17326,0,0,20480,4,1,1
7165,67,94,1,0,2701,3018,2485,3228,21083,20437,17654,17314,0,0,20481,3,3,4
7166,67,97,1,0,2712,3017,2472,3236,20943,20321,17724,17402,0,0,20482,2,2,3
7167,67,97,1,0,2719,3014,2480,3235,20979,20424,17653,17454,0,0,20476,3,1,1
7168,67,98,1,1,2716,3023,2490,3233,20903,20374,17589,17381,0,0,20484,5,3,2
7169,67,95,1,0,2722,3020,2493,3246,21057,20480,17536,17444,0,0,20481,5,5,4
7170,67,94,1,0,2711,3017,2486,3237,20921,20395,17751,17318,0,0,20477,5,1,3
7171,67,94,1,0,2712,3019,2492,3248,21053,20538,17637,17484,0,0,20473,3,1,3
7172,67,97,1,0,2720,3024,2494,3251,20977,20559,17740,17376,0,0,20474,2,4,1
7173,67,97,1,0,2730,3025,2499,3253,21099,20349,17832,17467,0,0,20479,3,3,3
7174,67,95,1,0,2719,3040,2500,3258,20932,20473,17567,17461,0,0,20488,3,4,5
7175,67,98,1,0,2723,3041,2496,3247,20940,20432,17640,17425,0,0,20479,1,4,2
7176,67,97,1,1,2728,3031,2494,3249,21057,20443,17697,17489,0,0,20479,2,2,2
7177,67,94,1,0,2725,3034,2507,3248,20994,20552,17724,17456,0,0,20472,1,1,4
7178,67,95,1,0,2727,3033,2497,3263,21092,20553,17862,17345,0,0,20476,3,3,1
7179,67,94,1,0,2730,3037,2499,3256,21183,20487,17737,17430,0,1,20484,1,5,5
7180,67,94,1,0,2737,3036,2513,3259,21078,20522,17861,17518,0,0,20486,5,2,2
7181,67,95,1,0,2731,3050,2515,3262,21062,20627,17642,17495,0,0,20475,4,3,5
7182,67,98,1,0,2747,3040,2504,3272,21130,20493,17733,17517,0,0,20481,2,2,4
7183,67,98,1,0,2740,3054,2515,3261,21094,20525,17888,17433,0,0,20477,2,1,4
7184,67,94,1,1,2747,3047,2509,3277,21055,20462,17884,17470,0,0,20474,2,5,1
7185,67,94,1,0,2746,3050,2521,3270,21043,20512,17791,17520,1,0,20486,2,3,4
7186,67,97,1,0,2742,3063,2514,3265,21067,20524,17755,17548,0,0,20480,1,2,2
7187,67,94,1,0,2745,3051,2518,3269,21022,20546,17782,17398,0,0,20486,2,4,5
7188,68,98,1,0,2752,3062,2528,3269,21202,20499,17720,17419,0,0,20488,1,2,4
7189,68,95,1,0,2751,3061,2525,3285,21021,20500,17666,17492,0,0,20488,4,3,1
7190,68,94,1,0,2755,3064,2525,3273,21134,20631,17801,17448,0,0,20481,1,3,1
7191,68,94,1,0,2765,3058,2527,3280,21209,20623,17656,17566,0,0,20482,3,2,3
7192,68,98,1,1,2767,3073,2525,3277,21204,20487,17664,17551,0,0,20485,2,4,3
7193,68,95,1,0,2764,3066,2526,3286,21250,20529,17715,17560,0,0,20482,2,2,4
7194,68,94,1,0,2762,3077,2530,3292,21076,20587,17646,17564,0,0,20483,3,2,3
7195,68,94,1,0,2766,3065,2536,3291,21188,20665,17772,17510,0,0,20486,2,5,2
7196,68,97,1,0,2773,3079,2544,3291,21267,20648,17728,17548,0,0,20477,2,1,2
7197,68,94,1,0,2762,3071,2546,3294,21147,20472,17842,17471,0,0,20472,4,1,4
7198,68,94,1,0,2775,3072,2547,3289,21221,20617,17838,17437,0,0,20484,4,1,1
7199,68,98,1,0,2779,3077,2544,3292,21269,20499,17933,17444,0,0,20487,2,5,5
