uptime_s,die_temp_C,sleep_pct,load1,load2,tmp117_0_C,tmp117_1_C,tmp117_2_C,tmp117_3_C,bpx65_a_V,bpx65_b_V,bpw34_a_V,bpw34_b_V,n3163_a,n3163_b,adr4525_V
0,-5,94,1,1,-11.1172,-8.7188,-12.8828,-7.0234,0.013125,-0.0135,0.00575,-0.010625,0,0,2.559625
1,-5,96,1,0,-11.0234,-8.6953,-12.8984,-6.9609,0.003625,-0.008375,0.0,0.002375,0,0,2.56025
2,-5,98,1,0,-11.0547,-8.6406,-12.8359,-6.8906,0.000125,0.01325,-0.014,0.013125,0,0,2.5595
3,-5,96,1,0,-11.0703,-8.6328,-12.7578,-6.9453,0.017,0.002125,0.022125,0.005375,0,0,2.56025
4,-5,97,1,0,-10.9922,-8.5625,-12.7422,-6.9453,0.0185,-0.00425,0.014375,0.017875,0,0,2.560625
5,-5,97,1,0,-11.0312,-8.5078,-12.7422,-6.9297,0.01975,0.006875,0.0225,0.017625,0,0,2.559625
6,-5,94,1,0,-11.0156,-8.5156,-12.7656,-6.8906,0.005375,0.02,0.0015,0.01075,0,0,2.55925
7,-5,95,1,0,-10.9688,-8.4844,-12.7578,-6.8359,0.030375,0.020875,0.027875,0.004875,0,0,2.5605
8,-5,96,1,1,-10.8984,-8.5703,-12.7188,-6.8672,0.012625,0.019375,0.003875,0.01925,0,0,2.559125
9,-5,97,1,0,-10.9375,-8.4609,-12.6797,-6.7656,0.021375,0.020375,0.020125,0.012375,0,0,2.560875
10,-5,96,1,0,-10.9297,-8.4531,-12.6719,-6.7578,0.03775,0.011125,0.020375,0.009625,0,0,2.55975
11,-5,96,1,0,-10.8047,-8.4766,-12.6328,-6.8047,0.038,0.023875,0.029875,0.016875,0,0,2.55975
12,-5,94,1,0,-10.8047,-8.3828,-12.6484,-6.7266,0.0395,0.030375,0.024875,0.01425,0,1,2.560875
13,-5,98,1,0,-10.7656,-8.4609,-12.6484,-6.7578,0.043125,0.040125,0.020875,0.023,0,0,2.559
14,-5,97,1,0,-10.75,-8.3516,-12.5469,-6.7188,0.03075,0.04125,0.033875,0.031,0,0,2.56
15,-5,97,1,0,-10.7344,-8.3906,-12.6484,-6.6953,0.04275,0.045625,0.047375,0.018125,0,0,2.560125
16,-5,98,1,1,-10.7344,-8.4375,-12.6172,-6.7344,0.03225,0.032625,0.049375,0.03175,0,0,2.56075
17,-5,96,1,0,-10.7031,-8.3281,-12.5938,-6.7188,0.033375,0.030625,0.01625,0.035375,0,0,2.55925
18,-5,96,1,0,-10.7656,-8.3203,-12.5547,-6.6484,0.050125,0.0495,0.016875,0.041875,0,0,2.55975
19,-5,94,1,0,-10.7656,-8.3516,-12.4688,-6.6719,0.055125,0.058125,0.021125,0.026625,0,0,2.5605
20,-5,96,1,0,-10.7578,-8.3438,-12.4844,-6.6328,0.042625,0.0395,0.057875,0.0335,0,0,2.55925
21,-5,98,1,0,-10.7344,-8.2812,-12.5,-6.6094,0.057875,0.048375,0.02275,0.033125,0,0,2.560875
22,-5,96,1,0,-10.6016,-8.2578,-12.4453,-6.5156,0.065125,0.054,0.037375,0.034625,0,0,2.56
23,-5,95,1,0,-10.5859,-8.25,-12.5,-6.5391,0.053,0.057625,0.047625,0.033625,0,0,2.561
24,-5,96,1,1,-10.625,-8.2578,-12.3672,-6.5781,0.043875,0.05075,0.059875,0.035875,0,0,2.560875
25,-5,98,1,0,-10.6484,-8.2188,-12.3672,-6.4531,0.048125,0.0445,0.036625,0.05625,0,0,2.560125
26,-5,97,1,0,-10.5859,-8.2188,-12.4453,-6.5,0.063,0.058875,0.03375,0.050625,0,0,2.560375
27,-5,96,1,0,-10.5312,-8.1406,-12.4375,-6.4922,0.066625,0.07225,0.035875,0.049375,1,0,2.56075
28,-5,97,1,0,-10.6172,-8.1484,-12.3594,-6.4141,0.057,0.067625,0.059,0.0445,0,0,2.560875
29,-5,98,1,0,-10.5078,-8.1641,-12.3359,-6.4062,0.071125,0.074125,0.06925,0.061375,0,0,2.559875
30,-5,94,1,0,-10.4609,-8.1797,-12.3828,-6.3672,0.066875,0.05775,0.050375,0.052875,0,0,2.560125
31,-5,94,1,0,-10.5,-8.0938,-12.25,-6.3984,0.075125,0.061,0.060625,0.051875,0,0,2.560875
32,-4,95,1,1,-10.4219,-8.125,-12.3359,-6.4062,0.0815,0.079375,0.07,0.0525,0,0,2.56025
33,-4,97,1,0,-10.5078,-8.1172,-12.3125,-6.3281,0.0725,0.084,0.081,0.06325,0,0,2.560875
34,-4,97,1,0,-10.4922,-7.9844,-12.2656,-6.2969,0.087625,0.07825,0.076625,0.055875,0,0,2.559625
35,-4,98,1,0,-10.4688,-7.9766,-12.1953,-6.2891,0.081,0.065625,0.086125,0.066625,0,0,2.560375
36,-4,97,1,0,-10.4219,-7.9922,-12.2266,-6.3125,0.077,0.066875,0.087625,0.062,0,0,2.559625
37,-4,96,1,0,-10.4297,-8.0391,-12.2422,-6.3438,0.10025,0.0805,0.061125,0.0705,0,0,2.559375
38,-4,96,1,0,-10.3203,-7.9609,-12.1641,-6.3125,0.08725,0.07375,0.064,0.066,0,0,2.560625
39,-4,95,1,0,-10.3359,-7.9609,-12.1328,-6.25,0.09575,0.0945,0.058,0.0685,0,0,2.55975
40,-4,97,1,1,-10.375,-7.9766,-12.0781,-6.2734,0.101875,0.078125,0.091125,0.080375,0,0,2.5605
41,-4,96,1,0,-10.2734,-7.9688,-12.0703,-6.1875,0.085375,0.098125,0.082625,0.071625,0,0,2.559
42,-4,97,1,0,-10.25,-7.8516,-12.1406,-6.1953,0.1015,0.099625,0.06575,0.09075,0,0,2.55975
43,-4,98,1,0,-10.2734,-7.8828,-12.1406,-6.1484,0.089125,0.09875,0.0665,0.085625,0,0,2.560625
44,-4,98,1,0,-10.2031,-7.8203,-12.125,-6.2031,0.111,0.112875,0.071125,0.0945,0,0,2.561
45,-4,96,1,0,-10.25,-7.8438,-12.0156,-6.1562,0.105625,0.105,0.0965,0.095,0,0,2.560625
46,-4,95,1,0,-10.2734,-7.875,-12.0156,-6.1875,0.1195,0.116625,0.086375,0.07975,0,0,2.559875
47,-4,95,1,0,-10.2031,-7.8359,-11.9453,-6.0938,0.098875,0.103625,0.090875,0.090625,0,0,2.559
48,-4,96,1,1,-10.2188,-7.7344,-12.0391,-6.125,0.111125,0.114125,0.095,0.096375,0,0,2.56
49,-4,97,1,0,-10.1562,-7.75,-11.9453,-6.0547,0.127,0.1075,0.081625,0.0845,0,0,2.559625
50,-4,95,1,0,-10.0859,-7.7031,-11.9297,-6.0234,0.125875,0.12525,0.093375,0.1075,0,0,2.559625
51,-4,98,1,0,-10.0781,-7.7891,-11.9688,-6.0391,0.107875,0.111375,0.102375,0.09775,0,0,2.55975
52,-4,94,1,0,-10.1641,-7.6953,-11.9453,-5.9844,0.13525,0.127625,0.110875,0.10975,0,0,2.559875
53,-4,95,1,0,-10.1406,-7.7344,-11.9062,-5.9766,0.138,0.125375,0.11425,0.103875,1,0,2.560875
54,-4,97,1,0,-10.0547,-7.6484,-11.8516,-6.0156,0.11325,0.1165,0.094125,0.1,0,0,2.561
55,-4,96,1,0,-10.0469,-7.7031,-11.8359,-5.9062,0.137125,0.11425,0.125625,0.10275,0,1,2.561
56,-4,96,1,1,-10.0078,-7.6641,-11.8047,-6.0,0.14525,0.13,0.1065,0.112,0,0,2.560875
57,-4,95,1,0,-10.0078,-7.5781,-11.8516,-5.9766,0.134875,0.141625,0.118125,0.113875,0,0,2.559875
58,-4,96,1,0,-10.0234,-7.5625,-11.7891,-5.8594,0.12225,0.134375,0.119125,0.12325,0,0,2.559
59,-4,97,1,0,-10.0,-7.5781,-11.7891,-5.9375,0.129875,0.145875,0.1135,0.1175,0,0,2.560625
60,-4,97,1,0,-9.9922,-7.6094,-11.7656,-5.8516,0.126125,0.13425,0.128,0.1205,0,0,2.559375
61,-4,98,1,0,-9.8906,-7.4844,-11.7969,-5.875,0.129,0.142,0.108125,0.11125,0,0,2.561
62,-4,98,1,0,-9.8984,-7.5469,-11.7734,-5.8359,0.14775,0.143125,0.103625,0.121875,0,0,2.559375
63,-4,98,1,0,-9.9141,-7.4844,-11.6875,-5.8438,0.148,0.156,0.13225,0.127375,0,0,2.561
64,-4,94,1,1,-9.9453,-7.5391,-11.6562,-5.7891,0.155875,0.15375,0.113875,0.113875,0,0,2.559125
65,-4,95,1,0,-9.8359,-7.5,-11.6953,-5.7891,0.151375,0.134,0.133375,0.115375,0,0,2.55925
66,-4,98,1,0,-9.9062,-7.5078,-11.6953,-5.7266,0.156375,0.1625,0.1275,0.13625,0,0,2.56025
67,-4,96,1,0,-9.8438,-7.4766,-11.6641,-5.7812,0.168375,0.158125,0.143875,0.137375,0,0,2.56
68,-4,95,1,0,-9.7891,-7.4688,-11.6094,-5.7422,0.16625,0.1655,0.120125,0.13975,0,0,2.56
69,-4,97,1,0,-9.8125,-7.4531,-11.6406,-5.7109,0.147375,0.143375,0.138125,0.134375,0,0,2.56
70,-4,97,1,0,-9.7422,-7.3125,-11.5547,-5.6328,0.174375,0.17375,0.13325,0.145625,0,0,2.56025
71,-4,95,1,0,-9.6953,-7.3906,-11.5859,-5.5938,0.16175,0.15625,0.140875,0.14225,0,0,2.561
72,-4,98,1,1,-9.6719,-7.2734,-11.5469,-5.6875,0.176625,0.163,0.1335,0.14625,0,0,2.56075
73,-4,97,1,0,-9.7344,-7.3047,-11.4531,-5.6172,0.178125,0.17925,0.135625,0.1375,0,0,2.56075
74,-4,98,1,0,-9.6562,-7.3594,-11.4375,-5.5469,0.1755,0.156875,0.130625,0.148375,0,0,2.559625
75,-4,94,1,0,-9.7266,-7.25,-11.5156,-5.5469,0.182125,0.166875,0.159625,0.13525,0,1,2.5605
76,-4,96,1,0,-9.6562,-7.2422,-11.4688,-5.5703,0.182125,0.175,0.150125,0.15625,0,0,2.559
77,-4,96,1,0,-9.6562,-7.2422,-11.4375,-5.5234,0.180125,0.172625,0.13275,0.139,0,0,2.559625
78,-4,94,1,0,-9.6328,-7.2422,-11.3828,-5.5078,0.184375,0.181125,0.1475,0.154375,0,0,2.559125
79,-4,96,1,0,-9.6406,-7.1406,-11.375,-5.4688,0.17025,0.179625,0.168375,0.150125,0,0,2.5605
80,-4,95,1,1,-9.5859,-7.1406,-11.4297,-5.4453,0.199125,0.1695,0.154,0.15875,0,0,2.5595
81,-4,97,1,0,-9.5,-7.2109,-11.4219,-5.4531,0.203,0.180875,0.155,0.164375,0,0,2.55925
82,-4,96,1,0,-9.4844,-7.0938,-11.3828,-5.4219,0.199625,0.200375,0.17375,0.15825,0,0,2.559
83,-4,97,1,0,-9.4766,-7.1562,-11.3828,-5.4219,0.184125,0.177,0.157375,0.15225,0,0,2.561
84,-4,95,1,0,-9.4453,-7.125,-11.3047,-5.4453,0.184125,0.1935,0.154875,0.157625,0,0,2.56025
85,-3,94,1,0,-9.4375,-7.0469,-11.3203,-5.375,0.21,0.184875,0.14875,0.168,0,0,2.56025
86,-3,94,1,0,-9.5,-7.0156,-11.2656,-5.3047,0.196375,0.18675,0.168375,0.176125,1,0,2.559
87,-3,94,1,0,-9.3984,-7.0859,-11.2344,-5.3516,0.20575,0.18425,0.189875,0.16225,0,0,2.5595
88,-3,94,1,1,-9.4375,-7.0781,-11.2188,-5.3281,0.217625,0.201,0.173875,0.167125,0,0,2.560625
89,-3,95,1,0,-9.3594,-7.0,-11.2031,-5.3125,0.215125,0.20825,0.164125,0.1785,0,0,2.56025
90,-3,95,1,0,-9.3438,-6.9609,-11.1484,-5.25,0.223375,0.18975,0.194125,0.169125,0,0,2.560875
91,-3,95,1,0,-9.3828,-7.0078,-11.2188,-5.3203,0.211875,0.20925,0.165875,0.167625,0,0,2.560125
92,-3,95,1,0,-9.3984,-6.9453,-11.1484,-5.2812,0.208375,0.19875,0.195875,0.169375,0,0,2.559625
93,-3,97,1,0,-9.3828,-6.9844,-11.0938,-5.2109,0.2065,0.212375,0.165375,0.174625,1,0,2.56025
94,-3,95,1,0,-9.2891,-6.875,-11.125,-5.1719,0.23025,0.22425,0.184625,0.186125,0,0,2.56075
95,-3,94,1,0,-9.2969,-6.9297,-11.0625,-5.1562,0.2145,0.222375,0.1825,0.173,0,0,2.559875
96,-3,95,1,1,-9.2656,-6.8828,-11.0547,-5.1641,0.22,0.22275,0.194375,0.18375,0,0,2.560625
97,-3,96,1,0,-9.2109,-6.8984,-11.0781,-5.1328,0.224125,0.228,0.189875,0.179,0,0,2.559
98,-3,95,1,0,-9.2188,-6.8828,-10.9844,-5.1016,0.22075,0.21275,0.197625,0.194875,0,0,2.5605
99,-3,98,1,0,-9.1719,-6.8438,-11.0234,-5.0859,0.24125,0.21325,0.183125,0.186,0,0,2.559625
100,-3,95,1,0,-9.2344,-6.7734,-10.9844,-5.0469,0.219875,0.219,0.200375,0.1905,0,0,2.55975
101,-3,94,1,0,-9.1797,-6.75,-10.9844,-5.0391,0.244,0.217375,0.209625,0.203125,0,1,2.559625
102,-3,95,1,0,-9.1562,-6.7109,-11.0078,-5.0234,0.24625,0.236875,0.191875,0.205875,0,0,2.559
103,-3,96,1,0,-9.0781,-6.7188,-10.9766,-4.9766,0.244375,0.22875,0.195,0.2075,0,0,2.560625
104,-3,96,1,1,-9.0547,-6.6719,-10.875,-5.0312,0.25625,0.2495,0.2095,0.20275,0,0,2.5605
105,-3,94,1,0,-9.0781,-6.6484,-10.8906,-4.9453,0.233,0.24525,0.207375,0.1925,0,0,2.56
106,-3,94,1,0,-9.0859,-6.6172,-10.8203,-4.9766,0.24275,0.251125,0.223125,0.206,0,0,2.559875
107,-3,94,1,0,-9.1016,-6.6797,-10.7969,-4.9766,0.26275,0.236875,0.21275,0.213875,0,0,2.560125
108,-3,95,1,0,-9.0,-6.5781,-10.8672,-4.9766,0.25875,0.237,0.230375,0.206,0,0,2.5605
109,-3,94,1,0,-9.0781,-6.5781,-10.8438,-4.9297,0.2455,0.258375,0.22875,0.20925,0,0,2.561
110,-3,98,1,0,-9.0078,-6.5469,-10.7891,-4.8438,0.264875,0.257625,0.226,0.22075,0,0,2.560875
111,-3,98,1,0,-9.0078,-6.5547,-10.7188,-4.8828,0.263375,0.248125,0.2095,0.218125,0,0,2.55925
112,-3,94,1,1,-8.9609,-6.5781,-10.7812,-4.8125,0.27575,0.24025,0.2195,0.216625,0,0,2.561
113,-3,94,1,0,-8.9219,-6.5078,-10.8047,-4.8984,0.271875,0.264875,0.221125,0.228875,0,0,2.55925
114,-3,97,1,0,-8.9219,-6.4844,-10.7812,-4.7734,0.280875,0.264125,0.222625,0.230625,0,0,2.5605
115,-3,98,1,0,-8.9609,-6.5312,-10.7031,-4.8594,0.26325,0.273375,0.241375,0.232125,0,0,2.561
116,-3,96,1,0,-8.8906,-6.4609,-10.6953,-4.7344,0.283875,0.26325,0.237875,0.216,0,0,2.559375
117,-3,96,1,0,-8.8516,-6.4297,-10.6953,-4.8125,0.277875,0.252,0.24575,0.2235,0,0,2.559875
118,-3,97,1,0,-8.8203,-6.4062,-10.6953,-4.7812,0.27325,0.27225,0.234,0.222875,0,0,2.55925
119,-3,98,1,0,-8.8516,-6.4609,-10.6094,-4.6797,0.27275,0.261125,0.23975,0.228,0,0,2.559375
120,-3,94,1,1,-8.8047,-6.3516,-10.6328,-4.75,0.281625,0.28625,0.229625,0.22725,0,0,2.559
121,-3,94,1,0,-8.8359,-6.3828,-10.6328,-4.625,0.281875,0.264125,0.253625,0.24075,0,0,2.560625
122,-3,94,1,0,-8.7344,-6.3906,-10.5156,-4.6953,0.2765,0.2675,0.244625,0.23925,0,0,2.56075
123,-3,97,1,0,-8.7344,-6.3203,-10.4844,-4.625,0.29625,0.285375,0.24075,0.2385,1,0,2.56025
124,-3,98,1,0,-8.7656,-6.3672,-10.5547,-4.5625,0.293875,0.273125,0.2465,0.250875,0,0,2.55975
125,-3,98,1,0,-8.6719,-6.3516,-10.5547,-4.625,0.2915,0.275875,0.239375,0.2485,0,0,2.560125
126,-3,94,1,0,-8.6328,-6.3203,-10.4453,-4.6328,0.306875,0.282625,0.2585,0.240375,0,0,2.560625
127,-3,97,1,0,-8.6719,-6.3047,-10.4062,-4.5234,0.28925,0.283875,0.259,0.2355,0,0,2.559875
128,-3,96,1,1,-8.6641,-6.2422,-10.4453,-4.5156,0.311125,0.2815,0.240875,0.2365,0,0,2.560125
129,-3,95,1,0,-8.6875,-6.2109,-10.375,-4.4766,0.286375,0.29625,0.264625,0.23825,0,0,2.559125
130,-3,98,1,0,-8.6016,-6.1953,-10.3906,-4.4766,0.314375,0.287875,0.264125,0.257625,0,0,2.560125
131,-3,98,1,0,-8.5469,-6.1562,-10.4453,-4.4844,0.320625,0.310875,0.256375,0.246625,0,0,2.561
132,-3,97,1,0,-8.5078,-6.1328,-10.3125,-4.5234,0.314625,0.30425,0.250125,0.26275,0,0,2.559125
133,-3,95,1,0,-8.4844,-6.1953,-10.2969,-4.4141,0.30975,0.307125,0.27275,0.2615,0,0,2.56025
134,-3,97,1,0,-8.5547,-6.1875,-10.2656,-4.4531,0.30975,0.2915,0.24825,0.248875,0,0,2.55975
135,-3,95,1,0,-8.5234,-6.0938,-10.2578,-4.375,0.324125,0.295125,0.261375,0.264375,0,0,2.559
136,-2,95,1,1,-8.5234,-6.0938,-10.2969,-4.4062,0.30575,0.310625,0.270875,0.25275,0,0,2.559125
137,-2,96,1,0,-8.5156,-6.1172,-10.2266,-4.375,0.327375,0.31775,0.252375,0.271375,0,0,2.559875
138,-2,95,1,0,-8.4922,-5.9844,-10.2812,-4.3438,0.317375,0.3015,0.258875,0.267375,0,0,2.560875
139,-2,97,1,0,-8.4531,-6.0078,-10.2422,-4.2734,0.332625,0.33025,0.281,0.271,0,1,2.561
140,-2,94,1,0,-8.4219,-5.9609,-10.2422,-4.3047,0.332125,0.3285,0.282,0.2815,0,0,2.559875
141,-2,94,1,0,-8.375,-5.9609,-10.1562,-4.2656,0.3205,0.309125,0.273375,0.264,0,0,2.56
142,-2,97,1,0,-8.3359,-5.9609,-10.1953,-4.2734,0.343,0.30775,0.2855,0.269875,0,0,2.560375
143,-2,94,1,0,-8.3203,-5.9609,-10.1641,-4.1953,0.342,0.32575,0.283375,0.286,0,0,2.559
144,-2,98,1,1,-8.2656,-5.9453,-10.1328,-4.2734,0.348875,0.339125,0.286375,0.2695,0,0,2.55975
145,-2,96,1,0,-8.2969,-5.9531,-10.0469,-4.2031,0.336125,0.3385,0.268375,0.2775,0,0,2.56
146,-2,95,1,0,-8.2656,-5.8359,-10.0938,-4.1406,0.344875,0.32625,0.274375,0.293125,0,0,2.559125
147,-2,96,1,0,-8.3047,-5.8516,-10.1016,-4.2031,0.3415,0.34725,0.273375,0.294125,0,0,2.560875
148,-2,96,1,0,-8.2812,-5.8516,-10.0859,-4.1953,0.357125,0.327875,0.303875,0.2855,0,0,2.560625
149,-2,95,1,0,-8.2812,-5.7891,-9.9688,-4.0859,0.354375,0.34925,0.291125,0.287125,0,0,2.560125
150,-2,97,1,0,-8.2344,-5.8594,-9.9688,-4.1094,0.344375,0.354625,0.281875,0.288375,0,0,2.559375
151,-2,95,1,0,-8.1484,-5.8438,-9.9688,-4.0391,0.36225,0.356875,0.29025,0.301375,0,0,2.5595
152,-2,98,1,1,-8.1641,-5.7109,-9.9141,-4.0391,0.344625,0.3485,0.31475,0.292125,0,0,2.560875
153,-2,97,1,0,-8.1797,-5.7109,-9.8984,-3.9844,0.370125,0.348625,0.3085,0.29225,0,0,2.559875
154,-2,96,1,0,-8.1484,-5.7734,-9.9531,-4.0234,0.35625,0.354875,0.293,0.29275,0,0,2.5595
155,-2,95,1,0,-8.1406,-5.7422,-9.8984,-3.9844,0.3565,0.35025,0.2985,0.29375,0,0,2.55925
156,-2,95,1,0,-8.0781,-5.7188,-9.8516,-4.0078,0.376875,0.362125,0.313,0.311375,0,0,2.560625
157,-2,96,1,0,-8.0938,-5.6875,-9.8281,-3.9062,0.37,0.341875,0.2895,0.294625,0,0,2.55925
158,-2,97,1,0,-8.0469,-5.6328,-9.8984,-3.9375,0.368375,0.359125,0.3165,0.31,0,0,2.559375
159,-2,97,1,0,-7.9922,-5.6484,-9.8125,-3.9062,0.375875,0.36775,0.326625,0.30375,0,0,2.560375
160,-2,95,1,1,-8.0156,-5.5859,-9.7578,-3.9453,0.386875,0.374,0.3095,0.307,0,0,2.560375
161,-2,96,1,0,-7.9922,-5.6094,-9.7969,-3.9062,0.361125,0.369,0.328875,0.3195,0,0,2.559
162,-2,96,1,0,-7.9375,-5.5859,-9.8047,-3.8594,0.385375,0.36175,0.33275,0.307875,0,0,2.559375
163,-2,94,1,0,-7.9141,-5.5703,-9.75,-3.8984,0.374,0.360375,0.323,0.30375,0,0,2.5605
164,-2,98,1,0,-7.875,-5.4609,-9.7734,-3.7969,0.38175,0.368125,0.327125,0.310125,0,0,2.559375
165,-2,98,1,0,-7.8594,-5.5469,-9.6328,-3.7734,0.379875,0.372375,0.337625,0.320625,0,0,2.560125
166,-2,97,1,0,-7.9375,-5.5078,-9.6328,-3.8281,0.387625,0.38525,0.310375,0.321625,0,0,2.559125
167,-2,98,1,0,-7.8672,-5.4688,-9.6953,-3.6953,0.388,0.39175,0.34425,0.315375,0,1,2.55925
168,-2,94,1,1,-7.7734,-5.375,-9.5859,-3.7422,0.385875,0.37775,0.339875,0.323125,0,0,2.560125
169,-2,98,1,0,-7.7734,-5.4531,-9.6172,-3.7422,0.39925,0.39,0.340375,0.319,0,0,2.5595
170,-2,98,1,0,-7.7656,-5.3438,-9.625,-3.6641,0.4085,0.3875,0.332875,0.326375,1,0,2.5595
171,-2,94,1,0,-7.75,-5.3672,-9.5234,-3.7109,0.39725,0.398,0.3485,0.331625,0,0,2.55975
172,-2,96,1,0,-7.8125,-5.3125,-9.5859,-3.6797,0.395875,0.381875,0.3235,0.323625,0,0,2.559375
173,-2,98,1,0,-7.6719,-5.3438,-9.5625,-3.6797,0.399,0.4035,0.331625,0.342,0,0,2.559875
174,-2,95,1,0,-7.6719,-5.25,-9.4688,-3.5781,0.41525,0.387875,0.345,0.32525,0,0,2.559125
175,-2,97,1,0,-7.6875,-5.25,-9.5391,-3.5781,0.40275,0.38825,0.331,0.337375,0,0,2.559125
176,-2,97,1,1,-7.7188,-5.2891,-9.4375,-3.5312,0.4115,0.403,0.355,0.337625,0,0,2.560375
177,-2,96,1,0,-7.6328,-5.2422,-9.4766,-3.5391,0.41725,0.4045,0.347,0.332875,0,0,2.560625
178,-2,95,1,0,-7.6797,-5.2656,-9.4609,-3.5469,0.417375,0.3985,0.33675,0.351625,0,0,2.559875
179,-2,94,1,0,-7.6094,-5.2578,-9.3906,-3.5156,0.406375,0.40025,0.36875,0.353875,0,0,2.559125
180,-2,95,1,0,-7.5391,-5.1406,-9.3906,-3.4297,0.431625,0.417875,0.345375,0.346,0,0,2.559125
181,-2,95,1,0,-7.5547,-5.1797,-9.3984,-3.4844,0.43525,0.412375,0.35425,0.34325,0,0,2.560125
182,-2,98,1,0,-7.5625,-5.1797,-9.3125,-3.4141,0.42075,0.41075,0.356625,0.349375,0,0,2.5595
183,-2,94,1,0,-7.5547,-5.0625,-9.3359,-3.4453,0.418125,0.4045,0.35375,0.345375,0,0,2.559875
184,-2,95,1,1,-7.4609,-5.0469,-9.3438,-3.3438,0.417,0.41475,0.347625,0.3595,0,0,2.55925
185,-1,97,1,0,-7.4219,-5.1172,-9.2344,-3.3203,0.440375,0.422125,0.344,0.357375,0,1,2.56025
186,-1,95,1,0,-7.4141,-5.0703,-9.2266,-3.375,0.420875,0.420125,0.375625,0.35275,0,0,2.561
187,-1,96,1,0,-7.4531,-5.0703,-9.2344,-3.4062,0.446,0.415625,0.36325,0.352875,0,0,2.559375
188,-1,98,1,0,-7.4609,-5.0547,-9.2812,-3.3516,0.452375,0.41875,0.380625,0.35425,0,0,2.56075
189,-1,98,1,0,-7.3594,-4.9922,-9.1797,-3.3516,0.452,0.436375,0.357375,0.365375,0,0,2.55925
190,-1,94,1,0,-7.3516,-5.0,-9.2422,-3.2422,0.4485,0.41625,0.36975,0.3675,0,0,2.55925
191,-1,95,1,0,-7.3906,-4.9062,-9.1953,-3.2812,0.43875,0.423375,0.37175,0.378125,0,0,2.5605
192,-1,95,1,1,-7.2812,-4.9453,-9.1094,-3.1797,0.4465,0.433625,0.360375,0.364625,0,0,2.56
193,-1,96,1,0,-7.375,-4.9688,-9.1172,-3.1641,0.4525,0.44425,0.380375,0.37375,0,0,2.5605
194,-1,95,1,0,-7.3047,-4.8984,-9.0547,-3.25,0.46575,0.43825,0.38975,0.373375,0,0,2.559375
195,-1,98,1,0,-7.2266,-4.9141,-9.0469,-3.1172,0.449375,0.435875,0.37375,0.378125,0,0,2.55925
196,-1,97,1,0,-7.2031,-4.8516,-9.0312,-3.1875,0.450375,0.4415,0.367125,0.381375,0,0,2.560125
197,-1,94,1,0,-7.2969,-4.875,-9.0547,-3.1719,0.45725,0.461,0.389875,0.388875,0,0,2.559875
198,-1,98,1,0,-7.1797,-4.8438,-8.9609,-3.1094,0.46,0.457375,0.385625,0.375875,0,0,2.5595
199,-1,95,1,0,-7.2109,-4.8438,-9.0391,-3.0781,0.475,0.437625,0.395875,0.3815,0,0,2.560375
200,-1,98,1,1,-7.2188,-4.7109,-8.9219,-3.0391,0.4695,0.442625,0.376875,0.38825,0,0,2.55925
201,-1,98,1,0,-7.1328,-4.75,-8.9375,-3.0078,0.460125,0.4685,0.37575,0.3945,0,0,2.56
202,-1,95,1,0,-7.1172,-4.7578,-8.9375,-3.0156,0.481875,0.4725,0.392125,0.38975,0,0,2.56075
203,-1,97,1,0,-7.125,-4.6484,-8.9688,-2.9688,0.4605,0.46225,0.390625,0.384375,0,0,2.5605
204,-1,94,1,0,-7.0703,-4.7344,-8.8984,-2.9453,0.489875,0.45675,0.3865,0.383375,0,0,2.559375
205,-1,94,1,0,-7.0234,-4.6094,-8.8594,-2.9688,0.469875,0.46475,0.400375,0.39875,0,0,2.559
206,-1,98,1,0,-7.0625,-4.6016,-8.8672,-2.9141,0.46925,0.47875,0.4155,0.401,0,0,2.55975
207,-1,97,1,0,-7.0,-4.5703,-8.875,-2.9609,0.481375,0.479875,0.3985,0.3915,0,0,2.56075
208,-1,94,1,1,-7.0312,-4.6016,-8.8438,-2.9062,0.478,0.477625,0.413375,0.4095,0,0,2.560375
209,-1,98,1,0,-7.0234,-4.5391,-8.7891,-2.8984,0.4965,0.4775,0.40875,0.3975,1,0,2.559375
210,-1,96,1,0,-6.9531,-4.5391,-8.7578,-2.8281,0.489625,0.4775,0.4265,0.412875,0,0,2.559875
211,-1,96,1,0,-6.8906,-4.5078,-8.6953,-2.8984,0.4775,0.473875,0.42675,0.400375,0,0,2.55925
212,-1,98,1,0,-6.8594,-4.5078,-8.6797,-2.7891,0.487,0.49025,0.409375,0.40775,0,0,2.56
213,-1,97,1,0,-6.8984,-4.5234,-8.7578,-2.8594,0.499375,0.493625,0.407125,0.418875,0,0,2.560375
214,-1,98,1,0,-6.8281,-4.4766,-8.625,-2.7969,0.49875,0.476125,0.429,0.410625,0,0,2.5605
215,-1,96,1,0,-6.8516,-4.4453,-8.6719,-2.8047,0.486125,0.49925,0.436625,0.40525,0,0,2.560875
216,-1,94,1,1,-6.8203,-4.3906,-8.5703,-2.7031,0.49825,0.493875,0.4075,0.42075,0,0,2.56025
217,-1,98,1,0,-6.7656,-4.375,-8.5625,-2.6953,0.498875,0.5025,0.423125,0.42375,0,0,2.559
218,-1,97,1,0,-6.8203,-4.4531,-8.5938,-2.7109,0.493375,0.4835,0.413875,0.417875,0,0,2.559625
219,-1,97,1,0,-6.7969,-4.3828,-8.5859,-2.6875,0.524,0.481,0.414,0.419875,0,0,2.561
220,-1,96,1,0,-6.6953,-4.2891,-8.5703,-2.6094,0.508625,0.489125,0.43775,0.422125,0,0,2.560875
221,-1,94,1,0,-6.7656,-4.3594,-8.5469,-2.6484,0.4995,0.50775,0.416375,0.430875,0,0,2.55925
222,-1,95,1,0,-6.6875,-4.2578,-8.5469,-2.5547,0.528375,0.491875,0.42025,0.427,0,0,2.56025
223,-1,96,1,0,-6.7031,-4.2812,-8.4453,-2.6016,0.5095,0.494,0.447375,0.42075,0,0,2.56
224,-1,94,1,1,-6.6406,-4.2031,-8.4766,-2.5625,0.536125,0.4995,0.429625,0.44225,0,0,2.560125
225,-1,96,1,0,-6.6328,-4.25,-8.5,-2.6016,0.518,0.50425,0.455625,0.426,0,0,2.55975
226,-1,98,1,0,-6.6094,-4.2422,-8.4375,-2.5469,0.531125,0.505,0.4295,0.434,0,0,2.560875
227,-1,95,1,0,-6.6484,-4.25,-8.3828,-2.5078,0.532875,0.52875,0.4515,0.44375,0,0,2.560125
228,-1,98,1,0,-6.6172,-4.1719,-8.3594,-2.5156,0.533125,0.511,0.4575,0.446375,0,0,2.5595
229,-1,94,1,0,-6.5938,-4.1875,-8.3984,-2.4531,0.530125,0.52625,0.448125,0.44525,0,0,2.56025
230,-1,97,1,0,-6.5469,-4.125,-8.3672,-2.4766,0.5315,0.531375,0.452625,0.45175,0,0,2.559625
231,-1,95,1,0,-6.4922,-4.0703,-8.3438,-2.3828,0.526125,0.5315,0.468375,0.443875,0,0,2.559625
232,0,95,1,1,-6.4844,-4.0547,-8.2344,-2.3516,0.5255,0.539375,0.467875,0.45025,0,0,2.5595
233,0,94,1,0,-6.4531,-4.0391,-8.3125,-2.4141,0.531875,0.534125,0.46175,0.4375,1,1,2.56025
234,0,94,1,0,-6.4531,-4.0312,-8.3125,-2.4062,0.556125,0.531125,0.465375,0.4535,0,0,2.55975
235,0,95,1,0,-6.4219,-4.0078,-8.2422,-2.2969,0.558625,0.5215,0.462,0.4555,0,0,2.55975
236,0,98,1,0,-6.3984,-3.9531,-8.2188,-2.3281,0.55025,0.5455,0.469375,0.448,0,0,2.560125
237,0,97,1,0,-6.4453,-3.9766,-8.2266,-2.2422,0.540375,0.537125,0.452125,0.46475,0,0,2.561
238,0,94,1,0,-6.3828,-3.9609,-8.2266,-2.2656,0.558375,0.534,0.477125,0.447375,0,0,2.560375
239,0,94,1,0,-6.375,-3.9844,-8.125,-2.2188,0.556,0.53725,0.4505,0.46175,0,0,2.560625
240,0,98,1,1,-6.2578,-3.9375,-8.1328,-2.2734,0.570625,0.557625,0.481125,0.457625,0,0,2.56075
241,0,97,1,0,-6.3594,-3.9531,-8.0625,-2.2422,0.572,0.534625,0.482,0.4605,0,0,2.5595
242,0,97,1,0,-6.25,-3.9375,-8.125,-2.1875,0.564625,0.542625,0.457,0.45825,0,0,2.559125
243,0,96,1,0,-6.2891,-3.8125,-8.0781,-2.1484,0.577625,0.552,0.47825,0.47375,0,0,2.55975
244,0,94,1,0,-6.1719,-3.8828,-8.0938,-2.1016,0.581875,0.550875,0.464375,0.4735,0,0,2.559375
245,0,95,1,0,-6.2422,-3.7969,-7.9531,-2.1094,0.582625,0.54675,0.49725,0.476,0,0,2.560625
246,0,95,1,0,-6.2031,-3.8203,-8.0547,-2.125,0.581125,0.556375,0.4965,0.4675,0,0,2.559875
247,0,98,1,0,-6.1562,-3.8203,-7.9375,-2.0625,0.5805,0.5505,0.482125,0.480125,0,0,2.56075
248,0,94,1,1,-6.0859,-3.7812,-8.0078,-2.0391,0.586,0.557375,0.477625,0.469,0,0,2.560125
249,0,96,1,0,-6.0703,-3.6875,-7.9531,-1.9844,0.585375,0.549125,0.48,0.46875,0,0,2.561
250,0,98,1,0,-6.0469,-3.7188,-7.9453,-2.0156,0.5815,0.56625,0.470375,0.484375,0,0,2.55925
251,0,98,1,0,-6.0938,-3.6406,-7.8438,-2.0469,0.595,0.555125,0.503375,0.49325,0,0,2.561
252,0,97,1,0,-6.0,-3.6797,-7.8516,-1.9688,0.579125,0.584,0.49025,0.478125,0,0,2.560125
253,0,97,1,0,-6.0078,-3.6172,-7.8594,-1.9375,0.592125,0.567875,0.480625,0.48125,0,0,2.5605
254,0,98,1,0,-6.0312,-3.6719,-7.8281,-1.9062,0.584375,0.566125,0.502,0.478625,0,0,2.559125
255,0,97,1,0,-6.0391,-3.6094,-7.8594,-1.8984,0.604625,0.577125,0.495625,0.49325,0,0,2.56025
256,0,96,1,1,-6.0156,-3.5469,-7.7422,-1.8359,0.6095,0.585625,0.497,0.497875,0,0,2.55975
257,0,98,1,0,-5.9531,-3.4922,-7.75,-1.8828,0.607125,0.583,0.50825,0.5015,0,0,2.560875
258,0,96,1,0,-5.8828,-3.5234,-7.7812,-1.8516,0.59625,0.582875,0.508875,0.494625,0,0,2.559125
259,0,97,1,0,-5.9062,-3.4922,-7.7031,-1.7812,0.602375,0.573375,0.500625,0.491125,0,0,2.561
260,0,94,1,0,-5.9453,-3.4453,-7.625,-1.7578,0.61825,0.59975,0.525375,0.505,0,1,2.56075
261,0,95,1,0,-5.8438,-3.4141,-7.6562,-1.7188,0.60125,0.593,0.495,0.4965,0,0,2.5605
262,0,96,1,0,-5.8438,-3.5078,-7.6016,-1.6875,0.593375,0.583125,0.528625,0.5115,0,0,2.56075
263,0,95,1,0,-5.7656,-3.3594,-7.625,-1.7344,0.613125,0.604375,0.505125,0.516375,0,0,2.559
264,0,96,1,1,-5.7734,-3.4219,-7.625,-1.7578,0.62,0.59675,0.502625,0.501125,0,0,2.561
265,0,97,1,0,-5.7656,-3.3359,-7.6094,-1.7109,0.61075,0.60625,0.535625,0.507125,1,0,2.560625
266,0,97,1,0,-5.7578,-3.3594,-7.6172,-1.7109,0.618625,0.610875,0.51975,0.517875,0,0,2.559375
267,0,95,1,0,-5.7578,-3.2969,-7.5938,-1.6953,0.622625,0.605625,0.51325,0.503375,0,0,2.559875
268,0,98,1,0,-5.75,-3.2969,-7.4844,-1.6562,0.615125,0.619125,0.51925,0.52425,0,0,2.559125
269,0,94,1,0,-5.6641,-3.2422,-7.4297,-1.6328,0.62025,0.614375,0.541125,0.509125,0,0,2.55925
270,0,95,1,0,-5.6094,-3.3125,-7.5,-1.6328,0.6145,0.598,0.5305,0.528875,0,0,2.561
271,0,94,1,0,-5.6953,-3.2344,-7.4219,-1.5,0.623,0.604625,0.545,0.519125,0,0,2.560625
272,0,98,1,1,-5.6797,-3.2344,-7.4141,-1.5,0.63375,0.609875,0.527375,0.522875,0,0,2.56025
273,0,98,1,0,-5.5625,-3.1875,-7.4219,-1.5547,0.62075,0.628625,0.53225,0.51475,0,0,2.560125
274,0,95,1,0,-5.6016,-3.1406,-7.4062,-1.4297,0.627125,0.624875,0.534125,0.522,0,0,2.560375
275,0,97,1,0,-5.5703,-3.1094,-7.3281,-1.4219,0.636,0.620625,0.5395,0.525,0,0,2.5605
276,0,94,1,0,-5.5625,-3.1172,-7.3594,-1.4922,0.6515,0.609375,0.5345,0.539,0,0,2.559
277,0,96,1,0,-5.4531,-3.1797,-7.3203,-1.4766,0.65425,0.63425,0.55775,0.5275,0,0,2.561
278,1,95,1,0,-5.5156,-3.0469,-7.2422,-1.3359,0.648125,0.612875,0.556,0.52225,0,0,2.560375
279,1,98,1,0,-5.4219,-3.0625,-7.3125,-1.4219,0.6515,0.627875,0.554,0.524375,0,0,2.561
280,1,97,1,1,-5.5078,-3.0234,-7.2891,-1.3672,0.64525,0.627875,0.555125,0.543375,0,0,2.560125
281,1,95,1,0,-5.4375,-3.0625,-7.2891,-1.2969,0.660125,0.62,0.530125,0.547625,0,0,2.560625
282,1,97,1,0,-5.375,-2.9688,-7.2656,-1.25,0.643625,0.648375,0.539375,0.549875,0,0,2.559875
283,1,98,1,0,-5.3984,-3.0469,-7.2344,-1.2266,0.66375,0.642,0.539875,0.5455,0,0,2.5595
284,1,98,1,0,-5.375,-3.0234,-7.2266,-1.2344,0.657,0.647375,0.5675,0.555,0,0,2.559875
285,1,94,1,0,-5.3203,-2.9922,-7.1641,-1.2422,0.651375,0.6565,0.563625,0.54875,0,0,2.560125
286,1,97,1,0,-5.3359,-2.9453,-7.1172,-1.1953,0.666625,0.632875,0.56375,0.539625,0,0,2.56025
287,1,96,1,0,-5.2734,-2.9141,-7.0469,-1.1875,0.666375,0.6405,0.545625,0.54,0,1,2.560625
288,1,95,1,1,-5.2344,-2.9219,-7.1328,-1.1953,0.658875,0.663,0.5555,0.55675,1,0,2.559625
289,1,98,1,0,-5.2031,-2.8125,-7.0156,-1.1953,0.659375,0.64275,0.559125,0.561875,0,0,2.5605
290,1,97,1,0,-5.1719,-2.7812,-7.0078,-1.0938,0.68225,0.6535,0.57625,0.565875,0,0,2.559125
291,1,96,1,0,-5.1562,-2.8281,-6.9844,-1.0703,0.683625,0.659,0.5685,0.550875,0,0,2.559375
292,1,95,1,0,-5.1797,-2.8281,-6.9844,-1.0469,0.69125,0.648,0.577,0.562875,0,0,2.560625
293,1,95,1,0,-5.1406,-2.7109,-7.0234,-1.125,0.6715,0.658375,0.57325,0.56125,0,0,2.55925
294,1,95,1,0,-5.1406,-2.7734,-7.0,-1.0,0.676,0.66925,0.566,0.5565,0,0,2.55925
295,1,94,1,0,-5.1406,-2.7812,-6.9688,-1.0391,0.69425,0.663,0.5865,0.569375,0,0,2.560125
296,1,94,1,1,-5.0703,-2.6406,-6.9375,-0.9375,0.685125,0.6745,0.588125,0.566125,0,0,2.561
297,1,96,1,0,-5.0781,-2.7344,-6.8125,-1.0391,0.685125,0.67175,0.5645,0.575625,0,0,2.560375
298,1,97,1,0,-4.9922,-2.6797,-6.8906,-0.9297,0.677875,0.68275,0.57225,0.5755,0,0,2.561
299,1,94,1,0,-5.0547,-2.6484,-6.8672,-0.8984,0.681375,0.6855,0.592,0.568,0,0,2.560625
300,1,97,1,0,-4.9453,-2.6172,-6.75,-0.9375,0.700125,0.679125,0.599875,0.573,0,0,2.5595
301,1,97,1,0,-4.9375,-2.5469,-6.7578,-0.8359,0.704375,0.664625,0.60225,0.56625,0,0,2.56075
302,1,96,1,0,-4.9609,-2.6172,-6.7656,-0.8672,0.68825,0.684125,0.602,0.570125,0,0,2.559375
303,1,96,1,0,-4.9219,-2.5,-6.7344,-0.8516,0.701375,0.674875,0.592375,0.59,0,0,2.56
304,1,94,1,1,-4.9219,-2.5781,-6.6562,-0.8594,0.69525,0.699375,0.588375,0.574625,0,0,2.561
305,1,97,1,0,-4.8594,-2.4609,-6.6797,-0.75,0.706625,0.691875,0.581375,0.5765,0,0,2.559125
306,1,94,1,0,-4.875,-2.4922,-6.6562,-0.8125,0.704125,0.696,0.591,0.58,0,0,2.559
307,1,97,1,0,-4.8047,-2.4453,-6.6797,-0.7891,0.70925,0.699375,0.604,0.58575,0,0,2.5605
308,1,97,1,0,-4.7891,-2.4922,-6.5938,-0.6719,0.699875,0.67875,0.592,0.582375,0,0,2.5605
309,1,96,1,0,-4.8516,-2.4297,-6.6172,-0.6562,0.73,0.7065,0.611875,0.585875,0,0,2.559375
310,1,95,1,0,-4.7734,-2.3281,-6.5547,-0.6484,0.707,0.6935,0.60925,0.60275,1,1,2.560125
311,1,98,1,0,-4.8047,-2.3828,-6.5469,-0.6953,0.7165,0.701375,0.60575,0.588625,0,0,2.559625
312,1,96,1,1,-4.7812,-2.3906,-6.5938,-0.6016,0.730375,0.6955,0.6005,0.588875,0,0,2.559375
313,1,94,1,0,-4.7109,-2.2891,-6.5156,-0.6406,0.7165,0.71125,0.603875,0.60975,0,0,2.559125
314,1,95,1,0,-4.7578,-2.25,-6.4453,-0.6328,0.724375,0.69725,0.606,0.607125,0,0,2.5605
315,1,98,1,0,-4.6719,-2.3203,-6.4844,-0.6328,0.71925,0.6975,0.59575,0.603,0,0,2.559125
316,1,98,1,0,-4.6484,-2.2031,-6.3984,-0.6094,0.72525,0.7175,0.615375,0.6135,0,0,2.56075
317,1,95,1,0,-4.6562,-2.2422,-6.3828,-0.5312,0.739375,0.715125,0.630875,0.6135,0,0,2.560875
318,1,94,1,0,-4.5859,-2.1875,-6.4297,-0.5156,0.74575,0.7255,0.612125,0.619,0,0,2.56
319,1,96,1,0,-4.625,-2.1719,-6.3516,-0.4609,0.751,0.705125,0.615,0.60225,0,0,2.560875
320,1,94,1,1,-4.5547,-2.1094,-6.4219,-0.4141,0.736,0.723875,0.609,0.617125,0,0,2.560625
321,1,94,1,0,-4.5469,-2.1484,-6.3359,-0.4219,0.746625,0.726375,0.62925,0.61325,0,0,2.560375
322,1,95,1,0,-4.5391,-2.1484,-6.3359,-0.3594,0.73325,0.7145,0.633,0.606875,0,0,2.559125
323,2,97,1,0,-4.5078,-2.0312,-6.2656,-0.4453,0.75225,0.740125,0.641875,0.61625,0,0,2.5595
324,2,98,1,0,-4.4297,-2.0703,-6.2656,-0.3359,0.73425,0.743,0.638625,0.628125,0,0,2.560125
325,2,95,1,0,-4.5,-2.0703,-6.2969,-0.2891,0.7535,0.733875,0.647625,0.632375,0,0,2.559125
326,2,98,1,0,-4.4375,-2.0859,-6.2188,-0.3906,0.749,0.735,0.61675,0.61875,0,0,2.559875
327,2,94,1,0,-4.3672,-1.9922,-6.2344,-0.3125,0.7515,0.740125,0.644625,0.633375,0,0,2.55975
328,2,95,1,1,-4.375,-1.9844,-6.1562,-0.3438,0.76775,0.742875,0.654625,0.637,0,0,2.56025
329,2,97,1,0,-4.3281,-2.0078,-6.1484,-0.2969,0.749875,0.735375,0.6545,0.6385,0,0,2.559
330,2,98,1,0,-4.3281,-1.9141,-6.1484,-0.2266,0.775875,0.73525,0.63675,0.62125,0,0,2.56
331,2,94,1,0,-4.3281,-1.9219,-6.125,-0.2734,0.768625,0.738,0.631625,0.621875,0,0,2.55975
332,2,97,1,0,-4.3125,-1.8359,-6.1328,-0.1484,0.776,0.749875,0.634875,0.6245,0,0,2.561
333,2,94,1,0,-4.2266,-1.8516,-6.0312,-0.2031,0.767625,0.761875,0.638875,0.627875,0,1,2.5605
334,2,94,1,0,-4.2188,-1.8359,-6.0156,-0.1641,0.775375,0.752,0.66675,0.642375,0,0,2.560375
335,2,94,1,0,-4.2812,-1.8828,-5.9844,-0.0938,0.77575,0.741375,0.658375,0.629375,0,0,2.561
336,2,95,1,1,-4.1719,-1.8125,-5.9609,-0.1484,0.771625,0.746,0.647375,0.631875,0,0,2.560125
337,2,95,1,0,-4.1797,-1.7578,-5.9531,-0.0156,0.789,0.7505,0.660375,0.65325,0,0,2.559875
338,2,96,1,0,-4.1328,-1.8203,-5.9844,-0.0391,0.779,0.758875,0.6725,0.646,0,0,2.559
339,2,97,1,0,-4.125,-1.7578,-5.9453,-0.0469,0.775375,0.75775,0.665625,0.653,0,0,2.559
340,2,96,1,0,-4.0625,-1.6641,-5.9141,-0.0703,0.78475,0.759875,0.676375,0.655375,0,0,2.56
341,2,98,1,0,-4.1484,-1.7266,-5.875,0.0625,0.79875,0.779375,0.68075,0.6415,0,0,2.55975
342,2,96,1,0,-4.1172,-1.6172,-5.8672,0.0,0.78575,0.764125,0.676625,0.649125,0,0,2.5605
343,2,95,1,0,-4.0859,-1.6562,-5.8906,0.0234,0.778625,0.77325,0.666375,0.665625,0,0,2.55925
344,2,95,1,1,-4.0391,-1.6641,-5.8438,0.0703,0.795875,0.7755,0.66325,0.649875,0,0,2.5595
345,2,96,1,0,-4.0156,-1.5781,-5.8594,0.1094,0.80775,0.7815,0.685625,0.658375,0,0,2.559625
346,2,98,1,0,-3.9922,-1.5859,-5.7422,0.0625,0.79425,0.774125,0.668875,0.6585,0,0,2.5605
347,2,97,1,0,-3.9141,-1.5859,-5.8047,0.1094,0.798375,0.78275,0.68025,0.660625,1,0,2.55975
348,2,95,1,0,-3.8828,-1.5234,-5.7578,0.2109,0.802125,0.778875,0.6875,0.67325,0,0,2.56025
349,2,95,1,0,-3.9688,-1.4688,-5.7344,0.25,0.79925,0.773875,0.664875,0.663375,0,0,2.56075
350,2,96,1,0,-3.9453,-1.4844,-5.6719,0.2422,0.795875,0.796625,0.695625,0.669125,0,0,2.561
351,2,97,1,0,-3.875,-1.4844,-5.6484,0.2578,0.8215,0.802125,0.67875,0.665875,0,0,2.55975
352,2,95,1,1,-3.8125,-1.4219,-5.5859,0.2188,0.822625,0.7765,0.698875,0.672375,0,0,2.56025
353,2,95,1,0,-3.7734,-1.4531,-5.6797,0.2266,0.82,0.79425,0.674125,0.663375,0,0,2.559125
354,2,94,1,0,-3.8047,-1.3672,-5.5938,0.3672,0.818875,0.792,0.691625,0.682125,0,0,2.5605
355,2,95,1,0,-3.7109,-1.3984,-5.6172,0.3828,0.81525,0.796875,0.695125,0.686375,0,0,2.560875
356,2,98,1,0,-3.7578,-1.2969,-5.5547,0.3516,0.81525,0.8115,0.702125,0.69,0,0,2.559875
357,2,96,1,0,-3.7734,-1.3125,-5.5859,0.3281,0.819375,0.815,0.7075,0.690625,0,0,2.5595
358,2,94,1,0,-3.6719,-1.3594,-5.4922,0.4062,0.81375,0.7995,0.682875,0.67225,0,0,2.559875
359,2,94,1,0,-3.6562,-1.2891,-5.4219,0.4531,0.825625,0.80775,0.69625,0.683375,0,0,2.561
360,2,97,1,1,-3.625,-1.2656,-5.3984,0.5,0.817,0.794875,0.70125,0.693125,0,0,2.559875
361,2,96,1,0,-3.6641,-1.2109,-5.3828,0.5234,0.824875,0.804375,0.70325,0.6815,0,0,2.559
362,2,96,1,0,-3.5781,-1.1797,-5.4297,0.5391,0.820875,0.817,0.693125,0.685,0,0,2.56025
363,2,96,1,0,-3.625,-1.1484,-5.3359,0.5625,0.83875,0.816125,0.6955,0.701625,0,0,2.5595
364,2,98,1,0,-3.5938,-1.1328,-5.4141,0.4766,0.853125,0.81125,0.713375,0.68875,0,0,2.559625
365,2,95,1,0,-3.5547,-1.1953,-5.3594,0.5,0.844625,0.806,0.693,0.701125,0,0,2.55925
366,2,96,1,0,-3.5625,-1.1328,-5.3281,0.5469,0.841625,0.82925,0.71,0.6875,0,0,2.560625
367,3,96,1,0,-3.5156,-1.0859,-5.2578,0.6172,0.840375,0.82,0.69875,0.69725,0,0,2.55975
368,3,98,1,1,-3.5234,-1.0312,-5.2969,0.6094,0.835875,0.814375,0.728375,0.70125,0,0,2.56
369,3,96,1,0,-3.4922,-1.0703,-5.2031,0.6953,0.84575,0.8245,0.729875,0.691875,0,0,2.560625
370,3,96,1,0,-3.4766,-1.0703,-5.2266,0.6719,0.841875,0.813875,0.70675,0.712,0,0,2.561
371,3,94,1,0,-3.3438,-1.0469,-5.1875,0.7031,0.851,0.82675,0.70875,0.716375,0,0,2.559875
372,3,96,1,0,-3.4453,-0.9297,-5.1719,0.6875,0.8695,0.82925,0.705875,0.703125,0,0,2.561
373,3,96,1,0,-3.3203,-0.9219,-5.2188,0.7891,0.866375,0.836375,0.705375,0.703125,0,0,2.560375
374,3,95,1,0,-3.3281,-0.9688,-5.0938,0.7031,0.8715,0.84575,0.724125,0.7115,0,0,2.5595
375,3,96,1,0,-3.3438,-0.9609,-5.1641,0.8047,0.848625,0.828875,0.7185,0.7185,0,0,2.55975
376,3,97,1,1,-3.3281,-0.9297,-5.0938,0.8672,0.878625,0.85025,0.735125,0.712,0,1,2.56025
377,3,96,1,0,-3.2188,-0.8359,-5.0469,0.8203,0.881125,0.8585,0.71325,0.72775,0,0,2.559125
378,3,95,1,0,-3.1953,-0.9062,-5.0938,0.8984,0.864375,0.83975,0.733125,0.70975,0,0,2.55925
379,3,97,1,0,-3.1641,-0.8594,-5.0547,0.8516,0.8725,0.836625,0.741375,0.71425,0,0,2.560625
380,3,96,1,0,-3.1719,-0.7344,-4.9453,0.875,0.865625,0.84925,0.73975,0.71875,0,0,2.559625
381,3,98,1,0,-3.2031,-0.7188,-4.9453,0.9609,0.8805,0.84325,0.74575,0.73325,0,0,2.559125
382,3,98,1,0,-3.2031,-0.7734,-4.8984,1.0,0.869,0.851625,0.73475,0.734125,0,0,2.560625
383,3,98,1,0,-3.1016,-0.7891,-4.9922,0.9375,0.875625,0.859875,0.749125,0.732,0,0,2.55975
384,3,98,1,1,-3.0859,-0.7188,-4.9062,0.9453,0.87875,0.849,0.739,0.7255,1,0,2.56025
385,3,97,1,0,-3.0625,-0.7109,-4.8594,1.0469,0.893375,0.853875,0.743125,0.723,0,0,2.559875
386,3,95,1,0,-3.0,-0.6484,-4.8984,1.0,0.874875,0.855,0.73175,0.741625,0,0,2.560375
387,3,96,1,0,-3.0156,-0.5859,-4.8281,1.0703,0.88725,0.857375,0.7365,0.725375,0,0,2.55975
388,3,95,1,0,-3.0625,-0.6406,-4.8203,1.125,0.906875,0.878625,0.76375,0.739625,0,0,2.561
389,3,96,1,0,-3.0,-0.5938,-4.8281,1.1562,0.9,0.87575,0.76825,0.741375,0,0,2.56025
390,3,95,1,0,-2.9062,-0.5469,-4.8203,1.0703,0.9025,0.875125,0.75125,0.7465,0,0,2.560375
391,3,95,1,0,-2.9844,-0.4922,-4.7266,1.2188,0.902,0.864375,0.741,0.752625,0,0,2.5605
392,3,95,1,1,-2.9688,-0.5547,-4.7344,1.2422,0.886625,0.887125,0.748625,0.741625,0,0,2.560625
393,3,95,1,0,-2.9609,-0.5078,-4.6562,1.2109,0.9055,0.892625,0.751875,0.7515,0,0,2.560875
394,3,94,1,0,-2.8125,-0.4688,-4.625,1.2578,0.898625,0.87875,0.770625,0.76,0,0,2.56
395,3,96,1,0,-2.8594,-0.4297,-4.6406,1.2109,0.916,0.89425,0.7445,0.75325,0,0,2.561
396,3,96,1,0,-2.8125,-0.4062,-4.6719,1.2578,0.896,0.8725,0.775875,0.746875,1,0,2.55925
397,3,94,1,0,-2.7656,-0.4688,-4.6484,1.2656,0.899,0.8965,0.75925,0.7505,0,0,2.560625
398,3,97,1,0,-2.8047,-0.4062,-4.5547,1.2969,0.903125,0.888875,0.754875,0.752875,0,0,2.56075
399,3,98,1,0,-2.7422,-0.3516,-4.6094,1.2891,0.930625,0.902125,0.762,0.75975,0,0,2.559
400,3,98,1,1,-2.7344,-0.375,-4.5547,1.3672,0.925,0.893875,0.784125,0.77,0,0,2.559625
401,3,96,1,0,-2.7109,-0.3516,-4.4844,1.3906,0.927625,0.89275,0.764375,0.7585,0,0,2.5595
402,3,97,1,0,-2.6484,-0.3125,-4.4609,1.4219,0.912125,0.88375,0.759125,0.753875,0,0,2.55925
403,3,98,1,0,-2.7266,-0.2578,-4.4297,1.4297,0.932125,0.90225,0.78375,0.755625,0,0,2.56025
404,3,96,1,0,-2.6719,-0.2734,-4.4922,1.4297,0.93975,0.891875,0.7815,0.766625,0,0,2.559125
405,3,94,1,0,-2.6797,-0.2188,-4.4688,1.4375,0.92375,0.915875,0.773125,0.77625,0,0,2.560125
406,3,94,1,0,-2.5547,-0.2344,-4.4531,1.5156,0.938,0.89425,0.783125,0.777,0,0,2.559
407,3,98,1,0,-2.5938,-0.1406,-4.4062,1.5391,0.9265,0.91225,0.7895,0.771125,0,0,2.559875
408,3,98,1,1,-2.5312,-0.2109,-4.3438,1.6016,0.92275,0.9125,0.7845,0.773,0,0,2.559125
409,3,95,1,0,-2.5547,-0.0859,-4.2734,1.6094,0.944375,0.926625,0.795,0.7715,0,0,2.560625
410,3,94,1,0,-2.5625,-0.1172,-4.3125,1.6328,0.943125,0.92175,0.80225,0.777625,0,0,2.560125
411,4,97,1,0,-2.5234,-0.1406,-4.2969,1.5859,0.9375,0.932,0.8025,0.787,0,0,2.5605
412,4,97,1,0,-2.5,-0.0156,-4.2344,1.6328,0.9495,0.924875,0.81325,0.776125,0,0,2.561
413,4,95,1,0,-2.4531,-0.0156,-4.1719,1.6094,0.9425,0.916125,0.79725,0.783625,0,0,2.55925
414,4,94,1,0,-2.3828,-0.0547,-4.1875,1.6953,0.9565,0.931875,0.785375,0.77475,0,1,2.559375
415,4,97,1,0,-2.3359,0.0,-4.25,1.7734,0.95975,0.938125,0.791625,0.786125,0,0,2.55975
416,4,94,1,1,-2.3516,0.0391,-4.1953,1.7266,0.943375,0.9375,0.808375,0.799125,0,0,2.560375
417,4,96,1,0,-2.2812,0.0,-4.1484,1.75,0.95775,0.920125,0.810125,0.79075,0,0,2.561
418,4,98,1,0,-2.3203,0.1328,-4.0938,1.7734,0.945125,0.9295,0.8145,0.7885,0,0,2.56
419,4,96,1,0,-2.3516,0.0625,-4.1172,1.8594,0.9545,0.928125,0.815125,0.7905,0,0,2.5605
420,4,96,1,0,-2.2188,0.1094,-4.0781,1.8359,0.950375,0.94625,0.827375,0.786125,0,0,2.5595
421,4,97,1,0,-2.2109,0.1562,-4.0938,1.8203,0.95075,0.952375,0.82825,0.80275,0,0,2.559875
422,4,98,1,0,-2.1641,0.2266,-4.0156,1.9062,0.9775,0.948,0.810125,0.79025,0,0,2.56075
423,4,94,1,0,-2.1484,0.25,-3.9922,1.8516,0.954375,0.929,0.7985,0.800375,0,0,2.55975
424,4,94,1,1,-2.1641,0.1641,-3.9688,1.9297,0.965625,0.936,0.8315,0.79975,1,0,2.559125
425,4,96,1,0,-2.1641,0.1875,-3.9453,1.9922,0.96175,0.934125,0.812875,0.808875,0,0,2.560125
426,4,95,1,0,-2.0703,0.2188,-3.9609,1.9688,0.982375,0.941375,0.828875,0.818,0,0,2.559125
427,4,97,1,0,-2.1094,0.25,-3.8906,2.0547,0.991125,0.938125,0.809375,0.802875,0,0,2.559875
428,4,96,1,0,-2.125,0.2656,-3.8828,2.0781,0.982,0.959,0.824625,0.8115,0,0,2.559375
429,4,96,1,0,-2.1094,0.3359,-3.8594,2.0703,0.967875,0.953875,0.828,0.814875,0,0,2.560625
430,4,97,1,0,-2.0781,0.4219,-3.875,2.0703,0.9705,0.96275,0.845625,0.8145,0,0,2.560375
431,4,98,1,0,-2.0,0.375,-3.8359,2.1172,0.9725,0.959625,0.837125,0.819,0,0,2.56075
432,4,94,1,1,-2.0,0.4375,-3.7422,2.1484,0.99775,0.9705,0.82725,0.812875,0,1,2.560625
433,4,97,1,0,-2.0078,0.4844,-3.7266,2.1328,0.98325,0.95225,0.851,0.82975,0,0,2.561
434,4,97,1,0,-1.9453,0.4062,-3.7656,2.1484,1.00075,0.9715,0.817,0.81975,0,0,2.559125
435,4,97,1,0,-1.9219,0.4297,-3.7812,2.1328,1.001875,0.959375,0.826625,0.8185,0,0,2.5605
436,4,97,1,0,-1.8359,0.5,-3.75,2.1797,0.9995,0.971125,0.857125,0.81525,0,0,2.559375
437,4,96,1,0,-1.8594,0.5703,-3.7109,2.1875,0.98875,0.98225,0.847625,0.833375,0,0,2.559875
438,4,94,1,0,-1.9062,0.4922,-3.6016,2.2031,1.00525,0.961625,0.839875,0.836875,0,0,2.5605
439,4,97,1,0,-1.875,0.5469,-3.6172,2.2734,0.99625,0.965875,0.839125,0.837375,0,0,2.56
440,4,94,1,1,-1.8125,0.6094,-3.6562,2.25,1.020125,0.972625,0.8325,0.83575,0,0,2.5605
441,4,96,1,0,-1.7578,0.5703,-3.6328,2.2578,1.01925,0.976,0.86325,0.82675,0,0,2.55925
442,4,97,1,0,-1.7578,0.6719,-3.5234,2.3125,1.006875,0.983875,0.86475,0.841125,0,0,2.55925
443,4,98,1,0,-1.7891,0.6094,-3.5938,2.3984,1.008375,0.97275,0.841,0.83,0,0,2.559125
444,4,97,1,0,-1.7109,0.7344,-3.4922,2.3984,1.021125,0.99125,0.85125,0.837,0,0,2.55975
445,4,96,1,0,-1.6875,0.7422,-3.4766,2.4688,1.018625,0.97675,0.848125,0.843125,0,0,2.560125
446,4,95,1,0,-1.6016,0.6875,-3.4141,2.4609,1.004375,0.99825,0.869875,0.836125,0,0,2.560125
447,4,97,1,0,-1.6719,0.8203,-3.375,2.4219,1.017375,0.99325,0.863625,0.844875,0,0,2.55925
448,4,94,1,1,-1.6328,0.7344,-3.4062,2.4453,1.03875,0.982875,0.85275,0.841375,0,0,2.559
449,4,96,1,0,-1.6406,0.75,-3.3594,2.5,1.023875,1.012,0.867875,0.859875,0,0,2.56
450,4,96,1,0,-1.5547,0.8203,-3.3359,2.4844,1.03975,0.995875,0.8545,0.849875,0,0,2.559625
451,4,94,1,0,-1.4844,0.8125,-3.3203,2.5625,1.019375,1.0045,0.862125,0.84175,0,0,2.560625
452,4,98,1,0,-1.5,0.8828,-3.3594,2.6406,1.03875,1.01575,0.88625,0.853125,0,0,2.5605
453,5,98,1,0,-1.5156,0.8516,-3.3438,2.5547,1.021375,1.021375,0.8675,0.864875,0,0,2.559375
454,5,95,1,0,-1.4453,0.9766,-3.3125,2.6094,1.04625,1.004875,0.882375,0.853,0,0,2.559875
455,5,94,1,0,-1.4297,1.0,-3.1875,2.6719,1.03375,0.99825,0.866,0.851,0,0,2.559375
456,5,95,1,1,-1.4688,1.0078,-3.2656,2.7266,1.05475,1.020875,0.85975,0.866,0,0,2.559125
457,5,97,1,0,-1.3906,1.0547,-3.1953,2.6797,1.03075,1.018125,0.885375,0.853125,1,0,2.56
458,5,95,1,0,-1.3594,0.9922,-3.1953,2.6797,1.051125,1.004625,0.8825,0.8555,0,0,2.56
459,5,97,1,0,-1.3984,1.1016,-3.1719,2.7734,1.04525,1.013125,0.897375,0.856,0,0,2.5595
460,5,94,1,0,-1.2812,1.0781,-3.1406,2.7266,1.0615,1.017,0.87175,0.8735,0,0,2.559125
461,5,94,1,0,-1.3047,1.1094,-3.1172,2.7344,1.061125,1.02425,0.871875,0.8655,0,1,2.560875
462,5,94,1,0,-1.2266,1.125,-3.1328,2.8672,1.067375,1.02675,0.893625,0.87225,0,0,2.560625
463,5,98,1,0,-1.2891,1.1328,-3.0938,2.8359,1.049125,1.01725,0.898125,0.872625,0,0,2.559
464,5,96,1,1,-1.2031,1.1562,-3.0938,2.8516,1.067375,1.033,0.89625,0.8685,0,0,2.55925
465,5,97,1,0,-1.1953,1.1484,-2.9531,2.875,1.067875,1.028375,0.90775,0.88,0,0,2.559
466,5,96,1,0,-1.2109,1.2578,-2.9375,2.8828,1.05975,1.042625,0.89225,0.874875,0,0,2.559625
467,5,95,1,0,-1.1562,1.2969,-3.0078,2.875,1.07025,1.031625,0.90075,0.87725,0,0,2.560375
468,5,98,1,0,-1.1797,1.2969,-2.9609,2.9844,1.07425,1.040875,0.89625,0.885875,0,0,2.560875
469,5,97,1,0,-1.1797,1.3281,-2.875,3.0078,1.074,1.053875,0.90875,0.8925,0,0,2.5595
470,5,97,1,0,-1.1484,1.2891,-2.9375,3.0625,1.067875,1.036375,0.915375,0.897375,0,0,2.560375
471,5,98,1,0,-1.1328,1.3125,-2.9219,3.0859,1.05875,1.031625,0.90225,0.882875,0,0,2.56075
472,5,97,1,1,-1.0078,1.2891,-2.8359,3.0312,1.08775,1.051375,0.92175,0.892375,0,0,2.560125
473,5,98,1,0,-0.9609,1.3125,-2.8203,3.125,1.08475,1.039875,0.903125,0.8805,0,0,2.56025
474,5,95,1,0,-0.9766,1.3984,-2.7891,3.0469,1.072625,1.057375,0.897375,0.903375,0,0,2.559
475,5,97,1,0,-1.0,1.4453,-2.7891,3.1406,1.08075,1.0555,0.927875,0.885125,0,0,2.559875
476,5,98,1,0,-0.9844,1.4141,-2.7812,3.0938,1.09825,1.057875,0.90275,0.889625,0,0,2.559125
477,5,95,1,0,-0.8984,1.4688,-2.7656,3.1641,1.083375,1.069875,0.92925,0.905625,0,0,2.560125
478,5,94,1,0,-0.875,1.5469,-2.7031,3.1484,1.09475,1.063125,0.90075,0.90975,0,0,2.56075
479,5,94,1,0,-0.8906,1.5703,-2.7344,3.1562,1.08775,1.054125,0.91275,0.911375,0,0,2.55975
480,5,94,1,1,-0.9062,1.6016,-2.6953,3.1797,1.100625,1.058875,0.93675,0.904625,0,0,2.5605
481,5,94,1,0,-0.7969,1.5547,-2.6406,3.3047,1.092625,1.06125,0.924,0.907875,0,0,2.559
482,5,96,1,0,-0.7578,1.6484,-2.5703,3.2812,1.088,1.0575,0.90825,0.900375,0,1,2.559125
483,5,96,1,0,-0.7266,1.6016,-2.5938,3.2734,1.089875,1.062875,0.91075,0.91225,0,0,2.55925
484,5,95,1,0,-0.8203,1.6094,-2.625,3.2969,1.090875,1.063125,0.9255,0.909625,0,0,2.559125
485,5,95,1,0,-0.7266,1.6406,-2.5391,3.3984,1.117375,1.06475,0.920625,0.91,0,0,2.559
486,5,96,1,0,-0.6953,1.6953,-2.5547,3.4141,1.1015,1.061125,0.941875,0.907125,0,0,2.560625
487,5,97,1,0,-0.6328,1.6875,-2.5312,3.4609,1.11525,1.092375,0.91675,0.92225,0,0,2.559125
488,5,96,1,1,-0.6641,1.75,-2.4844,3.4688,1.110125,1.09325,0.915875,0.91825,0,0,2.559875
489,5,98,1,0,-0.6797,1.7344,-2.3906,3.4688,1.1125,1.083125,0.937375,0.925,0,0,2.560125
490,5,96,1,0,-0.5859,1.8281,-2.4375,3.4297,1.1135,1.0925,0.948875,0.924875,0,0,2.561
491,5,96,1,0,-0.5469,1.7656,-2.3438,3.5469,1.12225,1.074375,0.9335,0.924375,0,0,2.5595
492,5,97,1,0,-0.6328,1.8047,-2.3984,3.4688,1.1075,1.09875,0.947625,0.93325,0,0,2.560125
493,5,97,1,0,-0.5078,1.8984,-2.3359,3.5625,1.1135,1.097875,0.924375,0.92075,0,0,2.559125
494,5,95,1,0,-0.5078,1.9062,-2.3438,3.6172,1.11325,1.096625,0.941875,0.924625,0,0,2.560625
495,5,96,1,0,-0.4844,1.9531,-2.3594,3.6484,1.12275,1.08375,0.9535,0.928375,0,0,2.5595
496,6,94,1,1,-0.4375,1.9219,-2.2344,3.5703,1.122625,1.105625,0.945875,0.922625,0,0,2.559875
497,6,96,1,0,-0.4531,1.8984,-2.2969,3.6172,1.142,1.09625,0.946625,0.924625,0,0,2.559875
498,6,96,1,0,-0.4297,2.0078,-2.2891,3.7109,1.123375,1.10925,0.962625,0.93825,0,0,2.559125
499,6,97,1,0,-0.4688,2.0078,-2.1641,3.6484,1.12575,1.11025,0.9485,0.945,1,0,2.55925
500,6,96,1,0,-0.3516,2.0156,-2.2422,3.7812,1.124625,1.091,0.965,0.94925,0,0,2.559
501,6,98,1,0,-0.3672,1.9922,-2.1484,3.7344,1.125,1.094625,0.944625,0.935,0,0,2.55925
502,6,98,1,0,-0.3672,2.1094,-2.1719,3.7578,1.13825,1.120125,0.95125,0.947125,0,0,2.559875
503,6,97,1,0,-0.3359,2.0469,-2.1484,3.7969,1.139125,1.1255,0.954375,0.937625,0,0,2.560125
504,6,96,1,1,-0.2891,2.125,-2.1094,3.8359,1.141875,1.11825,0.948125,0.947375,0,0,2.560375
505,6,96,1,0,-0.3203,2.1797,-2.0781,3.8672,1.145875,1.111625,0.977375,0.952375,0,0,2.559875
506,6,98,1,0,-0.2812,2.1016,-2.0078,3.8594,1.154125,1.107125,0.9805,0.9485,0,0,2.560875
507,6,98,1,0,-0.1719,2.1641,-1.9922,3.9453,1.1445,1.124,0.982,0.9425,0,0,2.561
508,6,94,1,0,-0.2266,2.2578,-2.0469,3.9688,1.15575,1.11325,0.9715,0.9445,0,0,2.559125
509,6,97,1,0,-0.1953,2.2734,-2.0234,3.875,1.165125,1.123875,0.966,0.94625,0,0,2.5595
510,6,97,1,0,-0.1016,2.2109,-1.9219,4.0,1.170625,1.14,0.95725,0.954125,0,0,2.559625
511,6,97,1,0,-0.0859,2.3047,-1.9688,3.9688,1.15375,1.139,0.98725,0.960375,0,0,2.5605
512,6,95,1,1,-0.1016,2.3438,-1.9531,4.0469,1.16,1.125,0.977375,0.963125,0,0,2.56
513,6,95,1,0,-0.0391,2.3828,-1.8984,3.9922,1.156625,1.127375,0.99025,0.97075,0,0,2.56025
514,6,97,1,0,-0.0234,2.3828,-1.8672,4.0469,1.173,1.12725,0.976875,0.9555,0,0,2.5595
515,6,97,1,0,-0.0391,2.3672,-1.8438,4.1094,1.163,1.12425,0.99,0.973375,0,0,2.559625
516,6,96,1,0,-0.0312,2.3906,-1.75,4.0391,1.16,1.124375,0.996,0.971625,0,0,2.56
517,6,95,1,0,0.0469,2.4141,-1.7422,4.0625,1.159125,1.151375,0.98925,0.976125,0,0,2.56
518,6,97,1,0,0.0781,2.4062,-1.7578,4.0859,1.17725,1.154875,1.003625,0.978625,0,0,2.560875
519,6,97,1,0,0.0859,2.4531,-1.6797,4.125,1.189875,1.131625,0.9775,0.978125,0,0,2.561
520,6,97,1,1,0.1094,2.5,-1.6406,4.1562,1.16775,1.147125,0.9845,0.97125,0,0,2.559
521,6,96,1,0,0.0781,2.5547,-1.6797,4.1875,1.174375,1.153125,1.00925,0.974,0,0,2.56
522,6,95,1,0,0.0938,2.5156,-1.6953,4.2344,1.196,1.151625,1.01175,0.96875,0,0,2.560375
523,6,98,1,0,0.2266,2.5703,-1.5781,4.2656,1.17075,1.1565,0.9965,0.9865,0,0,2.5605
524,6,95,1,0,0.2344,2.6328,-1.625,4.2812,1.1985,1.1435,0.98025,0.99175,0,0,2.559375
525,6,95,1,0,0.2188,2.6797,-1.6328,4.3203,1.183375,1.159875,0.987125,0.972625,0,0,2.560375
526,6,98,1,0,0.2422,2.6328,-1.5078,4.3516,1.205125,1.171375,0.98725,0.996375,0,0,2.5595
527,6,95,1,0,0.3125,2.625,-1.4844,4.3984,1.20275,1.145875,1.000625,0.985375,0,0,2.5605
528,6,95,1,1,0.3203,2.6875,-1.5625,4.4375,1.1835,1.174625,0.9895,0.982,0,0,2.559875
529,6,95,1,0,0.3203,2.6953,-1.5234,4.4297,1.19175,1.159125,1.01075,0.979375,0,0,2.560125
530,6,96,1,0,0.3359,2.7891,-1.4453,4.3984,1.188875,1.1595,1.018625,0.992,0,0,2.561
531,6,96,1,0,0.3906,2.7109,-1.4922,4.5234,1.206625,1.1545,1.013625,0.982875,0,0,2.5595
532,6,98,1,0,0.3359,2.8125,-1.375,4.4688,1.2175,1.167,1.0035,0.998375,0,0,2.55925
533,6,94,1,0,0.4609,2.8672,-1.3594,4.5625,1.194625,1.16825,1.013,1.0,0,0,2.560875
534,6,96,1,0,0.4609,2.7812,-1.3906,4.5703,1.1995,1.17525,1.02525,0.99425,0,0,2.560125
535,6,94,1,0,0.4453,2.8203,-1.3516,4.6172,1.2055,1.179,1.00225,0.993875,0,0,2.559625
536,6,95,1,1,0.5391,2.9219,-1.3516,4.5781,1.21525,1.170375,1.00325,1.001375,0,0,2.55975
537,7,96,1,0,0.5469,2.9531,-1.2656,4.6328,1.226125,1.178375,1.02275,1.011875,0,0,2.559
538,7,95,1,0,0.4688,2.9609,-1.2734,4.6094,1.21975,1.180375,1.0125,1.001,1,1,2.560875
539,7,95,1,0,0.5,2.9922,-1.1953,4.6094,1.218875,1.171125,1.018875,1.00625,0,0,2.560375
540,7,96,1,0,0.5391,3.0078,-1.25,4.625,1.224125,1.19825,1.032125,1.017375,0,0,2.561
541,7,97,1,0,0.6094,2.9922,-1.1484,4.6875,1.213,1.200125,1.037625,1.00825,0,0,2.560875
542,7,95,1,0,0.5859,2.9922,-1.1875,4.7578,1.223125,1.196625,1.04575,1.01175,0,1,2.56025
543,7,95,1,0,0.6172,3.1016,-1.0938,4.7422,1.23325,1.1825,1.028875,1.00975,0,0,2.559375
544,7,98,1,1,0.6641,3.0312,-1.1562,4.7812,1.2175,1.194,1.04625,1.0135,0,0,2.559125
545,7,98,1,0,0.6875,3.1094,-1.0938,4.7578,1.239125,1.195875,1.040875,1.01325,0,0,2.56075
546,7,95,1,0,0.7734,3.1641,-1.0547,4.7578,1.232625,1.1955,1.02275,1.0185,0,0,2.5595
547,7,95,1,0,0.7031,3.1641,-1.1172,4.8359,1.2285,1.19875,1.037875,1.0315,0,0,2.561
548,7,97,1,0,0.75,3.1562,-1.0938,4.8594,1.23325,1.205,1.02375,1.023875,0,0,2.560625
549,7,95,1,0,0.8516,3.1562,-0.9844,4.875,1.239125,1.21775,1.055125,1.0165,0,0,2.56075
550,7,96,1,0,0.8281,3.1953,-0.9844,4.8594,1.23425,1.19325,1.044,1.036,0,0,2.56025
551,7,95,1,0,0.8359,3.2891,-0.9375,4.9531,1.246125,1.212375,1.05225,1.02275,0,0,2.559375
552,7,94,1,1,0.8047,3.2578,-0.8906,4.9375,1.238,1.22325,1.034875,1.03175,0,0,2.561
553,7,94,1,0,0.9141,3.3125,-0.9531,5.0234,1.255,1.213,1.038625,1.027125,0,0,2.56075
554,7,95,1,0,0.9453,3.3438,-0.9219,5.0625,1.254875,1.2205,1.055625,1.02725,0,0,2.561
555,7,95,1,0,0.9609,3.3359,-0.8281,5.0703,1.2645,1.21675,1.07,1.028875,0,0,2.559125
556,7,98,1,0,0.9688,3.3359,-0.8281,5.0391,1.260625,1.209875,1.04775,1.04475,0,0,2.559
557,7,95,1,0,0.9297,3.3906,-0.7812,5.1172,1.267125,1.212875,1.03975,1.04425,0,0,2.5595
558,7,96,1,0,1.0,3.4141,-0.75,5.1719,1.253875,1.23825,1.0735,1.032,0,0,2.561
559,7,95,1,0,1.0234,3.3984,-0.8281,5.1484,1.2645,1.240125,1.05825,1.04675,1,0,2.56
560,7,95,1,1,1.0,3.4766,-0.8047,5.1562,1.266125,1.235,1.059875,1.054875,0,0,2.559875
561,7,96,1,0,1.0547,3.4844,-0.6953,5.1641,1.26175,1.2185,1.0465,1.04875,0,0,2.559375
562,7,95,1,0,1.1094,3.4766,-0.6953,5.1484,1.26075,1.241625,1.0575,1.040125,0,0,2.55975
563,7,95,1,0,1.1641,3.5625,-0.6953,5.2109,1.273375,1.246375,1.06425,1.039625,0,0,2.5605
564,7,98,1,0,1.1172,3.6172,-0.6719,5.2656,1.2645,1.246125,1.076,1.04175,0,0,2.5595
565,7,98,1,0,1.1719,3.5312,-0.6328,5.3438,1.264625,1.235,1.064625,1.0495,0,0,2.56075
566,7,97,1,0,1.1641,3.6328,-0.6328,5.2656,1.280375,1.247,1.07975,1.051875,0,0,2.561
567,7,95,1,0,1.25,3.6562,-0.6328,5.3281,1.29075,1.25,1.072125,1.05425,0,0,2.559875
568,7,94,1,1,1.25,3.7031,-0.5547,5.3438,1.2805,1.24875,1.06675,1.05525,0,0,2.560625
569,7,95,1,0,1.2344,3.7266,-0.5234,5.3984,1.28425,1.249625,1.091125,1.06325,0,0,2.559625
570,7,95,1,0,1.3594,3.7031,-0.4531,5.3438,1.28825,1.238375,1.08225,1.06125,0,0,2.56
571,7,96,1,0,1.375,3.7344,-0.4922,5.4062,1.271875,1.244875,1.093125,1.071875,0,0,2.55925
572,7,98,1,0,1.2891,3.6875,-0.3984,5.4219,1.299375,1.262875,1.096125,1.059625,0,0,2.559875
573,7,98,1,0,1.375,3.7734,-0.4453,5.4531,1.287,1.26675,1.093,1.066375,0,0,2.56075
574,7,98,1,0,1.3672,3.8281,-0.4141,5.4766,1.30375,1.2535,1.0825,1.077125,0,0,2.561
575,7,95,1,0,1.4141,3.8594,-0.3906,5.5078,1.286375,1.2455,1.079125,1.07775,0,0,2.561
576,7,98,1,1,1.4062,3.7891,-0.3906,5.5469,1.288125,1.2735,1.101375,1.060875,0,0,2.56
577,7,97,1,0,1.4062,3.9219,-0.3516,5.5625,1.299,1.25275,1.073125,1.069625,0,0,2.559375
578,7,97,1,0,1.4766,3.8438,-0.3672,5.5938,1.287,1.278375,1.096,1.069375,0,0,2.56075
579,8,96,1,0,1.4688,3.9688,-0.2891,5.625,1.297,1.2685,1.088,1.08425,0,0,2.559875
580,8,97,1,0,1.5391,3.9219,-0.2188,5.6406,1.311625,1.2645,1.081875,1.085375,0,0,2.559875
581,8,96,1,0,1.5234,3.9141,-0.1953,5.6953,1.302125,1.2785,1.09525,1.070125,0,0,2.559375
582,8,98,1,0,1.6016,4.0547,-0.1953,5.7109,1.298125,1.266625,1.096125,1.073,0,0,2.56075
583,8,97,1,0,1.6562,3.9688,-0.2422,5.7031,1.312625,1.282125,1.1195,1.0765,0,0,2.559375
584,8,97,1,1,1.5859,4.1016,-0.1172,5.7812,1.308125,1.273,1.091375,1.086875,0,0,2.559
585,8,97,1,0,1.7109,4.0703,-0.0859,5.8125,1.306375,1.266,1.109,1.078125,0,0,2.560875
586,8,98,1,0,1.7344,4.0859,-0.0703,5.7656,1.314625,1.294125,1.0925,1.088375,0,0,2.55925
587,8,96,1,0,1.6797,4.1406,-0.0781,5.875,1.30675,1.279625,1.094625,1.101375,0,0,2.559125
588,8,94,1,0,1.7031,4.1562,0.0,5.8594,1.316125,1.276375,1.09475,1.086375,0,0,2.5595
589,8,96,1,0,1.7031,4.1719,-0.0312,5.8203,1.320875,1.29925,1.109625,1.1,0,0,2.559375
590,8,96,1,0,1.7266,4.2109,0.0156,5.8672,1.313625,1.29525,1.109875,1.092125,1,0,2.559
591,8,98,1,0,1.8125,4.1797,0.0,5.8594,1.3255,1.2855,1.1025,1.08925,0,0,2.5595
592,8,98,1,1,1.8906,4.2734,0.0859,5.9062,1.32,1.2805,1.10525,1.09325,0,0,2.561
593,8,98,1,0,1.8438,4.2266,0.0078,6.0078,1.34125,1.301125,1.135,1.09225,0,0,2.560125
594,8,94,1,0,1.8281,4.3281,0.125,5.9922,1.344,1.29975,1.10725,1.1,0,0,2.559375
595,8,95,1,0,1.875,4.2969,0.0625,6.0547,1.335375,1.30875,1.1315,1.097125,0,0,2.56075
596,8,95,1,0,1.9531,4.3281,0.1016,5.9688,1.33325,1.28675,1.13725,1.096,0,0,2.56025
597,8,97,1,0,1.9609,4.3281,0.1328,6.1172,1.3535,1.299375,1.1165,1.118375,0,0,2.560875
598,8,94,1,0,2.0156,4.3281,0.2266,6.0625,1.34475,1.28975,1.120875,1.10875,0,0,2.55975
599,8,95,1,0,2.0156,4.3594,0.2344,6.1641,1.33025,1.296875,1.115625,1.1045,0,1,2.5595
600,8,94,1,1,2.0078,4.4609,0.2266,6.1484,1.345375,1.315375,1.119875,1.11725,0,0,2.559125
601,8,98,1,0,2.1016,4.4531,0.3125,6.1719,1.33575,1.32075,1.1255,1.111,0,0,2.561
602,8,95,1,0,2.0938,4.4766,0.2578,6.1875,1.3635,1.32675,1.124125,1.118875,0,0,2.56025
603,8,95,1,0,2.1328,4.4766,0.3516,6.1406,1.34475,1.31825,1.126125,1.11125,0,0,2.559
604,8,96,1,0,2.0859,4.4766,0.3125,6.2109,1.34175,1.322125,1.12975,1.10825,0,0,2.560125
605,8,94,1,0,2.1484,4.5078,0.3359,6.2422,1.36025,1.304125,1.14675,1.132,0,1,2.56075
606,8,95,1,0,2.1719,4.625,0.4297,6.3047,1.34525,1.312875,1.1435,1.125875,0,0,2.5595
607,8,98,1,0,2.1484,4.6406,0.3594,6.2734,1.366625,1.319375,1.140875,1.12625,0,0,2.55925
608,8,98,1,1,2.1641,4.6719,0.3594,6.2812,1.351375,1.318625,1.13175,1.12175,0,0,2.55925
609,8,97,1,0,2.1875,4.5938,0.4219,6.3672,1.37275,1.312375,1.15625,1.12475,0,0,2.559875
610,8,98,1,0,2.2969,4.6484,0.4297,6.3672,1.362125,1.335625,1.1575,1.135,0,0,2.56025
611,8,98,1,0,2.2969,4.6406,0.5469,6.3906,1.377875,1.33825,1.14425,1.136375,0,0,2.560125
612,8,97,1,0,2.2578,4.6719,0.5078,6.4766,1.3665,1.343,1.141125,1.1225,0,0,2.560875
613,8,97,1,0,2.3125,4.7734,0.5938,6.4453,1.369125,1.343,1.16075,1.123125,0,0,2.559125
614,8,94,1,0,2.3047,4.8281,0.6094,6.5156,1.382375,1.337625,1.136,1.12875,0,0,2.560875
615,8,96,1,0,2.3594,4.7812,0.5391,6.4922,1.3865,1.336625,1.15725,1.1415,0,0,2.55925
616,8,98,1,1,2.4688,4.8594,0.6484,6.5078,1.387875,1.33475,1.15325,1.15,1,0,2.559
617,8,98,1,0,2.4609,4.7812,0.6797,6.5234,1.370875,1.3505,1.15275,1.13825,0,0,2.56025
618,8,98,1,0,2.4844,4.9062,0.6562,6.5859,1.3875,1.33225,1.15075,1.14075,0,0,2.560375
619,8,96,1,0,2.4375,4.8672,0.625,6.5703,1.390625,1.3435,1.17375,1.1515,0,0,2.559
620,9,95,1,0,2.5547,4.9609,0.7422,6.6094,1.38275,1.337375,1.1705,1.142,0,0,2.560375
621,9,95,1,0,2.5234,4.9688,0.7734,6.5938,1.394375,1.352375,1.175875,1.143375,0,0,2.560625
622,9,95,1,0,2.6016,4.9688,0.75,6.6016,1.394,1.361625,1.18475,1.1545,0,0,2.56075
623,9,98,1,0,2.5859,4.9688,0.7344,6.7031,1.394875,1.35575,1.152375,1.14175,0,0,2.56075
624,9,96,1,1,2.5469,5.0469,0.7578,6.6797,1.406,1.34125,1.17325,1.15775,0,0,2.559125
625,9,94,1,0,2.6641,4.9922,0.8672,6.6875,1.40375,1.345,1.17575,1.15625,0,0,2.55925
626,9,97,1,0,2.6094,5.1094,0.8516,6.8203,1.39075,1.360125,1.181625,1.163625,0,0,2.56025
627,9,95,1,0,2.6406,5.0312,0.9141,6.7344,1.385625,1.358125,1.158,1.166125,0,0,2.56025
628,9,94,1,0,2.6797,5.1562,0.8906,6.7578,1.416,1.35675,1.1805,1.159875,0,0,2.560625
629,9,94,1,0,2.7734,5.1641,0.9531,6.875,1.403875,1.363625,1.1755,1.15875,0,0,2.55975
630,9,95,1,0,2.7422,5.1094,0.9688,6.8281,1.3905,1.36775,1.19325,1.152625,0,0,2.560375
631,9,97,1,0,2.8281,5.1484,0.9297,6.8984,1.401625,1.37225,1.196,1.1605,0,0,2.559375
632,9,96,1,1,2.8672,5.1562,0.9766,6.8438,1.419125,1.38475,1.18625,1.163375,0,0,2.560375
633,9,98,1,0,2.8281,5.1953,0.9766,6.9688,1.425625,1.384125,1.169875,1.177875,0,0,2.561
634,9,98,1,0,2.9141,5.2969,1.0234,6.9453,1.41625,1.36,1.191125,1.166875,0,0,2.5605
635,9,98,1,0,2.8984,5.3359,1.1094,6.9375,1.42,1.3855,1.195,1.168375,0,0,2.559875
636,9,95,1,0,2.8984,5.2422,1.0781,7.0312,1.41175,1.364,1.17425,1.178125,0,0,2.560125
637,9,95,1,0,2.9766,5.375,1.0938,7.0859,1.4135,1.367625,1.192375,1.1795,0,0,2.560625
638,9,97,1,0,2.9531,5.3984,1.2109,7.0625,1.417375,1.382,1.180875,1.173375,0,0,2.561
639,9,94,1,0,2.9531,5.3359,1.1172,7.1172,1.420375,1.3995,1.18475,1.183,0,0,2.5605
640,9,95,1,1,2.9453,5.4375,1.25,7.0469,1.438625,1.387,1.19125,1.188125,0,0,2.56025
641,9,98,1,0,2.9922,5.4766,1.1641,7.1797,1.425,1.396625,1.208375,1.170625,0,0,2.560375
642,9,94,1,0,3.0859,5.4375,1.2656,7.1797,1.4345,1.388125,1.192375,1.1935,0,0,2.56075
643,9,98,1,0,3.1094,5.4297,1.2734,7.1719,1.430125,1.3965,1.210375,1.18725,1,0,2.5595
644,9,98,1,0,3.0625,5.5469,1.2969,7.2344,1.429875,1.38175,1.203375,1.1825,0,0,2.55975
645,9,94,1,0,3.1094,5.4609,1.3203,7.2422,1.44925,1.382875,1.20375,1.187,0,0,2.560375
646,9,94,1,0,3.1484,5.6016,1.375,7.2031,1.445,1.413125,1.2275,1.194125,0,0,2.560875
647,9,96,1,0,3.1328,5.5078,1.3516,7.2891,1.4445,1.411875,1.221875,1.191125,0,0,2.559
648,9,97,1,1,3.2422,5.5703,1.3906,7.2734,1.447125,1.41525,1.212875,1.1875,0,0,2.56025
649,9,96,1,0,3.25,5.6172,1.3984,7.3672,1.456125,1.393875,1.199625,1.199,0,0,2.55975
650,9,95,1,0,3.3047,5.6406,1.3906,7.3906,1.453625,1.39375,1.226375,1.206,0,0,2.560625
651,9,96,1,0,3.2891,5.6797,1.4453,7.3281,1.435125,1.407625,1.225,1.196375,0,0,2.559625
652,9,96,1,0,3.2891,5.7109,1.4844,7.3672,1.461375,1.420875,1.21075,1.2095,0,0,2.560375
653,9,97,1,0,3.3281,5.6641,1.5625,7.375,1.4385,1.410625,1.208,1.2075,0,0,2.559875
654,9,94,1,0,3.3984,5.7188,1.5,7.3984,1.445125,1.426375,1.21925,1.210625,0,0,2.560375
655,9,98,1,0,3.375,5.7734,1.5703,7.5234,1.4425,1.4285,1.22325,1.215,0,0,2.560875
656,9,95,1,1,3.3906,5.7812,1.5547,7.5156,1.464625,1.40325,1.20925,1.197875,0,0,2.559
657,9,98,1,0,3.4609,5.7812,1.5859,7.5703,1.448,1.424375,1.218625,1.205125,0,0,2.56075
658,9,95,1,0,3.4297,5.8281,1.5859,7.5078,1.4515,1.421375,1.240875,1.204375,0,1,2.560625
659,9,95,1,0,3.3984,5.9141,1.6641,7.5234,1.46275,1.409875,1.23725,1.216875,0,0,2.560375
660,9,94,1,0,3.5469,5.9219,1.7344,7.5469,1.46775,1.416125,1.246875,1.215625,0,0,2.560375
661,10,94,1,0,3.5234,5.9531,1.6875,7.5781,1.4545,1.421125,1.23625,1.21475,0,0,2.56025
662,10,97,1,0,3.5781,5.9531,1.7969,7.6875,1.46475,1.441125,1.2295,1.214,0,0,2.56
663,10,96,1,0,3.5,6.0078,1.7109,7.6484,1.46725,1.4455,1.234125,1.226125,0,0,2.56075
664,10,94,1,1,3.5859,5.9531,1.75,7.7266,1.470625,1.42025,1.231,1.2185,0,0,2.559
665,10,97,1,0,3.6406,5.9453,1.7891,7.6562,1.4695,1.423875,1.24825,1.211625,0,0,2.561
666,10,95,1,0,3.6406,6.0,1.7891,7.75,1.47675,1.445875,1.23325,1.211875,0,0,2.559875
667,10,95,1,0,3.6172,6.0625,1.8281,7.7031,1.4825,1.4415,1.242625,1.226,0,0,2.559875
668,10,98,1,0,3.6641,6.0469,1.8281,7.7734,1.49,1.446875,1.2285,1.2335,0,1,2.560875
669,10,95,1,0,3.6875,6.0547,1.8672,7.8125,1.47775,1.43025,1.235875,1.222625,0,0,2.56
670,10,94,1,0,3.6875,6.1797,1.9219,7.8125,1.475625,1.450875,1.232375,1.219375,0,0,2.56075
671,10,95,1,0,3.8047,6.1719,1.9766,7.9062,1.501375,1.459625,1.26375,1.2385,0,0,2.5605
672,10,95,1,1,3.7578,6.2188,1.9141,7.8281,1.485125,1.43625,1.251375,1.237875,0,0,2.559375
673,10,98,1,0,3.7656,6.1719,1.9609,7.8906,1.502,1.4525,1.2515,1.231125,0,0,2.559125
674,10,95,1,0,3.8438,6.1953,1.9844,7.9531,1.49475,1.46125,1.25025,1.242375,0,0,2.559875
675,10,96,1,0,3.8672,6.2188,2.0312,7.9609,1.494125,1.444875,1.244375,1.238375,0,0,2.560375
676,10,98,1,0,3.875,6.2969,2.0938,7.9766,1.5115,1.4555,1.248,1.23975,0,0,2.561
677,10,97,1,0,3.9297,6.2969,2.1562,8.0312,1.513125,1.471,1.27525,1.232625,0,0,2.5605
678,10,96,1,0,3.9062,6.2969,2.1562,8.0547,1.49625,1.4475,1.272,1.23775,0,0,2.559625
679,10,95,1,0,4.0078,6.375,2.1172,8.0156,1.512875,1.463125,1.24525,1.24525,0,0,2.55925
680,10,95,1,1,4.0,6.4141,2.1797,8.0938,1.510625,1.475125,1.269625,1.2485,0,0,2.560375
681,10,94,1,0,3.9688,6.4297,2.1641,8.1094,1.503375,1.460375,1.273,1.254625,0,0,2.56075
682,10,96,1,0,4.0625,6.4688,2.1719,8.0938,1.5005,1.453625,1.25975,1.253375,0,0,2.559125
683,10,95,1,0,4.0781,6.4453,2.2031,8.1641,1.49775,1.4625,1.269875,1.24575,0,0,2.559625
684,10,95,1,0,4.0781,6.5,2.2422,8.1875,1.5125,1.47725,1.266,1.2615,1,0,2.56075
685,10,95,1,0,4.1016,6.5312,2.3281,8.1953,1.52925,1.48025,1.290625,1.247125,0,0,2.559875
686,10,96,1,0,4.1562,6.5781,2.2969,8.2578,1.51425,1.480625,1.268375,1.24825,0,0,2.56075
687,10,97,1,0,4.1016,6.5547,2.3516,8.3047,1.5105,1.484125,1.277625,1.261,0,0,2.560875
688,10,94,1,1,4.1406,6.5078,2.4141,8.2969,1.526875,1.490125,1.29225,1.2675,0,0,2.560625
689,10,97,1,0,4.1797,6.6484,2.4219,8.2734,1.51575,1.4785,1.26575,1.249375,0,0,2.559125
690,10,97,1,0,4.2188,6.5938,2.4766,8.3438,1.528125,1.47175,1.269125,1.261,0,0,2.559125
691,10,95,1,0,4.2734,6.6016,2.4297,8.3828,1.519375,1.497875,1.28475,1.260625,0,0,2.559375
692,10,95,1,0,4.2031,6.6484,2.5156,8.3672,1.521875,1.49275,1.288875,1.267,0,0,2.559125
693,10,94,1,0,4.25,6.6406,2.4297,8.3906,1.536375,1.47475,1.27475,1.26125,0,0,2.55925
694,10,96,1,0,4.25,6.75,2.4922,8.4453,1.545875,1.475875,1.280875,1.274,0,0,2.560375
695,10,96,1,0,4.3281,6.6797,2.5547,8.375,1.536125,1.50125,1.30025,1.264625,0,0,2.560125
696,10,96,1,1,4.3047,6.8203,2.5938,8.4531,1.544,1.49375,1.275625,1.2735,0,0,2.560875
697,10,97,1,0,4.3438,6.75,2.5547,8.4453,1.552625,1.49825,1.296375,1.265125,0,0,2.559375
698,10,98,1,0,4.3828,6.8594,2.6172,8.4922,1.53875,1.506,1.31175,1.284125,0,0,2.559375
699,10,96,1,0,4.4141,6.875,2.6641,8.5625,1.54175,1.48925,1.281,1.267375,0,0,2.559375
700,10,97,1,0,4.4219,6.7969,2.7031,8.5391,1.534875,1.50825,1.297125,1.273125,0,0,2.559375
701,10,96,1,0,4.5234,6.8516,2.7422,8.5234,1.54125,1.503625,1.31125,1.27525,0,0,2.559125
702,11,95,1,0,4.5547,6.9609,2.7109,8.5703,1.545375,1.5025,1.318875,1.27825,1,0,2.560875
703,11,98,1,0,4.5938,6.8828,2.6719,8.5938,1.547625,1.497375,1.315,1.272875,0,0,2.5605
704,11,98,1,1,4.5859,6.9062,2.7656,8.6406,1.557625,1.502,1.30575,1.278,0,0,2.560125
705,11,97,1,0,4.6094,7.0312,2.8125,8.6328,1.5385,1.5005,1.32075,1.289125,0,0,2.55925
706,11,94,1,0,4.625,7.0156,2.8125,8.7266,1.56975,1.52675,1.311375,1.2905,0,0,2.56075
707,11,98,1,0,4.6797,6.9766,2.8203,8.7031,1.5555,1.502,1.298875,1.281,0,0,2.560875
708,11,96,1,0,4.6641,7.0547,2.8828,8.7344,1.5525,1.519,1.302,1.29,0,0,2.55975
709,11,96,1,0,4.6172,7.0469,2.9297,8.8203,1.572625,1.532875,1.305125,1.296125,0,0,2.5595
710,11,98,1,0,4.7422,7.0547,2.9297,8.8594,1.5635,1.522375,1.333125,1.282125,0,0,2.559625
711,11,96,1,0,4.7344,7.1406,2.9766,8.8203,1.566875,1.52675,1.32525,1.28525,0,0,2.560375
712,11,95,1,1,4.7812,7.0938,3.0156,8.8828,1.555625,1.52025,1.301,1.294,0,0,2.559125
713,11,95,1,0,4.7266,7.1953,2.9453,8.9062,1.562125,1.5195,1.312375,1.29125,0,0,2.5605
714,11,96,1,0,4.7734,7.2578,3.0391,8.9141,1.56175,1.516875,1.33325,1.296,0,0,2.561
715,11,98,1,0,4.7734,7.2578,3.0156,8.875,1.581375,1.522875,1.308875,1.3095,0,0,2.560625
716,11,97,1,0,4.8594,7.3125,3.0156,8.9531,1.569,1.5425,1.318,1.312625,0,1,2.560625
717,11,96,1,0,4.875,7.2422,3.0625,8.9766,1.586,1.540625,1.3215,1.2935,0,0,2.559875
718,11,94,1,0,4.9141,7.3594,3.0391,9.0156,1.586,1.5285,1.3285,1.305875,0,0,2.560375
719,11,96,1,0,4.9297,7.2891,3.1797,9.0234,1.59375,1.538375,1.335875,1.30075,0,0,2.559875
720,11,98,1,1,4.9844,7.3672,3.1172,9.0234,1.58675,1.528125,1.333375,1.31875,0,0,2.559125
721,11,98,1,0,4.9688,7.3281,3.2344,9.0781,1.576125,1.528375,1.332625,1.318125,0,0,2.56
722,11,96,1,0,4.9453,7.3828,3.1484,9.1484,1.582,1.530625,1.33625,1.317125,1,0,2.559125
723,11,95,1,0,4.9922,7.3828,3.1719,9.0781,1.58275,1.55975,1.335375,1.314125,0,0,2.559375
724,11,98,1,0,5.0938,7.4766,3.3047,9.125,1.603,1.53875,1.3465,1.31275,0,0,2.560875
725,11,95,1,0,5.0547,7.4062,3.3047,9.1719,1.585875,1.541875,1.32475,1.321125,0,0,2.55975
726,11,95,1,0,5.0312,7.4844,3.2422,9.2344,1.599125,1.548875,1.326375,1.312625,0,0,2.55975
727,11,95,1,0,5.0703,7.5469,3.3203,9.1953,1.5885,1.545875,1.33725,1.31425,0,0,2.559
728,11,97,1,1,5.1016,7.4844,3.3828,9.2812,1.6045,1.557,1.343,1.319,0,0,2.56075
729,11,94,1,0,5.1641,7.5156,3.4062,9.2188,1.599375,1.565125,1.347875,1.312125,0,0,2.5595
730,11,95,1,0,5.2188,7.5312,3.4375,9.2578,1.615,1.561125,1.337625,1.332,0,0,2.559375
731,11,97,1,0,5.2266,7.5703,3.3906,9.3047,1.5895,1.54825,1.338375,1.316375,0,0,2.559875
732,11,98,1,0,5.2422,7.6719,3.4453,9.2812,1.60125,1.575375,1.367125,1.32275,0,0,2.56
733,11,96,1,0,5.2109,7.7109,3.4453,9.3516,1.62025,1.556,1.36975,1.324875,0,0,2.559125
734,11,98,1,0,5.25,7.6484,3.5156,9.4297,1.60875,1.562375,1.344875,1.341,0,0,2.559625
735,11,95,1,0,5.25,7.7344,3.4531,9.4609,1.615875,1.557875,1.357,1.340875,0,0,2.56025
736,11,95,1,1,5.3359,7.6953,3.4844,9.375,1.62475,1.57875,1.3475,1.331,0,0,2.560625
737,11,95,1,0,5.4219,7.7266,3.5391,9.5234,1.609875,1.56475,1.349875,1.33475,0,0,2.559625
738,11,98,1,0,5.3516,7.7344,3.5625,9.4453,1.618625,1.56025,1.36675,1.343875,0,0,2.56
739,11,95,1,0,5.4609,7.8125,3.6719,9.4922,1.619875,1.5625,1.35,1.342375,0,0,2.559
740,11,96,1,0,5.4766,7.8438,3.6094,9.5156,1.613875,1.578625,1.355125,1.329875,0,0,2.559375
741,11,95,1,0,5.4609,7.8359,3.6953,9.5391,1.60975,1.5705,1.37725,1.351875,0,0,2.5605
742,11,97,1,0,5.4297,7.8984,3.7031,9.6094,1.632375,1.580125,1.352375,1.352125,0,0,2.560125
743,12,94,1,0,5.5625,7.875,3.7266,9.6484,1.6115,1.5885,1.358875,1.352375,0,0,2.5595
744,12,94,1,1,5.5703,7.9766,3.7031,9.5703,1.635375,1.58425,1.35925,1.35625,0,0,2.56075
745,12,95,1,0,5.4922,7.9375,3.7344,9.6641,1.61625,1.591,1.380875,1.35425,0,0,2.560875
746,12,98,1,0,5.5469,7.9297,3.7578,9.6562,1.6405,1.59125,1.3705,1.35025,0,0,2.559625
747,12,97,1,0,5.6562,7.9844,3.8125,9.6562,1.61975,1.58825,1.382625,1.361375,0,1,2.559125
748,12,94,1,0,5.6172,7.9766,3.7656,9.7891,1.6225,1.591125,1.39225,1.36325,0,0,2.56075
749,12,96,1,0,5.6641,7.9922,3.8828,9.7734,1.62625,1.578375,1.368375,1.359375,0,0,2.560125
750,12,96,1,0,5.6562,8.1094,3.8359,9.7734,1.647125,1.588625,1.390375,1.35775,0,0,2.559375
751,12,96,1,0,5.75,8.1484,3.9609,9.8125,1.6525,1.60825,1.374875,1.349125,0,0,2.5595
752,12,98,1,1,5.7734,8.1875,3.8828,9.8047,1.654625,1.600875,1.374,1.34975,0,0,2.559125
753,12,94,1,0,5.6875,8.1016,3.9688,9.8906,1.64075,1.613625,1.396375,1.351625,0,0,2.559
754,12,98,1,0,5.8125,8.2031,4.0234,9.9062,1.65875,1.59825,1.38225,1.353125,0,0,2.561
755,12,97,1,0,5.7891,8.2344,4.0469,9.9609,1.651125,1.596375,1.39125,1.35625,0,0,2.561
756,12,98,1,0,5.7734,8.25,4.0625,9.9219,1.647125,1.599375,1.369375,1.36675,0,0,2.559125
757,12,97,1,0,5.8359,8.1875,4.0781,9.9141,1.650375,1.60825,1.388625,1.356375,0,0,2.560625
758,12,96,1,0,5.8438,8.3281,4.0234,9.9375,1.65775,1.61275,1.39675,1.370625,0,0,2.56
759,12,97,1,0,5.9219,8.2422,4.0469,10.0156,1.66775,1.603375,1.392625,1.367625,0,0,2.560875
760,12,96,1,1,5.9062,8.3281,4.1562,10.0781,1.646125,1.601,1.404875,1.36775,0,0,2.561
761,12,94,1,0,5.9922,8.3438,4.0938,10.0234,1.6745,1.61275,1.410625,1.3805,0,0,2.559625
762,12,98,1,0,5.9297,8.3594,4.125,10.125,1.665625,1.605375,1.4115,1.3745,0,0,2.55925
763,12,94,1,0,5.9922,8.4219,4.25,10.1328,1.67175,1.6105,1.41225,1.36975,0,0,2.559125
764,12,95,1,0,6.0156,8.375,4.2344,10.0625,1.65225,1.628625,1.407125,1.3665,0,0,2.559
765,12,97,1,0,6.0391,8.4219,4.2969,10.1328,1.656,1.62025,1.386,1.369375,0,0,2.560375
766,12,96,1,0,6.0078,8.4062,4.2422,10.1562,1.6725,1.611625,1.407875,1.373625,0,0,2.56
767,12,94,1,0,6.0391,8.5,4.3516,10.1406,1.685,1.61875,1.418625,1.38025,0,0,2.559125
768,12,97,1,1,6.0547,8.4609,4.2891,10.1797,1.67525,1.637125,1.42,1.376125,0,0,2.55925
769,12,97,1,0,6.1172,8.5078,4.3594,10.1953,1.6895,1.629625,1.400875,1.391375,0,0,2.560875
770,12,95,1,0,6.1484,8.5312,4.3203,10.3125,1.675125,1.615875,1.39475,1.38975,0,0,2.560625
771,12,95,1,0,6.1953,8.6172,4.3281,10.3047,1.6695,1.641625,1.41,1.386875,0,0,2.56075
772,12,96,1,0,6.25,8.6406,4.4375,10.2969,1.681,1.62025,1.428875,1.401125,0,0,2.560125
773,12,96,1,0,6.2344,8.6328,4.4062,10.3125,1.677,1.636625,1.419125,1.393625,0,0,2.55925
774,12,95,1,0,6.1953,8.7109,4.4453,10.3281,1.693125,1.63475,1.415625,1.38925,1,0,2.559875
775,12,95,1,0,6.3125,8.6953,4.5312,10.3594,1.68275,1.6525,1.416375,1.394875,0,0,2.559125
776,12,96,1,1,6.2656,8.7344,4.5703,10.3594,1.682625,1.6435,1.414625,1.38825,0,0,2.560625
777,12,98,1,0,6.3516,8.7891,4.5234,10.4922,1.6965,1.656625,1.43025,1.388125,0,1,2.559875
778,12,96,1,0,6.375,8.7812,4.5859,10.4609,1.699375,1.639375,1.416625,1.390625,0,0,2.56
779,12,94,1,0,6.3984,8.7578,4.5469,10.4766,1.690625,1.656625,1.434875,1.4005,0,0,2.55925
780,12,96,1,0,6.4453,8.7734,4.5625,10.4453,1.69475,1.637125,1.43375,1.39525,0,0,2.559375
781,12,95,1,0,6.4141,8.7969,4.6484,10.5,1.70925,1.640625,1.41875,1.409125,0,0,2.55975
782,12,98,1,0,6.4531,8.8984,4.6797,10.5703,1.707625,1.661875,1.419375,1.409,0,0,2.560875
783,12,96,1,0,6.4688,8.875,4.6172,10.5547,1.69625,1.6665,1.4425,1.411,0,0,2.559125
784,13,96,1,1,6.5,8.8438,4.7188,10.5703,1.692,1.658375,1.436625,1.409625,0,0,2.559875
785,13,96,1,0,6.5312,8.8672,4.7656,10.6406,1.700875,1.67275,1.43,1.416125,0,0,2.56025
786,13,96,1,0,6.5,8.9688,4.7422,10.625,1.702125,1.65825,1.443375,1.400375,0,0,2.559875
787,13,98,1,0,6.5625,9.0312,4.7734,10.7344,1.70625,1.65075,1.429375,1.403875,0,0,2.559375
788,13,97,1,0,6.5469,9.0078,4.8438,10.6797,1.71625,1.669,1.419625,1.41325,0,0,2.559875
789,13,96,1,0,6.6797,9.0703,4.8281,10.6719,1.718,1.651875,1.447125,1.426125,0,1,2.560375
790,13,95,1,0,6.7031,9.0781,4.8828,10.7734,1.710125,1.656,1.458875,1.414625,0,0,2.560625
791,13,94,1,0,6.7109,9.1328,4.8594,10.8203,1.707375,1.657125,1.442625,1.408,0,0,2.560125
792,13,96,1,1,6.6953,9.0625,4.8672,10.7812,1.70875,1.673125,1.4605,1.42325,0,0,2.561
793,13,95,1,0,6.7578,9.125,4.9375,10.7969,1.70975,1.682,1.43725,1.4255,0,0,2.5595
794,13,94,1,0,6.7344,9.1953,4.8906,10.875,1.707125,1.684375,1.44075,1.424125,0,0,2.560375
795,13,98,1,0,6.8047,9.1328,5.0234,10.9141,1.7185,1.661875,1.46725,1.433625,0,0,2.561
796,13,95,1,0,6.7734,9.1719,4.9609,10.8984,1.732,1.689625,1.433875,1.429375,0,0,2.56075
797,13,94,1,0,6.8047,9.1562,4.9844,10.9062,1.714125,1.664625,1.44725,1.433625,0,0,2.559875
798,13,96,1,0,6.8594,9.2109,5.1016,10.9609,1.73675,1.6895,1.46175,1.44,0,0,2.560375
799,13,95,1,0,6.8594,9.2109,5.0156,10.9609,1.72875,1.69275,1.438125,1.42825,0,0,2.56075
800,13,96,1,1,6.9062,9.3047,5.0859,10.9766,1.71675,1.6875,1.467625,1.43075,0,0,2.559125
801,13,96,1,0,6.8828,9.3125,5.1016,11.0078,1.728875,1.67475,1.4765,1.433,0,0,2.55975
802,13,96,1,0,6.9141,9.3672,5.1016,11.0156,1.749,1.698875,1.45475,1.428375,0,0,2.5595
803,13,96,1,0,6.9922,9.3359,5.1562,11.1016,1.72925,1.6885,1.46525,1.43275,0,0,2.559
804,13,98,1,0,6.9844,9.3828,5.1328,11.0703,1.74975,1.6765,1.4695,1.4375,0,0,2.561
805,13,98,1,0,7.0156,9.4141,5.2109,11.1641,1.752375,1.678625,1.454375,1.4495,0,0,2.55925
806,13,96,1,0,7.0625,9.4297,5.2344,11.0938,1.754875,1.696625,1.48375,1.451625,0,0,2.559375
807,13,98,1,0,7.0391,9.5156,5.3047,11.1875,1.744875,1.694875,1.47475,1.44175,0,0,2.561
808,13,97,1,1,7.1172,9.5,5.2969,11.1562,1.748125,1.685375,1.47325,1.45575,1,0,2.559875
809,13,97,1,0,7.0703,9.5312,5.2812,11.2578,1.745125,1.708375,1.477125,1.44375,0,0,2.560625
810,13,95,1,0,7.1797,9.5469,5.3359,11.1875,1.7635,1.7065,1.48025,1.458,0,1,2.55975
811,13,95,1,0,7.1641,9.5156,5.3203,11.2031,1.73925,1.7095,1.48675,1.442,0,0,2.56025
812,13,97,1,0,7.1953,9.5391,5.3438,11.2656,1.754875,1.69175,1.46775,1.446375,0,0,2.561
813,13,98,1,0,7.25,9.6094,5.3984,11.2969,1.74475,1.711625,1.480125,1.463375,0,0,2.56025
814,13,96,1,0,7.1719,9.6875,5.4062,11.3281,1.752,1.697125,1.481625,1.463,0,0,2.56025
815,13,98,1,0,7.1953,9.5859,5.4453,11.3047,1.75,1.69675,1.47525,1.450125,0,0,2.5605
816,13,95,1,1,7.3047,9.7109,5.4219,11.3516,1.766,1.70775,1.470625,1.458875,0,0,2.559375
817,13,97,1,0,7.3359,9.6953,5.5547,11.3594,1.774625,1.7065,1.47675,1.448625,0,0,2.559125
818,13,94,1,0,7.3125,9.7344,5.5469,11.4609,1.7575,1.727875,1.499375,1.452,0,0,2.56
819,13,95,1,0,7.4062,9.7344,5.6016,11.5078,1.774875,1.715875,1.4855,1.468875,1,0,2.559625
820,13,96,1,0,7.3594,9.7578,5.5469,11.4609,1.782375,1.708625,1.471625,1.45825,0,0,2.560375
821,13,94,1,0,7.3906,9.7812,5.5625,11.4844,1.783125,1.733625,1.49125,1.471625,0,0,2.559625
822,13,95,1,0,7.4062,9.7734,5.6094,11.5391,1.758375,1.729375,1.491875,1.454875,0,0,2.560125
823,13,94,1,0,7.5,9.7812,5.6406,11.5781,1.769625,1.726,1.472375,1.464625,0,0,2.559375
824,13,98,1,1,7.5156,9.8281,5.6953,11.5781,1.7875,1.713125,1.4935,1.461,0,0,2.56075
825,13,94,1,0,7.5078,9.9062,5.6406,11.5312,1.771375,1.734625,1.488375,1.467,0,0,2.559625
826,14,95,1,0,7.4922,9.8594,5.6641,11.5859,1.775625,1.7155,1.50175,1.48075,0,0,2.560375
827,14,97,1,0,7.5469,9.9688,5.75,11.6953,1.769625,1.7195,1.50625,1.475,0,0,2.559625
828,14,95,1,0,7.5938,9.9375,5.75,11.6719,1.772125,1.7235,1.511125,1.476875,0,0,2.5595
829,14,97,1,0,7.6172,9.9375,5.7891,11.7031,1.7825,1.73775,1.5095,1.466125,0,0,2.560875
830,14,95,1,0,7.5703,10.0625,5.8281,11.7656,1.795,1.749625,1.517375,1.480375,0,0,2.5605
831,14,96,1,0,7.6953,10.0312,5.8516,11.7109,1.799875,1.751875,1.52025,1.4835,0,0,2.55925
832,14,97,1,1,7.6797,10.0156,5.8438,11.75,1.802375,1.7525,1.497125,1.48625,0,0,2.559625
833,14,95,1,0,7.7109,10.1406,5.9141,11.7344,1.8025,1.747375,1.51675,1.482625,0,0,2.56025
834,14,94,1,0,7.6562,10.1484,5.8516,11.8281,1.807,1.745625,1.499,1.474375,0,0,2.560375
835,14,97,1,0,7.75,10.1797,5.9297,11.8281,1.787625,1.738,1.502,1.489625,0,0,2.559875
836,14,95,1,0,7.7031,10.1328,6.0,11.8047,1.79475,1.760875,1.518875,1.486125,0,0,2.560875
837,14,97,1,0,7.7344,10.2109,5.9688,11.9375,1.810625,1.737,1.5225,1.476625,0,0,2.559125
838,14,96,1,0,7.75,10.1641,6.0312,11.9375,1.79975,1.763,1.528125,1.498625,0,0,2.560875
839,14,98,1,0,7.875,10.2891,5.9766,11.9766,1.808875,1.74925,1.533375,1.496875,0,0,2.560625
840,14,97,1,1,7.8594,10.25,5.9922,11.9219,1.8145,1.7645,1.51325,1.4935,0,0,2.56
841,14,94,1,0,7.8203,10.25,6.0625,11.9297,1.791625,1.758625,1.516,1.50225,0,0,2.560625
842,14,95,1,0,7.8906,10.3281,6.1406,11.9375,1.811125,1.758875,1.521875,1.49875,0,0,2.56025
843,14,97,1,0,7.9219,10.3516,6.1641,11.9609,1.7995,1.74825,1.51875,1.497375,0,0,2.56075
844,14,94,1,0,7.9141,10.3281,6.1016,12.1016,1.817625,1.761125,1.534625,1.498625,0,0,2.56075
845,14,94,1,0,8.0078,10.4297,6.1719,12.0469,1.81,1.77,1.532875,1.502,1,0,2.55925
846,14,95,1,0,8.0,10.4453,6.1641,12.1328,1.8135,1.772,1.523625,1.5055,0,0,2.559375
847,14,98,1,0,7.9766,10.4609,6.2656,12.0938,1.82775,1.772375,1.5335,1.507375,0,0,2.559875
848,14,95,1,1,8.0547,10.4297,6.2344,12.1016,1.8195,1.775,1.513875,1.497125,0,0,2.559125
849,14,95,1,0,8.0234,10.4844,6.2344,12.1953,1.826625,1.757625,1.518625,1.502,0,0,2.55925
850,14,98,1,0,8.1172,10.4766,6.3359,12.1484,1.8085,1.77975,1.542,1.503375,0,0,2.55975
851,14,97,1,0,8.0547,10.4844,6.375,12.2656,1.818,1.778875,1.522,1.506,0,0,2.559125
852,14,98,1,0,8.1875,10.5469,6.3906,12.2188,1.832875,1.78725,1.5335,1.507625,0,0,2.55925
853,14,97,1,0,8.1328,10.5703,6.3438,12.2344,1.83125,1.777875,1.53975,1.517,0,0,2.559375
854,14,96,1,0,8.2344,10.6016,6.3828,12.2422,1.841125,1.78875,1.536125,1.517625,0,0,2.55975
855,14,97,1,0,8.1875,10.6484,6.3516,12.2578,1.844375,1.791125,1.541625,1.50775,0,0,2.560125
856,14,98,1,1,8.2109,10.6641,6.3828,12.2734,1.834875,1.790375,1.555,1.52625,0,0,2.56075
857,14,96,1,0,8.2734,10.6094,6.4531,12.3828,1.82,1.772,1.550375,1.508,0,0,2.559375
858,14,95,1,0,8.25,10.7031,6.4375,12.3516,1.8325,1.78175,1.54275,1.527875,0,0,2.56025
859,14,96,1,0,8.2578,10.6719,6.4844,12.3672,1.84575,1.80075,1.54375,1.526125,0,0,2.559875
860,14,98,1,0,8.3359,10.7109,6.4844,12.4766,1.83875,1.7945,1.5515,1.51625,0,0,2.560125
861,14,97,1,0,8.3281,10.7109,6.5625,12.4609,1.83275,1.7945,1.55575,1.5185,0,0,2.559625
862,14,97,1,0,8.3125,10.8125,6.5938,12.5156,1.855875,1.796875,1.547375,1.525375,0,0,2.560625
863,14,95,1,0,8.3906,10.7734,6.5781,12.5234,1.84675,1.807375,1.550625,1.530375,0,0,2.55925
864,14,95,1,1,8.4766,10.8672,6.5938,12.5156,1.846375,1.80575,1.53875,1.521375,0,1,2.56025
865,14,98,1,0,8.5078,10.8594,6.7109,12.5859,1.858375,1.810375,1.538125,1.533125,0,0,2.560125
866,14,97,1,0,8.4375,10.8516,6.7031,12.5625,1.841625,1.81225,1.54075,1.522375,0,0,2.559625
867,14,97,1,0,8.5078,10.9531,6.6875,12.5312,1.84925,1.81475,1.564,1.534375,0,0,2.560625
868,15,96,1,0,8.5781,10.9453,6.7656,12.5703,1.841625,1.808625,1.559625,1.53825,0,0,2.55925
869,15,97,1,0,8.5,10.8906,6.7891,12.6641,1.86725,1.81225,1.56925,1.5305,0,0,2.56025
870,15,95,1,0,8.5234,10.9141,6.8047,12.6953,1.862875,1.796125,1.56575,1.53175,0,0,2.560875
871,15,98,1,0,8.6094,11.0469,6.7578,12.6484,1.853625,1.814375,1.54675,1.53975,1,0,2.559625
872,15,94,1,1,8.6562,11.0312,6.7812,12.7266,1.862625,1.818375,1.557125,1.5345,0,0,2.559
873,15,97,1,0,8.6094,10.9844,6.7969,12.7344,1.865375,1.796375,1.575375,1.540375,0,0,2.5605
874,15,95,1,0,8.6641,11.0391,6.8203,12.7344,1.877375,1.816625,1.55175,1.54,0,0,2.560125
875,15,96,1,0,8.6328,11.1328,6.8828,12.7734,1.860125,1.816125,1.55625,1.540875,0,1,2.560625
876,15,95,1,0,8.6562,11.1719,6.9062,12.7891,1.862875,1.812125,1.583,1.5475,0,0,2.55975
877,15,97,1,0,8.7031,11.0703,6.875,12.7734,1.867875,1.802625,1.582125,1.542625,0,0,2.5605
878,15,96,1,0,8.8203,11.1172,6.9062,12.875,1.868375,1.8255,1.581125,1.548875,0,0,2.560125
879,15,95,1,0,8.7734,11.1406,7.0078,12.8672,1.861875,1.829625,1.588375,1.547625,0,0,2.56075
880,15,95,1,1,8.8516,11.2344,7.0156,12.9531,1.860125,1.837,1.5855,1.558125,0,0,2.560625
881,15,98,1,0,8.8594,11.2266,6.9688,12.9609,1.86275,1.824,1.568,1.5495,0,0,2.559625
882,15,94,1,0,8.8828,11.3125,7.1016,12.8906,1.861875,1.821,1.575875,1.544375,0,0,2.559
883,15,97,1,0,8.8594,11.3047,7.0781,13.0156,1.876,1.832125,1.58825,1.546625,0,0,2.560375
884,15,98,1,0,8.8672,11.3203,7.1172,13.0,1.879875,1.8365,1.595625,1.563,0,0,2.56075
885,15,98,1,0,8.9062,11.3594,7.1094,13.0625,1.877125,1.84125,1.591625,1.562625,0,0,2.56
886,15,96,1,0,8.9531,11.3594,7.1484,13.0469,1.894375,1.833875,1.584125,1.55175,0,0,2.56025
887,15,94,1,0,9.0078,11.3828,7.2109,13.0625,1.883125,1.83675,1.57975,1.556875,0,0,2.560625
888,15,97,1,1,8.9375,11.4062,7.1406,13.125,1.89575,1.8375,1.596125,1.559375,0,0,2.561
889,15,97,1,0,9.0781,11.3672,7.1562,13.1094,1.902125,1.84275,1.594,1.567875,0,0,2.560375
890,15,97,1,0,9.0312,11.4688,7.2656,13.1797,1.883125,1.845375,1.5965,1.559375,0,0,2.5595
891,15,95,1,0,9.0859,11.4219,7.2969,13.1328,1.895125,1.852125,1.596375,1.566375,0,0,2.559125
892,15,98,1,0,9.1172,11.4375,7.2812,13.1562,1.90275,1.844625,1.5935,1.56925,0,0,2.559625
893,15,95,1,0,9.0938,11.4609,7.25,13.1953,1.89375,1.836,1.593,1.56,0,0,2.559375
894,15,94,1,0,9.1797,11.5859,7.3359,13.2969,1.899625,1.830875,1.598,1.558,0,0,2.559875
895,15,94,1,0,9.1094,11.6016,7.3672,13.2812,1.9025,1.852375,1.60125,1.579875,0,0,2.559875
896,15,96,1,1,9.1328,11.6406,7.3359,13.3438,1.894,1.849,1.5905,1.574,0,0,2.56025
897,15,97,1,0,9.2109,11.6562,7.4141,13.3047,1.89625,1.85175,1.61125,1.58375,0,0,2.559375
898,15,97,1,0,9.2812,11.5781,7.4141,13.3281,1.894625,1.84225,1.586375,1.568375,0,0,2.559375
899,15,98,1,0,9.2578,11.6719,7.4609,13.3438,1.897625,1.860625,1.585,1.57725,0,0,2.559875
900,15,98,1,0,9.2188,11.6172,7.4766,13.3203,1.917,1.86075,1.618625,1.571625,0,0,2.5605
901,15,98,1,0,9.3125,11.7656,7.4609,13.4453,1.912375,1.863625,1.613375,1.586375,0,0,2.55925
902,15,98,1,0,9.3828,11.6641,7.5469,13.4141,1.899375,1.84375,1.604125,1.571375,0,0,2.5605
903,15,98,1,0,9.3984,11.7656,7.6094,13.4531,1.920625,1.857125,1.59225,1.58725,0,0,2.560375
904,15,98,1,1,9.4141,11.7266,7.5703,13.4609,1.917625,1.85325,1.616125,1.5945,0,0,2.56025
905,15,95,1,0,9.4375,11.8438,7.5703,13.4844,1.91725,1.862125,1.592,1.5855,0,0,2.55975
906,15,98,1,0,9.4609,11.8438,7.6406,13.5312,1.916875,1.869125,1.62275,1.58375,0,0,2.560125
907,15,94,1,0,9.4844,11.7812,7.5938,13.4844,1.907625,1.876,1.60375,1.59025,0,0,2.56025
908,15,95,1,0,9.4375,11.8047,7.6641,13.5469,1.9135,1.88025,1.61125,1.593875,0,0,2.559375
909,15,98,1,0,9.4297,11.9297,7.6719,13.5547,1.9155,1.86325,1.604875,1.593875,0,0,2.561
910,16,97,1,0,9.4531,11.9219,7.6719,13.5547,1.916625,1.882,1.601875,1.5895,0,0,2.56025
911,16,98,1,0,9.5078,11.9062,7.7188,13.6094,1.934,1.886875,1.602375,1.59175,0,0,2.5605
912,16,96,1,1,9.5703,11.9453,7.7422,13.7188,1.936375,1.86275,1.619125,1.595,0,0,2.561
913,16,98,1,0,9.5859,11.9453,7.8125,13.7188,1.930625,1.889375,1.633625,1.593375,0,0,2.56025
914,16,95,1,0,9.6484,11.9766,7.7656,13.6719,1.922625,1.889,1.63,1.605125,0,0,2.56
915,16,98,1,0,9.6797,12.0,7.8047,13.7344,1.94325,1.887875,1.6415,1.60425,0,0,2.559875
916,16,97,1,0,9.6641,12.0781,7.9062,13.7344,1.94,1.891875,1.639875,1.59125,1,0,2.560625
917,16,94,1,0,9.6719,12.1094,7.9219,13.7578,1.94675,1.8955,1.61775,1.595125,0,0,2.5595
918,16,98,1,0,9.7656,12.0938,7.8516,13.7422,1.94275,1.884125,1.638,1.610875,0,0,2.560125
919,16,97,1,0,9.7891,12.0859,7.8672,13.8594,1.92975,1.883,1.639875,1.601625,0,1,2.55975
920,16,98,1,1,9.8125,12.1484,7.9766,13.8594,1.950125,1.89875,1.648875,1.611625,0,0,2.559875
921,16,94,1,0,9.8125,12.1328,8.0156,13.8906,1.95425,1.904125,1.616375,1.602875,0,0,2.5595
922,16,98,1,0,9.8203,12.2344,7.9688,13.875,1.93275,1.902625,1.624625,1.605875,0,0,2.561
923,16,98,1,0,9.8281,12.2734,8.0625,13.8906,1.946375,1.888125,1.646375,1.60375,0,0,2.56
924,16,94,1,0,9.8125,12.2578,8.0703,13.9375,1.962,1.896625,1.63475,1.609875,0,0,2.5605
925,16,94,1,0,9.8359,12.2656,8.0547,13.9141,1.94475,1.90175,1.654875,1.615,0,0,2.5595
926,16,98,1,0,9.8281,12.2578,8.1328,13.9375,1.941625,1.898625,1.653875,1.6175,0,0,2.56
927,16,95,1,0,9.9766,12.3359,8.1328,13.9922,1.962875,1.8915,1.62375,1.60675,0,0,2.560375
928,16,97,1,1,9.875,12.3984,8.0859,14.0703,1.961375,1.900625,1.650875,1.61625,0,0,2.559875
929,16,94,1,0,9.9219,12.3516,8.2109,14.0938,1.961625,1.8895,1.66225,1.62775,0,0,2.55925
930,16,97,1,0,9.9219,12.3516,8.2422,14.0625,1.957375,1.893625,1.634875,1.614375,0,0,2.55925
931,16,94,1,0,10.0391,12.4297,8.1875,14.0547,1.961375,1.907875,1.6315,1.6135,0,0,2.56025
932,16,95,1,0,9.9688,12.4922,8.2188,14.0781,1.961875,1.898625,1.65425,1.615125,0,0,2.559625
933,16,94,1,0,10.0781,12.4766,8.3125,14.1719,1.975375,1.9095,1.65425,1.624,0,0,2.561
934,16,94,1,0,10.0547,12.4453,8.2656,14.1562,1.948875,1.896625,1.64525,1.63175,0,0,2.559375
935,16,98,1,0,10.0547,12.5547,8.25,14.2344,1.951,1.913125,1.6405,1.63475,0,0,2.560125
936,16,95,1,1,10.1016,12.4766,8.3672,14.2266,1.96325,1.91425,1.661125,1.63625,0,0,2.560875
937,16,95,1,0,10.0859,12.5469,8.3906,14.1875,1.966625,1.910625,1.655625,1.62425,0,0,2.560125
938,16,95,1,0,10.1094,12.6094,8.3125,14.3047,1.9785,1.928,1.645125,1.631625,0,0,2.559625
939,16,94,1,0,10.1875,12.5625,8.3438,14.2891,1.9595,1.90325,1.651,1.639125,0,0,2.55975
940,16,97,1,0,10.2266,12.625,8.3672,14.3672,1.9655,1.925625,1.643625,1.637125,0,0,2.560875
941,16,98,1,0,10.1953,12.6484,8.3906,14.3203,1.977375,1.926625,1.671625,1.628375,0,0,2.5595
942,16,96,1,0,10.2344,12.625,8.4531,14.3281,1.981625,1.915875,1.6605,1.6405,0,0,2.560625
943,16,97,1,0,10.2812,12.6719,8.4453,14.3281,1.983125,1.915375,1.652625,1.640375,0,0,2.560125
944,16,98,1,1,10.2656,12.7109,8.5703,14.4453,1.98275,1.9255,1.662375,1.64225,0,0,2.56
945,16,97,1,0,10.2891,12.7656,8.5078,14.4453,1.9845,1.921875,1.682875,1.63775,0,0,2.55975
946,16,97,1,0,10.4062,12.8203,8.5859,14.4297,1.9865,1.921875,1.649,1.650125,0,0,2.559
947,16,94,1,0,10.3203,12.75,8.6016,14.4609,1.97775,1.932625,1.668875,1.64575,0,0,2.55925
948,16,95,1,0,10.4219,12.7656,8.5781,14.5625,1.999125,1.92325,1.65275,1.6365,0,0,2.559
949,16,96,1,0,10.4609,12.8125,8.6172,14.5703,1.98825,1.932125,1.656375,1.636125,0,0,2.55925
950,16,97,1,0,10.4141,12.8594,8.6094,14.5938,1.98125,1.934875,1.654625,1.635125,0,0,2.5595
951,16,97,1,0,10.4922,12.8516,8.7266,14.5547,1.988125,1.94875,1.668625,1.65675,0,0,2.560125
952,16,96,1,1,10.5,12.8984,8.7578,14.625,1.996,1.941625,1.67575,1.651125,0,0,2.559
953,17,98,1,0,10.5312,12.9844,8.7109,14.6719,2.005625,1.92725,1.668375,1.648625,0,0,2.559
954,17,96,1,0,10.4844,12.9922,8.7734,14.6016,2.006125,1.946875,1.688,1.64425,0,0,2.561
955,17,97,1,0,10.5078,12.9453,8.7969,14.7109,1.985875,1.940125,1.675375,1.65225,0,0,2.560375
956,17,98,1,0,10.5391,12.9531,8.7422,14.6797,2.007875,1.9315,1.673,1.64825,0,1,2.56075
957,17,98,1,0,10.5625,13.0156,8.8281,14.7031,1.987125,1.940125,1.689125,1.6665,0,0,2.560875
958,17,98,1,0,10.6484,13.0859,8.8203,14.7188,2.008375,1.958125,1.698875,1.66125,0,0,2.559
959,17,98,1,0,10.6328,13.0312,8.8984,14.8203,2.001,1.95975,1.699625,1.64675,1,0,2.559
960,17,95,1,1,10.6953,13.0938,8.9062,14.8047,2.014125,1.96425,1.700125,1.661625,0,0,2.55975
961,17,95,1,0,10.7109,13.0547,8.875,14.8438,2.015375,1.957125,1.685375,1.650875,0,0,2.559625
962,17,95,1,0,10.7891,13.1875,8.9219,14.8516,2.00925,1.940375,1.704375,1.66825,1,0,2.559
963,17,94,1,0,10.7812,13.1172,8.9141,14.8906,1.998625,1.959,1.67725,1.659,0,0,2.559625
964,17,95,1,0,10.7734,13.2344,8.9375,14.9297,2.001625,1.97125,1.680625,1.66025,0,0,2.5595
965,17,97,1,0,10.7578,13.2266,8.9766,14.8984,2.00675,1.966375,1.68375,1.65475,0,0,2.561
966,17,95,1,0,10.8203,13.2656,9.0156,14.8906,2.004,1.954125,1.697125,1.673,0,0,2.561
967,17,96,1,0,10.8672,13.2266,9.0156,14.9844,2.026,1.965875,1.68375,1.678125,0,0,2.55925
968,17,98,1,1,10.8203,13.2734,9.1172,14.9766,2.0055,1.951625,1.7005,1.67125,0,0,2.56025
969,17,96,1,0,10.9531,13.2891,9.0547,14.9453,2.027125,1.963,1.715375,1.671875,0,0,2.559875
970,17,94,1,0,10.8594,13.3281,9.1797,14.9688,2.031,1.97225,1.716375,1.68375,0,0,2.55925
971,17,94,1,0,10.9375,13.3906,9.1562,15.0156,2.01875,1.95575,1.690875,1.674375,0,0,2.56
972,17,95,1,0,10.9844,13.4219,9.125,15.0,2.023875,1.981875,1.688125,1.674,0,0,2.5595
973,17,97,1,0,11.0469,13.3984,9.1641,15.0547,2.041125,1.96375,1.69475,1.684875,0,0,2.559375
974,17,96,1,0,11.0703,13.375,9.1719,15.0547,2.037625,1.980125,1.6975,1.6665,0,0,2.56025
975,17,96,1,0,10.9844,13.375,9.1719,15.1406,2.03175,1.988375,1.7215,1.675,0,0,2.56025
976,17,96,1,1,11.0156,13.4844,9.2812,15.0938,2.0425,1.98225,1.70075,1.6805,0,0,2.559625
977,17,95,1,0,11.0312,13.4844,9.25,15.2266,2.021375,1.971375,1.696,1.68975,0,0,2.560125
978,17,94,1,0,11.0781,13.5312,9.2969,15.2344,2.021125,1.966625,1.71425,1.694,0,0,2.560625
979,17,95,1,0,11.1641,13.5,9.2656,15.25,2.050625,1.9725,1.698375,1.677625,0,0,2.55925
980,17,96,1,0,11.0859,13.5469,9.375,15.1953,2.044875,1.97025,1.712375,1.688375,0,0,2.561
981,17,98,1,0,11.1172,13.6328,9.3984,15.2422,2.043125,1.97425,1.70075,1.694875,0,0,2.559125
982,17,94,1,0,11.1328,13.6406,9.4531,15.3359,2.048875,1.987125,1.709125,1.6845,0,0,2.559375
983,17,98,1,0,11.2656,13.6562,9.4531,15.3594,2.055,1.994,1.73425,1.691125,0,0,2.561
984,17,97,1,1,11.2656,13.6562,9.3906,15.2891,2.039,1.996375,1.72725,1.683,0,0,2.559125
985,17,97,1,0,11.2656,13.6328,9.4922,15.3047,2.05225,2.00225,1.72925,1.682375,0,0,2.559875
986,17,98,1,0,11.3281,13.7266,9.5469,15.3438,2.060625,1.99025,1.71275,1.696375,0,0,2.560625
987,17,95,1,0,11.2969,13.7266,9.5078,15.4141,2.03475,1.993125,1.72325,1.7,0,1,2.560125
988,17,98,1,0,11.3594,13.75,9.4844,15.4531,2.037875,1.99725,1.72375,1.694,0,0,2.56
989,17,97,1,0,11.4141,13.7969,9.5469,15.4922,2.037,2.002375,1.739,1.703375,0,0,2.560375
990,17,98,1,0,11.3984,13.7578,9.6172,15.5234,2.045625,1.987375,1.732125,1.702125,0,0,2.559875
991,17,97,1,0,11.3594,13.7422,9.5703,15.5469,2.041375,2.0085,1.72125,1.69175,0,0,2.55925
992,17,97,1,1,11.4609,13.7734,9.5859,15.4922,2.0625,2.002,1.73875,1.7035,0,0,2.561
993,17,98,1,0,11.4219,13.8516,9.6875,15.5078,2.068875,1.998375,1.74775,1.712625,0,0,2.559375
994,17,94,1,0,11.5,13.8906,9.6094,15.6094,2.0565,1.992,1.714375,1.7055,0,0,2.559375
995,17,95,1,0,11.4688,13.9531,9.7031,15.6328,2.05,1.989875,1.747875,1.700625,0,0,2.559125
996,18,94,1,0,11.5078,13.8906,9.6875,15.6406,2.06975,2.020875,1.721875,1.703625,0,0,2.56075
997,18,95,1,0,11.4766,13.9688,9.7891,15.6484,2.0595,2.0105,1.746625,1.715625,0,0,2.55925
998,18,97,1,0,11.5469,13.9688,9.7188,15.6484,2.07575,2.019875,1.72975,1.704625,0,0,2.560375
999,18,97,1,0,11.5625,13.9609,9.7344,15.6719,2.074375,1.999875,1.739,1.71375,0,0,2.5605
1000,18,96,1,1,11.6094,14.0234,9.8047,15.7656,2.059625,2.0035,1.752125,1.70025,0,0,2.559
1001,18,96,1,0,11.6406,14.0078,9.7812,15.7188,2.0585,2.023375,1.7395,1.714375,0,0,2.559
1002,18,97,1,0,11.6719,14.0781,9.8984,15.7422,2.058,2.01725,1.754375,1.7225,0,0,2.56025
1003,18,97,1,0,11.6406,14.0312,9.8438,15.8125,2.06975,2.0135,1.735625,1.72275,0,0,2.560375
1004,18,97,1,0,11.7188,14.1094,9.8594,15.8281,2.08475,2.02,1.742625,1.715625,1,0,2.559
1005,18,96,1,0,11.6875,14.1406,9.8672,15.8203,2.079875,2.030375,1.740875,1.712625,0,0,2.560125
1006,18,94,1,0,11.7344,14.1641,10.0,15.8516,2.09275,2.025375,1.75825,1.73025,0,0,2.56075
1007,18,94,1,0,11.8125,14.1484,9.9531,15.8125,2.085,2.03375,1.731625,1.723875,0,0,2.559875
1008,18,95,1,1,11.7891,14.1719,9.9375,15.8594,2.069375,2.03,1.765625,1.7145,0,0,2.5605
1009,18,95,1,0,11.8281,14.1797,10.0234,15.9531,2.087,2.01425,1.741875,1.7275,0,0,2.559625
1010,18,97,1,0,11.8828,14.2031,10.0156,15.8828,2.071375,2.0225,1.745125,1.72775,0,0,2.55925
1011,18,97,1,0,11.8047,14.2969,10.0234,16.0156,2.07875,2.04325,1.759,1.719375,0,0,2.559
1012,18,96,1,0,11.9219,14.2578,10.0391,16.0156,2.09025,2.04,1.77125,1.73425,0,0,2.560375
1013,18,94,1,0,11.9531,14.2422,10.1328,15.9531,2.10075,2.03275,1.771875,1.730375,0,0,2.559
1014,18,98,1,0,11.8828,14.375,10.0859,16.0078,2.09275,2.025625,1.75775,1.725,0,0,2.561
1015,18,97,1,0,11.9297,14.3438,10.1094,16.0156,2.0865,2.03275,1.746125,1.731375,0,0,2.560875
1016,18,96,1,1,11.9219,14.4062,10.2266,16.0234,2.102625,2.02425,1.775875,1.72325,0,0,2.559875
1017,18,95,1,0,11.9844,14.3594,10.2344,16.0312,2.107,2.049625,1.748,1.73425,0,1,2.560375
1018,18,97,1,0,12.0781,14.4219,10.2031,16.1641,2.098625,2.03575,1.7585,1.743625,0,0,2.561
1019,18,96,1,0,12.0312,14.3984,10.2344,16.1406,2.08725,2.05175,1.772625,1.733375,0,0,2.56
1020,18,94,1,0,12.0078,14.4922,10.2734,16.2109,2.109375,2.02825,1.77525,1.735625,0,0,2.559125
1021,18,98,1,0,12.0938,14.4453,10.2969,16.1719,2.1135,2.034625,1.783125,1.736125,0,0,2.560875
1022,18,95,1,0,12.0859,14.4453,10.2422,16.2266,2.100625,2.036375,1.756875,1.73,0,0,2.560625
1023,18,98,1,0,12.1406,14.5625,10.2891,16.1875,2.0985,2.042625,1.77425,1.72975,0,0,2.56
1024,18,97,1,1,12.1797,14.5625,10.3047,16.1875,2.113375,2.032875,1.789,1.734125,0,0,2.5605
1025,18,97,1,0,12.1562,14.6328,10.4062,16.2344,2.10725,2.050875,1.761125,1.7375,0,0,2.559
1026,18,97,1,0,12.1875,14.5391,10.4062,16.3359,2.104375,2.0485,1.768375,1.733375,0,0,2.559375
1027,18,95,1,0,12.1797,14.6094,10.3984,16.2656,2.121375,2.04725,1.777625,1.74575,0,0,2.5595
1028,18,94,1,0,12.2031,14.6094,10.4844,16.3828,2.119,2.044,1.77975,1.752625,0,0,2.56
1029,18,96,1,0,12.2422,14.6875,10.4062,16.3281,2.100625,2.047375,1.766375,1.74775,0,0,2.559125
1030,18,96,1,0,12.25,14.6875,10.4688,16.3672,2.111,2.051625,1.79075,1.741875,0,1,2.559125
1031,18,97,1,0,12.3594,14.7422,10.4609,16.4688,2.118375,2.053125,1.783875,1.752125,0,0,2.559875
1032,18,95,1,1,12.3594,14.7109,10.5391,16.4844,2.1065,2.05225,1.7915,1.7485,0,0,2.559875
1033,18,96,1,0,12.3438,14.8047,10.5469,16.3906,2.1115,2.074,1.787375,1.749875,0,0,2.559
1034,18,97,1,0,12.4062,14.8281,10.6406,16.4453,2.1295,2.07375,1.7865,1.7605,0,0,2.56025
1035,18,96,1,0,12.3359,14.75,10.5859,16.4375,2.13675,2.06875,1.782625,1.759125,0,0,2.559
1036,18,96,1,0,12.3594,14.875,10.625,16.4688,2.116375,2.067125,1.785375,1.749875,0,0,2.56075
1037,18,94,1,0,12.4141,14.8359,10.6719,16.5234,2.132,2.0785,1.78525,1.755625,0,0,2.5605
1038,18,94,1,0,12.4141,14.8672,10.6875,16.5703,2.139125,2.07175,1.774625,1.7685,0,0,2.561
1039,18,98,1,0,12.5312,14.8594,10.7188,16.6484,2.11975,2.06325,1.803875,1.757,0,0,2.560625
1040,19,96,1,1,12.4688,14.8594,10.7344,16.6016,2.1255,2.063375,1.80075,1.764,1,0,2.56025
1041,19,96,1,0,12.4844,14.9531,10.7109,16.6406,2.137625,2.0855,1.81,1.766375,0,0,2.561
1042,19,95,1,0,12.5859,15.0156,10.7344,16.6484,2.137875,2.072625,1.807375,1.773,0,0,2.5595
1043,19,97,1,0,12.6406,14.9766,10.8125,16.7422,2.12,2.08375,1.794875,1.75475,0,0,2.560375
1044,19,97,1,0,12.5547,14.9688,10.7422,16.75,2.132,2.071125,1.81225,1.7705,0,0,2.56075
1045,19,95,1,0,12.5938,15.0156,10.8203,16.7031,2.150875,2.083875,1.79425,1.76125,0,0,2.561
1046,19,96,1,0,12.5938,14.9844,10.8828,16.7734,2.12775,2.070375,1.80975,1.760125,0,0,2.56025
1047,19,98,1,0,12.6484,15.0078,10.8672,16.7812,2.137375,2.072125,1.783125,1.76025,0,0,2.55975
1048,19,97,1,1,12.6875,15.0781,10.9297,16.7578,2.131,2.06925,1.814375,1.780375,0,0,2.5595
1049,19,98,1,0,12.7656,15.1641,10.9766,16.8047,2.147625,2.075625,1.791375,1.782625,0,0,2.55975
1050,19,98,1,0,12.7891,15.1641,10.9453,16.8047,2.13325,2.08475,1.798625,1.77025,0,0,2.55975
1051,19,95,1,0,12.75,15.1406,10.9062,16.7969,2.149875,2.081125,1.806875,1.78025,0,0,2.560125
1052,19,95,1,0,12.7188,15.1328,11.0,16.8594,2.143125,2.08025,1.803,1.77125,0,0,2.56075
1053,19,98,1,0,12.8516,15.2109,10.9609,16.8516,2.14575,2.100875,1.80675,1.78725,0,0,2.56025
1054,19,98,1,0,12.7656,15.2188,11.0156,16.9141,2.143375,2.078875,1.81725,1.788125,0,0,2.559
1055,19,96,1,0,12.8594,15.2344,11.0938,17.0078,2.1395,2.099875,1.7975,1.773625,0,0,2.55925
1056,19,94,1,1,12.9297,15.2812,11.1172,16.9609,2.162875,2.079625,1.795875,1.788625,0,0,2.560625
1057,19,96,1,0,12.8516,15.2656,11.0391,17.0156,2.146375,2.090875,1.822,1.776125,0,0,2.560125
1058,19,94,1,0,12.9531,15.2812,11.0859,17.0078,2.147,2.0915,1.8055,1.789625,0,0,2.559125
1059,19,97,1,0,12.9531,15.3984,11.1094,17.0703,2.168125,2.08475,1.825375,1.785,0,0,2.560625
1060,19,96,1,0,12.9453,15.3203,11.1562,17.0625,2.1525,2.093375,1.829625,1.787875,0,0,2.559875
1061,19,94,1,0,13.0078,15.3203,11.1719,17.0547,2.174125,2.107375,1.8285,1.793375,0,0,2.560625
1062,19,98,1,0,12.9844,15.4531,11.2109,17.1406,2.17375,2.10875,1.81,1.7805,0,0,2.56
1063,19,94,1,0,13.0781,15.4062,11.1641,17.0938,2.176,2.113625,1.833875,1.779875,0,0,2.55975
1064,19,96,1,1,13.0547,15.5078,11.2266,17.1406,2.175625,2.115625,1.803625,1.793,0,0,2.56025
1065,19,98,1,0,13.0703,15.4531,11.3203,17.1094,2.164375,2.100125,1.826875,1.788125,0,0,2.55925
1066,19,95,1,0,13.0625,15.4531,11.25,17.2344,2.153125,2.10725,1.81775,1.792625,0,0,2.559125
1067,19,98,1,0,13.0938,15.4766,11.3438,17.1953,2.16025,2.1035,1.835875,1.79525,0,0,2.55925
1068,19,95,1,0,13.1328,15.5547,11.3047,17.25,2.163125,2.112875,1.807625,1.793125,0,0,2.560875
1069,19,98,1,0,13.1172,15.5391,11.3594,17.2812,2.163375,2.117625,1.81425,1.790375,0,0,2.55925
1070,19,94,1,0,13.1172,15.5234,11.3594,17.3125,2.159375,2.109125,1.820875,1.79425,0,0,2.559875
1071,19,95,1,0,13.1953,15.5391,11.4297,17.3516,2.174,2.113,1.8435,1.789,0,1,2.559
1072,19,97,1,1,13.2266,15.6641,11.4219,17.3828,2.17025,2.10875,1.8355,1.792625,0,0,2.5595
1073,19,96,1,0,13.2734,15.6875,11.5,17.3047,2.17675,2.130375,1.82,1.793375,1,0,2.56025
1074,19,98,1,0,13.3281,15.6406,11.4766,17.3281,2.173,2.1255,1.84175,1.796125,0,0,2.560875
1075,19,97,1,0,13.2578,15.6797,11.5312,17.4531,2.193375,2.12,1.847875,1.795375,0,0,2.561
1076,19,95,1,0,13.3516,15.6562,11.4844,17.4219,2.19475,2.113,1.828875,1.795875,0,0,2.56
1077,19,98,1,0,13.3438,15.7031,11.4922,17.4141,2.17575,2.129625,1.83175,1.809875,0,0,2.559
1078,19,95,1,0,13.3594,15.8047,11.5938,17.4453,2.17425,2.112875,1.836625,1.816125,0,0,2.559375
1079,19,98,1,0,13.3281,15.7188,11.5625,17.4297,2.194125,2.137875,1.83325,1.808125,0,0,2.56
1080,19,95,1,1,13.4453,15.7422,11.6484,17.4453,2.185875,2.134875,1.856625,1.801625,0,0,2.560125
1081,19,94,1,0,13.4844,15.8828,11.5859,17.5156,2.187625,2.132,1.854625,1.81525,0,0,2.560125
1082,19,97,1,0,13.5078,15.8125,11.7031,17.5234,2.177,2.1425,1.847375,1.811375,0,0,2.56025
1083,19,97,1,0,13.4141,15.8672,11.6953,17.5156,2.206125,2.125125,1.860125,1.80975,0,0,2.559875
1084,19,96,1,0,13.4297,15.8594,11.6406,17.6406,2.190125,2.125125,1.8545,1.8135,0,0,2.560625
1085,20,94,1,0,13.4531,15.8594,11.7734,17.5938,2.20825,2.143125,1.85,1.82075,0,1,2.559
1086,20,94,1,0,13.5859,15.9141,11.7969,17.6562,2.19675,2.1215,1.8325,1.81775,0,0,2.5605
1087,20,96,1,0,13.5078,15.9219,11.7031,17.6172,2.19875,2.143125,1.862,1.8195,0,0,2.559125
1088,20,94,1,1,13.5703,15.9688,11.75,17.7344,2.193875,2.133,1.840125,1.822125,1,0,2.56
1089,20,95,1,0,13.5859,16.0625,11.8203,17.6484,2.193375,2.155,1.855,1.824625,0,0,2.55975
1090,20,94,1,0,13.6094,15.9922,11.8281,17.7188,2.19725,2.14025,1.86975,1.81375,0,0,2.559625
1091,20,97,1,0,13.5859,16.0859,11.7812,17.7969,2.19825,2.138,1.8365,1.821125,0,0,2.560625
1092,20,97,1,0,13.6172,16.0859,11.8672,17.7812,2.2125,2.135125,1.864875,1.834125,0,0,2.560625
1093,20,94,1,0,13.6641,16.0938,11.8438,17.7656,2.209875,2.1495,1.86375,1.835625,0,0,2.560375
1094,20,98,1,0,13.6875,16.0703,11.9297,17.7969,2.203625,2.16125,1.86475,1.832375,0,0,2.559625
1095,20,95,1,0,13.6797,16.1172,11.9219,17.8828,2.209625,2.14075,1.87525,1.837375,0,0,2.560125
1096,20,96,1,1,13.7109,16.2031,11.9453,17.8516,2.210875,2.135375,1.872,1.834,0,0,2.55925
1097,20,94,1,0,13.7578,16.1562,12.0156,17.8828,2.200875,2.149875,1.842125,1.82325,0,0,2.560625
1098,20,97,1,0,13.7578,16.2578,12.0391,17.875,2.223,2.159125,1.853625,1.839125,0,0,2.55975
1099,20,94,1,0,13.7812,16.2656,12.0078,17.9062,2.22275,2.152,1.845625,1.832875,0,0,2.560375
1100,20,97,1,0,13.8594,16.25,12.0078,17.9609,2.205875,2.141375,1.850625,1.829375,0,0,2.560375
1101,20,96,1,0,13.875,16.2422,12.0234,17.9141,2.214875,2.148125,1.879375,1.834875,0,0,2.559625
1102,20,98,1,0,13.9219,16.25,12.1016,17.9297,2.21875,2.16075,1.8795,1.838625,0,0,2.56075
1103,20,95,1,0,13.9453,16.3516,12.1016,18.0078,2.225125,2.17225,1.8595,1.84425,0,0,2.559375
1104,20,95,1,1,13.8828,16.3672,12.1797,18.0234,2.2295,2.16325,1.853,1.8485,0,0,2.559875
1105,20,94,1,0,13.9375,16.3906,12.1562,18.0391,2.23675,2.157,1.866875,1.8285,0,0,2.561
1106,20,95,1,0,13.9688,16.4297,12.2266,18.0234,2.22025,2.158,1.865375,1.834125,0,0,2.559875
1107,20,94,1,0,13.9531,16.3438,12.1797,18.125,2.234375,2.14975,1.879875,1.837,0,0,2.56025
1108,20,94,1,0,13.9844,16.3828,12.2109,18.125,2.229125,2.15175,1.890875,1.837,0,0,2.559625
1109,20,97,1,0,14.0547,16.3984,12.2578,18.0859,2.236625,2.15425,1.89125,1.842125,0,0,2.56075
1110,20,95,1,0,14.0156,16.4062,12.25,18.125,2.22025,2.1735,1.872,1.8505,0,0,2.560875
1111,20,97,1,0,14.0781,16.4609,12.2891,18.1797,2.216,2.160875,1.890875,1.8405,0,0,2.560875
1112,20,97,1,1,14.1562,16.5625,12.3281,18.1875,2.244125,2.171,1.879875,1.84725,0,0,2.55925
1113,20,94,1,0,14.1406,16.5781,12.2812,18.2109,2.231,2.17375,1.895375,1.85125,0,0,2.560375
1114,20,95,1,0,14.1016,16.4844,12.3594,18.2969,2.245,2.1625,1.8615,1.837625,0,0,2.559875
1115,20,95,1,0,14.1328,16.6172,12.4219,18.2266,2.238375,2.164375,1.862375,1.854875,0,0,2.5605
1116,20,95,1,0,14.1797,16.6094,12.3828,18.3359,2.24275,2.188625,1.886125,1.858,0,0,2.560375
1117,20,94,1,0,14.2656,16.6406,12.4375,18.3594,2.25325,2.187375,1.874375,1.8545,0,0,2.55925
1118,20,98,1,0,14.1797,16.5703,12.3984,18.3594,2.23275,2.1655,1.9,1.854,0,0,2.56
1119,20,97,1,0,14.2422,16.6719,12.5078,18.4141,2.248375,2.17475,1.87825,1.859875,0,0,2.560375
1120,20,96,1,1,14.2812,16.7266,12.4609,18.3516,2.22775,2.18775,1.8955,1.86275,0,0,2.55925
1121,20,94,1,0,14.2344,16.6719,12.5312,18.4141,2.2325,2.172,1.879875,1.86625,0,0,2.561
1122,20,94,1,0,14.2656,16.7734,12.4766,18.375,2.231625,2.175125,1.880875,1.86375,0,0,2.560375
1123,20,97,1,0,14.2734,16.6797,12.4766,18.4453,2.245,2.180875,1.895625,1.848875,0,0,2.560625
1124,20,95,1,0,14.3203,16.7656,12.6172,18.4375,2.242,2.18425,1.87175,1.871,0,0,2.560625
1125,20,97,1,0,14.3281,16.7734,12.5312,18.4766,2.240375,2.192125,1.897375,1.8665,0,0,2.560125
1126,20,96,1,0,14.375,16.8047,12.6641,18.5078,2.25425,2.200125,1.888125,1.8645,0,0,2.559375
1127,20,97,1,0,14.4609,16.8594,12.6797,18.4609,2.25975,2.18675,1.9095,1.86875,1,0,2.561
1128,20,94,1,1,14.4062,16.8125,12.6953,18.5625,2.25525,2.194625,1.898375,1.8725,0,0,2.56025
1129,20,95,1,0,14.4766,16.8594,12.6172,18.5938,2.269875,2.178625,1.88125,1.865,0,0,2.56
1130,20,94,1,0,14.4297,16.875,12.75,18.5859,2.2665,2.202375,1.914625,1.857,0,0,2.560875
1131,21,98,1,0,14.5,16.9453,12.7188,18.6406,2.25475,2.1975,1.9125,1.865375,0,0,2.56
1132,21,96,1,0,14.5391,16.8828,12.7188,18.6641,2.251375,2.18675,1.900625,1.8725,0,0,2.559125
1133,21,98,1,0,14.4922,17.0078,12.8125,18.6719,2.262375,2.205375,1.898625,1.877625,0,0,2.56
1134,21,98,1,0,14.5234,16.9609,12.7656,18.6719,2.249125,2.2,1.903375,1.8745,0,0,2.559125
1135,21,98,1,0,14.5547,16.9375,12.7344,18.7109,2.263375,2.196625,1.9065,1.87175,0,0,2.559
1136,21,94,1,1,14.6719,16.9922,12.8281,18.7344,2.264125,2.2145,1.9125,1.87725,0,0,2.55975
1137,21,95,1,0,14.6875,17.0859,12.8438,18.7188,2.251875,2.192,1.8965,1.871375,0,1,2.561
1138,21,96,1,0,14.6719,17.0,12.8359,18.7891,2.267,2.213875,1.9075,1.87125,0,0,2.560625
1139,21,98,1,0,14.7422,17.0703,12.8594,18.7969,2.27575,2.196375,1.894875,1.883375,0,0,2.55925
1140,21,97,1,0,14.7344,17.1094,12.8672,18.8516,2.2565,2.206375,1.894125,1.873375,0,0,2.5605
1141,21,95,1,0,14.6719,17.1641,12.8594,18.8203,2.265125,2.22,1.903,1.878,0,0,2.56025
1142,21,95,1,0,14.7734,17.1016,12.9844,18.8125,2.28425,2.199625,1.921375,1.88675,0,0,2.55975
1143,21,94,1,0,14.7422,17.2031,12.9531,18.8984,2.263125,2.213375,1.905375,1.878375,0,0,2.5595
1144,21,98,1,1,14.7344,17.2266,12.9766,18.8828,2.259875,2.198625,1.9095,1.882875,0,0,2.55925
1145,21,96,1,0,14.8594,17.2578,13.0156,18.8984,2.274875,2.2135,1.90325,1.879125,0,0,2.561
1146,21,94,1,0,14.8672,17.2656,13.0156,18.9766,2.269125,2.217,1.918,1.884375,0,0,2.56
1147,21,95,1,0,14.7891,17.2188,13.0859,18.9609,2.292625,2.205375,1.935,1.889375,0,0,2.560375
1148,21,98,1,0,14.8672,17.2734,13.0781,19.0234,2.27175,2.212,1.91075,1.896625,0,0,2.56075
1149,21,96,1,0,14.9141,17.2344,13.0781,18.9922,2.267375,2.2145,1.90275,1.883375,0,0,2.5595
1150,21,95,1,0,14.9609,17.2656,13.1562,18.9922,2.273,2.22725,1.9025,1.88775,0,0,2.560875
1151,21,97,1,0,14.9844,17.3438,13.1328,19.0312,2.29,2.221,1.93275,1.8835,0,0,2.560625
1152,21,97,1,1,15.0156,17.3516,13.1953,18.9922,2.282125,2.212875,1.94,1.89525,0,0,2.559375
1153,21,94,1,0,15.0156,17.4141,13.1641,19.0938,2.301375,2.218875,1.911375,1.88225,0,0,2.5605
1154,21,97,1,0,14.9375,17.3906,13.1484,19.125,2.28825,2.22975,1.94225,1.90325,0,0,2.560875
1155,21,98,1,0,14.9609,17.4453,13.1719,19.1094,2.30125,2.21725,1.917875,1.888375,0,0,2.56
1156,21,94,1,0,15.0391,17.4219,13.2031,19.1406,2.304375,2.213625,1.92475,1.905125,0,0,2.5595
1157,21,96,1,0,15.0703,17.5,13.3125,19.1797,2.293125,2.222125,1.93325,1.902375,1,0,2.56075
1158,21,97,1,0,15.1016,17.5,13.25,19.1797,2.280375,2.21975,1.9285,1.90025,0,0,2.559125
1159,21,97,1,0,15.0391,17.4609,13.2891,19.2031,2.300125,2.22675,1.922875,1.904125,0,0,2.559625
1160,21,98,1,1,15.0938,17.4844,13.3359,19.2734,2.280625,2.234,1.94675,1.89275,0,0,2.56075
1161,21,96,1,0,15.1562,17.5938,13.3359,19.2578,2.306875,2.225625,1.92525,1.903,0,0,2.559375
1162,21,94,1,0,15.1562,17.6172,13.3281,19.3047,2.300875,2.2365,1.950625,1.896125,0,1,2.559375
1163,21,98,1,0,15.2266,17.6172,13.4453,19.2266,2.295375,2.246125,1.932875,1.907,0,0,2.559875
1164,21,96,1,0,15.2188,17.6094,13.4141,19.3359,2.307375,2.245375,1.951,1.897875,0,0,2.55925
1165,21,95,1,0,15.1875,17.6016,13.4766,19.3125,2.302625,2.234875,1.9355,1.911625,0,0,2.561
1166,21,95,1,0,15.2812,17.6328,13.4297,19.3984,2.297875,2.253875,1.949875,1.911625,0,0,2.5595
1167,21,95,1,0,15.3281,17.6641,13.4219,19.3672,2.290125,2.243,1.920375,1.89925,0,0,2.56
1168,21,96,1,1,15.2891,17.7188,13.4453,19.3438,2.304375,2.228375,1.954125,1.912875,0,0,2.560875
1169,21,96,1,0,15.2812,17.6719,13.4688,19.375,2.3085,2.233375,1.958875,1.902625,0,0,2.559
1170,21,97,1,0,15.3906,17.7031,13.5547,19.375,2.311375,2.24575,1.94725,1.90375,0,0,2.5595
1171,21,95,1,0,15.375,17.7734,13.6016,19.4453,2.3205,2.240375,1.946875,1.9185,0,0,2.55975
1172,21,98,1,0,15.3359,17.8359,13.5469,19.4922,2.297875,2.251625,1.943375,1.90925,0,0,2.56075
1173,21,95,1,0,15.4219,17.7656,13.5859,19.5391,2.3185,2.245125,1.960125,1.905625,0,0,2.561
1174,21,96,1,0,15.4531,17.8672,13.6641,19.5469,2.31375,2.24675,1.937625,1.92325,0,0,2.5605
1175,21,96,1,0,15.5,17.8672,13.625,19.5078,2.328125,2.25625,1.953125,1.90675,1,0,2.559375
1176,21,96,1,1,15.4688,17.8359,13.6484,19.5312,2.325125,2.246625,1.9565,1.918875,0,0,2.561
1177,21,96,1,0,15.5312,17.8359,13.7266,19.6328,2.319125,2.255875,1.933625,1.912,0,0,2.561
1178,21,94,1,0,15.4375,17.9531,13.7188,19.6016,2.32725,2.2655,1.936375,1.914875,0,0,2.560375
1179,22,98,1,0,15.5312,17.9375,13.7734,19.6641,2.321875,2.258875,1.9355,1.92325,0,0,2.56075
1180,22,96,1,0,15.4922,18.0,13.7812,19.6406,2.315875,2.257375,1.933625,1.924375,0,0,2.55925
1181,22,96,1,0,15.5781,17.8984,13.7656,19.6797,2.319625,2.25275,1.971,1.9215,0,0,2.55975
1182,22,97,1,0,15.6094,17.9609,13.7656,19.6562,2.31525,2.264125,1.965125,1.915625,0,0,2.560125
1183,22,95,1,0,15.5625,18.0312,13.8516,19.7656,2.315,2.270125,1.946,1.91975,0,0,2.5605
1184,22,95,1,1,15.6875,17.9844,13.8359,19.7266,2.324375,2.251125,1.954625,1.9205,0,0,2.560125
1185,22,96,1,0,15.6484,18.0469,13.8516,19.6953,2.325625,2.261125,1.968375,1.922125,0,0,2.559875
1186,22,96,1,0,15.6016,18.0547,13.8672,19.8281,2.328375,2.250375,1.971125,1.933375,0,0,2.559875
1187,22,97,1,0,15.625,18.0938,13.9297,19.8281,2.322375,2.25825,1.941875,1.933375,0,0,2.559375
1188,22,98,1,0,15.75,18.1328,13.875,19.8359,2.326125,2.26175,1.95775,1.938125,0,0,2.56075
1189,22,94,1,0,15.6953,18.0859,13.9375,19.8203,2.3245,2.27475,1.973375,1.919875,0,0,2.559
1190,22,95,1,0,15.7578,18.1797,13.9688,19.8594,2.3235,2.258125,1.946,1.9265,0,0,2.5605
1191,22,97,1,0,15.7422,18.1953,13.9453,19.9062,2.325,2.259125,1.955,1.93975,0,0,2.55925
1192,22,98,1,1,15.7812,18.2422,14.0156,19.8516,2.32925,2.26425,1.977375,1.93,0,0,2.559375
1193,22,97,1,0,15.8359,18.2422,13.9609,19.8984,2.33175,2.2585,1.957125,1.94275,0,0,2.559375
1194,22,96,1,0,15.8828,18.2031,14.0625,19.8906,2.327875,2.28075,1.949375,1.94325,0,0,2.560625
1195,22,94,1,0,15.8516,18.2812,14.0234,19.8906,2.33325,2.27475,1.952875,1.9315,0,0,2.559125
1196,22,96,1,0,15.8203,18.2422,14.0625,20.0,2.339375,2.28825,1.968875,1.947375,0,0,2.5605
1197,22,98,1,0,15.9141,18.3281,14.0625,19.9453,2.346125,2.288,1.979125,1.94275,0,0,2.561
1198,22,94,1,0,15.9531,18.2734,14.1719,19.9844,2.343875,2.28575,1.973,1.93925,0,0,2.55975
1199,22,96,1,0,15.8828,18.375,14.0859,20.0156,2.356,2.284625,1.956125,1.948625,0,1,2.560375
1200,22,97,1,1,15.9531,18.375,14.1953,19.9922,2.3385,2.292625,1.98675,1.93325,0,0,2.559
1201,22,97,1,0,15.9297,18.4219,14.1797,20.1172,2.33275,2.290625,1.977,1.950375,0,0,2.560625
1202,22,98,1,0,15.9844,18.4062,14.1719,20.0312,2.362875,2.2905,1.983,1.947875,0,0,2.559
1203,22,96,1,0,16.0625,18.4062,14.1719,20.1016,2.34225,2.287625,1.993,1.945375,0,0,2.559625
1204,22,97,1,0,16.0781,18.4453,14.1719,20.1719,2.36125,2.2735,1.987125,1.954125,0,0,2.559
1205,22,96,1,0,16.1016,18.4844,14.2578,20.1719,2.359125,2.291875,1.968375,1.952375,0,0,2.56025
1206,22,98,1,0,16.1328,18.4375,14.2656,20.1484,2.3405,2.296875,1.99025,1.94625,0,0,2.560625
1207,22,96,1,0,16.0391,18.4688,14.3281,20.2031,2.366125,2.3015,1.965125,1.944625,0,0,2.559375
1208,22,98,1,1,16.1641,18.5469,14.2734,20.1797,2.360625,2.297875,1.963875,1.93975,0,0,2.559
1209,22,96,1,0,16.1797,18.5547,14.375,20.2734,2.366,2.288875,1.993125,1.94425,0,0,2.559125
1210,22,98,1,0,16.1172,18.5469,14.3672,20.2188,2.36925,2.285875,1.974875,1.955875,0,0,2.56
1211,22,94,1,0,16.2188,18.6172,14.3203,20.3047,2.345875,2.28425,1.982125,1.958,0,0,2.560125
1212,22,97,1,0,16.2266,18.6406,14.4375,20.3359,2.366125,2.296125,1.9705,1.957625,0,0,2.559125
1213,22,96,1,0,16.2812,18.5859,14.375,20.3594,2.3595,2.302875,1.999,1.9435,0,0,2.559375
1214,22,96,1,0,16.2266,18.6641,14.4844,20.3594,2.369375,2.29325,1.983875,1.95025,0,0,2.560375
1215,22,96,1,0,16.2188,18.6719,14.4453,20.3516,2.35375,2.30775,2.003625,1.9635,0,0,2.560875
1216,22,98,1,1,16.2188,18.6406,14.4219,20.375,2.366625,2.30925,2.001375,1.9635,0,0,2.559375
1217,22,98,1,0,16.3594,18.6797,14.5469,20.375,2.3585,2.314375,2.006625,1.952375,0,0,2.559125
1218,22,96,1,0,16.3281,18.7109,14.5625,20.3672,2.357875,2.296125,2.006875,1.969625,0,0,2.559375
1219,22,98,1,0,16.2891,18.7422,14.5391,20.4297,2.35675,2.305625,1.982875,1.9665,0,0,2.56075
1220,22,95,1,0,16.3203,18.7188,14.5781,20.4219,2.378625,2.31175,1.97975,1.97025,1,0,2.55975
1221,22,97,1,0,16.4375,18.8359,14.5625,20.5156,2.36575,2.313625,2.007,1.953875,0,0,2.559
1222,22,98,1,0,16.3594,18.8203,14.6328,20.4531,2.384,2.31975,1.98275,1.956375,0,1,2.559125
1223,22,94,1,0,16.3984,18.8672,14.5625,20.4766,2.362125,2.304875,2.002125,1.954,0,0,2.559
1224,22,94,1,1,16.4766,18.7969,14.5781,20.6016,2.375625,2.3005,2.0145,1.9545,0,0,2.56075
1225,22,98,1,0,16.5234,18.7969,14.6484,20.6094,2.364625,2.306125,1.99875,1.963875,0,0,2.559125
1226,22,95,1,0,16.4688,18.9375,14.6484,20.5391,2.391125,2.30925,2.009375,1.962125,0,0,2.559875
1227,22,96,1,0,16.4688,18.8516,14.6797,20.6094,2.36425,2.32575,2.00775,1.96325,0,0,2.559
1228,23,96,1,0,16.5,18.9766,14.6562,20.6328,2.374625,2.3245,1.988375,1.970875,0,0,2.561
1229,23,96,1,0,16.5625,18.9922,14.7188,20.6406,2.37175,2.320125,1.98675,1.979875,0,0,2.559625
1230,23,98,1,0,16.6172,18.9375,14.7969,20.6094,2.3885,2.3285,2.00125,1.962625,0,0,2.5595
1231,23,96,1,0,16.6406,18.9766,14.7266,20.6719,2.37925,2.30325,1.991125,1.969125,0,0,2.560625
1232,23,94,1,1,16.6172,19.0312,14.8516,20.7266,2.39675,2.309,2.002625,1.9645,0,0,2.559
1233,23,96,1,0,16.5625,19.0078,14.8281,20.6797,2.383625,2.333875,1.998125,1.972,0,0,2.55975
1234,23,98,1,0,16.6328,19.0234,14.7969,20.7188,2.371625,2.322125,1.998875,1.96825,0,0,2.560625
1235,23,98,1,0,16.6562,19.1094,14.9219,20.7188,2.3955,2.3175,2.015375,1.97075,0,0,2.560875
1236,23,96,1,0,16.7109,19.0703,14.9062,20.7266,2.391,2.310625,2.002125,1.979875,0,0,2.559125
1237,23,95,1,0,16.7031,19.1484,14.8359,20.8516,2.395375,2.315625,2.00675,1.974375,0,0,2.5605
1238,23,94,1,0,16.6719,19.1719,14.8672,20.7812,2.39825,2.3115,2.008125,1.979,0,0,2.56
1239,23,96,1,0,16.7891,19.1094,14.8906,20.8516,2.37825,2.329125,2.023875,1.98625,0,0,2.560875
1240,23,94,1,1,16.7266,19.125,14.9453,20.8906,2.403375,2.328875,2.0105,1.973,0,0,2.561
1241,23,96,1,0,16.7188,19.1406,14.9453,20.8672,2.383875,2.333125,2.011375,1.976875,0,0,2.559875
1242,23,96,1,0,16.7891,19.2266,15.0391,20.8516,2.38475,2.33025,2.0225,1.988125,0,0,2.560875
1243,23,94,1,0,16.7656,19.2422,14.9688,20.9609,2.388125,2.346,2.030125,1.990875,0,1,2.560625
1244,23,96,1,0,16.7969,19.2188,15.0391,20.9844,2.383625,2.329875,2.021625,1.991625,0,0,2.560625
1245,23,97,1,0,16.8594,19.2656,15.0312,20.9062,2.407875,2.348625,2.03425,1.974875,0,0,2.56075
1246,23,94,1,0,16.8906,19.2891,15.0938,21.0078,2.407875,2.3465,2.005,1.982375,0,0,2.559
1247,23,95,1,0,16.9297,19.3359,15.0781,20.9375,2.411625,2.348875,2.009125,1.9945,0,0,2.56075
1248,23,95,1,1,16.9375,19.2578,15.0859,21.0156,2.412875,2.330375,2.019125,1.98175,0,0,2.5595
1249,23,95,1,0,16.9062,19.3906,15.1953,21.0938,2.41825,2.341625,2.01375,1.993,0,0,2.560625
1250,23,97,1,0,16.9297,19.3203,15.1953,21.0,2.41825,2.327875,2.012,1.99475,0,0,2.560875
1251,23,97,1,0,16.9688,19.4297,15.2031,21.0781,2.407,2.327,2.03675,1.983875,0,0,2.56075
1252,23,95,1,0,16.9766,19.3359,15.2422,21.1328,2.41575,2.347875,2.0355,1.983875,0,0,2.55925
1253,23,97,1,0,17.0078,19.4062,15.2578,21.1641,2.406875,2.348125,2.013375,1.987375,1,0,2.559
1254,23,96,1,0,17.0625,19.4375,15.2031,21.0938,2.403375,2.330625,2.023,1.997875,0,0,2.560625
1255,23,98,1,0,16.9922,19.4062,15.2656,21.2109,2.41375,2.35,2.01975,1.999125,0,0,2.55975
1256,23,98,1,1,17.0547,19.4609,15.2812,21.125,2.418125,2.34625,2.04625,2.00225,0,0,2.5595
1257,23,97,1,0,17.0547,19.4453,15.3359,21.2031,2.398375,2.340125,2.02825,2.003875,0,0,2.56025
1258,23,95,1,0,17.1641,19.5156,15.3047,21.1953,2.409125,2.34075,2.013375,1.985875,0,0,2.559875
1259,23,95,1,0,17.1719,19.5156,15.3203,21.2656,2.427125,2.3555,2.014125,2.0085,0,0,2.56075
1260,23,94,1,0,17.125,19.5547,15.3438,21.2812,2.4305,2.357625,2.014875,1.997625,0,0,2.5605
1261,23,98,1,0,17.1797,19.5938,15.3125,21.3281,2.417125,2.356,2.036375,2.006125,0,0,2.56025
1262,23,94,1,0,17.25,19.5625,15.4219,21.3438,2.4245,2.348875,2.023375,2.0105,0,0,2.559125
1263,23,95,1,0,17.1484,19.5547,15.4141,21.2578,2.433625,2.351625,2.025,2.012625,0,0,2.559875
1264,23,98,1,1,17.1719,19.6797,15.4375,21.3672,2.405875,2.34075,2.037625,1.9925,0,0,2.559625
1265,23,98,1,0,17.3125,19.6016,15.4922,21.2891,2.424,2.341125,2.049125,1.995625,0,0,2.5605
1266,23,95,1,0,17.2422,19.7266,15.4688,21.3203,2.4125,2.367125,2.024,2.004875,0,0,2.560375
1267,23,94,1,0,17.2578,19.6484,15.5469,21.4219,2.41675,2.3565,2.051375,2.014,0,0,2.5605
1268,23,97,1,0,17.3203,19.7578,15.5469,21.3672,2.413625,2.346,2.030625,1.998375,0,0,2.559
1269,23,95,1,0,17.2891,19.6875,15.5547,21.3906,2.43525,2.35075,2.028875,2.003125,0,1,2.561
1270,23,96,1,0,17.3359,19.7344,15.5391,21.4141,2.418375,2.37025,2.031875,2.00375,0,0,2.56
1271,23,95,1,0,17.4297,19.7891,15.5625,21.4766,2.419625,2.352875,2.043875,2.014875,0,0,2.561
1272,23,97,1,1,17.3438,19.8438,15.6172,21.5156,2.42125,2.369375,2.029125,2.0205,0,0,2.5605
1273,23,96,1,0,17.4531,19.7969,15.5859,21.5469,2.427,2.37525,2.056125,2.011375,0,0,2.56025
1274,23,95,1,0,17.4062,19.7734,15.5625,21.4844,2.4215,2.366375,2.028375,2.012,0,0,2.55925
1275,23,98,1,0,17.4219,19.8516,15.6016,21.5938,2.424625,2.360375,2.034875,2.018125,0,0,2.559
1276,23,95,1,0,17.4062,19.875,15.6953,21.5859,2.43675,2.36725,2.056875,2.017625,0,0,2.56
1277,23,96,1,0,17.4531,19.8516,15.6719,21.5625,2.43025,2.38,2.050125,2.0205,0,0,2.55925
1278,24,95,1,0,17.5234,19.875,15.6875,21.6406,2.439,2.377875,2.0415,2.01875,0,0,2.559375
1279,24,94,1,0,17.5703,19.9609,15.7734,21.6797,2.4395,2.370875,2.055125,2.015,0,0,2.559875
1280,24,95,1,1,17.5234,19.8984,15.7266,21.6328,2.447625,2.3595,2.064875,2.024125,0,0,2.560375
1281,24,94,1,0,17.6094,20.0,15.6953,21.6797,2.428125,2.38175,2.0665,2.016,1,0,2.559
1282,24,96,1,0,17.5469,20.0,15.7969,21.6172,2.453125,2.377875,2.037375,2.03,0,0,2.5595
1283,24,96,1,0,17.5391,20.0391,15.8203,21.6797,2.440125,2.37975,2.048,2.0135,0,0,2.559375
1284,24,97,1,0,17.6641,20.0234,15.7891,21.75,2.429625,2.37275,2.0415,2.018875,0,0,2.560625
1285,24,98,1,0,17.5938,19.9766,15.8984,21.7656,2.44275,2.382625,2.06625,2.014,0,0,2.56
1286,24,97,1,0,17.7109,20.0312,15.8359,21.7031,2.4565,2.386125,2.06975,2.029375,0,0,2.559375
1287,24,94,1,0,17.6562,20.0703,15.8516,21.8047,2.443875,2.385625,2.062375,2.029125,0,0,2.559875
1288,24,94,1,1,17.6953,20.0938,15.8438,21.8516,2.433,2.377375,2.05425,2.014875,0,0,2.560125
1289,24,97,1,0,17.7109,20.0938,15.8984,21.875,2.434375,2.39025,2.052125,2.03025,0,0,2.559125
1290,24,94,1,0,17.7734,20.0703,15.8828,21.8906,2.442375,2.38375,2.07725,2.025375,0,0,2.560625
1291,24,98,1,0,17.75,20.1797,15.9609,21.8516,2.447,2.376625,2.073875,2.0215,0,0,2.560125
1292,24,95,1,0,17.7891,20.1719,15.9453,21.8672,2.453375,2.38675,2.049125,2.034875,0,0,2.560375
1293,24,94,1,0,17.7344,20.2344,15.9453,21.8984,2.446375,2.396625,2.0795,2.018125,0,0,2.560875
1294,24,95,1,0,17.8594,20.25,15.9766,21.8672,2.44175,2.38175,2.047375,2.036125,0,0,2.560625
1295,24,98,1,0,17.7656,20.1875,16.0781,21.9062,2.45225,2.381375,2.07775,2.02125,0,0,2.55975
1296,24,94,1,1,17.8281,20.2969,16.0156,21.8828,2.442875,2.401125,2.052375,2.027875,0,0,2.5605
1297,24,97,1,0,17.8047,20.2656,16.1016,21.9844,2.47075,2.391875,2.058,2.043125,0,0,2.55925
1298,24,95,1,0,17.8516,20.25,16.0625,22.0234,2.46725,2.37975,2.082875,2.04275,0,0,2.560125
1299,24,95,1,0,17.8594,20.2578,16.0391,21.9375,2.451375,2.390125,2.060125,2.0235,0,0,2.559125
1300,24,95,1,0,17.9766,20.3672,16.0781,22.0312,2.46475,2.393875,2.070125,2.02375,0,0,2.561
1301,24,95,1,0,17.9297,20.3125,16.1172,21.9766,2.4735,2.3865,2.08525,2.038125,0,1,2.55925
1302,24,96,1,0,17.9453,20.3984,16.1094,22.0078,2.4665,2.386625,2.055625,2.026375,0,0,2.561
1303,24,94,1,0,17.9453,20.3281,16.2266,22.0547,2.477125,2.390625,2.07525,2.039,0,0,2.559
1304,24,96,1,1,18.0156,20.3984,16.1328,22.0469,2.473125,2.38275,2.086625,2.036125,1,0,2.559375
1305,24,97,1,0,18.0156,20.3672,16.2422,22.0938,2.47725,2.41125,2.091,2.045,0,0,2.559375
1306,24,94,1,0,18.0547,20.4766,16.2969,22.0703,2.464625,2.409875,2.069375,2.040375,0,0,2.56
1307,24,95,1,0,18.0781,20.5156,16.2188,22.125,2.453375,2.404125,2.0755,2.037,0,0,2.5595
1308,24,96,1,0,18.0469,20.4922,16.2422,22.1875,2.462375,2.411125,2.088625,2.046125,0,0,2.559875
1309,24,95,1,0,18.0312,20.4531,16.2266,22.2422,2.46675,2.41,2.079625,2.03125,0,0,2.559375
1310,24,94,1,0,18.0469,20.4688,16.3281,22.2344,2.479625,2.393125,2.081625,2.050875,0,0,2.5605
1311,24,95,1,0,18.1094,20.4844,16.2656,22.1875,2.477875,2.399625,2.077,2.03925,0,0,2.559125
1312,24,96,1,1,18.1641,20.5781,16.3125,22.2344,2.459,2.414375,2.075375,2.034125,0,0,2.5605
1313,24,97,1,0,18.1953,20.5469,16.3047,22.2578,2.479375,2.4005,2.067875,2.04525,0,0,2.559625
1314,24,94,1,0,18.2422,20.5312,16.3203,22.3047,2.475625,2.40625,2.06825,2.035375,0,0,2.560875
1315,24,94,1,0,18.2031,20.5625,16.4141,22.3047,2.483,2.41025,2.071125,2.054125,0,0,2.559875
1316,24,97,1,0,18.25,20.5703,16.4531,22.3516,2.473125,2.410625,2.069125,2.040375,0,0,2.56
1317,24,94,1,0,18.1953,20.6953,16.4922,22.375,2.48975,2.399375,2.070125,2.043625,0,0,2.559
1318,24,97,1,0,18.2734,20.6562,16.4531,22.3203,2.473,2.4215,2.07625,2.0605,0,0,2.5595
1319,24,98,1,0,18.3359,20.7266,16.4375,22.3359,2.468625,2.401125,2.092625,2.046125,0,0,2.5605
1320,24,98,1,1,18.2344,20.7344,16.5234,22.3906,2.48575,2.3985,2.074,2.051375,0,1,2.5595
1321,24,96,1,0,18.3125,20.7109,16.5156,22.4688,2.490125,2.403125,2.082125,2.062875,0,0,2.56075
1322,24,95,1,0,18.3438,20.7109,16.5938,22.3828,2.495875,2.41325,2.088375,2.055875,0,0,2.56075
1323,24,98,1,0,18.3359,20.7266,16.6094,22.4766,2.485125,2.407,2.071875,2.047375,0,0,2.559875
1324,24,98,1,0,18.4141,20.8281,16.6016,22.4453,2.46975,2.41475,2.1075,2.044,0,0,2.5605
1325,24,95,1,0,18.3438,20.8359,16.5547,22.4688,2.481,2.428625,2.104625,2.047375,0,0,2.559875
1326,24,96,1,0,18.4531,20.7969,16.5625,22.5156,2.48725,2.43275,2.09125,2.049875,0,0,2.559875
1327,24,97,1,0,18.3594,20.7969,16.6016,22.5156,2.491375,2.42475,2.07775,2.061125,0,0,2.560625
1328,24,94,1,1,18.4219,20.8438,16.6328,22.5078,2.501875,2.431125,2.092125,2.068375,0,0,2.559625
1329,24,98,1,0,18.5,20.8438,16.6719,22.6094,2.49975,2.41675,2.07825,2.055625,0,0,2.56025
1330,24,95,1,0,18.4688,20.9297,16.6953,22.5391,2.479375,2.432625,2.100125,2.05275,0,0,2.559125
1331,24,97,1,0,18.4531,20.9375,16.7578,22.6328,2.49675,2.430375,2.103875,2.0635,0,0,2.561
1332,25,98,1,0,18.4922,20.9531,16.7031,22.5859,2.483625,2.4365,2.088375,2.066875,0,0,2.560125
1333,25,94,1,0,18.5938,20.875,16.7969,22.6562,2.507875,2.41225,2.098875,2.052625,0,0,2.559
1334,25,95,1,0,18.5703,20.9141,16.7188,22.6797,2.50575,2.413,2.099125,2.057375,0,0,2.560625
1335,25,95,1,0,18.5234,20.9297,16.7422,22.6406,2.483875,2.43575,2.109375,2.06625,0,0,2.559125
1336,25,94,1,1,18.6484,21.0156,16.8047,22.7109,2.51075,2.437875,2.1165,2.059125,0,0,2.559375
1337,25,96,1,0,18.6172,21.0547,16.7656,22.7188,2.491875,2.41675,2.11275,2.060625,1,0,2.56075
1338,25,96,1,0,18.5781,21.0781,16.7969,22.6641,2.4945,2.4445,2.107,2.075875,0,0,2.559125
1339,25,98,1,0,18.6562,21.0625,16.8906,22.7344,2.5135,2.428375,2.086,2.07125,0,0,2.5595
1340,25,94,1,0,18.6172,21.1172,16.8516,22.7578,2.51275,2.44125,2.0955,2.071,0,0,2.5595
1341,25,96,1,0,18.6484,21.1172,16.8672,22.7188,2.51075,2.443375,2.089375,2.077125,0,0,2.559
1342,25,95,1,0,18.6953,21.0391,16.8672,22.75,2.493375,2.418875,2.085125,2.0745,0,0,2.560625
1343,25,98,1,0,18.6875,21.1719,16.8672,22.8047,2.503375,2.434875,2.12125,2.080875,0,0,2.560875
1344,25,98,1,1,18.7734,21.1016,16.9609,22.8438,2.502375,2.447875,2.10325,2.0735,0,0,2.55975
1345,25,94,1,0,18.7109,21.0938,16.8906,22.8203,2.500375,2.437125,2.10175,2.070875,0,0,2.5605
1346,25,94,1,0,18.7656,21.1719,17.0078,22.8672,2.501625,2.43125,2.08925,2.081,0,0,2.560625
1347,25,94,1,0,18.7891,21.2109,17.0078,22.9141,2.4995,2.425875,2.10725,2.076125,0,0,2.55975
1348,25,97,1,0,18.8125,21.2188,17.0156,22.9062,2.497125,2.4485,2.111625,2.074875,0,0,2.559375
1349,25,94,1,0,18.7734,21.2109,17.0547,22.9453,2.5235,2.44275,2.096,2.077,0,0,2.56
1350,25,96,1,0,18.8828,21.2812,17.0703,22.9219,2.500875,2.432625,2.101625,2.075125,0,0,2.559125
1351,25,96,1,0,18.8906,21.2969,17.0391,22.9531,2.49925,2.442,2.10675,2.073625,0,0,2.559875
1352,25,97,1,1,18.8438,21.2266,17.0703,23.0234,2.501625,2.44725,2.127125,2.077875,0,0,2.559875
1353,25,96,1,0,18.8828,21.2734,17.1328,22.9922,2.518125,2.441,2.0985,2.080875,0,1,2.559
1354,25,98,1,0,18.9766,21.25,17.125,23.0156,2.509625,2.45825,2.114875,2.073875,0,0,2.560375
1355,25,95,1,0,18.9922,21.3047,17.1875,22.9844,2.520125,2.430875,2.112,2.086875,0,0,2.560375
1356,25,97,1,0,19.0078,21.3359,17.0859,23.0,2.529,2.432875,2.1225,2.086125,1,0,2.5595
1357,25,94,1,0,18.9453,21.4062,17.1953,23.0469,2.525875,2.435125,2.13275,2.08775,0,0,2.55925
1358,25,95,1,0,18.9766,21.3672,17.2031,23.1328,2.5145,2.438625,2.125625,2.0735,0,0,2.560875
1359,25,97,1,0,19.0156,21.4531,17.2109,23.1406,2.508625,2.45675,2.111125,2.094125,0,0,2.559875
1360,25,95,1,1,19.0469,21.4141,17.2266,23.1641,2.51325,2.43925,2.124625,2.09475,0,0,2.561
1361,25,97,1,0,19.0312,21.4844,17.1953,23.1797,2.530375,2.4565,2.13475,2.08525,0,0,2.560875
1362,25,98,1,0,19.0781,21.4219,17.3125,23.125,2.51225,2.45475,2.11675,2.0765,0,0,2.56
1363,25,98,1,0,19.0234,21.4297,17.25,23.2266,2.506875,2.45575,2.115125,2.0875,0,0,2.560375
1364,25,94,1,0,19.1094,21.4844,17.3203,23.2031,2.53075,2.441,2.114375,2.098,0,0,2.561
1365,25,97,1,0,19.0859,21.4609,17.2812,23.2109,2.52825,2.46425,2.139875,2.096375,0,0,2.55975
1366,25,98,1,0,19.1875,21.4844,17.3828,23.2734,2.53175,2.452125,2.110875,2.093,0,0,2.561
1367,25,95,1,0,19.1406,21.5781,17.3828,23.2656,2.525625,2.469125,2.129125,2.0865,0,0,2.55925
1368,25,96,1,1,19.1094,21.5703,17.375,23.3203,2.526125,2.449125,2.121,2.0945,0,0,2.559375
1369,25,97,1,0,19.1172,21.5781,17.3984,23.2734,2.517125,2.4535,2.107,2.091,0,0,2.559625
1370,25,94,1,0,19.2109,21.6094,17.4609,23.2891,2.532875,2.46275,2.144625,2.089875,0,0,2.561
1371,25,95,1,0,19.1953,21.6016,17.4609,23.2969,2.525,2.460875,2.126875,2.088625,0,0,2.5605
1372,25,98,1,0,19.1797,21.6641,17.3906,23.3359,2.52825,2.457625,2.12275,2.096375,0,0,2.559625
1373,25,96,1,0,19.2109,21.6484,17.4531,23.3281,2.51625,2.453625,2.1145,2.096125,0,0,2.55975
1374,25,95,1,0,19.2188,21.6953,17.5078,23.3203,2.54325,2.476375,2.1405,2.089625,0,0,2.5605
1375,25,95,1,0,19.3125,21.7266,17.5234,23.3281,2.545375,2.476375,2.114875,2.087,0,0,2.560875
1376,25,97,1,1,19.3203,21.7188,17.5156,23.4531,2.520375,2.463,2.132125,2.097125,0,0,2.560875
1377,25,97,1,0,19.2734,21.6875,17.4766,23.4297,2.542875,2.4795,2.13525,2.095375,0,0,2.55975
1378,25,95,1,0,19.2891,21.7812,17.5469,23.4609,2.532625,2.475375,2.123875,2.108,0,0,2.560125
1379,25,95,1,0,19.2969,21.7031,17.5469,23.4375,2.5355,2.469125,2.13675,2.0895,0,0,2.560625
1380,25,96,1,0,19.4062,21.7891,17.5938,23.4844,2.52275,2.45575,2.137625,2.105375,0,0,2.559875
1381,25,95,1,0,19.3828,21.75,17.5469,23.4531,2.52975,2.480125,2.14975,2.102125,0,0,2.561
1382,25,95,1,0,19.3438,21.7969,17.6562,23.4766,2.548375,2.464875,2.1225,2.095875,0,0,2.560875
1383,25,96,1,0,19.4453,21.8828,17.5781,23.5078,2.52875,2.474,2.1235,2.105625,0,0,2.5605
1384,25,98,1,1,19.3906,21.8906,17.6328,23.5547,2.555875,2.46075,2.13575,2.110375,0,0,2.559875
1385,25,96,1,0,19.4922,21.8359,17.6875,23.5469,2.529,2.468875,2.14075,2.114,0,0,2.560125
1386,25,95,1,0,19.4375,21.9375,17.6797,23.6172,2.536375,2.464125,2.13675,2.110375,0,0,2.56075
1387,25,98,1,0,19.5547,21.8828,17.7031,23.6172,2.554125,2.4625,2.152875,2.115625,0,0,2.559875
1388,26,96,1,0,19.4609,21.9688,17.6719,23.5625,2.5555,2.477125,2.12325,2.11425,0,0,2.5595
1389,26,98,1,0,19.4922,21.9688,17.7656,23.5781,2.555375,2.473125,2.123,2.11175,0,0,2.559
1390,26,98,1,0,19.5156,21.9375,17.7891,23.6953,2.543625,2.463125,2.153375,2.117625,0,0,2.560875
1391,26,94,1,0,19.5938,21.9844,17.8125,23.625,2.551375,2.468,2.147,2.108125,0,0,2.560125
1392,26,95,1,1,19.6328,21.9609,17.75,23.6484,2.54075,2.48425,2.14225,2.1055,0,1,2.56075
1393,26,98,1,0,19.5469,22.0,17.8281,23.6562,2.55925,2.4925,2.130375,2.101875,0,0,2.559125
1394,26,94,1,0,19.5938,21.9922,17.8438,23.7109,2.543625,2.494875,2.140875,2.0985,0,0,2.560625
1395,26,98,1,0,19.5703,22.0312,17.8047,23.75,2.541375,2.490125,2.15275,2.10825,0,0,2.559625
1396,26,96,1,0,19.6484,22.1016,17.8281,23.7812,2.540125,2.494125,2.13475,2.103625,0,0,2.560125
1397,26,94,1,0,19.6094,22.0547,17.8984,23.7891,2.565,2.484875,2.14675,2.114375,1,0,2.560625
1398,26,98,1,0,19.6719,22.0703,17.8438,23.7734,2.55925,2.4865,2.135625,2.108625,0,0,2.559875
1399,26,95,1,0,19.7031,22.1094,17.9297,23.8594,2.544875,2.483,2.155625,2.11625,0,0,2.559375
1400,26,97,1,1,19.7734,22.1562,17.9688,23.7578,2.57,2.4795,2.160375,2.118875,0,0,2.55925
1401,26,94,1,0,19.7656,22.1641,17.875,23.8203,2.5595,2.475625,2.160375,2.115875,0,0,2.5605
1402,26,94,1,0,19.7734,22.1406,17.9141,23.9141,2.549125,2.48875,2.16375,2.111375,0,0,2.559875
1403,26,96,1,0,19.8203,22.1797,18.0078,23.8203,2.555875,2.476375,2.14175,2.121375,0,0,2.560125
1404,26,95,1,0,19.7344,22.2422,17.9453,23.9375,2.543625,2.499,2.142125,2.118875,0,0,2.56025
1405,26,98,1,0,19.8047,22.1406,18.0156,23.9531,2.550625,2.49525,2.157625,2.1185,0,0,2.5595
1406,26,98,1,0,19.8203,22.2188,18.0312,23.9688,2.5625,2.476,2.134625,2.129125,0,0,2.560875
1407,26,95,1,0,19.875,22.2188,18.0859,23.9766,2.56575,2.490125,2.13625,2.116375,0,0,2.560625
1408,26,96,1,1,19.8594,22.2734,18.0703,23.9062,2.5675,2.492375,2.15625,2.130625,0,0,2.56
1409,26,96,1,0,19.8594,22.2969,18.0781,23.9531,2.57025,2.50775,2.149,2.124125,0,0,2.559625
1410,26,97,1,0,19.9375,22.25,18.0547,23.9453,2.572,2.50575,2.1735,2.117625,0,0,2.560625
1411,26,95,1,0,19.9531,22.3516,18.0547,24.0547,2.57125,2.505125,2.145625,2.11375,0,0,2.560125
1412,26,94,1,0,19.9297,22.3203,18.1484,24.0312,2.554375,2.50075,2.1485,2.118125,0,0,2.55925
1413,26,96,1,0,19.9688,22.3906,18.0859,23.9844,2.558375,2.486875,2.167625,2.124875,0,0,2.559375
1414,26,95,1,0,19.9219,22.3828,18.1016,24.1172,2.575125,2.511375,2.16075,2.13275,0,0,2.559875
1415,26,94,1,0,20.0078,22.3984,18.2266,24.0938,2.58025,2.5065,2.14175,2.11375,1,0,2.56075
1416,26,97,1,1,19.9375,22.3984,18.2188,24.125,2.56725,2.492125,2.175625,2.1295,0,0,2.56075
1417,26,98,1,0,20.0625,22.3438,18.2656,24.0703,2.567125,2.5065,2.162875,2.13525,0,0,2.559625
1418,26,97,1,0,20.0078,22.4609,18.2109,24.1797,2.581875,2.514375,2.14575,2.135625,0,0,2.56075
1419,26,94,1,0,20.0078,22.3906,18.2891,24.1953,2.58475,2.50875,2.180125,2.126875,0,0,2.559
1420,26,98,1,0,20.0234,22.4453,18.2266,24.1641,2.557625,2.49475,2.144375,2.125875,0,1,2.560375
1421,26,97,1,0,20.0312,22.5,18.2344,24.1328,2.568125,2.501875,2.17825,2.119875,0,0,2.559625
1422,26,98,1,0,20.0469,22.5391,18.2344,24.2188,2.565375,2.489,2.178125,2.12725,0,0,2.559375
1423,26,97,1,0,20.1406,22.4609,18.3438,24.1953,2.565125,2.49875,2.15675,2.11925,0,0,2.560125
1424,26,95,1,1,20.1797,22.4609,18.3594,24.2188,2.573375,2.50825,2.184,2.128125,0,0,2.5595
1425,26,98,1,0,20.1797,22.5,18.3672,24.1875,2.588,2.510625,2.179875,2.1275,0,0,2.559125
1426,26,98,1,0,20.125,22.5938,18.3203,24.25,2.59,2.5015,2.164625,2.131875,0,0,2.559375
1427,26,94,1,0,20.2109,22.5703,18.3906,24.3281,2.585,2.522125,2.16175,2.132125,0,0,2.55925
1428,26,97,1,0,20.1797,22.625,18.3984,24.3438,2.581125,2.517875,2.18625,2.13625,0,0,2.561
1429,26,94,1,0,20.2344,22.6641,18.4453,24.3047,2.591625,2.5045,2.178375,2.14475,0,0,2.560625
1430,26,97,1,0,20.2422,22.5625,18.3984,24.3672,2.5885,2.5115,2.172,2.14525,0,0,2.559
1431,26,95,1,0,20.2969,22.6953,18.4844,24.2734,2.57625,2.49925,2.18575,2.12925,0,0,2.559125
1432,26,94,1,1,20.3047,22.7109,18.4141,24.3906,2.59425,2.513,2.163,2.135625,0,0,2.559375
1433,26,95,1,0,20.25,22.6797,18.5156,24.3984,2.597375,2.503625,2.190375,2.143125,0,0,2.5595
1434,26,95,1,0,20.3281,22.625,18.4922,24.3828,2.569875,2.524,2.172875,2.133875,0,0,2.559875
1435,26,96,1,0,20.2812,22.6719,18.4609,24.3984,2.587375,2.518875,2.187,2.141625,0,0,2.5605
1436,26,97,1,0,20.3594,22.7188,18.5,24.3672,2.587125,2.51675,2.17775,2.13875,0,0,2.5605
1437,26,94,1,0,20.3516,22.7812,18.5859,24.4766,2.57425,2.522,2.1695,2.14625,0,0,2.559375
1438,26,97,1,0,20.3516,22.7891,18.5391,24.3984,2.57825,2.516,2.18775,2.14525,0,0,2.559125
1439,26,94,1,0,20.3047,22.7578,18.5703,24.4766,2.58975,2.512125,2.18875,2.1295,0,0,2.560875
1440,26,98,1,1,20.3906,22.7812,18.5938,24.5312,2.59425,2.511375,2.163125,2.134,0,0,2.56075
1441,26,98,1,0,20.3828,22.7969,18.6094,24.5312,2.5795,2.508375,2.174375,2.148875,0,0,2.56
1442,26,98,1,0,20.3594,22.7578,18.6719,24.4766,2.5925,2.517125,2.18375,2.1335,0,0,2.560875
1443,26,94,1,0,20.3984,22.8906,18.6328,24.5938,2.6035,2.524125,2.164,2.154125,0,0,2.559375
1444,26,97,1,0,20.4688,22.8047,18.5859,24.5859,2.588625,2.52125,2.176375,2.13775,0,0,2.560125
1445,26,98,1,0,20.5156,22.8438,18.7109,24.5078,2.603375,2.52825,2.167125,2.149375,0,0,2.55975
1446,26,94,1,0,20.4688,22.9219,18.6641,24.5391,2.601375,2.532125,2.166125,2.14325,0,0,2.559
1447,26,95,1,0,20.4688,22.9375,18.6641,24.625,2.60475,2.515375,2.17525,2.147125,0,0,2.56075
1448,27,98,1,1,20.4844,22.8828,18.6641,24.6094,2.586875,2.52975,2.174625,2.156625,1,0,2.56
1449,27,94,1,0,20.5156,22.9688,18.6719,24.6797,2.606125,2.52025,2.174625,2.1415,0,0,2.56075
1450,27,98,1,0,20.4922,22.9531,18.7734,24.625,2.5885,2.514,2.184375,2.137125,0,1,2.55975
1451,27,98,1,0,20.5625,22.9375,18.75,24.6172,2.58925,2.512,2.20025,2.144375,0,0,2.55925
1452,27,96,1,0,20.5938,22.9766,18.7266,24.7266,2.5875,2.54,2.19375,2.139125,0,0,2.55925
1453,27,96,1,0,20.5938,22.9453,18.7344,24.6562,2.59925,2.523125,2.18375,2.1485,0,0,2.5595
1454,27,95,1,0,20.6562,23.0156,18.7969,24.7266,2.59175,2.528375,2.1955,2.14525,0,0,2.5605
1455,27,98,1,0,20.5859,22.9609,18.875,24.7109,2.598,2.53925,2.20175,2.160875,0,0,2.559375
1456,27,94,1,1,20.6328,23.0391,18.8516,24.7188,2.586125,2.51525,2.18675,2.149625,0,0,2.5605
1457,27,95,1,0,20.6953,23.0078,18.8828,24.7734,2.605,2.5305,2.201,2.156625,0,0,2.559625
1458,27,96,1,0,20.6719,23.0312,18.8125,24.7109,2.61375,2.5445,2.2045,2.1525,0,0,2.55975
1459,27,94,1,0,20.6875,23.0703,18.9062,24.8359,2.611375,2.521375,2.193375,2.150625,0,0,2.559125
1460,27,98,1,0,20.7344,23.0859,18.9609,24.8125,2.603875,2.5375,2.190875,2.158125,0,0,2.56
1461,27,98,1,0,20.6797,23.1172,18.9609,24.8125,2.606375,2.524875,2.189875,2.162375,0,0,2.559875
1462,27,97,1,0,20.7734,23.125,18.9531,24.8125,2.597625,2.53125,2.205875,2.1655,0,0,2.560875
1463,27,98,1,0,20.8047,23.1953,19.0078,24.8047,2.5915,2.542125,2.204375,2.1505,0,0,2.5605
1464,27,98,1,1,20.7656,23.2188,19.0,24.8672,2.598125,2.5435,2.191,2.15025,0,0,2.560125
1465,27,98,1,0,20.8203,23.2422,18.9219,24.8594,2.605625,2.5465,2.205125,2.162125,0,0,2.559875
1466,27,94,1,0,20.7891,23.25,18.9688,24.9062,2.618,2.5505,2.200125,2.162125,0,0,2.5605
1467,27,95,1,0,20.8359,23.2031,18.9844,24.8906,2.61875,2.545125,2.1815,2.155875,0,0,2.560875
1468,27,95,1,0,20.7812,23.2812,19.0078,24.9688,2.604375,2.534875,2.2055,2.161875,0,0,2.56
1469,27,98,1,0,20.8594,23.2344,19.0781,24.9375,2.59625,2.543625,2.211125,2.17,0,0,2.56075
1470,27,97,1,0,20.8047,23.2031,19.0781,25.0,2.6015,2.526625,2.21025,2.149375,0,0,2.560875
1471,27,95,1,0,20.8359,23.3047,19.0781,24.9844,2.62675,2.544625,2.18425,2.15,0,0,2.559
1472,27,98,1,1,20.9141,23.3438,19.0625,24.9922,2.622,2.54875,2.210375,2.16525,0,0,2.559
1473,27,96,1,0,20.9375,23.3359,19.1172,24.9453,2.61625,2.54425,2.185875,2.151625,0,0,2.560125
1474,27,97,1,0,20.9375,23.3125,19.0625,25.0234,2.607625,2.53225,2.212625,2.15575,0,0,2.560875
1475,27,95,1,0,20.9375,23.3594,19.1719,24.9766,2.608,2.543875,2.1915,2.162625,0,1,2.559375
1476,27,97,1,0,21.0156,23.3984,19.1328,25.0234,2.62425,2.530125,2.187375,2.171625,0,0,2.56075
1477,27,97,1,0,21.0234,23.3125,19.1797,25.1328,2.628125,2.53625,2.182625,2.156875,0,0,2.559
1478,27,94,1,0,20.9844,23.3672,19.2188,25.0469,2.61775,2.539375,2.218125,2.157875,0,0,2.56025
1479,27,97,1,0,21.0547,23.3594,19.2344,25.1016,2.60975,2.557875,2.19275,2.173875,0,0,2.56
1480,27,94,1,1,21.0234,23.4531,19.2656,25.1406,2.60375,2.557,2.197125,2.167875,0,0,2.56
1481,27,97,1,0,21.0859,23.3906,19.1719,25.1328,2.615875,2.561625,2.205375,2.175,0,0,2.56075
1482,27,97,1,0,21.0391,23.4297,19.2656,25.1641,2.61,2.54875,2.2055,2.16675,0,0,2.559
1483,27,98,1,0,21.0234,23.4531,19.3125,25.1328,2.60575,2.5515,2.2035,2.158125,0,0,2.560875
1484,27,96,1,0,21.1016,23.4922,19.2578,25.1562,2.622125,2.547625,2.203125,2.1575,0,0,2.559125
1485,27,97,1,0,21.0859,23.4609,19.25,25.1719,2.62025,2.545375,2.191,2.176375,0,0,2.559375
1486,27,98,1,0,21.1484,23.5312,19.3281,25.1797,2.621875,2.550375,2.2005,2.166125,0,0,2.560375
1487,27,94,1,0,21.1719,23.4609,19.3125,25.2734,2.610125,2.554,2.222375,2.166375,0,0,2.55925
1488,27,96,1,1,21.1172,23.5469,19.3906,25.1875,2.619375,2.556875,2.192625,2.164,1,0,2.55975
1489,27,96,1,0,21.1328,23.5156,19.375,25.1953,2.632,2.53925,2.195875,2.166375,0,0,2.559875
1490,27,94,1,0,21.1328,23.5312,19.3125,25.2891,2.631375,2.55775,2.190625,2.163125,0,0,2.559125
1491,27,97,1,0,21.2422,23.5625,19.3984,25.2734,2.635,2.555375,2.216875,2.16675,0,0,2.56
1492,27,98,1,0,21.1641,23.6094,19.3672,25.3125,2.61775,2.550625,2.21,2.179625,0,0,2.559625
1493,27,97,1,0,21.1641,23.5938,19.3984,25.3672,2.636,2.5695,2.21425,2.181875,0,0,2.55925
1494,27,94,1,0,21.2031,23.6484,19.4844,25.3125,2.633375,2.54175,2.2,2.168375,0,0,2.560875
1495,27,94,1,0,21.2891,23.7031,19.4531,25.2969,2.634,2.571875,2.22575,2.164125,0,0,2.560375
1496,27,94,1,1,21.2109,23.6406,19.5234,25.4141,2.642125,2.546,2.207625,2.175875,0,0,2.56025
1497,27,96,1,0,21.2266,23.6797,19.4766,25.3359,2.624125,2.559875,2.197875,2.168875,0,0,2.55925
1498,27,98,1,0,21.3203,23.6797,19.4297,25.3594,2.629875,2.555125,2.230875,2.17525,0,0,2.560375
1499,27,96,1,0,21.2734,23.6562,19.5,25.4453,2.6455,2.568375,2.221625,2.185,0,0,2.56025
1500,27,94,1,0,21.3594,23.7578,19.5547,25.4219,2.635875,2.5645,2.198875,2.174,0,0,2.56
1501,27,95,1,0,21.2891,23.7734,19.5781,25.3984,2.644125,2.55675,2.227,2.1885,0,0,2.559375
1502,27,98,1,0,21.3594,23.7734,19.5391,25.4922,2.6325,2.56675,2.209375,2.179,0,0,2.56075
1503,27,96,1,0,21.4141,23.7656,19.625,25.5234,2.63675,2.566,2.214625,2.1815,0,0,2.56
1504,27,97,1,1,21.375,23.75,19.5391,25.5234,2.648625,2.5765,2.222375,2.179,0,0,2.55975
1505,27,98,1,0,21.4141,23.8125,19.6094,25.5078,2.64725,2.549,2.206,2.179125,0,0,2.559625
1506,27,94,1,0,21.4531,23.8438,19.6094,25.5234,2.64725,2.56425,2.205125,2.18375,0,0,2.559875
1507,27,98,1,0,21.4375,23.8359,19.5781,25.5078,2.641625,2.55525,2.21525,2.176625,0,0,2.55925
1508,27,95,1,0,21.4219,23.7812,19.6094,25.5234,2.6265,2.57325,2.21425,2.1795,0,0,2.56075
1509,27,95,1,0,21.4922,23.8594,19.6484,25.5469,2.640375,2.562,2.21575,2.186,0,0,2.55925
1510,27,94,1,0,21.4922,23.9297,19.6484,25.5234,2.631375,2.56025,2.236125,2.193375,0,0,2.56025
1511,27,96,1,0,21.4688,23.8359,19.6484,25.5234,2.64325,2.577375,2.227375,2.194625,0,0,2.559
1512,28,97,1,1,21.5625,23.9375,19.6719,25.5703,2.639625,2.561125,2.230625,2.17975,0,0,2.560375
1513,28,96,1,0,21.4531,23.9219,19.7266,25.625,2.6295,2.5575,2.220875,2.185625,1,0,2.559
1514,28,96,1,0,21.4922,23.9688,19.6719,25.5781,2.629125,2.58125,2.23025,2.18225,0,1,2.559
1515,28,98,1,0,21.5781,23.9141,19.7344,25.625,2.643,2.576375,2.2055,2.181,0,0,2.560125
1516,28,98,1,0,21.5391,23.9297,19.7188,25.7109,2.629625,2.576625,2.21325,2.178625,0,0,2.56
1517,28,94,1,0,21.5469,23.9141,19.8359,25.6562,2.629375,2.578,2.22925,2.1935,0,0,2.55975
1518,28,97,1,0,21.5391,24.0312,19.8281,25.7266,2.657375,2.5635,2.228,2.18225,0,0,2.560625
1519,28,98,1,0,21.6328,23.9453,19.75,25.7266,2.643375,2.58575,2.242375,2.178,0,0,2.560875
1520,28,98,1,1,21.6172,24.0547,19.8203,25.7109,2.642625,2.578,2.229125,2.183375,0,0,2.560875
1521,28,94,1,0,21.6719,24.0625,19.8438,25.6953,2.64875,2.58425,2.231625,2.179375,0,0,2.560875
1522,28,95,1,0,21.6094,24.0469,19.9062,25.7969,2.635875,2.588625,2.24325,2.190375,0,0,2.56
1523,28,95,1,0,21.6641,24.125,19.8438,25.7109,2.638,2.576625,2.2075,2.18825,0,0,2.559625
1524,28,96,1,0,21.6328,24.0391,19.9219,25.7188,2.65925,2.563375,2.23525,2.18075,0,0,2.55925
1525,28,94,1,0,21.75,24.0938,19.8672,25.8125,2.658625,2.589,2.228125,2.198625,0,0,2.55925
1526,28,96,1,0,21.6953,24.1172,19.9609,25.7578,2.639875,2.5825,2.228125,2.1975,0,0,2.559875
1527,28,98,1,0,21.6797,24.1562,19.9453,25.7656,2.648875,2.586625,2.212375,2.191125,0,0,2.560875
1528,28,95,1,1,21.7031,24.1641,19.9531,25.8125,2.654,2.58425,2.22825,2.197625,0,0,2.56
1529,28,95,1,0,21.8047,24.1875,19.9609,25.7891,2.646625,2.56775,2.223625,2.18675,0,0,2.559
1530,28,96,1,0,21.75,24.1953,19.9844,25.8047,2.63875,2.5865,2.244875,2.18325,0,0,2.559
1531,28,96,1,0,21.7969,24.1641,19.9531,25.8359,2.657,2.57025,2.222875,2.19075,0,0,2.559125
1532,28,95,1,0,21.8125,24.1719,19.9844,25.8438,2.65575,2.579,2.22725,2.186625,0,0,2.55975
1533,28,94,1,0,21.7734,24.1719,19.9766,25.9141,2.640875,2.583125,2.24125,2.18675,0,0,2.559625
1534,28,94,1,0,21.7969,24.1562,19.9688,25.8984,2.668125,2.58975,2.240625,2.194,0,0,2.559125
1535,28,94,1,0,21.7734,24.1953,20.0,25.9141,2.663375,2.591375,2.22,2.1965,1,0,2.55975
1536,28,94,1,1,21.7891,24.2578,20.0078,25.9844,2.669125,2.57475,2.238375,2.18675,0,0,2.5605
1537,28,97,1,0,21.8203,24.2656,20.0312,25.9609,2.6595,2.587875,2.2375,2.190875,0,0,2.56
1538,28,96,1,0,21.8594,24.2344,20.1094,26.0234,2.65775,2.581125,2.24,2.201125,0,0,2.560375
1539,28,94,1,0,21.9141,24.2734,20.0781,26.0391,2.657625,2.578875,2.24825,2.188375,0,0,2.559875
1540,28,96,1,0,21.9062,24.2812,20.1172,26.0469,2.65475,2.596875,2.2175,2.1875,0,0,2.5605
1541,28,98,1,0,21.8828,24.2812,20.0703,26.0625,2.664875,2.5755,2.22025,2.193625,0,0,2.55925
1542,28,98,1,0,21.9609,24.3047,20.1719,26.0938,2.65275,2.5935,2.228875,2.19025,0,0,2.559125
1543,28,94,1,0,21.9375,24.3672,20.1641,26.0,2.664875,2.592,2.22175,2.210625,0,0,2.560375
1544,28,94,1,1,21.8984,24.375,20.2188,26.125,2.6695,2.583125,2.22725,2.205,0,0,2.55975
1545,28,95,1,0,21.9766,24.3125,20.1641,26.0938,2.67,2.583625,2.22975,2.21125,0,0,2.560375
1546,28,96,1,0,21.9688,24.3906,20.2188,26.1016,2.664125,2.581,2.229625,2.198875,0,0,2.560625
1547,28,97,1,0,22.0156,24.4219,20.1406,26.1562,2.659875,2.57525,2.225875,2.198875,0,0,2.560125
1548,28,97,1,0,21.9688,24.3672,20.2109,26.1641,2.6505,2.576375,2.253375,2.19225,0,0,2.561
1549,28,98,1,0,21.9844,24.3906,20.2109,26.125,2.655625,2.58125,2.223875,2.195875,0,0,2.5595
1550,28,97,1,0,22.0469,24.4219,20.2969,26.1562,2.656125,2.60475,2.257375,2.20175,0,0,2.560625
1551,28,96,1,0,22.0078,24.4297,20.2109,26.1406,2.67425,2.60325,2.241,2.202625,0,0,2.560375
1552,28,96,1,1,22.0312,24.4219,20.2656,26.1094,2.655875,2.590125,2.252625,2.212625,0,0,2.560125
1553,28,98,1,0,22.0703,24.4531,20.2344,26.1406,2.659625,2.581375,2.246125,2.200125,0,0,2.559
1554,28,94,1,0,22.0938,24.5078,20.2422,26.2109,2.654,2.593625,2.257625,2.19575,0,0,2.56025
1555,28,97,1,0,22.1719,24.5078,20.3516,26.2578,2.653,2.602,2.231875,2.206125,0,1,2.560375
1556,28,96,1,0,22.0859,24.5469,20.2891,26.2422,2.658,2.604375,2.229625,2.20675,0,0,2.56
1557,28,97,1,0,22.1641,24.5,20.2812,26.2422,2.654375,2.589375,2.253875,2.201,0,0,2.56075
1558,28,96,1,0,22.1172,24.5156,20.2969,26.2969,2.6615,2.610375,2.244625,2.2035,0,0,2.560125
1559,28,97,1,0,22.1328,24.5781,20.4297,26.2266,2.655,2.6005,2.254375,2.201125,0,0,2.55925
1560,28,98,1,1,22.2031,24.5703,20.4219,26.3125,2.677,2.597875,2.245375,2.20975,0,0,2.559625
1561,28,97,1,0,22.2109,24.5781,20.3438,26.2969,2.675625,2.59275,2.258875,2.2125,0,0,2.559125
1562,28,96,1,0,22.1484,24.5625,20.3594,26.2891,2.6715,2.594,2.24925,2.204625,0,0,2.560625
1563,28,97,1,0,22.2656,24.5625,20.3906,26.3672,2.685625,2.586125,2.23325,2.20025,0,0,2.559625
1564,28,94,1,0,22.2656,24.6016,20.375,26.2969,2.677625,2.594375,2.2505,2.21225,0,0,2.56
1565,28,97,1,0,22.25,24.6094,20.4531,26.375,2.66525,2.586375,2.233625,2.20675,0,0,2.56
1566,28,95,1,0,22.3125,24.7031,20.4688,26.3672,2.67925,2.588,2.23,2.2115,0,0,2.561
1567,28,95,1,0,22.3359,24.6172,20.4609,26.3594,2.671625,2.605125,2.25775,2.204375,0,0,2.560875
1568,28,96,1,1,22.2812,24.7422,20.5234,26.4141,2.668,2.59525,2.23775,2.219,0,0,2.56
1569,28,97,1,0,22.2734,24.7422,20.5547,26.4297,2.6855,2.591625,2.242,2.212,0,0,2.560375
1570,28,98,1,0,22.2656,24.6875,20.5469,26.4297,2.67475,2.610375,2.248375,2.223875,0,0,2.559375
1571,28,94,1,0,22.3594,24.7344,20.5938,26.4922,2.67075,2.589625,2.248875,2.2205,0,1,2.560125
1572,28,96,1,0,22.375,24.7891,20.5234,26.4531,2.669125,2.607375,2.269125,2.211375,1,0,2.560125
1573,28,94,1,0,22.3516,24.7031,20.6094,26.4688,2.6655,2.616625,2.248375,2.212875,0,0,2.5595
1574,28,96,1,0,22.4141,24.7109,20.6328,26.4531,2.67925,2.61125,2.2415,2.209,0,0,2.559125
1575,28,96,1,0,22.4453,24.8359,20.5547,26.4453,2.66875,2.6,2.23325,2.222125,0,0,2.559
1576,28,94,1,1,22.3828,24.7891,20.6484,26.5,2.693125,2.611,2.242375,2.213625,0,0,2.560375
1577,28,95,1,0,22.3906,24.75,20.5859,26.5312,2.68325,2.59125,2.253625,2.22025,0,0,2.56075
1578,28,96,1,0,22.3672,24.8203,20.6328,26.5078,2.669125,2.615625,2.264875,2.222375,0,0,2.56
1579,28,96,1,0,22.3984,24.8125,20.6484,26.6016,2.687125,2.615875,2.243875,2.2225,0,0,2.5605
1580,28,96,1,0,22.4297,24.8359,20.6641,26.5859,2.691625,2.593625,2.246,2.2095,0,0,2.56025
1581,28,97,1,0,22.4844,24.8125,20.6484,26.5234,2.681625,2.617875,2.266375,2.209125,0,0,2.55975
1582,28,98,1,0,22.4219,24.8984,20.6484,26.5703,2.68675,2.59725,2.245125,2.22,0,0,2.560625
1583,28,98,1,0,22.5,24.875,20.7422,26.5625,2.688375,2.613625,2.27125,2.22325,0,0,2.560125
1584,29,97,1,1,22.5391,24.9297,20.7578,26.5625,2.695875,2.610625,2.24925,2.213625,0,0,2.560375
1585,29,96,1,0,22.5078,24.9375,20.6875,26.6172,2.68625,2.61675,2.272625,2.215625,0,0,2.559125
1586,29,94,1,0,22.5859,24.9609,20.7812,26.6719,2.684,2.618,2.268375,2.227,0,0,2.559
1587,29,98,1,0,22.5469,24.9766,20.7656,26.7031,2.677375,2.613375,2.273875,2.221625,0,0,2.559125
1588,29,96,1,0,22.6016,25.0156,20.8203,26.625,2.6845,2.622625,2.243375,2.224125,0,0,2.559625
1589,29,98,1,0,22.5703,24.9531,20.8047,26.7031,2.695875,2.616875,2.262625,2.216125,0,0,2.56
1590,29,95,1,0,22.5781,24.9609,20.7422,26.7344,2.670875,2.603875,2.261625,2.2165,0,0,2.56
1591,29,95,1,0,22.5938,24.9844,20.7344,26.6797,2.68975,2.6045,2.245375,2.22825,0,0,2.559
1592,29,95,1,1,22.6484,25.0469,20.7734,26.7109,2.694875,2.614375,2.266375,2.2195,0,0,2.56
1593,29,98,1,0,22.6641,25.0469,20.7969,26.7109,2.68525,2.627875,2.26875,2.21275,0,0,2.560875
1594,29,94,1,0,22.6797,25.0156,20.875,26.75,2.68,2.616,2.250125,2.224125,0,0,2.560375
1595,29,96,1,0,22.6406,25.1016,20.8672,26.8125,2.678125,2.607125,2.265875,2.231375,0,1,2.560125
1596,29,94,1,0,22.6406,25.0,20.9219,26.8125,2.681875,2.616375,2.254125,2.234875,0,0,2.559
1597,29,96,1,0,22.6562,25.0156,20.8281,26.7188,2.69,2.603375,2.2555,2.228625,0,0,2.560625
1598,29,95,1,0,22.6562,25.1094,20.8281,26.8047,2.689,2.617875,2.265,2.21875,0,0,2.560375
1599,29,95,1,0,22.6406,25.1406,20.9609,26.7734,2.68575,2.626625,2.2635,2.23475,0,0,2.560375
1600,29,96,1,1,22.6953,25.0547,20.8672,26.875,2.692875,2.60525,2.258875,2.218625,0,0,2.560375
1601,29,94,1,0,22.6953,25.1328,20.8828,26.7656,2.68875,2.610625,2.27775,2.227625,0,0,2.560375
1602,29,96,1,0,22.6797,25.0781,21.0,26.8828,2.702375,2.61225,2.256625,2.231875,0,0,2.56
1603,29,94,1,0,22.7031,25.1016,20.9141,26.8047,2.701375,2.60575,2.250375,2.21575,1,0,2.559125
1604,29,97,1,0,22.7656,25.1328,20.9219,26.9062,2.700125,2.627,2.257875,2.23475,0,0,2.56
1605,29,96,1,0,22.75,25.1875,20.9844,26.8594,2.698625,2.626375,2.276,2.23775,0,0,2.559375
1606,29,96,1,0,22.8438,25.25,20.9766,26.8672,2.687625,2.617125,2.247125,2.219125,0,0,2.559625
1607,29,94,1,0,22.8359,25.2109,20.9609,26.9531,2.690875,2.61825,2.28175,2.23875,0,0,2.56025
1608,29,96,1,1,22.7656,25.2422,21.0625,26.9453,2.681875,2.611,2.24925,2.223125,0,0,2.560375
1609,29,94,1,0,22.7812,25.2266,21.0547,26.9375,2.70825,2.61925,2.278125,2.22875,0,0,2.5605
1610,29,96,1,0,22.7969,25.2812,20.9844,26.9219,2.680625,2.62425,2.2615,2.236375,0,0,2.561
1611,29,98,1,0,22.8438,25.2812,21.0625,26.9453,2.68525,2.62175,2.276375,2.23775,0,0,2.559125
1612,29,94,1,0,22.9297,25.2734,21.0078,27.0078,2.6875,2.625375,2.2765,2.22675,0,0,2.561
1613,29,94,1,0,22.8281,25.2422,21.0547,27.0156,2.686125,2.635625,2.270125,2.231375,0,0,2.561
1614,29,96,1,0,22.9297,25.2578,21.1094,27.0312,2.702875,2.611375,2.253875,2.236125,0,0,2.559
1615,29,95,1,0,22.9531,25.2969,21.1562,26.9766,2.696125,2.63875,2.283375,2.229875,0,0,2.56075
1616,29,94,1,1,22.8594,25.2891,21.1641,27.0547,2.69575,2.635,2.271875,2.22425,0,0,2.559625
1617,29,96,1,0,22.9297,25.3281,21.1094,27.0781,2.68525,2.621125,2.255125,2.23425,0,0,2.559375
1618,29,96,1,0,22.9688,25.2969,21.1406,27.0625,2.6975,2.64025,2.279625,2.2265,0,0,2.5605
1619,29,98,1,0,23.0,25.2891,21.1406,27.1094,2.684875,2.639625,2.262875,2.238125,0,0,2.560125
1620,29,98,1,0,23.0234,25.3125,21.2031,27.0938,2.70125,2.633875,2.25475,2.223875,0,0,2.5605
1621,29,95,1,0,22.9609,25.3984,21.1562,27.0391,2.712125,2.621375,2.262375,2.228625,0,0,2.560875
1622,29,95,1,0,22.9531,25.3672,21.2188,27.0469,2.693125,2.63175,2.2685,2.235125,0,0,2.559
1623,29,98,1,0,23.0312,25.4297,21.2344,27.1484,2.707875,2.635875,2.253625,2.2395,1,0,2.55975
1624,29,96,1,1,23.0625,25.4453,21.1562,27.1406,2.714875,2.621875,2.27175,2.245,0,0,2.561
1625,29,98,1,0,23.0859,25.3828,21.2266,27.1797,2.68825,2.6415,2.279875,2.2345,0,0,2.559375
1626,29,94,1,0,23.0859,25.4297,21.25,27.1328,2.697625,2.619875,2.2875,2.236375,0,0,2.560125
1627,29,96,1,0,23.1016,25.5,21.25,27.1484,2.705375,2.634875,2.27,2.2315,0,0,2.55925
1628,29,95,1,0,23.0312,25.5,21.25,27.2031,2.70775,2.6235,2.2825,2.234125,0,0,2.559
1629,29,95,1,0,23.0156,25.4531,21.3359,27.1484,2.711,2.624125,2.271375,2.242,0,0,2.559625
1630,29,98,1,0,23.1172,25.4766,21.3047,27.1484,2.71675,2.620875,2.27225,2.2395,0,0,2.56025
1631,29,98,1,0,23.0703,25.4375,21.3281,27.1406,2.692125,2.64475,2.26525,2.233375,0,0,2.5605
1632,29,98,1,1,23.0625,25.4922,21.375,27.1953,2.697,2.64375,2.26875,2.230375,0,0,2.560875
1633,29,95,1,0,23.125,25.5859,21.2656,27.1953,2.70525,2.64625,2.265,2.249375,0,0,2.5595
1634,29,98,1,0,23.1328,25.5547,21.2891,27.2422,2.6945,2.637875,2.285625,2.242,0,0,2.560125
1635,29,98,1,0,23.1797,25.5078,21.3984,27.2344,2.71875,2.628375,2.2685,2.246875,0,1,2.559125
1636,29,97,1,0,23.1328,25.6172,21.3594,27.3203,2.721375,2.6275,2.291625,2.230875,0,0,2.560875
1637,29,97,1,0,23.2031,25.5938,21.3828,27.2188,2.705375,2.64175,2.282,2.24025,0,0,2.560875
1638,29,96,1,0,23.125,25.6406,21.4141,27.2812,2.71625,2.63225,2.265,2.2415,0,0,2.559875
1639,29,96,1,0,23.1641,25.5938,21.4141,27.3359,2.6995,2.63925,2.279125,2.25,0,0,2.559875
1640,29,96,1,1,23.1562,25.6641,21.4688,27.2891,2.7075,2.6365,2.27675,2.248,0,0,2.560125
1641,29,98,1,0,23.1562,25.6172,21.3828,27.2891,2.70425,2.63675,2.282875,2.23625,0,0,2.55975
1642,29,97,1,0,23.1719,25.5938,21.375,27.3125,2.717125,2.62325,2.296875,2.243625,0,0,2.559
1643,29,97,1,0,23.2031,25.6016,21.4766,27.3203,2.709375,2.63375,2.28975,2.231125,0,0,2.559375
1644,29,97,1,0,23.2734,25.6953,21.5156,27.3672,2.7055,2.638375,2.261125,2.253,0,0,2.561
1645,29,97,1,0,23.2031,25.6484,21.4844,27.3438,2.717125,2.62225,2.283875,2.245125,0,0,2.56
1646,29,95,1,0,23.2969,25.6875,21.5312,27.4062,2.7165,2.637,2.293,2.24375,0,0,2.56025
1647,29,97,1,0,23.2266,25.6328,21.4688,27.4297,2.69775,2.648875,2.266625,2.237375,0,0,2.559375
1648,29,98,1,1,23.2422,25.7031,21.5625,27.3906,2.72575,2.643,2.2715,2.238,0,0,2.559
1649,29,96,1,0,23.3203,25.6953,21.5156,27.3672,2.721625,2.635125,2.261875,2.2435,0,0,2.560125
1650,29,95,1,0,23.3047,25.7422,21.5156,27.4844,2.705625,2.65225,2.29275,2.243,0,1,2.559375
1651,29,98,1,0,23.2969,25.7031,21.5469,27.375,2.69775,2.6485,2.299125,2.239875,0,0,2.560375
1652,29,95,1,0,23.3359,25.8047,21.5312,27.4062,2.704625,2.624125,2.2845,2.24975,0,0,2.56075
1653,29,95,1,0,23.4062,25.75,21.5234,27.4922,2.72775,2.636,2.286625,2.24175,0,0,2.559
1654,29,95,1,0,23.4297,25.7734,21.6094,27.5312,2.72875,2.649875,2.293,2.248875,0,0,2.561
1655,29,96,1,0,23.3203,25.7891,21.6328,27.4531,2.70325,2.626375,2.267,2.2435,0,0,2.56025
1656,29,96,1,1,23.3516,25.7734,21.5312,27.5547,2.712875,2.650875,2.28225,2.236375,0,0,2.561
1657,29,94,1,0,23.4141,25.8047,21.5859,27.4688,2.717125,2.637875,2.273375,2.247,0,0,2.560625
1658,29,96,1,0,23.4297,25.8203,21.6641,27.5156,2.719875,2.62925,2.281125,2.2555,0,0,2.56075
1659,29,98,1,0,23.4688,25.7812,21.6797,27.5859,2.723625,2.6515,2.296,2.2525,0,0,2.560625
1660,29,96,1,0,23.4297,25.8438,21.6641,27.5469,2.7215,2.65525,2.28175,2.252875,0,0,2.56075
1661,29,94,1,0,23.4609,25.8984,21.6641,27.6094,2.729,2.655125,2.286,2.241375,0,0,2.56025
1662,29,97,1,0,23.4453,25.9141,21.7031,27.5547,2.710125,2.6465,2.27825,2.257875,0,0,2.559625
1663,29,98,1,0,23.5156,25.9219,21.6641,27.5547,2.703,2.646625,2.270375,2.24725,0,0,2.56025
1664,29,98,1,1,23.4531,25.875,21.7422,27.5391,2.7245,2.636375,2.27025,2.23725,0,0,2.560375
1665,29,94,1,0,23.5,25.8359,21.7578,27.625,2.73125,2.64125,2.2955,2.253,0,0,2.560875
1666,30,94,1,0,23.5156,25.8594,21.7344,27.6406,2.731625,2.6295,2.292125,2.24925,0,0,2.55975
1667,30,95,1,0,23.5703,25.9219,21.6562,27.5859,2.721625,2.6535,2.298,2.26,0,0,2.5605
1668,30,96,1,0,23.5625,25.9531,21.7031,27.6406,2.717625,2.65225,2.2855,2.2535,0,0,2.559875
1669,30,97,1,0,23.4922,25.8906,21.7891,27.7031,2.70925,2.635625,2.289875,2.2465,0,0,2.56075
1670,30,98,1,0,23.5625,25.9062,21.7344,27.6094,2.732,2.6425,2.293125,2.249625,0,0,2.55975
1671,30,96,1,0,23.5625,25.9453,21.7031,27.6172,2.71125,2.649875,2.286875,2.25325,1,0,2.5595
1672,30,96,1,1,23.6328,26.0156,21.8281,27.6562,2.734625,2.651375,2.297125,2.25625,0,0,2.560375
1673,30,94,1,0,23.5938,25.9531,21.8281,27.6562,2.735625,2.649875,2.3,2.2395,0,0,2.56075
1674,30,98,1,0,23.6562,25.9844,21.7656,27.7109,2.730125,2.651625,2.29225,2.25025,0,0,2.559875
1675,30,95,1,0,23.625,25.9609,21.8203,27.6719,2.727,2.64875,2.29875,2.24325,0,0,2.560625
1676,30,96,1,0,23.6016,26.0625,21.8281,27.7188,2.721625,2.65325,2.2845,2.256125,0,0,2.560375
1677,30,98,1,0,23.6328,26.0391,21.7969,27.7109,2.717125,2.63525,2.305,2.24125,0,0,2.559625
1678,30,97,1,0,23.6016,25.9922,21.8281,27.7344,2.716125,2.644,2.281625,2.244875,0,0,2.559375
1679,30,97,1,0,23.6562,26.0703,21.875,27.7031,2.71375,2.656125,2.2985,2.253375,0,0,2.560125
1680,30,98,1,1,23.6016,26.1016,21.8359,27.7109,2.71425,2.652625,2.295625,2.256,0,0,2.559875
1681,30,97,1,0,23.6953,26.0312,21.9375,27.7422,2.7175,2.634625,2.27725,2.24475,0,0,2.559
1682,30,98,1,0,23.7266,26.1172,21.8359,27.8047,2.7185,2.64025,2.290875,2.26075,0,0,2.560875
1683,30,95,1,0,23.6328,26.1328,21.9141,27.8359,2.713625,2.656125,2.276,2.263625,0,0,2.559125
1684,30,94,1,0,23.7656,26.0469,21.9141,27.75,2.73775,2.639625,2.302125,2.264,1,0,2.561
1685,30,94,1,0,23.6797,26.0703,21.9141,27.8359,2.71625,2.659625,2.280375,2.248375,0,0,2.56075
1686,30,95,1,0,23.75,26.0703,21.9922,27.8672,2.726125,2.662625,2.309125,2.262125,0,0,2.56025
1687,30,95,1,0,23.7266,26.2031,21.9297,27.8984,2.731625,2.640875,2.276375,2.247125,0,0,2.560875
1688,30,98,1,1,23.7422,26.0938,22.0,27.8281,2.7405,2.650875,2.276875,2.260875,0,0,2.56
1689,30,98,1,0,23.7109,26.1016,22.0078,27.8672,2.729375,2.662375,2.305,2.244625,0,0,2.5595
1690,30,96,1,0,23.75,26.2109,21.9219,27.8125,2.7305,2.64975,2.294,2.262125,0,0,2.559375
1691,30,94,1,0,23.7422,26.1797,21.9531,27.8828,2.7115,2.637875,2.28025,2.2595,0,0,2.55925
1692,30,95,1,0,23.75,26.1797,22.0312,27.9297,2.71175,2.640375,2.3055,2.265,0,0,2.55925
1693,30,95,1,0,23.8516,26.1719,21.9531,27.9531,2.736625,2.658875,2.30025,2.246375,0,0,2.55975
1694,30,95,1,0,23.8672,26.1875,21.9609,27.9141,2.726875,2.6575,2.310625,2.25375,0,0,2.559125
1695,30,97,1,0,23.8047,26.2578,22.0781,27.9609,2.713625,2.6645,2.279625,2.257375,0,0,2.560875
1696,30,98,1,1,23.7734,26.2812,21.9766,27.8984,2.7275,2.654625,2.293625,2.259875,0,0,2.56075
1697,30,98,1,0,23.8359,26.2188,22.0547,27.8984,2.7345,2.644,2.29025,2.267,0,0,2.56025
1698,30,97,1,0,23.8828,26.2578,22.1172,27.9844,2.737625,2.641625,2.291,2.24825,0,0,2.559125
1699,30,96,1,0,23.9062,26.2656,22.0156,27.9453,2.7295,2.64975,2.283125,2.26125,0,0,2.5605
1700,30,97,1,0,23.8672,26.2188,22.0469,27.9766,2.7395,2.653125,2.288375,2.256875,0,0,2.560375
1701,30,94,1,0,23.875,26.3047,22.1094,28.0,2.73775,2.661875,2.29325,2.26875,0,0,2.560375
1702,30,95,1,0,23.9062,26.2578,22.0469,28.0312,2.721,2.647875,2.27725,2.2625,0,0,2.559875
1703,30,96,1,0,23.8594,26.2891,22.0547,28.0312,2.72025,2.641125,2.279375,2.262,0,1,2.55975
1704,30,95,1,1,23.9062,26.3359,22.1094,28.0469,2.729375,2.656875,2.287625,2.2625,0,0,2.559375
1705,30,95,1,0,23.8906,26.3828,22.0703,28.0625,2.73375,2.655875,2.282125,2.270125,0,0,2.56075
1706,30,94,1,0,24.0,26.3828,22.1797,28.0312,2.71675,2.663875,2.307375,2.252125,0,0,2.560375
1707,30,97,1,0,23.9922,26.3359,22.1172,28.0703,2.736875,2.64175,2.282625,2.2625,0,0,2.560375
1708,30,97,1,0,24.0078,26.3125,22.1562,28.0625,2.735875,2.670375,2.30975,2.254375,0,0,2.5605
1709,30,94,1,0,23.9609,26.4297,22.1328,28.1094,2.730875,2.6495,2.30125,2.265875,0,0,2.5605
1710,30,94,1,0,24.0391,26.3203,22.1484,28.0938,2.742875,2.65525,2.314875,2.263125,0,0,2.561
1711,30,95,1,0,23.9766,26.3984,22.2109,28.0938,2.743875,2.650125,2.28475,2.2655,0,0,2.55925
1712,30,98,1,1,23.9844,26.3672,22.2344,28.1406,2.7195,2.644,2.308,2.264375,0,0,2.56075
1713,30,97,1,0,24.0625,26.3828,22.1484,28.1406,2.74,2.663125,2.29125,2.26625,0,0,2.559375
1714,30,94,1,0,24.0312,26.3906,22.2734,28.1641,2.742875,2.671625,2.304125,2.2645,0,0,2.560375
1715,30,95,1,0,24.0938,26.4141,22.2031,28.1875,2.723125,2.64625,2.282875,2.2515,0,0,2.5595
1716,30,95,1,0,24.0,26.4844,22.2109,28.1328,2.742875,2.652875,2.290125,2.2605,0,0,2.559
1717,30,94,1,0,24.0,26.4219,22.1875,28.0938,2.72575,2.671,2.316125,2.2505,0,0,2.560375
1718,30,95,1,0,24.0234,26.4922,22.2891,28.1797,2.742625,2.6455,2.29625,2.256375,0,0,2.560875
1719,30,98,1,0,24.1172,26.5234,22.2891,28.2109,2.74425,2.654,2.281,2.26325,0,0,2.55925
1720,30,98,1,1,24.1328,26.5078,22.3125,28.2422,2.734625,2.662375,2.289375,2.255,0,0,2.56025
1721,30,97,1,0,24.0312,26.4922,22.2578,28.1406,2.7285,2.66475,2.287875,2.26375,0,1,2.56
1722,30,96,1,0,24.1484,26.4688,22.2578,28.1797,2.722375,2.666125,2.296125,2.264125,0,0,2.55975
1723,30,96,1,0,24.0703,26.5312,22.3516,28.1875,2.749,2.65525,2.28575,2.266875,0,0,2.560875
1724,30,97,1,0,24.1641,26.5625,22.3203,28.2344,2.7295,2.652625,2.284875,2.2565,0,0,2.559875
1725,30,98,1,0,24.1875,26.4688,22.2812,28.1797,2.73525,2.671625,2.282875,2.261625,0,0,2.559875
1726,30,94,1,0,24.1172,26.4766,22.3828,28.2188,2.725375,2.671625,2.29775,2.266125,0,0,2.561
1727,30,95,1,0,24.1875,26.5625,22.3594,28.2891,2.743375,2.649,2.302625,2.264875,0,0,2.560875
1728,30,94,1,1,24.1875,26.5234,22.3594,28.2891,2.7305,2.654375,2.3085,2.252625,1,0,2.560375
1729,30,97,1,0,24.1328,26.5312,22.4062,28.2109,2.729875,2.65025,2.28575,2.261,0,0,2.5595
1730,30,94,1,0,24.1328,26.6172,22.4219,28.3359,2.743375,2.650375,2.30275,2.256625,0,0,2.561
1731,30,98,1,0,24.2109,26.5703,22.3359,28.2422,2.747125,2.648125,2.316125,2.27375,0,0,2.55975
1732,30,98,1,0,24.1484,26.6172,22.3594,28.25,2.75125,2.6735,2.313875,2.266,0,0,2.56
1733,30,97,1,0,24.2109,26.6719,22.4062,28.3359,2.740375,2.6495,2.314625,2.2575,0,0,2.56
1734,30,98,1,0,24.2578,26.6562,22.4297,28.3516,2.7405,2.655125,2.29825,2.270375,0,0,2.5605
1735,30,98,1,0,24.2656,26.5859,22.4766,28.2656,2.74625,2.651125,2.2865,2.256125,0,0,2.5605
1736,30,96,1,1,24.1875,26.5938,22.4453,28.2734,2.7305,2.670875,2.288875,2.272375,0,0,2.559375
1737,30,96,1,0,24.2344,26.6641,22.5,28.3438,2.7365,2.665625,2.293375,2.258,0,0,2.560125
1738,30,97,1,0,24.3125,26.6641,22.5156,28.3125,2.74675,2.675125,2.296375,2.264375,0,0,2.560375
1739,30,98,1,0,24.2578,26.6875,22.4922,28.4219,2.746375,2.67525,2.289875,2.254875,0,0,2.56025
1740,30,98,1,0,24.2812,26.6641,22.4844,28.3516,2.725875,2.672,2.31775,2.259,0,0,2.560625
1741,30,96,1,0,24.2578,26.7266,22.5312,28.3672,2.728375,2.673,2.31075,2.2705,0,0,2.5605
1742,30,96,1,0,24.2969,26.7344,22.5234,28.4062,2.7445,2.655125,2.29825,2.2685,0,0,2.559375
1743,30,95,1,0,24.2734,26.6562,22.4531,28.3594,2.743,2.674125,2.310875,2.2775,0,0,2.5605
1744,30,95,1,1,24.3594,26.6719,22.4531,28.4219,2.750375,2.652125,2.295375,2.255625,0,0,2.56
1745,30,95,1,0,24.3125,26.6719,22.4688,28.4609,2.7515,2.675375,2.28875,2.269625,0,0,2.56
1746,30,97,1,0,24.375,26.75,22.4922,28.4141,2.7505,2.66225,2.3095,2.26825,0,0,2.561
1747,30,94,1,0,24.2891,26.7344,22.5625,28.4141,2.75075,2.6655,2.303,2.264,0,0,2.55925
1748,30,98,1,0,24.3906,26.7969,22.5234,28.5078,2.729125,2.670375,2.311,2.274375,0,0,2.559875
1749,30,94,1,0,24.3125,26.8203,22.5078,28.4609,2.74175,2.668125,2.315875,2.272875,0,0,2.559125
1750,30,94,1,0,24.3672,26.7578,22.5391,28.4844,2.73775,2.6805,2.313,2.26975,0,0,2.559
1751,30,96,1,0,24.4062,26.7656,22.6094,28.4141,2.7425,2.661,2.289125,2.269,0,0,2.561
1752,30,94,1,1,24.3828,26.7656,22.6328,28.4766,2.741625,2.67875,2.318625,2.26675,0,0,2.559125
1753,30,95,1,0,24.3984,26.7656,22.5781,28.5234,2.755875,2.677,2.28825,2.2635,0,0,2.559375
1754,30,96,1,0,24.4531,26.7656,22.6328,28.4766,2.750125,2.674625,2.321875,2.259375,0,0,2.56025
1755,30,94,1,0,24.3672,26.8672,22.6016,28.4609,2.745375,2.68,2.324,2.268375,0,0,2.559125
1756,30,97,1,0,24.4062,26.7812,22.5625,28.5469,2.75525,2.6795,2.2975,2.267,0,0,2.560125
1757,30,97,1,0,24.4453,26.875,22.6094,28.5391,2.734875,2.680375,2.321875,2.27625,0,0,2.5605
1758,30,98,1,0,24.4375,26.8828,22.6797,28.5625,2.7385,2.67375,2.316625,2.279125,0,0,2.559625
1759,30,95,1,0,24.3906,26.8203,22.6406,28.5078,2.735625,2.678125,2.307625,2.279875,0,0,2.559875
1760,30,97,1,1,24.5156,26.8516,22.7109,28.6094,2.728,2.672875,2.295625,2.26225,0,0,2.560375
1761,30,95,1,0,24.4609,26.8594,22.6484,28.6094,2.7325,2.678125,2.29875,2.277875,0,0,2.5605
1762,30,97,1,0,24.4297,26.8281,22.6484,28.5703,2.737875,2.659,2.310625,2.266625,0,0,2.55925
1763,30,95,1,0,24.5156,26.8281,22.6641,28.5391,2.746375,2.66975,2.324375,2.279125,0,1,2.560375
1764,30,96,1,0,24.5156,26.9219,22.6719,28.5938,2.737375,2.670625,2.2985,2.269875,0,0,2.561
1765,31,97,1,0,24.4531,26.9453,22.6719,28.6172,2.758375,2.68175,2.30475,2.2755,0,0,2.55925
1766,31,98,1,0,24.4922,26.9453,22.7188,28.6641,2.75425,2.674625,2.3165,2.278125,0,0,2.559875
1767,31,96,1,0,24.5078,26.9219,22.6875,28.5625,2.733125,2.6815,2.2975,2.27275,1,0,2.56025
1768,31,95,1,1,24.5234,26.9922,22.7031,28.6797,2.733625,2.67225,2.2985,2.2795,0,0,2.5595
1769,31,95,1,0,24.5,27.0,22.6875,28.5859,2.730375,2.668375,2.3235,2.27725,0,0,2.56
1770,31,97,1,0,24.4844,26.9844,22.6953,28.625,2.730625,2.661875,2.322625,2.264875,0,0,2.56025
1771,31,95,1,0,24.4922,26.9688,22.7344,28.6328,2.73,2.666125,2.305875,2.2815,0,0,2.559375
1772,31,95,1,0,24.5078,27.0156,22.7734,28.6562,2.73575,2.672,2.315375,2.262,0,0,2.560625
1773,31,95,1,0,24.6328,26.9453,22.75,28.7344,2.743375,2.670375,2.3255,2.264,0,0,2.55925
1774,31,96,1,0,24.6406,26.9844,22.7812,28.7188,2.744875,2.67775,2.30875,2.27125,0,1,2.560625
1775,31,97,1,0,24.5781,27.0312,22.8281,28.7109,2.745625,2.65975,2.32225,2.274125,0,0,2.560625
1776,31,96,1,1,24.5781,27.0,22.7812,28.75,2.73775,2.66775,2.29975,2.272125,0,0,2.559125
1777,31,96,1,0,24.5703,26.9766,22.8281,28.6953,2.752375,2.663875,2.322125,2.278875,0,0,2.56
1778,31,96,1,0,24.6562,27.0234,22.7969,28.6641,2.75375,2.669625,2.31625,2.276625,0,0,2.559375
1779,31,98,1,0,24.5938,26.9766,22.8125,28.6641,2.737375,2.662375,2.313125,2.271625,0,0,2.559375
1780,31,95,1,0,24.6562,27.0234,22.8438,28.7109,2.748625,2.665875,2.299,2.271125,0,0,2.560375
1781,31,95,1,0,24.6328,27.0234,22.8906,28.7578,2.74925,2.677875,2.293875,2.276375,0,0,2.559625
1782,31,96,1,0,24.6719,27.0938,22.8672,28.7031,2.756625,2.685375,2.309125,2.27425,0,0,2.55975
1783,31,96,1,0,24.6719,27.0547,22.8516,28.7109,2.75225,2.658375,2.319625,2.27125,0,0,2.56075
1784,31,97,1,1,24.6875,27.0078,22.8984,28.7578,2.753875,2.657875,2.297375,2.27825,0,0,2.560375
1785,31,97,1,0,24.6562,27.0469,22.875,28.7344,2.74025,2.66775,2.309875,2.271875,0,0,2.560375
1786,31,96,1,0,24.625,27.1328,22.8438,28.8359,2.75925,2.68375,2.301625,2.274,0,0,2.560125
1787,31,97,1,0,24.7188,27.0625,22.9219,28.8438,2.75225,2.670375,2.318,2.2685,0,0,2.559125
1788,31,95,1,0,24.6797,27.0781,22.9531,28.7812,2.746125,2.679375,2.304375,2.2765,0,0,2.56025
1789,31,95,1,0,24.7266,27.1094,22.9297,28.7578,2.7405,2.669625,2.3155,2.2635,0,0,2.56075
1790,31,98,1,0,24.7266,27.1797,22.9688,28.7734,2.74,2.663375,2.300125,2.28325,0,0,2.561
1791,31,95,1,0,24.7812,27.0859,22.8906,28.8281,2.741875,2.663375,2.321375,2.2615,0,0,2.56
1792,31,95,1,1,24.7031,27.1953,22.9531,28.7734,2.739625,2.665125,2.313,2.283,0,0,2.560375
1793,31,95,1,0,24.7109,27.0781,22.9141,28.8281,2.75775,2.67575,2.311625,2.270375,0,0,2.559875
1794,31,96,1,0,24.6953,27.125,22.8984,28.9062,2.762375,2.662625,2.305625,2.262375,0,0,2.560375
1795,31,94,1,0,24.7266,27.0938,22.9531,28.8906,2.740625,2.666375,2.300375,2.26825,0,0,2.5605
1796,31,97,1,0,24.8047,27.2188,22.9922,28.9141,2.736875,2.6655,2.32525,2.272625,1,0,2.560375
1797,31,97,1,0,24.75,27.1719,22.9531,28.8594,2.736875,2.67525,2.326875,2.2745,0,0,2.559625
1798,31,94,1,0,24.75,27.1172,23.0,28.8672,2.745875,2.6645,2.308125,2.264625,0,0,2.55925
1799,31,94,1,0,24.7422,27.1797,22.9375,28.8516,2.745375,2.67275,2.293375,2.28225,0,0,2.5605
1800,31,97,1,1,24.75,27.2578,23.0391,28.9062,2.738875,2.67625,2.3255,2.27775,0,0,2.559375
1801,31,96,1,0,24.7812,27.1719,23.0625,28.9688,2.742625,2.659125,2.32,2.26275,0,0,2.559
1802,31,95,1,0,24.7734,27.1641,23.0,28.8594,2.762125,2.6855,2.30675,2.262625,0,0,2.559
1803,31,97,1,0,24.7578,27.2188,22.9688,28.9375,2.7585,2.659875,2.318125,2.269125,0,0,2.559125
1804,31,94,1,0,24.8516,27.2812,23.0156,28.9219,2.742625,2.688375,2.328375,2.283875,0,0,2.55975
1805,31,97,1,0,24.875,27.25,23.0781,28.9531,2.736375,2.68475,2.315,2.268125,0,0,2.560125
1806,31,95,1,0,24.875,27.2422,23.0859,28.9453,2.739625,2.688,2.3215,2.264375,0,0,2.559875
1807,31,96,1,0,24.8906,27.25,23.0781,28.9219,2.741625,2.682,2.298375,2.27925,0,0,2.559125
1808,31,95,1,1,24.8359,27.2422,23.1016,28.9297,2.751125,2.675875,2.302875,2.2635,0,0,2.559875
1809,31,97,1,0,24.8594,27.2891,23.0547,29.0312,2.737,2.662875,2.29875,2.26875,0,0,2.559
1810,31,96,1,0,24.8281,27.2188,23.0625,29.0234,2.737,2.673625,2.30925,2.277625,0,0,2.560375
1811,31,94,1,0,24.9297,27.2422,23.0703,28.9297,2.7535,2.66175,2.327625,2.27,0,0,2.559625
1812,31,94,1,0,24.8906,27.2969,23.1406,29.0391,2.736875,2.683875,2.32025,2.282875,0,0,2.560625
1813,31,94,1,0,24.8984,27.3281,23.0469,29.0156,2.74925,2.67575,2.313875,2.272125,0,0,2.561
1814,31,98,1,0,24.9062,27.3594,23.1562,28.9453,2.760125,2.688,2.295875,2.268,0,0,2.5595
1815,31,96,1,0,24.9297,27.2734,23.1719,28.9531,2.747125,2.68425,2.302375,2.2695,0,0,2.559375
1816,31,97,1,1,24.9844,27.3828,23.1094,29.0781,2.753375,2.67025,2.298375,2.284375,0,0,2.559875
1817,31,96,1,0,24.9688,27.2891,23.0703,29.0391,2.7375,2.6625,2.327125,2.26825,0,0,2.559625
1818,31,98,1,0,24.8984,27.3594,23.0938,29.0469,2.742625,2.67025,2.311375,2.285125,0,0,2.560875
1819,31,98,1,0,25.0,27.3828,23.1172,29.0,2.7425,2.683125,2.30625,2.272,1,0,2.559125
1820,31,95,1,0,24.8984,27.3438,23.1641,29.1094,2.7585,2.678375,2.29325,2.274,0,0,2.559625
1821,31,94,1,0,25.0,27.3906,23.1875,29.0156,2.7625,2.666625,2.307625,2.2775,0,1,2.56025
1822,31,98,1,0,24.9688,27.3438,23.1953,29.0234,2.737875,2.682125,2.307125,2.266,0,0,2.5605
1823,31,97,1,0,24.9766,27.4062,23.2031,29.1094,2.75875,2.673875,2.32625,2.27075,0,0,2.559875
1824,31,96,1,1,24.9688,27.3828,23.1641,29.0469,2.74475,2.673625,2.2935,2.269625,0,0,2.559625
1825,31,98,1,0,24.9297,27.4375,23.1562,29.1094,2.7465,2.670125,2.312375,2.27025,0,0,2.559
1826,31,97,1,0,25.0547,27.3828,23.2578,29.1172,2.757875,2.659625,2.302125,2.2835,0,0,2.559125
1827,31,96,1,0,25.0234,27.3906,23.2109,29.1484,2.75875,2.688375,2.311625,2.266625,0,0,2.560625
1828,31,98,1,0,25.0469,27.3594,23.1484,29.1328,2.7465,2.6845,2.315875,2.26575,0,0,2.559625
1829,31,98,1,0,25.0547,27.3984,23.2578,29.1484,2.73725,2.663375,2.2975,2.276875,0,0,2.559625
1830,31,95,1,0,25.0312,27.4141,23.1953,29.1328,2.746875,2.683625,2.302375,2.272125,0,0,2.561
1831,31,94,1,0,25.0391,27.3906,23.2031,29.0703,2.748125,2.65975,2.32725,2.28075,0,0,2.561
1832,31,97,1,1,25.0781,27.4688,23.25,29.0859,2.755125,2.66125,2.30275,2.283125,0,0,2.5605
1833,31,97,1,0,25.0469,27.3828,23.2344,29.125,2.74225,2.6705,2.329,2.275375,0,0,2.5595
1834,31,94,1,0,24.9922,27.4922,23.2812,29.125,2.73675,2.666625,2.3065,2.268875,0,0,2.559125
1835,31,96,1,0,25.0469,27.5078,23.2891,29.2109,2.74925,2.673625,2.300375,2.27775,0,0,2.56075
1836,31,94,1,0,25.0469,27.5234,23.3125,29.1797,2.748125,2.677125,2.30625,2.284375,0,0,2.55975
1837,31,98,1,0,25.0938,27.4219,23.3203,29.1172,2.74025,2.662625,2.31975,2.26575,0,0,2.55975
1838,31,98,1,0,25.0938,27.5234,23.2188,29.1719,2.761,2.681375,2.32175,2.264,0,0,2.559375
1839,31,94,1,0,25.0859,27.5,23.3438,29.25,2.74425,2.6835,2.308,2.2695,0,0,2.561
1840,31,97,1,1,25.1172,27.4766,23.2344,29.1953,2.749,2.677875,2.308,2.27575,0,0,2.559125
1841,31,94,1,0,25.1016,27.5312,23.25,29.25,2.751,2.67575,2.309625,2.26925,1,0,2.56075
1842,31,95,1,0,25.1562,27.4453,23.3281,29.2266,2.756,2.6625,2.315625,2.2735,0,0,2.560875
1843,31,95,1,0,25.1562,27.4844,23.2812,29.2656,2.740375,2.673,2.3275,2.265625,0,0,2.560625
1844,31,96,1,0,25.0703,27.5547,23.3828,29.2812,2.739875,2.666625,2.32275,2.285625,0,0,2.560125
1845,31,96,1,0,25.1797,27.5859,23.3906,29.1953,2.748125,2.663,2.316375,2.268625,0,0,2.559125
1846,31,96,1,0,25.0781,27.4922,23.3672,29.1719,2.746875,2.67725,2.32475,2.26925,0,0,2.56
1847,31,98,1,0,25.1641,27.5391,23.3125,29.2031,2.75675,2.68925,2.32925,2.272125,0,0,2.559
1848,31,98,1,1,25.1406,27.5391,23.2891,29.2891,2.750125,2.670625,2.29925,2.275375,0,0,2.560375
1849,31,97,1,0,25.1641,27.5391,23.3984,29.2188,2.746125,2.6715,2.324375,2.27675,0,0,2.56025
1850,31,96,1,0,25.1016,27.5156,23.375,29.2109,2.760875,2.685,2.3055,2.277,0,1,2.559625
1851,31,97,1,0,25.1094,27.5078,23.4062,29.3203,2.743375,2.683125,2.30925,2.2675,0,0,2.559875
1852,31,97,1,0,25.2188,27.5391,23.3438,29.3047,2.738875,2.67225,2.33075,2.281,0,0,2.559875
1853,31,96,1,0,25.2344,27.5703,23.3438,29.3281,2.7575,2.664,2.328875,2.281875,0,0,2.561
1854,31,98,1,0,25.1406,27.5781,23.3516,29.2969,2.762375,2.669125,2.326125,2.272875,0,0,2.559625
1855,31,97,1,0,25.2188,27.5938,23.4219,29.2969,2.73525,2.6835,2.32725,2.282375,0,0,2.55975
1856,31,97,1,1,25.1406,27.5625,23.3984,29.2578,2.735375,2.670625,2.327,2.269375,0,0,2.5595
1857,31,94,1,0,25.2344,27.5703,23.4062,29.3047,2.7475,2.66725,2.323875,2.28025,0,0,2.560125
1858,31,97,1,0,25.2266,27.5938,23.3984,29.2578,2.7575,2.682375,2.303875,2.26625,0,0,2.559
1859,31,97,1,0,25.2344,27.6328,23.4219,29.3516,2.75075,2.68725,2.3165,2.26975,0,0,2.559875
1860,31,96,1,0,25.2891,27.6406,23.4297,29.3281,2.739625,2.684,2.3135,2.267125,0,0,2.560375
1861,31,96,1,0,25.1875,27.6328,23.4766,29.3828,2.757375,2.662,2.33025,2.274375,0,0,2.559125
1862,31,98,1,0,25.2812,27.6562,23.4688,29.3594,2.745125,2.679375,2.3225,2.27075,0,0,2.5595
1863,31,96,1,0,25.1875,27.7031,23.4141,29.3203,2.76175,2.681875,2.3035,2.267375,0,0,2.56075
1864,31,94,1,1,25.2109,27.6328,23.3906,29.3516,2.756625,2.660125,2.295375,2.265125,0,1,2.561
1865,31,98,1,0,25.2188,27.6172,23.4766,29.3125,2.735375,2.689125,2.316375,2.267125,0,0,2.560125
1866,31,96,1,0,25.2891,27.6641,23.4219,29.3359,2.735625,2.673375,2.326625,2.26975,0,0,2.56075
1867,31,97,1,0,25.2188,27.6484,23.4141,29.3906,2.76225,2.66775,2.312125,2.284375,0,0,2.55925
1868,31,95,1,0,25.3359,27.7344,23.5156,29.4062,2.734875,2.680875,2.32125,2.283875,0,0,2.55975
1869,31,94,1,0,25.3047,27.7266,23.4844,29.375,2.76325,2.665375,2.32875,2.283125,0,0,2.560375
1870,31,96,1,0,25.2891,27.6406,23.4609,29.4375,2.7395,2.68425,2.316,2.266625,0,0,2.560125
1871,31,95,1,0,25.3594,27.6797,23.5156,29.4375,2.737625,2.678375,2.311875,2.278125,0,0,2.559625
1872,31,97,1,1,25.25,27.75,23.4453,29.3906,2.751875,2.662625,2.31525,2.284125,0,0,2.56
1873,31,97,1,0,25.2969,27.6875,23.5469,29.4453,2.757875,2.6815,2.318,2.2755,0,0,2.56025
1874,31,94,1,0,25.2969,27.6953,23.4922,29.4453,2.762375,2.688,2.308,2.266,0,0,2.560375
1875,31,96,1,0,25.2969,27.7812,23.4688,29.4688,2.741875,2.659625,2.324125,2.284875,0,0,2.5605
1876,31,97,1,0,25.375,27.7891,23.4766,29.4688,2.738125,2.67925,2.298,2.282875,0,0,2.560875
1877,31,97,1,0,25.3594,27.7656,23.5234,29.4062,2.75325,2.66525,2.3205,2.275875,0,0,2.559
1878,31,96,1,0,25.2969,27.7812,23.5156,29.4453,2.750875,2.675125,2.303,2.273625,0,0,2.560875
1879,31,97,1,0,25.3047,27.7656,23.5781,29.4062,2.7355,2.679125,2.326625,2.27275,0,0,2.56025
1880,31,97,1,1,25.3906,27.7109,23.4922,29.5,2.761625,2.65925,2.315375,2.262625,0,0,2.56
1881,31,96,1,0,25.3359,27.7656,23.5547,29.4375,2.749125,2.678625,2.316625,2.274,0,0,2.560625
1882,31,96,1,0,25.375,27.7422,23.5391,29.4922,2.7435,2.673625,2.325,2.278875,0,0,2.5595
1883,31,94,1,0,25.3594,27.7188,23.5469,29.4375,2.755125,2.66075,2.318,2.26625,0,0,2.5595
1884,31,96,1,0,25.4219,27.7344,23.5312,29.4766,2.74925,2.659625,2.323125,2.2625,0,0,2.55975
1885,31,98,1,0,25.4375,27.7188,23.5312,29.5312,2.746125,2.671,2.29325,2.2715,0,0,2.56
1886,31,96,1,0,25.4375,27.8359,23.5859,29.4766,2.749,2.67,2.300875,2.279625,0,0,2.55975
1887,31,97,1,0,25.4375,27.8203,23.5703,29.4297,2.744125,2.661125,2.306,2.27425,0,0,2.5605
1888,31,97,1,1,25.3594,27.8281,23.6094,29.4453,2.751875,2.68025,2.307,2.272625,1,0,2.56
1889,31,94,1,0,25.4531,27.7812,23.5625,29.5312,2.748625,2.66225,2.328625,2.263125,0,0,2.56
1890,31,94,1,0,25.3672,27.8281,23.5703,29.5547,2.733,2.66475,2.314125,2.26775,0,0,2.56075
1891,31,98,1,0,25.375,27.8047,23.6094,29.5,2.74125,2.68125,2.297875,2.279,0,0,2.559375
1892,31,97,1,0,25.3672,27.8594,23.6484,29.5312,2.733625,2.6865,2.29925,2.268125,0,0,2.56
1893,31,94,1,0,25.3672,27.7969,23.6172,29.5859,2.74,2.669,2.311125,2.26425,0,0,2.56025
1894,31,94,1,0,25.4375,27.8203,23.6094,29.4688,2.748,2.687625,2.321125,2.271,0,0,2.559375
1895,31,96,1,0,25.375,27.8672,23.6641,29.5781,2.7375,2.67375,2.32475,2.270125,0,0,2.559125
1896,31,94,1,1,25.4922,27.8438,23.6719,29.5391,2.746875,2.675375,2.329,2.277625,0,0,2.56075
1897,31,97,1,0,25.4297,27.8438,23.5859,29.5156,2.73775,2.661875,2.308625,2.27075,0,0,2.5605
1898,31,96,1,0,25.5078,27.8594,23.6406,29.6016,2.741875,2.666375,2.317,2.275125,0,0,2.560125
1899,31,94,1,0,25.4453,27.8594,23.7031,29.5703,2.7575,2.678125,2.293125,2.263625,0,1,2.560375
1900,31,97,1,0,25.5234,27.9062,23.6016,29.6016,2.74225,2.68625,2.293625,2.278,0,0,2.55925
1901,31,95,1,0,25.4141,27.8516,23.6172,29.6016,2.756625,2.6685,2.292,2.263125,0,0,2.559625
1902,31,98,1,0,25.5156,27.8359,23.625,29.6094,2.7425,2.67775,2.297125,2.2815,0,0,2.55925
1903,31,96,1,0,25.4609,27.8672,23.6797,29.6172,2.753875,2.66125,2.29125,2.28025,0,0,2.5605
1904,31,98,1,1,25.4766,27.9453,23.6953,29.625,2.74975,2.6745,2.291,2.263,0,0,2.5605
1905,31,98,1,0,25.5391,27.875,23.6953,29.5703,2.73275,2.668,2.307875,2.28,0,0,2.5595
1906,31,97,1,0,25.4844,27.9141,23.6406,29.5312,2.75625,2.658875,2.315875,2.281625,0,0,2.560875
1907,31,96,1,0,25.4609,27.9219,23.6875,29.5781,2.746875,2.680125,2.3005,2.2825,0,0,2.560375
1908,32,97,1,0,25.5625,27.9453,23.7031,29.6641,2.741625,2.661125,2.31975,2.263125,0,0,2.560875
1909,32,97,1,0,25.5156,27.9688,23.7031,29.6328,2.741875,2.6735,2.3185,2.261875,0,0,2.559125
1910,32,96,1,0,25.5234,27.8828,23.6641,29.6484,2.73325,2.679875,2.2945,2.278875,0,0,2.56025
1911,32,95,1,0,25.5703,27.9766,23.7266,29.6094,2.73275,2.673375,2.300875,2.268875,0,0,2.56025
1912,32,94,1,1,25.5469,27.9141,23.6875,29.6484,2.7515,2.66625,2.313625,2.26675,0,0,2.559125
1913,32,97,1,0,25.5781,27.9922,23.6719,29.5781,2.751875,2.672375,2.302,2.27075,0,0,2.559375
1914,32,94,1,0,25.5156,27.9844,23.7969,29.6172,2.74875,2.672375,2.2945,2.27475,0,0,2.559625
1915,32,96,1,0,25.6016,27.9766,23.7891,29.6562,2.7385,2.674875,2.318875,2.270375,1,0,2.55925
1916,32,98,1,0,25.6016,27.9609,23.7109,29.6641,2.749875,2.684875,2.314125,2.280375,0,0,2.560375
1917,32,97,1,0,25.5391,28.0078,23.7031,29.6406,2.750625,2.6625,2.309,2.279125,0,0,2.560125
1918,32,98,1,0,25.5938,27.9141,23.7422,29.6562,2.74025,2.683875,2.316875,2.26525,0,0,2.560875
1919,32,94,1,0,25.5391,27.9922,23.7656,29.6016,2.73225,2.66025,2.29775,2.277125,0,0,2.560625
1920,32,98,1,1,25.5625,27.9219,23.7344,29.6719,2.752875,2.6695,2.290375,2.264,0,0,2.560125
1921,32,97,1,0,25.6094,28.0,23.7109,29.6719,2.738125,2.67325,2.291625,2.274,0,0,2.561
1922,32,96,1,0,25.5547,27.9375,23.7812,29.6406,2.75175,2.682375,2.320875,2.2735,0,0,2.559625
1923,32,95,1,0,25.6016,27.9375,23.7422,29.6172,2.74875,2.662,2.32275,2.269625,0,0,2.560625
1924,32,96,1,0,25.6094,27.9297,23.8203,29.6953,2.7445,2.672375,2.28875,2.270375,0,0,2.56075
1925,32,96,1,0,25.5547,28.0312,23.7891,29.7188,2.7375,2.660875,2.2975,2.26325,0,0,2.560625
1926,32,96,1,0,25.5547,27.9453,23.75,29.75,2.757,2.681375,2.315,2.25875,0,0,2.559875
1927,32,95,1,0,25.625,27.9375,23.8203,29.6562,2.75,2.65375,2.29725,2.26775,0,1,2.5595
1928,32,96,1,1,25.5703,28.0547,23.8047,29.6797,2.755875,2.6535,2.31225,2.275375,1,0,2.560625
1929,32,95,1,0,25.6562,27.9844,23.7969,29.6484,2.729375,2.654875,2.324875,2.2645,0,0,2.560875
1930,32,94,1,0,25.5781,28.0703,23.8594,29.6484,2.745625,2.673625,2.31625,2.278375,0,0,2.559625
1931,32,95,1,0,25.6328,28.0391,23.8594,29.7031,2.72975,2.673125,2.312125,2.2695,0,0,2.560625
1932,32,98,1,0,25.6016,28.0234,23.8594,29.7266,2.7335,2.673375,2.3135,2.266125,0,0,2.56075
1933,32,97,1,0,25.6641,28.0859,23.8672,29.7422,2.749375,2.67275,2.30125,2.269,0,0,2.56
1934,32,95,1,0,25.6875,27.9688,23.7812,29.7578,2.75675,2.655125,2.314375,2.258125,0,0,2.559875
1935,32,97,1,0,25.6172,28.0,23.8047,29.6719,2.749,2.66675,2.29575,2.26475,0,0,2.559125
1936,32,95,1,1,25.6875,28.0859,23.8359,29.7188,2.74975,2.668,2.2895,2.267375,0,0,2.561
1937,32,98,1,0,25.7031,27.9844,23.8125,29.7891,2.744875,2.67875,2.305375,2.271,0,0,2.560625
1938,32,94,1,0,25.6641,28.0,23.9062,29.7891,2.737125,2.676,2.2925,2.2725,0,0,2.5605
1939,32,94,1,0,25.6719,28.0078,23.8047,29.7344,2.728,2.6595,2.30225,2.26325,0,0,2.560125
1940,32,94,1,0,25.6328,27.9922,23.8281,29.7969,2.732875,2.681125,2.3035,2.263125,0,0,2.559625
1941,32,97,1,0,25.6406,28.0391,23.8906,29.8125,2.75,2.67225,2.305875,2.256875,0,0,2.55975
1942,32,98,1,0,25.6875,28.0469,23.8359,29.7656,2.742,2.662,2.290125,2.268625,0,0,2.55975
1943,32,98,1,0,25.6484,28.1016,23.9219,29.7188,2.746625,2.670625,2.304,2.25825,0,0,2.559375
1944,32,96,1,1,25.6484,28.0234,23.875,29.7188,2.72575,2.650875,2.294875,2.2595,0,0,2.56075
1945,32,95,1,0,25.6953,28.0703,23.9141,29.7656,2.7345,2.6765,2.296875,2.263875,0,0,2.56075
1946,32,97,1,0,25.7344,28.0469,23.9375,29.8281,2.733125,2.676625,2.29175,2.267625,0,0,2.560625
1947,32,98,1,0,25.6719,28.1016,23.9141,29.7578,2.7345,2.67125,2.319625,2.268625,0,0,2.56025
1948,32,95,1,0,25.6797,28.0312,23.9453,29.7656,2.751375,2.65675,2.3075,2.26775,0,0,2.5595
1949,32,94,1,0,25.7031,28.0703,23.9453,29.8125,2.72925,2.676,2.292125,2.2735,0,0,2.559875
1950,32,96,1,0,25.6406,28.1094,23.9297,29.7578,2.75275,2.653,2.289,2.263125,0,0,2.56025
1951,32,94,1,0,25.6875,28.0938,23.9609,29.7891,2.728875,2.677875,2.290875,2.259125,0,0,2.560875
1952,32,94,1,1,25.7656,28.1328,23.9688,29.8047,2.752,2.6495,2.314,2.275,0,0,2.561
1953,32,94,1,0,25.7109,28.0859,23.8516,29.8203,2.725,2.675875,2.303875,2.265125,0,0,2.559125
1954,32,94,1,0,25.7734,28.125,23.9531,29.7734,2.723,2.649625,2.30725,2.260375,0,0,2.559625
1955,32,95,1,0,25.7188,28.1406,23.8906,29.8672,2.7255,2.669125,2.294,2.26375,0,0,2.56025
1956,32,97,1,0,25.7734,28.1484,23.9141,29.8281,2.7345,2.67175,2.30725,2.266375,0,0,2.560875
1957,32,96,1,0,25.7031,28.1875,23.9062,29.8516,2.7275,2.6765,2.291625,2.267875,0,0,2.559125
1958,32,94,1,0,25.6953,28.1562,23.9219,29.8594,2.728,2.67075,2.282875,2.268375,0,0,2.559625
1959,32,97,1,0,25.7188,28.1641,23.8984,29.8203,2.7475,2.6715,2.307,2.2625,0,0,2.55925
1960,32,95,1,1,25.7422,28.1797,23.9688,29.8672,2.740875,2.653375,2.282625,2.259625,0,0,2.560375
1961,32,94,1,0,25.75,28.1172,23.9062,29.8672,2.732625,2.64975,2.304375,2.27425,0,0,2.560125
1962,32,94,1,0,25.6953,28.1719,23.9453,29.8047,2.722375,2.65875,2.297625,2.262,0,0,2.560375
1963,32,95,1,0,25.75,28.1562,23.9141,29.8047,2.731,2.658625,2.287625,2.26625,0,0,2.55925
1964,32,95,1,0,25.7188,28.1172,23.9141,29.8672,2.73275,2.670875,2.311125,2.27075,0,0,2.560875
1965,32,95,1,0,25.7422,28.125,23.9062,29.8281,2.732,2.6545,2.302,2.256625,1,1,2.560625
1966,32,96,1,0,25.7812,28.1094,24.0,29.8906,2.735,2.65775,2.2915,2.261125,0,0,2.560125
1967,32,94,1,0,25.7578,28.1797,23.9922,29.8438,2.739,2.6655,2.296875,2.256875,0,0,2.560875
1968,32,95,1,1,25.7656,28.1719,23.9375,29.8359,2.742625,2.65175,2.292,2.255875,0,0,2.56
1969,32,98,1,0,25.75,28.1875,23.9453,29.8984,2.726125,2.656375,2.281125,2.26775,0,0,2.55925
1970,32,95,1,0,25.8125,28.1641,24.0,29.8984,2.7425,2.661125,2.302625,2.2625,0,0,2.559125
1971,32,94,1,0,25.7266,28.1484,23.9141,29.8438,2.7215,2.651375,2.294625,2.266125,0,0,2.55925
1972,32,94,1,0,25.8359,28.2422,23.9688,29.8828,2.728125,2.659625,2.308375,2.2535,0,0,2.561
1973,32,97,1,0,25.7891,28.2109,24.0156,29.9453,2.736375,2.65825,2.2875,2.27025,0,0,2.56
1974,32,95,1,0,25.7969,28.2344,23.9297,29.8984,2.72225,2.657625,2.303375,2.265125,0,0,2.561
1975,32,97,1,0,25.8359,28.2188,23.9688,29.8672,2.74025,2.671625,2.3085,2.259875,0,0,2.559625
1976,32,96,1,1,25.7344,28.25,23.9922,29.8828,2.723375,2.648375,2.297125,2.268,0,0,2.559
1977,32,95,1,0,25.7656,28.1484,24.0547,29.8438,2.729125,2.654875,2.279125,2.25825,0,0,2.560625
1978,32,98,1,0,25.8125,28.25,23.9531,29.9297,2.731125,2.6605,2.30775,2.257875,0,0,2.55975
1979,32,97,1,0,25.8203,28.2656,24.0547,29.9141,2.72475,2.6675,2.28275,2.268375,0,0,2.559625
1980,32,96,1,0,25.8125,28.1875,23.9688,29.8828,2.734,2.646125,2.299875,2.25025,0,0,2.5605
1981,32,94,1,0,25.7656,28.2109,23.9609,29.9453,2.73475,2.643125,2.28575,2.26875,0,1,2.559375
1982,32,97,1,0,25.7891,28.2344,23.9922,29.8906,2.7415,2.646625,2.29,2.26525,0,0,2.559125
1983,32,97,1,0,25.7656,28.2656,24.0547,29.9766,2.71875,2.663125,2.312,2.268,0,0,2.56025
1984,32,97,1,1,25.8359,28.2812,24.0391,29.9375,2.715625,2.643375,2.309875,2.26925,0,0,2.560875
1985,32,94,1,0,25.7891,28.2734,24.0391,29.9844,2.736875,2.656,2.282875,2.2655,0,0,2.5595
1986,32,96,1,0,25.8125,28.2812,24.0781,29.8828,2.735125,2.664125,2.305375,2.25075,0,0,2.560375
1987,32,94,1,0,25.7969,28.2656,24.0391,29.9453,2.7435,2.661,2.3045,2.259875,0,0,2.559125
1988,32,95,1,0,25.8438,28.25,23.9922,29.9609,2.726625,2.654375,2.301375,2.26075,0,0,2.559125
1989,32,96,1,0,25.8203,28.2422,24.0625,29.8906,2.73075,2.6675,2.310125,2.259375,0,0,2.55975
1990,32,97,1,0,25.7734,28.2969,24.0938,29.9375,2.7225,2.662125,2.302375,2.25275,0,0,2.5605
1991,32,98,1,0,25.8203,28.2188,24.0625,29.9922,2.728625,2.643,2.28225,2.2655,0,0,2.56075
1992,32,96,1,1,25.8828,28.2891,24.0859,29.9688,2.741625,2.662,2.278375,2.264375,0,0,2.560875
1993,32,98,1,0,25.8047,28.2266,23.9844,29.9062,2.72775,2.640625,2.289875,2.25275,0,0,2.561
1994,32,96,1,0,25.7969,28.2109,24.0078,30.0078,2.733375,2.655,2.290625,2.25275,0,0,2.559875
1995,32,98,1,0,25.8594,28.2578,24.0938,29.9375,2.717375,2.64825,2.31225,2.264375,0,0,2.56025
1996,32,94,1,0,25.8359,28.3125,24.1016,29.9062,2.717375,2.65575,2.307,2.2535,0,0,2.5605
1997,32,94,1,0,25.9141,28.2891,24.0469,29.9375,2.739625,2.6465,2.278375,2.251875,0,0,2.5595
1998,32,95,1,0,25.8672,28.2422,24.1016,29.9297,2.7205,2.659875,2.294875,2.248,0,0,2.56
1999,32,98,1,0,25.8516,28.2656,24.0234,30.0234,2.72325,2.65425,2.3045,2.264875,0,0,2.5605
2000,32,96,1,1,25.8516,28.2656,24.0547,29.9141,2.723625,2.65225,2.28525,2.251875,0,0,2.56025
2001,32,94,1,0,25.9141,28.2578,24.0391,29.9141,2.727875,2.6595,2.29,2.25975,0,0,2.561
2002,32,94,1,0,25.8906,28.3281,24.0938,29.9297,2.71625,2.65175,2.28175,2.26025,0,0,2.56
2003,32,97,1,0,25.8203,28.2344,24.1094,29.9922,2.721625,2.654625,2.2955,2.245625,0,0,2.559875
2004,32,97,1,0,25.8672,28.2422,24.0781,29.9766,2.728,2.652375,2.28775,2.2475,0,0,2.56025
2005,32,97,1,0,25.8359,28.3281,24.1406,30.0156,2.711375,2.6455,2.295375,2.260875,1,0,2.559375
2006,32,95,1,0,25.8828,28.3203,24.1172,29.9531,2.713875,2.653875,2.277875,2.247625,0,0,2.56075
2007,32,94,1,0,25.9062,28.3125,24.1094,30.0312,2.736,2.64525,2.275,2.255625,0,0,2.560875
2008,32,97,1,1,25.8984,28.2344,24.1328,30.0391,2.71925,2.6515,2.275625,2.2505,0,0,2.560625
2009,32,94,1,0,25.9297,28.3203,24.1016,29.9375,2.727,2.658875,2.295125,2.258125,0,0,2.5595
2010,32,97,1,0,25.8516,28.2891,24.1406,30.0078,2.7145,2.66,2.28325,2.245125,0,0,2.559875
2011,32,97,1,0,25.9141,28.2422,24.0547,30.0,2.731375,2.661125,2.277,2.2575,0,0,2.56
2012,32,96,1,0,25.8438,28.3125,24.0781,29.9375,2.729,2.649625,2.2815,2.24875,0,1,2.55925
2013,32,94,1,0,25.9375,28.3281,24.0781,30.0,2.732625,2.651,2.28675,2.258125,0,0,2.55975
2014,32,97,1,0,25.8438,28.2422,24.1562,29.9609,2.72875,2.64875,2.296,2.253875,0,0,2.559875
2015,32,98,1,0,25.9062,28.2422,24.0391,30.0312,2.721375,2.65275,2.305875,2.260375,0,0,2.559125
2016,32,97,1,1,25.8828,28.2656,24.1328,29.9766,2.731375,2.653375,2.292125,2.2475,0,0,2.56075
2017,32,95,1,0,25.8984,28.2578,24.1484,29.9844,2.712875,2.633625,2.27575,2.240125,0,0,2.560625
2018,32,95,1,0,25.9609,28.3516,24.0625,30.0156,2.73325,2.658625,2.292125,2.243,0,0,2.559125
2019,32,97,1,0,25.9609,28.3125,24.1016,30.0,2.705625,2.649125,2.275375,2.241125,0,0,2.55975
2020,32,94,1,0,25.9531,28.2969,24.1719,29.9844,2.7065,2.6385,2.2695,2.24975,0,0,2.55975
2021,32,95,1,0,25.8594,28.2578,24.125,30.0781,2.712875,2.64075,2.304625,2.25375,0,0,2.559
2022,32,97,1,0,25.9375,28.3281,24.1094,30.0781,2.720875,2.634875,2.273625,2.24625,0,0,2.559875
2023,32,98,1,0,25.9766,28.3516,24.1172,30.0078,2.726875,2.631,2.29225,2.2555,0,0,2.5595
2024,32,98,1,1,25.9297,28.2812,24.0703,30.0156,2.72425,2.655375,2.300375,2.240875,0,0,2.559375
2025,32,95,1,0,25.9766,28.3125,24.1719,29.9766,2.706375,2.648125,2.284125,2.25925,0,0,2.560375
2026,32,95,1,0,25.8984,28.2656,24.1641,29.9688,2.714625,2.640625,2.26975,2.244,0,0,2.5595
2027,32,96,1,0,25.8984,28.3594,24.1719,30.0156,2.71775,2.63525,2.28225,2.253125,0,0,2.559
2028,32,94,1,0,25.9062,28.2734,24.1094,30.0312,2.7115,2.6505,2.294875,2.237875,0,0,2.5605
2029,32,97,1,0,25.9688,28.3203,24.1641,30.0703,2.715375,2.631,2.278875,2.255,0,0,2.56075
2030,32,94,1,0,25.9609,28.3047,24.1641,29.9766,2.716625,2.65,2.2995,2.2575,0,0,2.56075
2031,32,96,1,0,25.875,28.2891,24.1328,30.0078,2.707375,2.640875,2.27575,2.245,0,0,2.559
2032,32,98,1,1,26.0,28.3672,24.0938,30.0,2.71225,2.6345,2.271375,2.24325,0,0,2.56025
2033,32,98,1,0,25.9688,28.3906,24.1719,30.1016,2.71625,2.6505,2.28025,2.254875,1,0,2.559625
2034,32,97,1,0,25.9922,28.3438,24.1484,30.0938,2.701125,2.651625,2.292125,2.24825,0,0,2.559125
2035,32,96,1,0,26.0,28.3516,24.1016,30.0312,2.72825,2.6415,2.26925,2.240375,0,0,2.559875
2036,32,97,1,0,25.8984,28.3984,24.2031,30.0938,2.703,2.646,2.2675,2.240375,0,0,2.560375
2037,32,95,1,0,25.9062,28.3672,24.1797,30.0938,2.6995,2.627,2.292,2.244,0,0,2.560625
2038,32,96,1,0,25.9453,28.3359,24.1875,30.0391,2.6985,2.641375,2.279,2.253,0,0,2.559
2039,32,96,1,0,25.9375,28.3281,24.2031,30.0625,2.71175,2.641125,2.286625,2.235375,0,0,2.559625
2040,32,97,1,1,25.8984,28.375,24.0938,30.1094,2.700625,2.6475,2.275375,2.244625,0,0,2.561
2041,32,95,1,0,25.9766,28.3828,24.1094,30.0938,2.7225,2.636375,2.288875,2.240875,0,0,2.559
2042,32,97,1,0,25.9375,28.3125,24.1562,30.0312,2.702,2.62425,2.28075,2.243875,1,0,2.5605
2043,32,98,1,0,25.9844,28.3984,24.0938,30.0391,2.722125,2.6315,2.29625,2.24375,0,0,2.56
2044,32,95,1,0,26.0,28.3281,24.1953,30.1094,2.708,2.629375,2.2665,2.23875,0,0,2.560625
2045,32,97,1,0,25.9922,28.3828,24.1406,30.0469,2.70675,2.621625,2.2775,2.243625,0,0,2.55975
2046,32,96,1,0,25.9609,28.3672,24.1484,30.0234,2.7215,2.62725,2.27,2.241625,0,0,2.56
2047,32,97,1,0,25.9141,28.3203,24.2188,30.1094,2.72275,2.6495,2.28625,2.25025,0,0,2.560625
2048,32,96,1,1,25.9609,28.3828,24.2266,30.0156,2.72225,2.635375,2.27375,2.247375,0,0,2.5595
2049,32,96,1,0,25.9844,28.3281,24.1172,30.0156,2.701625,2.64775,2.26225,2.230375,0,0,2.561
2050,32,97,1,0,26.0,28.3594,24.1094,30.0625,2.72225,2.623125,2.287875,2.24375,0,0,2.559875
2051,32,97,1,0,25.9766,28.4297,24.1953,30.0859,2.70925,2.647,2.2895,2.240625,0,0,2.55925
2052,32,98,1,0,25.9062,28.375,24.2266,30.0859,2.692625,2.625625,2.275625,2.231875,0,0,2.56
2053,32,97,1,0,25.9297,28.3594,24.1094,30.0078,2.695625,2.63625,2.284625,2.23175,0,0,2.56075
2054,32,95,1,0,26.0312,28.3906,24.125,30.0234,2.699,2.623875,2.28475,2.24175,0,1,2.560375
2055,32,95,1,0,26.0312,28.3906,24.1953,30.0234,2.700125,2.63375,2.261375,2.229125,0,0,2.56075
2056,32,96,1,1,26.0156,28.375,24.1953,30.1016,2.696625,2.63525,2.264,2.243375,0,0,2.5595
2057,32,97,1,0,26.0234,28.4141,24.1719,30.0469,2.699375,2.623375,2.257875,2.24075,0,0,2.560625
2058,32,94,1,0,25.9375,28.3828,24.2031,30.0547,2.70425,2.628375,2.27775,2.2355,0,0,2.561
2059,32,98,1,0,26.0156,28.3203,24.1641,30.0703,2.702375,2.632625,2.27725,2.238,0,0,2.559875
2060,32,94,1,0,25.9922,28.3906,24.2266,30.0391,2.698,2.61775,2.273625,2.230625,0,0,2.560625
2061,32,97,1,0,26.0391,28.3594,24.1484,30.1172,2.715,2.643,2.291375,2.22725,0,0,2.5605
2062,32,97,1,0,26.0234,28.3672,24.1797,30.0625,2.68925,2.635125,2.259875,2.239625,0,0,2.56025
2063,32,95,1,0,25.9844,28.3906,24.2031,30.1016,2.695,2.632875,2.28225,2.2465,0,0,2.5595
2064,32,96,1,1,25.9219,28.4062,24.2031,30.0547,2.69625,2.636625,2.268875,2.2275,0,0,2.559375
2065,32,95,1,0,26.0234,28.4062,24.125,30.1172,2.708125,2.628375,2.2885,2.229,0,0,2.55975
2066,32,94,1,0,26.0469,28.3828,24.1641,30.0234,2.71475,2.621,2.26625,2.239375,0,0,2.55925
2067,32,94,1,0,25.9688,28.3516,24.2031,30.1016,2.711375,2.636,2.269875,2.240125,0,0,2.559625
2068,32,95,1,0,25.9766,28.4062,24.125,30.0234,2.71125,2.61275,2.276125,2.2445,0,0,2.560125
2069,32,96,1,0,26.0,28.3672,24.2344,30.1172,2.691625,2.61175,2.264375,2.23975,0,0,2.559
2070,32,94,1,0,25.9844,28.4375,24.1641,30.1094,2.7095,2.61625,2.275125,2.22575,0,0,2.56075
2071,32,95,1,0,25.9688,28.4062,24.1953,30.1406,2.70475,2.624125,2.270125,2.22175,0,0,2.55925
2072,32,96,1,1,25.9375,28.4219,24.2109,30.0625,2.70275,2.62675,2.27375,2.22425,0,0,2.559625
2073,32,96,1,0,26.0391,28.3828,24.2031,30.1172,2.697875,2.639375,2.287375,2.22525,0,0,2.559125
2074,32,96,1,0,25.9375,28.3281,24.1484,30.1172,2.701625,2.628625,2.275375,2.2205,0,0,2.56
2075,32,96,1,0,26.0234,28.4531,24.1484,30.1328,2.70025,2.623375,2.275875,2.227125,0,0,2.56075
2076,32,98,1,0,25.9297,28.3438,24.1797,30.0703,2.70225,2.619,2.275,2.2345,0,0,2.56025
2077,32,97,1,0,26.0312,28.4062,24.1406,30.1328,2.704125,2.6115,2.2765,2.223,0,0,2.561
2078,32,95,1,0,26.0234,28.4297,24.25,30.1562,2.70875,2.628375,2.25175,2.234625,0,0,2.559125
2079,32,95,1,0,26.0234,28.3672,24.1953,30.0469,2.690125,2.607375,2.25625,2.21875,0,0,2.55975
2080,32,96,1,1,25.9453,28.4062,24.1641,30.0781,2.702125,2.6295,2.255,2.226625,0,0,2.560125
2081,32,94,1,0,25.9922,28.3984,24.2188,30.1172,2.701,2.623875,2.257875,2.2365,0,0,2.560375
2082,32,96,1,0,25.9453,28.3359,24.1484,30.0781,2.683875,2.62225,2.27725,2.23875,0,0,2.560625
2083,32,95,1,0,25.9688,28.3438,24.1953,30.0391,2.6995,2.62275,2.250625,2.223875,0,0,2.560125
2084,32,94,1,0,26.0078,28.3438,24.1797,30.1484,2.6865,2.617625,2.272625,2.238875,0,0,2.5595
2085,32,95,1,0,26.0234,28.4062,24.1641,30.0391,2.69325,2.629875,2.25725,2.225375,0,0,2.559875
2086,32,98,1,0,25.9375,28.4375,24.1875,30.0859,2.697375,2.610875,2.257875,2.233875,0,1,2.560125
2087,32,94,1,0,26.0156,28.4141,24.1562,30.0859,2.685875,2.624,2.259125,2.220125,0,0,2.560625
2088,32,98,1,1,26.0469,28.4609,24.2578,30.0547,2.702125,2.628625,2.245875,2.236875,0,0,2.559625
2089,32,98,1,0,25.9922,28.4297,24.1484,30.1484,2.69375,2.6305,2.257875,2.21475,0,0,2.559125
2090,32,98,1,0,26.0,28.4062,24.1484,30.1016,2.687125,2.60325,2.2645,2.225125,0,0,2.5595
2091,32,97,1,0,26.0391,28.3672,24.1953,30.1172,2.69,2.624625,2.246,2.219875,0,0,2.559125
2092,32,98,1,0,26.0469,28.3984,24.1953,30.1094,2.675625,2.6035,2.264125,2.213625,0,0,2.5595
2093,32,97,1,0,26.0078,28.4375,24.2109,30.1484,2.68125,2.61725,2.265125,2.21875,0,0,2.560125
2094,32,95,1,0,26.0156,28.3359,24.1562,30.0859,2.6785,2.604,2.261625,2.21875,0,0,2.5605
2095,32,94,1,0,26.0,28.3516,24.1406,30.0625,2.68525,2.626125,2.2705,2.224375,0,0,2.55925
2096,32,97,1,1,25.9922,28.3906,24.2031,30.1406,2.700125,2.6005,2.275375,2.231375,1,0,2.560375
2097,32,96,1,0,26.0312,28.3672,24.1719,30.1094,2.682625,2.604875,2.268625,2.21275,0,0,2.5605
2098,32,94,1,0,25.9688,28.4062,24.1797,30.0625,2.69825,2.599625,2.273,2.219375,0,0,2.56
2099,32,95,1,0,25.9531,28.3516,24.2031,30.1484,2.673625,2.6235,2.241625,2.2215,0,0,2.55975
2100,32,97,1,0,26.0312,28.3672,24.2031,30.0625,2.6715,2.6045,2.270375,2.228,0,0,2.560375
2101,32,97,1,0,26.0391,28.3906,24.1562,30.0625,2.678375,2.601625,2.2575,2.232125,0,0,2.56025
2102,32,97,1,0,26.0469,28.4531,24.1797,30.1484,2.693,2.620375,2.24425,2.231,0,0,2.5595
2103,32,98,1,0,26.0234,28.3984,24.2109,30.1484,2.66875,2.603125,2.268,2.229,0,0,2.56075
2104,32,98,1,1,25.9922,28.4297,24.25,30.0781,2.67975,2.616375,2.270875,2.221,0,1,2.559125
2105,32,97,1,0,25.9766,28.3828,24.1562,30.1484,2.691,2.5985,2.261125,2.225,0,0,2.559875
2106,32,97,1,0,25.9688,28.3906,24.2031,30.0391,2.683125,2.624,2.26775,2.2095,0,0,2.560875
2107,32,96,1,0,26.0156,28.4219,24.1875,30.1562,2.675375,2.60075,2.266,2.211125,0,0,2.559125
2108,32,96,1,0,26.0625,28.4453,24.1484,30.1094,2.66725,2.59775,2.265875,2.227875,0,0,2.559125
2109,32,94,1,0,25.9766,28.4219,24.1797,30.0703,2.69275,2.622375,2.240625,2.222875,1,0,2.55975
2110,32,98,1,0,25.9688,28.4297,24.1953,30.0781,2.679125,2.61775,2.239875,2.216875,0,0,2.559875
2111,32,95,1,0,25.9453,28.3984,24.1875,30.125,2.690625,2.612,2.254375,2.224625,0,0,2.559
2112,32,98,1,1,25.9375,28.3906,24.2344,30.0547,2.682125,2.594625,2.263875,2.2125,0,0,2.559625
2113,32,94,1,0,25.9609,28.3906,24.1953,30.0391,2.683625,2.596,2.235125,2.219375,0,0,2.560625
2114,32,97,1,0,26.0547,28.3984,24.2578,30.0547,2.67775,2.593125,2.23625,2.225,0,0,2.560375
2115,32,95,1,0,26.0234,28.4375,24.1875,30.1094,2.679375,2.60725,2.23625,2.209,0,0,2.56
2116,32,94,1,0,25.9766,28.4062,24.1562,30.0859,2.689,2.618375,2.267875,2.2045,0,0,2.55975
2117,32,98,1,0,25.9844,28.3594,24.1797,30.1094,2.670875,2.607,2.257625,2.206375,0,0,2.560125
2118,32,95,1,0,25.9688,28.3359,24.2188,30.0547,2.68025,2.6155,2.25125,2.21575,0,0,2.56025
2119,32,95,1,0,26.0469,28.3984,24.2422,30.0859,2.67075,2.5895,2.261125,2.211375,0,0,2.56025
2120,32,97,1,1,25.9609,28.3438,24.2031,30.0938,2.6885,2.609125,2.256125,2.215375,0,0,2.560375
2121,32,97,1,0,26.0234,28.375,24.2266,30.1172,2.663625,2.601625,2.265375,2.2055,0,0,2.5595
2122,32,94,1,0,26.0547,28.3438,24.1641,30.0703,2.6725,2.61375,2.23975,2.203625,0,0,2.559125
2123,32,96,1,0,25.9609,28.4297,24.2031,30.125,2.662875,2.603875,2.26425,2.22075,0,0,2.559625
2124,32,94,1,0,26.0234,28.375,24.1719,30.1406,2.67875,2.613125,2.251625,2.221125,0,0,2.56075
2125,32,94,1,0,25.9531,28.3594,24.1484,30.1484,2.6855,2.59525,2.249375,2.216125,0,0,2.560625
2126,32,98,1,0,25.9531,28.4141,24.1406,30.1016,2.679375,2.608375,2.236875,2.2065,0,0,2.55925
2127,32,97,1,0,25.9688,28.3828,24.2109,30.1094,2.673125,2.60375,2.238875,2.2205,0,0,2.559625
2128,32,98,1,1,26.0,28.4219,24.2422,30.1094,2.671625,2.60175,2.263625,2.2115,0,0,2.560125
2129,32,98,1,0,25.9453,28.375,24.1797,30.0469,2.683625,2.5885,2.2565,2.201125,0,0,2.56
2130,32,95,1,0,25.9688,28.4453,24.2266,30.1016,2.66425,2.58475,2.263125,2.211875,0,0,2.559375
2131,32,94,1,0,26.0156,28.3438,24.1953,30.1406,2.68125,2.5985,2.24125,2.203625,0,0,2.560875
2132,32,95,1,0,26.0078,28.3984,24.1484,30.0469,2.665875,2.60875,2.25675,2.214875,0,0,2.559
2133,32,98,1,0,26.0469,28.4453,24.2422,30.1016,2.671375,2.590125,2.234375,2.19725,0,0,2.559
2134,32,94,1,0,25.9766,28.3672,24.2031,30.0625,2.6685,2.59,2.226625,2.215375,0,0,2.5605
2135,32,94,1,0,25.9922,28.3906,24.2031,30.1016,2.676125,2.595,2.233,2.209125,0,0,2.5595
2136,32,95,1,1,25.9219,28.4219,24.1953,30.1406,2.655,2.581375,2.2385,2.19625,0,0,2.55925
2137,32,96,1,0,25.9219,28.4141,24.2109,30.1328,2.671,2.592125,2.234125,2.194625,0,0,2.560625
2138,32,98,1,0,26.0391,28.4141,24.1172,30.0391,2.6745,2.578875,2.247625,2.193875,1,0,2.560375
2139,32,98,1,0,26.0,28.4219,24.1719,30.0859,2.676,2.601875,2.2315,2.197125,0,0,2.560625
2140,32,97,1,0,26.0,28.3359,24.1484,30.0859,2.6515,2.593375,2.228625,2.201,0,0,2.55925
2141,32,97,1,0,25.9609,28.3203,24.1562,30.0859,2.655875,2.5875,2.249625,2.210375,0,0,2.559
2142,32,97,1,0,26.0391,28.3828,24.2266,30.0781,2.666375,2.592125,2.253,2.197875,0,0,2.560375
2143,32,94,1,0,26.0234,28.3516,24.1172,30.0234,2.65125,2.5955,2.221,2.194875,0,0,2.560375
2144,32,96,1,1,25.9922,28.3125,24.1719,30.0469,2.65225,2.598125,2.256375,2.1905,0,0,2.560125
2145,32,97,1,0,25.9844,28.4062,24.1562,30.0156,2.65425,2.592875,2.240375,2.211,0,0,2.560625
2146,32,94,1,0,25.9141,28.3516,24.1328,30.0938,2.645125,2.5815,2.225625,2.208875,0,0,2.5595
2147,32,97,1,0,25.9531,28.3203,24.1328,30.0469,2.67075,2.592875,2.21975,2.21075,0,0,2.559375
2148,32,96,1,0,26.0,28.3359,24.1875,30.0469,2.650625,2.574125,2.24175,2.199,0,0,2.55925
2149,32,95,1,0,25.9062,28.3047,24.1484,30.0703,2.645125,2.593,2.221125,2.19775,0,0,2.559625
2150,32,98,1,0,26.0234,28.3203,24.1172,30.0703,2.670375,2.571875,2.247875,2.206,0,0,2.560625
2151,32,96,1,0,25.9141,28.3438,24.1719,30.1172,2.67125,2.594,2.2425,2.198,0,1,2.56075
2152,32,94,1,1,26.0234,28.4062,24.1875,30.0234,2.658375,2.57625,2.251125,2.20675,0,0,2.55925
2153,32,94,1,0,25.9609,28.3203,24.1484,30.0938,2.653125,2.577375,2.222375,2.191625,0,0,2.560625
2154,32,97,1,0,25.9844,28.4219,24.1016,30.0703,2.6495,2.58275,2.237125,2.205625,0,0,2.5605
2155,32,95,1,0,25.9922,28.3672,24.2031,30.0469,2.65425,2.595875,2.230375,2.2065,0,0,2.559
2156,32,94,1,0,25.9141,28.375,24.125,30.0703,2.66875,2.573375,2.2445,2.185875,0,0,2.56
2157,32,94,1,0,25.9531,28.2969,24.1562,30.1172,2.659,2.58025,2.236875,2.18925,0,0,2.560125
2158,32,96,1,0,25.9453,28.3125,24.125,30.0781,2.63925,2.587875,2.223875,2.187625,0,0,2.561
2159,32,97,1,0,25.9922,28.3906,24.1328,30.0625,2.6465,2.56725,2.219,2.205,0,0,2.559375
2160,32,97,1,1,25.8984,28.3828,24.1094,30.0938,2.63925,2.593125,2.231875,2.200625,0,0,2.561
2161,32,95,1,0,25.9062,28.3125,24.1719,30.0469,2.648,2.5905,2.247625,2.20025,0,0,2.559
2162,32,97,1,0,26.0078,28.3984,24.1875,30.0469,2.654125,2.583625,2.22025,2.188625,0,0,2.560875
2163,32,98,1,0,25.9297,28.3047,24.125,29.9844,2.6485,2.584,2.242125,2.189625,0,1,2.56
2164,32,95,1,0,26.0078,28.4062,24.1562,30.0156,2.66075,2.572875,2.234875,2.195625,0,0,2.561
2165,32,95,1,0,25.9141,28.2969,24.125,29.9922,2.648125,2.581375,2.23375,2.18,0,0,2.559625
2166,32,98,1,0,26.0,28.3125,24.0781,30.0078,2.64375,2.58,2.217125,2.2015,0,0,2.560125
2167,32,95,1,0,25.9609,28.2891,24.0859,30.0781,2.65075,2.5725,2.2365,2.186125,0,0,2.560625
2168,32,97,1,1,25.8984,28.3359,24.1484,30.0859,2.641,2.582875,2.2345,2.18875,0,0,2.55975
2169,32,98,1,0,25.875,28.3047,24.1641,30.0156,2.64875,2.569,2.2305,2.191125,0,0,2.559625
2170,32,94,1,0,25.9922,28.3906,24.1953,29.9766,2.646875,2.5655,2.23125,2.197,0,0,2.559125
2171,32,95,1,0,25.9844,28.3125,24.1797,29.9688,2.639625,2.567375,2.20925,2.197125,0,0,2.56075
2172,32,96,1,0,25.9766,28.2969,24.0703,30.0391,2.629375,2.559,2.212625,2.185875,0,0,2.55975
2173,32,98,1,0,25.8906,28.3047,24.125,30.0469,2.62975,2.57975,2.23125,2.1915,0,0,2.559
2174,32,94,1,0,25.9688,28.3359,24.1797,30.0,2.63275,2.571125,2.21225,2.191125,0,0,2.56075
2175,32,97,1,0,25.9766,28.2812,24.1641,30.0312,2.646875,2.570625,2.228875,2.175625,0,0,2.560125
2176,32,98,1,1,25.8906,28.3594,24.1328,29.9844,2.655125,2.580875,2.209875,2.1945,0,0,2.560125
2177,32,95,1,0,25.9766,28.3281,24.1328,29.9922,2.632625,2.582125,2.223375,2.18125,0,0,2.560375
2178,32,94,1,0,25.9609,28.3359,24.0781,30.0391,2.639375,2.57525,2.201625,2.1855,0,0,2.559125
2179,32,97,1,0,25.8828,28.2891,24.1562,30.0469,2.649375,2.55425,2.231,2.18775,0,0,2.55975
2180,32,98,1,0,25.9141,28.3047,24.1172,30.0312,2.626125,2.551625,2.20875,2.18275,0,0,2.560375
2181,32,98,1,0,25.8516,28.2891,24.0781,29.9844,2.649625,2.561625,2.203,2.173375,0,0,2.560375
2182,32,97,1,0,25.9297,28.3672,24.1406,30.0391,2.62425,2.573625,2.232,2.17175,0,0,2.55925
2183,32,96,1,0,25.9609,28.2969,24.125,30.0078,2.627375,2.57275,2.208,2.179,0,0,2.560375
2184,32,95,1,1,25.9062,28.3672,24.125,30.0234,2.63275,2.559875,2.232625,2.180875,0,0,2.55975
2185,32,98,1,0,25.9453,28.3359,24.0547,30.0391,2.648375,2.5515,2.23325,2.18025,0,0,2.559875
2186,32,95,1,0,25.9141,28.3438,24.0938,30.0,2.638875,2.567,2.212625,2.1755,1,0,2.559875
2187,32,96,1,0,25.9062,28.2422,24.1172,30.0547,2.635625,2.569625,2.214,2.18825,0,0,2.561
2188,32,97,1,0,25.9531,28.2734,24.1328,30.0547,2.643375,2.568,2.19675,2.1835,0,0,2.55975
2189,32,96,1,0,25.875,28.2969,24.1406,29.9375,2.6395,2.56325,2.202,2.179625,0,0,2.559375
2190,32,96,1,0,25.9375,28.3203,24.0781,29.9297,2.63525,2.54725,2.22525,2.169,0,0,2.560625
2191,32,94,1,0,25.8594,28.2891,24.0625,29.9375,2.619625,2.57025,2.218625,2.173375,0,1,2.56025
2192,32,95,1,1,25.9297,28.2734,24.0781,29.9688,2.6215,2.568875,2.228125,2.1805,0,0,2.56025
2193,32,98,1,0,25.8203,28.3125,24.0469,29.9844,2.622875,2.57,2.202125,2.176125,0,0,2.560875
2194,32,97,1,0,25.875,28.2188,24.1016,29.9922,2.638,2.54775,2.220875,2.179375,0,0,2.559625
2195,32,98,1,0,25.9375,28.2266,24.1172,30.0312,2.625125,2.571125,2.216,2.184875,0,0,2.5595
2196,32,94,1,0,25.8438,28.2734,24.0234,29.9766,2.6235,2.5425,2.21725,2.169375,0,0,2.560875
2197,32,96,1,0,25.9219,28.2969,24.0312,29.9453,2.641625,2.562375,2.1995,2.179125,0,0,2.56
2198,32,98,1,0,25.8438,28.3281,24.1016,29.9219,2.630125,2.55225,2.204125,2.172875,0,0,2.559875
2199,32,97,1,0,25.875,28.3281,24.0078,29.9922,2.62175,2.55575,2.205125,2.1785,0,0,2.56075
2200,32,96,1,1,25.8984,28.2656,24.0938,29.9453,2.636625,2.547875,2.220625,2.1795,0,0,2.55975
2201,32,95,1,0,25.8438,28.2422,24.0312,29.9062,2.617125,2.5405,2.218125,2.167,0,0,2.5605
2202,32,98,1,0,25.9141,28.2891,24.1016,29.9141,2.63275,2.54475,2.187875,2.17975,0,0,2.561
2203,32,98,1,0,25.8672,28.2656,24.0312,29.9766,2.627375,2.542,2.1945,2.1595,0,0,2.560875
2204,32,96,1,0,25.875,28.2812,24.0234,30.0156,2.625125,2.553,2.221125,2.158625,0,0,2.55925
2205,32,98,1,0,25.9141,28.3125,24.0938,29.9219,2.614,2.538,2.190625,2.1795,0,0,2.560875
2206,32,96,1,0,25.7891,28.3125,24.0469,29.8984,2.6175,2.551125,2.1955,2.17275,0,0,2.560875
2207,32,96,1,0,25.7891,28.2656,23.9844,29.9297,2.62625,2.56075,2.189125,2.16125,0,0,2.559375
2208,32,95,1,1,25.8438,28.2344,23.9844,29.9062,2.62475,2.55875,2.21325,2.16675,0,0,2.559375
2209,32,97,1,0,25.8438,28.1797,24.0234,29.9297,2.60775,2.559875,2.20575,2.16975,0,0,2.559625
2210,32,94,1,0,25.7969,28.2578,24.0078,29.9688,2.6195,2.53925,2.20675,2.159,0,0,2.559375
2211,32,97,1,0,25.8125,28.2031,24.0859,29.9531,2.61275,2.53925,2.186875,2.166,0,0,2.561
2212,32,95,1,0,25.8828,28.2734,24.0703,29.8984,2.62525,2.551625,2.1945,2.156,0,0,2.56
2213,32,97,1,0,25.8516,28.1719,23.9688,29.9766,2.612,2.532,2.210125,2.170125,0,0,2.560125
2214,32,97,1,0,25.8281,28.2578,24.0547,29.8984,2.611875,2.53575,2.197375,2.156375,0,0,2.560875
2215,32,96,1,0,25.7812,28.2031,24.0859,29.9297,2.605625,2.5305,2.21025,2.173,1,0,2.5595
2216,32,98,1,1,25.7812,28.2031,24.0156,29.9219,2.600625,2.548375,2.2025,2.1605,0,0,2.559875
2217,32,95,1,0,25.8438,28.2734,24.0234,29.9531,2.622125,2.52825,2.206125,2.15375,0,0,2.559625
2218,32,94,1,0,25.7812,28.1562,24.0156,29.8828,2.621125,2.55075,2.2055,2.15025,0,0,2.559875
2219,32,98,1,0,25.7812,28.2734,24.0234,29.8906,2.60075,2.5345,2.180875,2.1495,0,0,2.56075
2220,32,98,1,0,25.7969,28.2344,24.0,29.8438,2.598125,2.55075,2.199125,2.163875,0,0,2.560625
2221,32,97,1,0,25.8359,28.1953,24.0234,29.8516,2.613375,2.529625,2.190375,2.15925,0,0,2.559375
2222,32,95,1,0,25.7734,28.1797,23.9609,29.8984,2.612125,2.535125,2.206875,2.16025,0,0,2.56025
2223,32,95,1,0,25.7891,28.2578,24.0156,29.875,2.59625,2.52875,2.181,2.154375,0,0,2.55925
2224,32,96,1,1,25.8516,28.1328,23.9766,29.8516,2.62275,2.533,2.1925,2.153375,0,0,2.559375
2225,32,98,1,0,25.8281,28.2188,23.9297,29.8516,2.593625,2.539125,2.175875,2.163,0,0,2.559625
2226,32,98,1,0,25.7734,28.2266,23.9766,29.9062,2.601,2.548375,2.201875,2.15425,0,0,2.5605
2227,32,97,1,0,25.7812,28.1797,23.9844,29.9062,2.614375,2.5215,2.179625,2.16,0,0,2.560625
2228,32,98,1,0,25.75,28.1875,24.0391,29.9219,2.590875,2.522875,2.184125,2.16475,0,0,2.56075
2229,32,98,1,0,25.8359,28.2344,23.9531,29.9375,2.59025,2.5245,2.201375,2.158625,0,0,2.55925
2230,32,97,1,0,25.8047,28.2344,23.9219,29.9141,2.595875,2.541125,2.1825,2.144,0,0,2.559875
2231,32,94,1,0,25.7891,28.1797,24.0312,29.8594,2.59175,2.525875,2.17125,2.14925,0,0,2.559125
2232,32,96,1,1,25.7891,28.1094,23.9688,29.8594,2.59825,2.54475,2.193125,2.14375,0,0,2.560875
2233,32,97,1,0,25.7891,28.1562,23.9688,29.8203,2.604625,2.53375,2.17775,2.155,0,0,2.561
2234,32,97,1,0,25.7266,28.1016,23.8984,29.8672,2.58525,2.527875,2.184875,2.1455,0,0,2.56075
2235,32,95,1,0,25.7344,28.1484,23.9219,29.9141,2.599,2.531875,2.1815,2.144,0,0,2.55925
2236,32,94,1,0,25.7422,28.0938,23.8984,29.9141,2.59675,2.542625,2.167125,2.15125,0,0,2.560375
2237,32,98,1,0,25.7812,28.1016,23.9453,29.8672,2.59525,2.5275,2.19225,2.15825,0,0,2.559625
2238,32,96,1,0,25.7266,28.1328,23.9531,29.875,2.610875,2.514,2.192625,2.14075,0,0,2.56075
2239,32,97,1,0,25.6797,28.1328,23.8906,29.8984,2.586625,2.527375,2.170125,2.143,0,0,2.5605
2240,32,96,1,1,25.6875,28.1562,23.8906,29.8203,2.59825,2.536375,2.201125,2.145125,1,0,2.55925
2241,32,98,1,0,25.75,28.1719,23.9453,29.7969,2.601,2.53375,2.1805,2.14075,0,0,2.56
2242,32,94,1,0,25.7422,28.1328,23.8906,29.7656,2.584875,2.52525,2.1655,2.141125,0,1,2.559
2243,32,94,1,0,25.6641,28.1172,23.9062,29.8281,2.597,2.5175,2.16525,2.134875,0,0,2.561
2244,32,95,1,0,25.7109,28.1328,23.9531,29.8047,2.582625,2.53325,2.192875,2.144375,0,0,2.561
2245,32,98,1,0,25.7109,28.0547,23.8984,29.7578,2.601875,2.506375,2.184625,2.14225,0,0,2.560875
2246,32,95,1,0,25.6875,28.1719,23.8672,29.8438,2.585,2.51825,2.17125,2.1455,0,0,2.55975
2247,32,98,1,0,25.7109,28.0781,23.8672,29.8516,2.585125,2.5235,2.1715,2.15325,0,0,2.559
2248,32,94,1,1,25.6953,28.1641,23.9062,29.7578,2.601,2.514875,2.17075,2.13225,0,0,2.5595
2249,32,97,1,0,25.7031,28.0547,23.8438,29.8281,2.5845,2.5275,2.19225,2.139,0,0,2.559
2250,32,97,1,0,25.7266,28.0781,23.8516,29.8516,2.57675,2.515625,2.1665,2.130375,0,0,2.560125
2251,32,96,1,0,25.6953,28.0625,23.8516,29.8125,2.58375,2.51225,2.171,2.13225,0,0,2.559125
2252,32,97,1,0,25.6797,28.0391,23.9219,29.75,2.572875,2.510125,2.1865,2.1445,0,1,2.5595
2253,32,97,1,0,25.625,28.1328,23.8281,29.8359,2.58125,2.503875,2.164375,2.14325,0,0,2.559
2254,32,95,1,0,25.6953,28.0625,23.8906,29.7734,2.572125,2.500625,2.183125,2.143875,0,0,2.56025
2255,32,96,1,0,25.6484,28.1172,23.8906,29.7969,2.577625,2.52375,2.184125,2.13425,0,0,2.559
2256,32,97,1,1,25.6406,28.0469,23.9141,29.7109,2.568875,2.506125,2.17175,2.144625,0,0,2.559375
2257,32,94,1,0,25.6953,28.1328,23.8203,29.75,2.59175,2.526,2.18975,2.13675,0,0,2.5595
2258,32,97,1,0,25.625,28.0234,23.8438,29.7188,2.57725,2.509375,2.187375,2.125125,0,0,2.560625
2259,32,96,1,0,25.6484,28.1016,23.8594,29.7734,2.5835,2.49775,2.157375,2.143,0,0,2.559375
2260,32,95,1,0,25.5938,28.0234,23.8594,29.75,2.5925,2.518875,2.153875,2.141625,0,0,2.559375
2261,32,96,1,0,25.7109,28.0,23.8359,29.6953,2.583125,2.51475,2.18575,2.13975,0,0,2.560125
2262,32,98,1,0,25.6094,28.0312,23.8047,29.7266,2.5905,2.50675,2.16825,2.122125,0,0,2.55975
2263,32,98,1,0,25.6797,28.0938,23.8828,29.75,2.58825,2.509875,2.167,2.12275,0,0,2.56
2264,32,97,1,1,25.6562,28.0078,23.8672,29.75,2.589375,2.509,2.17125,2.12375,0,0,2.55975
2265,32,97,1,0,25.6953,27.9766,23.8828,29.6719,2.573375,2.5115,2.148,2.1255,0,0,2.56025
2266,32,97,1,0,25.6875,28.0703,23.7812,29.7188,2.587875,2.492875,2.153,2.140125,1,0,2.55975
2267,32,96,1,0,25.6719,28.0625,23.8438,29.7578,2.584625,2.51025,2.1665,2.120875,0,0,2.55925
2268,32,96,1,0,25.625,28.0703,23.8125,29.7734,2.579875,2.493,2.175125,2.137125,0,0,2.560625
2269,32,98,1,0,25.6172,28.0547,23.8203,29.7734,2.5685,2.505625,2.14475,2.1195,0,0,2.56025
2270,32,94,1,0,25.5859,28.0625,23.7812,29.7188,2.55825,2.512625,2.15325,2.122375,0,0,2.559125
2271,32,97,1,0,25.5703,28.0312,23.8594,29.6562,2.583125,2.491375,2.153375,2.133125,0,0,2.560125
2272,32,98,1,1,25.6328,28.0625,23.8516,29.7422,2.561625,2.504875,2.1505,2.1295,0,0,2.56025
2273,32,94,1,0,25.5703,28.0078,23.8203,29.7188,2.577,2.51375,2.163375,2.117625,0,0,2.55975
2274,32,95,1,0,25.625,27.9453,23.75,29.7266,2.570375,2.486375,2.1515,2.122,0,0,2.56
2275,32,95,1,0,25.5469,27.9453,23.7812,29.7109,2.579875,2.4955,2.16275,2.131625,0,0,2.560375
2276,32,94,1,0,25.5938,28.0234,23.7734,29.6875,2.574875,2.5025,2.15775,2.1285,0,0,2.559625
2277,32,96,1,0,25.5781,27.9688,23.8281,29.6562,2.56675,2.4825,2.16825,2.129125,0,0,2.560875
2278,32,94,1,0,25.6328,28.0078,23.7812,29.7344,2.57975,2.482,2.16975,2.129125,0,0,2.560375
2279,32,97,1,0,25.5469,27.9609,23.7266,29.6719,2.557375,2.482,2.172625,2.113,0,0,2.559625
2280,32,98,1,1,25.5547,27.9062,23.7031,29.6172,2.55075,2.505625,2.146625,2.12525,0,0,2.56025
2281,32,96,1,0,25.6172,27.8984,23.7031,29.6328,2.567375,2.50125,2.151375,2.12175,0,0,2.55975
2282,32,96,1,0,25.5078,27.9688,23.7188,29.6562,2.564375,2.491875,2.1525,2.11425,0,0,2.56
2283,32,95,1,0,25.5234,28.0,23.7578,29.7109,2.570625,2.49875,2.168125,2.113,0,0,2.560875
2284,32,95,1,0,25.5234,27.9766,23.7188,29.5938,2.5675,2.47975,2.138125,2.108875,0,0,2.561
2285,32,97,1,0,25.5312,27.9922,23.7891,29.6797,2.561625,2.48775,2.142125,2.127625,0,0,2.560125
2286,32,98,1,0,25.5156,27.9375,23.7969,29.6484,2.57275,2.502375,2.143125,2.12,0,0,2.55975
2287,32,98,1,0,25.5547,27.9844,23.7344,29.6172,2.5575,2.477875,2.14275,2.113125,0,0,2.560875
2288,32,97,1,1,25.4922,27.8672,23.7734,29.625,2.560875,2.497125,2.145375,2.108,0,0,2.560375
2289,32,95,1,0,25.5625,27.8672,23.6719,29.6797,2.562125,2.481875,2.133125,2.10375,0,0,2.559625
2290,32,97,1,0,25.5234,27.9062,23.6953,29.5859,2.556,2.493,2.15,2.118125,0,0,2.560625
2291,32,96,1,0,25.5078,27.8984,23.7031,29.6641,2.55025,2.47575,2.157,2.11825,0,0,2.560375
2292,32,97,1,0,25.4531,27.9453,23.7656,29.5625,2.546,2.498125,2.15325,2.104125,0,0,2.55925
2293,32,97,1,0,25.4609,27.9375,23.6797,29.5625,2.559375,2.480375,2.151375,2.1175,0,0,2.55925
2294,31,97,1,0,25.4922,27.8359,23.7422,29.5625,2.54625,2.478625,2.127,2.10325,0,0,2.561
2295,31,97,1,0,25.4375,27.8516,23.7422,29.6094,2.555875,2.468,2.161375,2.09925,0,0,2.561
2296,31,95,1,1,25.4922,27.8281,23.7266,29.5625,2.550125,2.4725,2.1505,2.11775,0,0,2.560875
2297,31,94,1,0,25.5391,27.8828,23.6797,29.5469,2.558625,2.477625,2.14275,2.100375,1,1,2.560375
2298,31,97,1,0,25.4531,27.9219,23.6328,29.625,2.5565,2.4685,2.1385,2.09875,0,0,2.56
2299,31,98,1,0,25.5312,27.8594,23.7109,29.5391,2.554625,2.48625,2.1585,2.098125,0,0,2.559125
2300,31,96,1,0,25.4141,27.8516,23.6328,29.5547,2.538875,2.468,2.125875,2.096375,0,0,2.560375
2301,31,98,1,0,25.4766,27.8906,23.6719,29.5781,2.5355,2.486375,2.141125,2.09425,0,0,2.5595
2302,31,98,1,0,25.4844,27.8438,23.6562,29.5,2.538375,2.46725,2.155625,2.105875,0,0,2.560375
2303,31,98,1,0,25.4297,27.8203,23.6094,29.5078,2.535625,2.46275,2.120875,2.099125,0,0,2.55925
2304,31,97,1,1,25.4609,27.8203,23.7031,29.5859,2.528,2.4875,2.14575,2.10525,0,0,2.55925
2305,31,95,1,0,25.4844,27.8594,23.6953,29.5391,2.538125,2.47275,2.13225,2.1115,0,0,2.561
2306,31,96,1,0,25.4219,27.8125,23.5938,29.5234,2.548625,2.46525,2.135875,2.102125,0,0,2.559875
2307,31,95,1,0,25.3828,27.8359,23.5938,29.4844,2.5475,2.4625,2.123875,2.093875,0,0,2.559875
2308,31,97,1,0,25.4609,27.8594,23.5781,29.4766,2.548375,2.455125,2.14375,2.098625,0,0,2.55925
2309,31,97,1,0,25.3906,27.7812,23.6328,29.5156,2.524125,2.48175,2.131875,2.094,0,0,2.560375
2310,31,95,1,0,25.4609,27.8672,23.5703,29.4609,2.5325,2.4585,2.15025,2.105375,0,0,2.56075
2311,31,97,1,0,25.3672,27.7734,23.6016,29.4609,2.521,2.4725,2.122875,2.08825,0,0,2.559375
2312,31,95,1,1,25.4375,27.8438,23.5781,29.5078,2.545625,2.4565,2.140375,2.101375,0,0,2.56
2313,31,95,1,0,25.3516,27.8203,23.6016,29.5,2.54725,2.4525,2.141625,2.10675,0,0,2.560375
2314,31,96,1,0,25.3828,27.8438,23.5859,29.5156,2.521125,2.46525,2.149,2.09,0,0,2.560125
2315,31,96,1,0,25.3594,27.8125,23.5312,29.5,2.541375,2.467875,2.14125,2.098125,0,0,2.559
2316,31,96,1,0,25.3984,27.8359,23.6172,29.4922,2.5415,2.467625,2.116125,2.091125,0,0,2.5605
2317,31,98,1,0,25.3516,27.7812,23.6328,29.5312,2.538,2.469,2.11925,2.09925,0,0,2.559875
2318,31,94,1,0,25.3047,27.7344,23.5469,29.4141,2.518,2.471125,2.121375,2.086625,0,0,2.5595
2319,31,98,1,0,25.3984,27.6953,23.5938,29.3984,2.542375,2.462625,2.12,2.091125,0,0,2.559625
2320,31,95,1,1,25.3203,27.7031,23.5625,29.4922,2.514,2.447375,2.123,2.086875,0,0,2.56025
2321,31,98,1,0,25.3281,27.6875,23.5234,29.4062,2.538625,2.468,2.107375,2.081125,0,0,2.56075
2322,31,95,1,0,25.3516,27.7578,23.4922,29.3828,2.54025,2.443625,2.119375,2.099875,0,0,2.5605
2323,31,97,1,0,25.2969,27.6719,23.5859,29.3906,2.523875,2.459125,2.138875,2.086125,0,0,2.559
2324,31,96,1,0,25.3359,27.6953,23.5703,29.3984,2.513375,2.45475,2.110875,2.078375,0,0,2.56025
2325,31,97,1,0,25.2734,27.7109,23.4609,29.375,2.514,2.447,2.123375,2.0825,1,0,2.560125
2326,31,95,1,0,25.3438,27.7734,23.5391,29.3828,2.53375,2.453125,2.127125,2.085125,0,0,2.559375
2327,31,98,1,0,25.3281,27.6719,23.5469,29.4609,2.51025,2.441125,2.10825,2.091875,0,0,2.56025
2328,31,98,1,1,25.3047,27.6641,23.4922,29.3438,2.510625,2.45625,2.10375,2.074125,0,0,2.55925
2329,31,95,1,0,25.3203,27.6406,23.4453,29.4375,2.50575,2.442125,2.13375,2.0735,0,0,2.560625
2330,31,97,1,0,25.3125,27.6719,23.5,29.4453,2.505375,2.441875,2.1365,2.093875,0,0,2.560625
2331,31,98,1,0,25.3359,27.6875,23.4688,29.3516,2.53125,2.4345,2.121,2.09375,0,0,2.5605
2332,31,95,1,0,25.2969,27.7188,23.4297,29.3906,2.530375,2.437375,2.118,2.074,0,0,2.559375
2333,31,96,1,0,25.2422,27.7109,23.4766,29.3125,2.515625,2.440625,2.098375,2.08875,0,0,2.56
2334,31,95,1,0,25.2266,27.7031,23.4062,29.3203,2.505125,2.44225,2.111125,2.071,0,0,2.560375
2335,31,96,1,0,25.2031,27.6406,23.4141,29.3438,2.528,2.435375,2.09525,2.088125,0,1,2.5605
2336,31,95,1,1,25.1953,27.6719,23.4375,29.3828,2.517,2.454625,2.13025,2.075375,0,0,2.560625
2337,31,97,1,0,25.2188,27.6797,23.4844,29.3359,2.524,2.4295,2.1085,2.079125,0,0,2.5605
2338,31,97,1,0,25.2031,27.6094,23.5,29.3438,2.5035,2.456875,2.1015,2.08375,0,0,2.559375
2339,31,96,1,0,25.2891,27.6016,23.4922,29.3672,2.51675,2.4405,2.098625,2.077125,0,0,2.5605
2340,31,97,1,0,25.1719,27.6719,23.3672,29.2812,2.496375,2.426375,2.0965,2.070625,0,0,2.560875
2341,31,94,1,0,25.1797,27.6641,23.4062,29.3125,2.519375,2.449,2.115625,2.06525,0,0,2.56075
2342,31,96,1,0,25.2344,27.5547,23.3828,29.3594,2.501,2.446,2.10275,2.069875,0,0,2.5605
2343,31,98,1,0,25.2109,27.5859,23.4297,29.2578,2.507375,2.444375,2.093625,2.078375,0,0,2.56025
2344,31,95,1,1,25.1719,27.6328,23.4531,29.2812,2.49425,2.422375,2.093375,2.078375,0,0,2.55925
2345,31,97,1,0,25.1328,27.5391,23.4531,29.2969,2.490125,2.437375,2.088,2.0605,0,0,2.561
2346,31,98,1,0,25.2266,27.5312,23.3516,29.3203,2.498875,2.424625,2.09625,2.077375,0,0,2.559875
2347,31,97,1,0,25.1562,27.5469,23.4219,29.25,2.49925,2.441875,2.10125,2.061875,0,0,2.560625
2348,31,96,1,0,25.1172,27.6406,23.3906,29.3281,2.497375,2.418375,2.096125,2.074125,0,0,2.5595
2349,31,98,1,0,25.1328,27.6094,23.3906,29.3125,2.497,2.438,2.099125,2.077,0,0,2.560625
2350,31,96,1,0,25.1016,27.5859,23.3438,29.2656,2.50325,2.44075,2.10825,2.07725,0,0,2.55925
2351,31,96,1,0,25.1484,27.6172,23.3984,29.2891,2.5055,2.416625,2.088375,2.057875,0,0,2.560875
2352,31,97,1,1,25.0938,27.5625,23.3438,29.2266,2.49625,2.4355,2.102125,2.066625,0,0,2.56
2353,31,98,1,0,25.1016,27.4922,23.3125,29.2031,2.488625,2.4155,2.095875,2.0755,0,0,2.55925
2354,31,98,1,0,25.1641,27.5469,23.3672,29.2734,2.494375,2.418875,2.110875,2.07525,1,0,2.56025
2355,31,98,1,0,25.1719,27.5312,23.2734,29.1719,2.492875,2.412,2.1085,2.068125,0,0,2.560375
2356,31,98,1,0,25.1797,27.5156,23.3516,29.1953,2.495,2.42425,2.084125,2.0615,0,0,2.561
2357,31,97,1,0,25.1484,27.5078,23.3594,29.1875,2.50725,2.4375,2.09225,2.068125,0,1,2.55975
2358,31,94,1,0,25.1562,27.4922,23.2578,29.2734,2.496,2.41375,2.0855,2.0575,0,0,2.56
2359,31,94,1,0,25.0547,27.5312,23.3047,29.1797,2.493375,2.417375,2.09075,2.065125,0,0,2.56025
2360,31,94,1,1,25.0781,27.5547,23.2891,29.1875,2.487875,2.4095,2.075625,2.0595,0,0,2.560625
2361,31,94,1,0,25.0469,27.5312,23.3516,29.25,2.483,2.407875,2.10475,2.05875,0,0,2.55925
2362,31,96,1,0,25.1328,27.5312,23.2344,29.2422,2.478125,2.425125,2.10475,2.068625,0,0,2.559125
2363,31,97,1,0,25.0234,27.4219,23.2266,29.2188,2.48775,2.41575,2.087125,2.053875,0,0,2.56025
2364,31,98,1,0,25.1172,27.5156,23.2109,29.1719,2.497875,2.427875,2.09775,2.058,0,0,2.560125
2365,31,95,1,0,25.0,27.4141,23.2031,29.2109,2.4735,2.412375,2.0905,2.04625,0,0,2.559375
2366,31,98,1,0,25.1172,27.4219,23.2109,29.1953,2.4735,2.423375,2.103,2.045375,0,0,2.559
2367,31,96,1,0,25.0859,27.4844,23.3047,29.1875,2.469125,2.4165,2.101875,2.052,0,0,2.559625
2368,31,96,1,1,25.0859,27.4609,23.2109,29.1797,2.46925,2.4055,2.10175,2.04225,0,0,2.559625
2369,31,96,1,0,24.9844,27.3828,23.2266,29.1328,2.4675,2.4075,2.071125,2.063125,0,0,2.560625
2370,31,95,1,0,24.9688,27.4688,23.1719,29.1562,2.476125,2.42075,2.068125,2.054125,0,0,2.5595
2371,31,97,1,0,25.0078,27.375,23.1953,29.1016,2.46825,2.40825,2.083,2.049875,0,0,2.56025
2372,31,96,1,0,24.9609,27.4219,23.1875,29.1094,2.48775,2.421625,2.080625,2.048875,0,0,2.55975
2373,31,94,1,0,25.0,27.3516,23.1562,29.1172,2.482375,2.418875,2.0925,2.048125,0,0,2.559125
2374,31,96,1,0,25.0547,27.3984,23.25,29.0391,2.476125,2.42275,2.066375,2.040375,0,0,2.559875
2375,31,97,1,0,24.9766,27.3672,23.1328,29.1484,2.4835,2.41,2.084375,2.03575,0,0,2.559375
2376,31,97,1,1,24.9844,27.4297,23.2031,29.1094,2.48325,2.4025,2.08575,2.048375,0,0,2.56
2377,31,98,1,0,24.9922,27.3359,23.1328,29.0312,2.48025,2.411875,2.082625,2.040875,0,0,2.55925
2378,31,96,1,0,24.9141,27.375,23.2109,29.1172,2.46925,2.389625,2.094,2.039375,0,0,2.56
2379,31,94,1,0,24.9062,27.3125,23.1094,29.0781,2.46225,2.39525,2.078,2.0335,0,0,2.560375
2380,31,96,1,0,24.9844,27.2891,23.1562,29.0625,2.472,2.401875,2.064625,2.040125,0,0,2.561
2381,31,97,1,0,24.9766,27.375,23.2031,28.9844,2.471375,2.408875,2.05775,2.0385,0,0,2.5595
2382,31,96,1,0,24.9766,27.3594,23.0859,29.0938,2.479125,2.409625,2.072375,2.041,0,0,2.56025
2383,31,94,1,0,24.9062,27.3828,23.1094,29.0078,2.46375,2.38975,2.075625,2.03525,0,0,2.560125
2384,31,97,1,1,24.8828,27.3438,23.1094,28.9609,2.463375,2.391625,2.073,2.0345,0,0,2.55975
2385,31,96,1,0,24.9453,27.2578,23.1484,29.0625,2.467125,2.390625,2.071,2.032375,0,0,2.559625
2386,31,97,1,0,24.9609,27.2578,23.1641,29.0078,2.461,2.382125,2.086125,2.03,0,0,2.559125
2387,31,95,1,0,24.8516,27.3594,23.1328,29.0078,2.4495,2.396125,2.062,2.042875,0,0,2.55975
2388,31,94,1,0,24.8906,27.2344,23.1484,28.9688,2.471375,2.404625,2.054,2.026375,0,0,2.560625
2389,31,97,1,0,24.9375,27.3281,23.1016,28.9219,2.455875,2.396125,2.068375,2.040875,0,0,2.5605
2390,31,98,1,0,24.9141,27.2734,23.1406,28.9766,2.455625,2.4025,2.085875,2.035875,0,0,2.5595
2391,31,95,1,0,24.8594,27.2422,23.1328,28.9922,2.469625,2.402875,2.075125,2.04,0,0,2.559375
2392,31,94,1,1,24.8203,27.2031,23.0078,28.9531,2.460875,2.38625,2.071,2.039625,0,0,2.559
2393,31,95,1,0,24.8672,27.2031,23.1172,28.9766,2.465125,2.40075,2.07925,2.031625,0,0,2.560875
2394,31,97,1,0,24.8281,27.2734,23.0156,28.9922,2.44675,2.395375,2.051375,2.033125,0,0,2.56025
2395,31,94,1,0,24.7812,27.1875,23.1016,28.9297,2.465,2.3815,2.05,2.0315,0,0,2.55925
2396,31,96,1,0,24.8906,27.2812,23.0391,28.9531,2.46375,2.382,2.0735,2.033625,0,0,2.56025
2397,31,97,1,0,24.8047,27.2109,23.0391,28.9609,2.437375,2.385875,2.071,2.021125,0,1,2.560875
2398,31,96,1,0,24.8438,27.2656,22.9844,28.9375,2.451875,2.37675,2.04925,2.0325,0,0,2.561
2399,31,94,1,0,24.8281,27.2188,23.0078,28.9453,2.46325,2.395125,2.07125,2.0255,1,0,2.559
2400,31,96,1,1,24.8359,27.25,22.9375,28.9375,2.459125,2.39225,2.0655,2.017125,0,0,2.5595
2401,31,96,1,0,24.8125,27.2188,23.0547,28.8984,2.456875,2.37325,2.072375,2.025625,0,0,2.559125
2402,31,97,1,0,24.75,27.1562,23.0156,28.9219,2.442875,2.37275,2.045125,2.01975,0,0,2.559375
2403,31,94,1,0,24.7578,27.2266,23.0078,28.9375,2.448375,2.37125,2.074625,2.023625,0,0,2.559625
2404,31,97,1,0,24.7344,27.2188,23.0234,28.8281,2.439625,2.375625,2.06075,2.012375,0,0,2.559375
2405,31,98,1,0,24.8125,27.1562,23.0078,28.7969,2.451875,2.379625,2.062625,2.011125,0,0,2.56075
2406,31,95,1,0,24.7344,27.0938,22.9375,28.8125,2.43875,2.370125,2.048,2.010625,0,0,2.55925
2407,31,95,1,0,24.7812,27.1641,22.9844,28.8047,2.445,2.36425,2.040125,2.009875,0,0,2.560625
2408,31,95,1,1,24.7578,27.1875,22.9453,28.8438,2.43225,2.376375,2.047625,2.029375,0,0,2.55925
2409,31,94,1,0,24.7656,27.1328,22.9141,28.7656,2.437375,2.37525,2.05025,2.018,0,0,2.55975
2410,31,97,1,0,24.75,27.1484,22.8906,28.7656,2.44575,2.36875,2.036125,2.02725,0,0,2.5605
2411,31,98,1,0,24.6719,27.1328,22.9062,28.7891,2.434875,2.3665,2.030125,2.0055,0,0,2.560875
2412,31,96,1,0,24.7656,27.1484,22.8516,28.7656,2.43025,2.38,2.046,2.0105,0,0,2.55925
2413,31,96,1,0,24.7344,27.125,22.8828,28.8125,2.420875,2.36125,2.0325,2.016875,0,0,2.55925
2414,31,98,1,0,24.625,27.1484,22.9219,28.7734,2.431375,2.363125,2.045375,2.01025,0,0,2.55975
2415,31,96,1,0,24.6875,27.0781,22.9297,28.8047,2.439375,2.367375,2.0385,2.0065,0,0,2.560375
2416,31,94,1,1,24.6484,27.0391,22.8359,28.7188,2.4435,2.366,2.0435,2.00275,1,0,2.560875
2417,31,97,1,0,24.6016,27.0,22.9141,28.7969,2.44025,2.35025,2.057625,2.00925,0,0,2.561
2418,31,98,1,0,24.6328,27.0703,22.9141,28.7734,2.433,2.367875,2.058375,2.0015,0,0,2.561
2419,31,96,1,0,24.6953,27.0703,22.8672,28.7734,2.423375,2.373375,2.024875,2.014125,0,0,2.559125
2420,31,96,1,0,24.6016,27.0547,22.8516,28.7812,2.4125,2.353625,2.055125,1.998375,0,1,2.56
2421,31,97,1,0,24.6562,27.0547,22.8828,28.75,2.432125,2.364375,2.053375,2.0155,0,0,2.560125
2422,31,96,1,0,24.6172,27.0781,22.8359,28.7578,2.4355,2.3685,2.05325,2.000875,0,0,2.560375
2423,31,97,1,0,24.6016,27.0,22.8594,28.7422,2.414375,2.364875,2.036,2.011875,0,0,2.560375
2424,31,98,1,1,24.5391,27.0234,22.8594,28.6875,2.41725,2.346125,2.055,1.998,0,0,2.560625
2425,31,95,1,0,24.6406,27.0391,22.7812,28.7344,2.422875,2.34075,2.028375,2.0,0,0,2.56075
2426,31,95,1,0,24.6328,26.9453,22.7734,28.7422,2.421125,2.36025,2.029375,2.0035,0,0,2.560125
2427,31,94,1,0,24.5859,26.9531,22.8125,28.7031,2.4225,2.338625,2.018625,2.000375,0,0,2.559
2428,31,94,1,0,24.6094,26.9297,22.7344,28.7031,2.432625,2.359625,2.02125,1.992125,0,0,2.55975
2429,31,97,1,0,24.6172,26.9375,22.7656,28.6875,2.4265,2.339875,2.0355,2.008375,0,0,2.559375
2430,31,98,1,0,24.6016,26.9531,22.7422,28.7109,2.428875,2.3515,2.02125,1.99275,0,0,2.561
2431,31,97,1,0,24.5078,26.9375,22.7891,28.6719,2.429125,2.35025,2.048125,1.98875,0,0,2.560625
2432,31,97,1,1,24.5156,26.8906,22.7656,28.6797,2.40575,2.35675,2.020875,2.007125,0,0,2.559125
2433,31,98,1,0,24.5312,26.9297,22.6953,28.6641,2.398125,2.345375,2.0215,1.997625,0,0,2.560875
2434,31,98,1,0,24.4531,26.9375,22.6562,28.5625,2.401375,2.351,2.022,1.989,0,0,2.560375
2435,31,98,1,0,24.4766,26.9531,22.7266,28.5469,2.42025,2.35325,2.043,1.98275,0,0,2.56075
2436,30,95,1,0,24.5,26.8359,22.6562,28.5547,2.411125,2.3385,2.022125,1.9875,0,0,2.559375
2437,30,94,1,0,24.5469,26.8359,22.7188,28.6484,2.4065,2.3445,2.016375,1.9915,0,0,2.559875
2438,30,95,1,0,24.4688,26.8281,22.6797,28.5625,2.402375,2.334625,2.013625,1.99775,0,0,2.559
2439,30,98,1,0,24.4609,26.9297,22.7031,28.6172,2.40875,2.32975,2.008875,1.98825,0,0,2.56
2440,30,98,1,1,24.5234,26.8203,22.7031,28.6094,2.40275,2.324625,2.0065,1.981875,0,0,2.559375
2441,30,96,1,0,24.3906,26.8828,22.6641,28.5703,2.402125,2.342875,2.00825,1.999,0,0,2.559375
2442,30,96,1,0,24.4844,26.7969,22.6328,28.4922,2.41475,2.324625,2.037125,1.9895,0,0,2.560875
2443,30,94,1,0,24.4062,26.8125,22.6016,28.4922,2.4135,2.329,2.03725,1.98225,1,0,2.560625
2444,30,96,1,0,24.4688,26.8359,22.5938,28.4688,2.39525,2.32925,2.02575,1.994,0,0,2.561
2445,30,98,1,0,24.4766,26.7969,22.5859,28.4531,2.38825,2.34775,2.002625,1.994125,0,0,2.561
2446,30,95,1,0,24.3594,26.8594,22.6641,28.4453,2.38325,2.345375,2.015,1.9855,0,0,2.5605
2447,30,98,1,0,24.3672,26.7969,22.5859,28.5547,2.38925,2.342,2.012625,1.98325,0,0,2.56075
2448,30,97,1,1,24.4219,26.7422,22.5469,28.5312,2.396875,2.329625,2.015875,1.97175,0,0,2.56075
2449,30,94,1,0,24.3828,26.7578,22.5703,28.4219,2.386375,2.322,1.996875,1.98025,0,0,2.560875
2450,30,98,1,0,24.4141,26.7578,22.5781,28.5234,2.404875,2.333875,2.0275,1.970125,0,0,2.560625
2451,30,94,1,0,24.4141,26.8125,22.5781,28.5,2.379875,2.326875,2.022,1.971875,0,0,2.56025
2452,30,94,1,0,24.3281,26.7031,22.5,28.4609,2.402125,2.32425,2.01975,1.9795,0,1,2.560125
2453,30,96,1,0,24.3828,26.8047,22.5859,28.5,2.394875,2.31125,2.008,1.968875,0,0,2.559375
2454,30,94,1,0,24.2969,26.7109,22.4922,28.4141,2.380375,2.3295,2.017375,1.985,0,0,2.55925
2455,30,94,1,0,24.3047,26.7031,22.5469,28.4219,2.376375,2.324375,2.01175,1.975625,0,0,2.56
2456,30,96,1,1,24.3359,26.7578,22.4766,28.375,2.374125,2.32975,1.999125,1.979375,0,0,2.560625
2457,30,97,1,0,24.2656,26.7188,22.5391,28.375,2.372125,2.313875,2.011,1.971,0,0,2.561
2458,30,98,1,0,24.2734,26.7578,22.4531,28.3984,2.387375,2.325625,1.99325,1.976625,0,0,2.55975
2459,30,95,1,0,24.2578,26.75,22.4453,28.3359,2.395625,2.315625,2.005625,1.96725,0,0,2.560375
2460,30,97,1,0,24.2188,26.6953,22.5078,28.3203,2.37,2.30225,2.004,1.960625,0,0,2.560375
2461,30,97,1,0,24.2656,26.6641,22.4844,28.3984,2.39475,2.301375,1.993125,1.965625,0,0,2.559625
2462,30,96,1,0,24.2266,26.7188,22.4453,28.4219,2.392125,2.30325,1.98875,1.96075,0,0,2.559125
2463,30,94,1,0,24.3125,26.6094,22.4297,28.3516,2.379125,2.320125,1.992875,1.9715,0,0,2.561
2464,30,96,1,1,24.2266,26.6719,22.4297,28.3672,2.380875,2.307875,1.984625,1.9635,0,0,2.559375
2465,30,98,1,0,24.2031,26.6484,22.4062,28.2969,2.37275,2.30525,1.994125,1.964375,0,0,2.56025
2466,30,98,1,0,24.2109,26.6328,22.3672,28.2812,2.3735,2.322625,2.002,1.95425,0,0,2.559875
2467,30,95,1,0,24.2109,26.6328,22.4219,28.2578,2.35775,2.2935,1.998875,1.953375,0,0,2.55975
2468,30,97,1,0,24.2188,26.6484,22.4609,28.2734,2.384,2.3,1.985625,1.958875,0,0,2.560875
2469,30,98,1,0,24.2109,26.6484,22.3281,28.2734,2.374125,2.301625,1.976625,1.970375,0,0,2.559125
2470,30,96,1,0,24.1484,26.6406,22.3203,28.2891,2.35825,2.29025,1.987875,1.9655,0,0,2.55925
2471,30,94,1,0,24.1094,26.5312,22.4297,28.25,2.360375,2.289625,1.99575,1.95725,0,0,2.559625
2472,30,95,1,1,24.1719,26.5156,22.4219,28.2188,2.372875,2.31675,1.974625,1.96925,1,0,2.56025
2473,30,97,1,0,24.1719,26.5,22.3828,28.2734,2.371625,2.30975,1.97525,1.955375,0,0,2.560125
2474,30,97,1,0,24.1953,26.4844,22.3594,28.2344,2.362875,2.288,1.97875,1.9515,0,0,2.560375
2475,30,97,1,0,24.1797,26.5859,22.2891,28.2891,2.360875,2.31175,1.993875,1.9655,0,0,2.559875
2476,30,97,1,0,24.1094,26.4844,22.3828,28.1953,2.370625,2.2885,1.98425,1.94325,0,0,2.55925
2477,30,98,1,0,24.1641,26.5547,22.25,28.2344,2.361,2.294125,1.988,1.95025,0,1,2.5595
2478,30,95,1,0,24.0469,26.5312,22.2812,28.1562,2.369125,2.286,1.99425,1.963125,0,0,2.56025
2479,30,96,1,0,24.0938,26.4453,22.2656,28.1719,2.34675,2.306125,1.987,1.948,0,0,2.559125
2480,30,96,1,1,24.0469,26.4531,22.2266,28.1562,2.36325,2.296625,1.969125,1.9525,0,0,2.55975
2481,30,94,1,0,24.0156,26.4844,22.2812,28.1641,2.368875,2.298875,1.991375,1.9585,0,0,2.559875
2482,30,96,1,0,24.125,26.4297,22.3203,28.1172,2.347875,2.28725,1.9625,1.942625,0,0,2.559875
2483,30,98,1,0,24.1016,26.3906,22.2812,28.1406,2.34125,2.289,1.979875,1.939,0,0,2.5605
2484,30,96,1,0,24.0469,26.4766,22.25,28.1328,2.363,2.284625,1.986375,1.938375,0,0,2.55925
2485,30,96,1,0,24.0469,26.3828,22.1719,28.1016,2.349625,2.277,1.9835,1.952125,0,0,2.559125
2486,30,97,1,0,23.9922,26.375,22.2109,28.1562,2.3545,2.293,1.978375,1.936875,0,0,2.561
2487,30,96,1,0,24.0703,26.4297,22.2422,28.0547,2.334625,2.2875,1.96175,1.937875,0,0,2.560625
2488,30,95,1,1,23.9922,26.3906,22.2266,28.125,2.34925,2.270375,1.98375,1.95225,0,0,2.55975
2489,30,95,1,0,24.0312,26.3906,22.1953,28.0625,2.354125,2.269125,1.955875,1.936375,0,0,2.559375
2490,30,97,1,0,23.9453,26.4062,22.2031,28.0703,2.336,2.2685,1.96875,1.941875,0,0,2.561
2491,30,96,1,0,24.0312,26.4219,22.2109,28.1328,2.343875,2.280875,1.966625,1.94025,0,0,2.560125
2492,30,96,1,0,23.8984,26.3594,22.1328,28.0703,2.335625,2.28825,1.97825,1.93375,0,0,2.559375
2493,30,96,1,0,23.9219,26.2891,22.2031,28.0,2.33475,2.288625,1.971,1.931625,0,0,2.56075
2494,30,95,1,0,23.9141,26.3438,22.0781,28.0703,2.341,2.291375,1.971625,1.925375,0,0,2.5605
2495,30,96,1,0,23.9922,26.2734,22.125,28.0,2.343625,2.273,1.96225,1.928,0,0,2.561
2496,30,97,1,1,23.9141,26.3281,22.125,27.9609,2.34,2.28675,1.9475,1.92475,0,0,2.56
2497,30,97,1,0,23.9531,26.3594,22.0625,28.0078,2.324625,2.27125,1.95425,1.940875,0,1,2.56
2498,30,95,1,0,23.8672,26.3281,22.1172,28.0,2.327125,2.267625,1.948625,1.932375,0,0,2.559
2499,30,94,1,0,23.9062,26.2812,22.0703,28.0391,2.325,2.269875,1.96075,1.935375,0,0,2.55975
2500,30,94,1,0,23.8828,26.2734,22.0391,28.0078,2.34275,2.26275,1.950375,1.93775,0,0,2.5595
2501,30,97,1,0,23.8984,26.2969,22.0781,27.9688,2.336125,2.25625,1.95325,1.923125,0,0,2.56
2502,30,96,1,0,23.9219,26.1953,22.0312,27.9219,2.324875,2.279,1.97425,1.92325,0,0,2.559125
2503,30,97,1,0,23.8984,26.2109,22.0781,27.9375,2.34125,2.279125,1.951,1.9185,1,0,2.55975
2504,30,94,1,1,23.7891,26.2969,21.9766,27.9375,2.32775,2.275,1.953375,1.91775,0,0,2.56075
2505,30,98,1,0,23.7656,26.2578,21.9766,27.9375,2.32275,2.2535,1.965375,1.918375,0,0,2.560625
2506,30,97,1,0,23.7969,26.2578,22.0,27.9453,2.3385,2.262625,1.938375,1.92125,0,0,2.561
2507,30,94,1,0,23.7656,26.1875,22.0547,27.9531,2.324875,2.271875,1.94925,1.92325,0,0,2.559625
2508,30,98,1,0,23.7344,26.1328,21.9453,27.9453,2.3165,2.2545,1.962375,1.9115,0,0,2.560375
2509,30,98,1,0,23.7266,26.125,21.9219,27.8828,2.315875,2.256125,1.9685,1.91075,0,0,2.55925
2510,30,94,1,0,23.7109,26.1953,22.0078,27.9219,2.323625,2.243125,1.96325,1.9285,0,0,2.561
2511,30,96,1,0,23.75,26.125,21.9219,27.9219,2.317875,2.264,1.966875,1.9085,0,0,2.56
2512,30,98,1,1,23.8125,26.1562,21.9219,27.7891,2.30775,2.266375,1.93025,1.927,0,0,2.5605
2513,30,97,1,0,23.75,26.1484,21.9688,27.8281,2.33075,2.251625,1.9555,1.9215,0,0,2.559375
2514,30,97,1,0,23.75,26.1484,21.9531,27.8906,2.327375,2.256,1.936625,1.912375,0,0,2.559
2515,30,98,1,0,23.7734,26.0703,21.8672,27.8281,2.3095,2.252,1.941125,1.922625,0,0,2.56
2516,30,97,1,0,23.7578,26.0703,21.8906,27.8672,2.323125,2.243,1.93725,1.914,0,0,2.56
2517,30,96,1,0,23.6484,26.0781,21.9609,27.8516,2.3125,2.244375,1.93825,1.906,0,0,2.56075
2518,30,94,1,0,23.6484,26.0469,21.875,27.7344,2.309125,2.2395,1.947625,1.91825,0,0,2.561
2519,30,98,1,0,23.6406,26.0391,21.8906,27.7891,2.303875,2.251375,1.95375,1.904875,0,0,2.5595
2520,30,97,1,1,23.6172,26.1094,21.9297,27.8281,2.295375,2.23025,1.92675,1.904125,0,0,2.560875
2521,30,97,1,0,23.6875,26.1172,21.8516,27.7812,2.305625,2.23825,1.9535,1.9155,0,0,2.559625
2522,30,98,1,0,23.5938,26.0234,21.8672,27.7734,2.290875,2.25175,1.94375,1.906375,0,0,2.559375
2523,30,98,1,0,23.5938,26.0625,21.8047,27.6719,2.302125,2.242,1.927625,1.911,0,0,2.559375
2524,30,94,1,0,23.6016,26.0234,21.7812,27.6719,2.296625,2.243375,1.92775,1.905875,0,0,2.559875
2525,30,96,1,0,23.6484,25.9531,21.7891,27.7344,2.297375,2.236625,1.924875,1.898125,0,0,2.560625
2526,30,96,1,0,23.5781,25.9766,21.7734,27.6797,2.2955,2.24425,1.942125,1.904625,0,0,2.56025
2527,30,96,1,0,23.5859,26.0391,21.8516,27.7188,2.308,2.246375,1.932125,1.909125,0,0,2.56
2528,30,95,1,1,23.6094,25.9766,21.7812,27.6562,2.28625,2.236875,1.92125,1.905375,0,1,2.55975
2529,30,96,1,0,23.6094,25.9375,21.7266,27.7031,2.2825,2.228,1.91875,1.89925,0,0,2.560875
2530,30,95,1,0,23.5469,26.0156,21.7188,27.6953,2.280875,2.230125,1.94525,1.89925,0,0,2.56025
2531,30,94,1,0,23.4922,25.9062,21.7031,27.7031,2.30525,2.226375,1.944125,1.893375,0,0,2.559125
2532,30,95,1,0,23.5,25.9766,21.6719,27.5938,2.283,2.241375,1.94475,1.906,0,0,2.560375
2533,30,95,1,0,23.5859,25.8906,21.7188,27.6719,2.29575,2.21925,1.909,1.8875,0,0,2.560125
2534,30,98,1,0,23.4688,25.8984,21.7734,27.5547,2.284875,2.223625,1.922875,1.893625,0,0,2.561
2535,29,95,1,0,23.5469,25.8359,21.6875,27.6328,2.291125,2.218625,1.924375,1.883,0,0,2.560875
2536,29,96,1,1,23.5469,25.8906,21.6875,27.5391,2.288625,2.239125,1.919875,1.902125,0,0,2.5605
2537,29,97,1,0,23.4375,25.9297,21.6562,27.5938,2.28725,2.225375,1.927875,1.9,0,0,2.56
2538,29,95,1,0,23.4688,25.9062,21.6484,27.5625,2.29075,2.210625,1.904875,1.895,0,0,2.560875
2539,29,94,1,0,23.4375,25.8516,21.7031,27.5312,2.294625,2.216625,1.915625,1.881,0,0,2.560125
2540,29,98,1,0,23.4141,25.7891,21.6953,27.4844,2.2855,2.219375,1.929375,1.89125,0,0,2.56025
2541,29,96,1,0,23.4141,25.8594,21.625,27.5078,2.292125,2.23275,1.92225,1.877875,0,0,2.56
2542,29,97,1,0,23.4062,25.8281,21.5625,27.4609,2.272125,2.2235,1.899,1.87575,0,0,2.559375
2543,29,94,1,0,23.3516,25.7969,21.6172,27.4922,2.2825,2.216875,1.91375,1.87775,0,0,2.5595
2544,29,94,1,1,23.4062,25.8281,21.5547,27.5,2.2905,2.212,1.895875,1.88325,0,0,2.561
2545,29,97,1,0,23.4219,25.7422,21.6484,27.4766,2.282125,2.201375,1.932125,1.887,0,0,2.56075
2546,29,95,1,0,23.3516,25.7969,21.5547,27.5156,2.2625,2.21075,1.90375,1.889375,0,0,2.560625
2547,29,94,1,0,23.4062,25.7891,21.5547,27.5,2.261125,2.20425,1.9255,1.884125,0,0,2.5595
2548,29,96,1,0,23.2891,25.7344,21.5312,27.3906,2.264625,2.197,1.922625,1.868875,1,0,2.55975
2549,29,95,1,0,23.3828,25.7812,21.6016,27.3984,2.26025,2.195875,1.91875,1.871375,0,0,2.56
2550,29,96,1,0,23.3672,25.75,21.5781,27.4453,2.275375,2.217,1.91375,1.876,0,0,2.559625
2551,29,98,1,0,23.3438,25.6562,21.5,27.4375,2.275625,2.19325,1.900875,1.873,0,0,2.560375
2552,29,98,1,1,23.3672,25.7422,21.5234,27.4141,2.261875,2.21725,1.910375,1.867,0,0,2.55975
2553,29,97,1,0,23.3203,25.6562,21.5156,27.4219,2.255375,2.208,1.90925,1.8765,0,0,2.5605
2554,29,95,1,0,23.3125,25.7188,21.4219,27.4375,2.25775,2.191,1.889,1.87275,0,0,2.56025
2555,29,95,1,0,23.3281,25.6484,21.5312,27.3828,2.27425,2.192125,1.896375,1.869625,0,0,2.56
2556,29,97,1,0,23.1953,25.6094,21.5078,27.2969,2.26825,2.194,1.88475,1.8645,0,0,2.559375
2557,29,94,1,0,23.1875,25.625,21.4453,27.3828,2.268625,2.211,1.91025,1.863,0,0,2.560875
2558,29,95,1,0,23.1875,25.5859,21.3906,27.3359,2.263625,2.200375,1.895875,1.875125,0,0,2.559875
2559,29,94,1,0,23.2656,25.625,21.4531,27.375,2.24425,2.1975,1.914125,1.877,0,0,2.5595
2560,29,95,1,1,23.1484,25.6094,21.4609,27.3594,2.261125,2.196375,1.911375,1.86575,0,0,2.559375
2561,29,95,1,0,23.2266,25.6016,21.4453,27.3047,2.260875,2.18075,1.89275,1.855125,0,0,2.559375
2562,29,94,1,0,23.1328,25.5469,21.3359,27.3281,2.239625,2.176875,1.87625,1.85525,0,0,2.56075
2563,29,95,1,0,23.2031,25.5781,21.375,27.3281,2.259125,2.200125,1.912,1.872125,0,0,2.561
2564,29,94,1,0,23.2188,25.6094,21.4219,27.2344,2.252125,2.18975,1.89725,1.868875,0,0,2.56075
2565,29,98,1,0,23.1094,25.5078,21.3281,27.2109,2.25125,2.176125,1.901,1.850375,0,0,2.559875
2566,29,97,1,0,23.0781,25.5312,21.3516,27.2891,2.242875,2.200125,1.88,1.848125,0,0,2.559125
2567,29,94,1,0,23.1094,25.4766,21.3047,27.2344,2.25225,2.19125,1.901375,1.848875,0,0,2.559375
2568,29,94,1,1,23.0547,25.5234,21.3438,27.1875,2.257375,2.179,1.884375,1.847375,0,0,2.559
2569,29,98,1,0,23.0547,25.5234,21.2422,27.2344,2.256625,2.173625,1.894375,1.8645,0,0,2.55925
2570,29,94,1,0,23.0703,25.5391,21.2969,27.1328,2.228875,2.182,1.888,1.8475,0,1,2.5595
2571,29,96,1,0,23.125,25.4219,21.3281,27.1172,2.23625,2.191625,1.882125,1.86,0,0,2.559
2572,29,98,1,0,23.1172,25.4453,21.2578,27.1562,2.22425,2.16825,1.88925,1.84325,0,0,2.559875
2573,29,98,1,0,23.0078,25.4922,21.2969,27.1328,2.225875,2.1645,1.898875,1.858375,0,0,2.56075
2574,29,98,1,0,22.9844,25.4922,21.2031,27.0781,2.24375,2.185,1.87775,1.84025,0,0,2.5595
2575,29,98,1,0,23.0,25.3906,21.25,27.1094,2.231375,2.161125,1.8785,1.847875,0,0,2.559125
2576,29,95,1,1,23.0078,25.3594,21.1562,27.1484,2.24125,2.185125,1.87,1.846625,0,0,2.559625
2577,29,95,1,0,22.9922,25.4688,21.1641,27.0469,2.2465,2.168875,1.892375,1.8435,1,0,2.55925
2578,29,97,1,0,22.9531,25.3906,21.1797,27.0547,2.2315,2.1765,1.877125,1.841875,0,0,2.559625
2579,29,98,1,0,23.0078,25.3906,21.1328,27.1016,2.21875,2.168125,1.890625,1.842875,0,0,2.5605
2580,29,95,1,0,22.9062,25.3594,21.1719,27.0469,2.24275,2.161375,1.860625,1.836375,0,0,2.56025
2581,29,97,1,0,22.9297,25.3594,21.1797,27.1094,2.2255,2.15825,1.876875,1.84725,0,0,2.560125
2582,29,97,1,0,22.9844,25.375,21.1172,26.9922,2.219875,2.157625,1.873125,1.84975,0,0,2.559125
2583,29,97,1,0,22.9141,25.3906,21.125,27.0703,2.212,2.17775,1.864375,1.850625,0,0,2.559625
2584,29,94,1,1,22.9766,25.3672,21.0703,26.9766,2.22575,2.16175,1.860625,1.83525,0,0,2.559
2585,29,98,1,0,22.9375,25.2656,21.1328,27.0234,2.212875,2.165375,1.86125,1.847875,0,0,2.55925
2586,29,98,1,0,22.8359,25.3516,21.0859,27.0156,2.225,2.161375,1.868875,1.8375,0,0,2.559
2587,29,94,1,0,22.9375,25.2578,21.125,26.9922,2.2055,2.1585,1.860625,1.8395,0,0,2.56025
2588,29,98,1,0,22.8594,25.2266,21.0625,27.0156,2.23075,2.15475,1.861125,1.841875,0,0,2.559125
2589,29,97,1,0,22.8047,25.2969,21.0391,26.9688,2.22075,2.150375,1.87825,1.83275,0,0,2.559125
2590,29,95,1,0,22.8516,25.2422,21.0,26.9141,2.217625,2.150125,1.85075,1.84075,0,0,2.5605
2591,29,94,1,0,22.8281,25.2422,21.0312,26.9375,2.214875,2.142125,1.86775,1.840625,0,0,2.55925
2592,29,95,1,1,22.7578,25.2109,21.0,26.8984,2.22325,2.1565,1.841125,1.8305,0,0,2.559875
2593,29,96,1,0,22.8594,25.2188,21.0078,26.9062,2.21575,2.15725,1.85075,1.8195,0,0,2.559125
2594,29,95,1,0,22.7969,25.1562,20.9453,26.8906,2.196625,2.1385,1.86975,1.8245,1,0,2.56025
2595,29,95,1,0,22.7734,25.1797,20.9531,26.8438,2.200875,2.15875,1.864,1.826875,0,0,2.559
2596,29,94,1,0,22.7656,25.1641,21.0312,26.9297,2.213125,2.142125,1.836875,1.827,0,0,2.559
2597,29,94,1,0,22.7734,25.1641,21.0156,26.8516,2.205375,2.137,1.8525,1.821,0,0,2.559375
2598,29,98,1,0,22.75,25.125,20.9531,26.7812,2.191375,2.1445,1.84325,1.826,0,0,2.559875
2599,29,98,1,0,22.7266,25.0781,20.8672,26.8516,2.214875,2.131375,1.870125,1.817,0,0,2.5595
2600,29,96,1,1,22.6641,25.1172,20.9453,26.8438,2.2,2.12975,1.8675,1.82825,0,0,2.560375
2601,29,97,1,0,22.6719,25.0703,20.8438,26.8672,2.194375,2.153,1.86075,1.813125,0,0,2.560625
2602,29,96,1,0,22.6797,25.0547,20.8281,26.8438,2.196375,2.122875,1.865,1.8265,0,0,2.561
2603,29,94,1,0,22.7188,25.0312,20.8594,26.7969,2.186125,2.137,1.84075,1.825375,0,0,2.55975
2604,29,96,1,0,22.7266,25.0156,20.8984,26.7422,2.191625,2.128875,1.844625,1.821875,0,0,2.559
2605,29,96,1,0,22.6094,25.0312,20.8516,26.7891,2.188,2.1375,1.843375,1.822125,0,1,2.56075
2606,29,97,1,0,22.7031,25.0078,20.7812,26.7266,2.17875,2.134125,1.858375,1.802625,0,0,2.559125
2607,29,96,1,0,22.5859,24.9844,20.8359,26.7188,2.202125,2.139125,1.833,1.80125,0,0,2.56
2608,29,96,1,1,22.6016,25.0547,20.8125,26.6719,2.18125,2.11775,1.82825,1.815875,0,0,2.559
2609,29,94,1,0,22.6484,25.0391,20.7578,26.7578,2.189375,2.12375,1.836375,1.808625,0,0,2.559375
2610,29,94,1,0,22.5547,24.9688,20.7969,26.6406,2.19375,2.127375,1.856625,1.81025,0,0,2.55925
2611,29,96,1,0,22.5625,25.0234,20.8047,26.6875,2.198125,2.112625,1.834125,1.808625,1,0,2.5605
2612,29,94,1,0,22.625,24.9609,20.75,26.6406,2.17425,2.1285,1.83275,1.79825,0,0,2.559
2613,29,97,1,0,22.5391,24.9453,20.6953,26.625,2.179125,2.111375,1.825625,1.796125,0,0,2.560375
2614,29,97,1,0,22.5781,24.9062,20.6953,26.6953,2.17425,2.114875,1.824,1.798875,0,0,2.56075
2615,29,96,1,0,22.4844,24.9219,20.7422,26.6797,2.18775,2.110375,1.8485,1.807375,0,0,2.55925
2616,29,95,1,1,22.5469,24.9297,20.6484,26.5625,2.18825,2.124125,1.813625,1.79775,0,0,2.559625
2617,28,94,1,0,22.5156,24.875,20.6562,26.5781,2.18175,2.13025,1.828125,1.8105,0,0,2.55925
2618,28,95,1,0,22.4297,24.8516,20.7109,26.6328,2.184375,2.11225,1.827125,1.8045,0,0,2.559875
2619,28,97,1,0,22.4219,24.8359,20.6562,26.5781,2.160375,2.1175,1.842875,1.808,0,1,2.560125
2620,28,95,1,0,22.4375,24.8438,20.6172,26.5,2.18225,2.1065,1.81425,1.790625,0,0,2.5605
2621,28,94,1,0,22.4922,24.8828,20.625,26.5547,2.1815,2.112125,1.818125,1.79175,0,0,2.56
2622,28,97,1,0,22.3906,24.8125,20.6328,26.5781,2.1575,2.107375,1.806,1.790125,0,0,2.56075
2623,28,98,1,0,22.4375,24.7969,20.6094,26.5547,2.172125,2.119125,1.810125,1.794375,0,0,2.56025
2624,28,94,1,1,22.3828,24.8203,20.5859,26.5234,2.161625,2.112875,1.81175,1.798375,0,0,2.560625
2625,28,95,1,0,22.4375,24.7812,20.6172,26.4688,2.177,2.105875,1.82175,1.78725,0,0,2.559375
2626,28,95,1,0,22.4297,24.7734,20.5625,26.5156,2.171125,2.117875,1.82725,1.791,0,0,2.560875
2627,28,94,1,0,22.3828,24.7969,20.625,26.4531,2.161125,2.09375,1.82225,1.797875,0,0,2.560625
2628,28,98,1,0,22.3359,24.7578,20.6016,26.4766,2.1565,2.099625,1.798625,1.796875,0,0,2.560375
2629,28,95,1,0,22.3594,24.7969,20.5,26.4453,2.170125,2.10325,1.807875,1.79475,0,0,2.55925
2630,28,97,1,0,22.2812,24.7812,20.5859,26.4219,2.143875,2.108375,1.829625,1.78925,0,0,2.559625
2631,28,94,1,0,22.2969,24.6953,20.5078,26.4688,2.1435,2.09075,1.796,1.78525,0,0,2.560375
2632,28,98,1,1,22.2969,24.7344,20.4844,26.3828,2.141375,2.0855,1.81825,1.7735,0,0,2.559625
2633,28,98,1,0,22.25,24.7188,20.5312,26.3906,2.1445,2.096625,1.82225,1.77475,0,0,2.560625
2634,28,94,1,0,22.2188,24.6719,20.4609,26.4062,2.15725,2.08725,1.81525,1.784625,0,0,2.559375
2635,28,96,1,0,22.2812,24.6953,20.4062,26.375,2.14025,2.094875,1.789875,1.783125,0,0,2.559125
2636,28,94,1,0,22.2578,24.6094,20.4531,26.3594,2.146625,2.084875,1.80625,1.7825,0,0,2.560625
2637,28,95,1,0,22.1797,24.6562,20.3984,26.2969,2.1415,2.097,1.8185,1.76775,0,0,2.56025
2638,28,97,1,0,22.2031,24.6016,20.3672,26.2656,2.156875,2.099375,1.8015,1.768375,0,0,2.5605
2639,28,95,1,0,22.2031,24.6094,20.3594,26.2734,2.1555,2.0815,1.8195,1.77575,0,0,2.559875
2640,28,97,1,1,22.125,24.6172,20.3594,26.2969,2.1285,2.094875,1.803375,1.773375,0,0,2.56
2641,28,94,1,0,22.2344,24.5312,20.3516,26.3359,2.13225,2.070125,1.798375,1.772625,0,0,2.560375
2642,28,96,1,0,22.1328,24.5312,20.3125,26.3125,2.134125,2.069375,1.814875,1.764875,0,0,2.5605
2643,28,95,1,0,22.1562,24.5938,20.375,26.3047,2.135875,2.092375,1.814125,1.779625,0,0,2.560125
2644,28,96,1,0,22.0703,24.5625,20.2812,26.1719,2.1485,2.0865,1.811875,1.77375,0,0,2.559875
2645,28,94,1,0,22.1641,24.4844,20.2578,26.1875,2.1295,2.074125,1.805375,1.759125,0,0,2.560375
2646,28,97,1,0,22.0703,24.4844,20.3438,26.1953,2.1375,2.077,1.81175,1.764125,0,0,2.560375
2647,28,98,1,0,22.1328,24.4375,20.2812,26.1641,2.1335,2.082,1.79,1.763125,0,0,2.560375
2648,28,95,1,1,22.1172,24.4141,20.2188,26.1172,2.14625,2.05875,1.788625,1.75275,0,0,2.559125
2649,28,97,1,0,22.0859,24.4453,20.2344,26.125,2.14275,2.081625,1.80825,1.751,0,0,2.559
2650,28,97,1,0,21.9922,24.5078,20.2891,26.2109,2.138,2.063,1.782375,1.753375,0,0,2.5595
2651,28,95,1,0,21.9766,24.4062,20.1875,26.1016,2.115,2.0665,1.793875,1.7665,0,0,2.560125
2652,28,95,1,0,22.0625,24.3672,20.25,26.1719,2.121875,2.082125,1.80025,1.747125,1,0,2.5605
2653,28,94,1,0,22.0156,24.4375,20.2188,26.125,2.121375,2.056125,1.789125,1.748875,0,0,2.559125
2654,28,96,1,0,22.0234,24.3359,20.1406,26.125,2.129875,2.0715,1.78,1.76525,0,0,2.55975
2655,28,98,1,0,22.0312,24.4062,20.2109,26.0391,2.129,2.068625,1.800875,1.74375,0,0,2.56025
2656,28,98,1,1,21.9531,24.3516,20.2031,26.1016,2.119875,2.06075,1.781125,1.744375,0,0,2.559875
2657,28,96,1,0,21.9844,24.3906,20.2031,26.0234,2.107875,2.046,1.797125,1.74575,0,0,2.55975
2658,28,95,1,0,21.9297,24.3672,20.125,25.9766,2.1115,2.04475,1.79525,1.7415,0,0,2.559625
2659,28,94,1,0,21.9688,24.3125,20.1641,25.9688,2.11525,2.0535,1.79725,1.754625,0,1,2.560125
2660,28,96,1,0,21.8906,24.25,20.125,26.0078,2.116625,2.064125,1.77,1.743625,0,0,2.560125
2661,28,94,1,0,21.9453,24.2422,20.0625,26.0312,2.102,2.043125,1.787375,1.74175,0,0,2.55975
2662,28,97,1,0,21.9219,24.2734,20.0469,26.0391,2.111625,2.065375,1.773625,1.73975,0,0,2.560625
2663,28,94,1,0,21.8672,24.2891,20.1172,25.9141,2.095875,2.050875,1.768,1.740125,0,0,2.56025
2664,28,96,1,1,21.8438,24.1953,20.0,25.8906,2.114125,2.064625,1.78575,1.74075,0,0,2.559625
2665,28,95,1,0,21.8984,24.2344,20.0391,25.9375,2.101,2.044375,1.762375,1.742125,0,0,2.561
2666,28,97,1,0,21.8594,24.2812,20.0391,25.9219,2.094375,2.05625,1.764375,1.7435,0,0,2.5605
2667,28,94,1,0,21.8594,24.1562,19.9688,25.9453,2.092125,2.032625,1.77575,1.74925,0,0,2.559375
2668,28,95,1,0,21.7422,24.2578,19.9844,25.8359,2.103125,2.05075,1.78125,1.748375,0,0,2.56025
2669,28,94,1,0,21.75,24.2422,19.9375,25.8906,2.098625,2.03325,1.752,1.74425,0,0,2.559125
2670,28,95,1,0,21.7031,24.1875,19.9375,25.8125,2.106125,2.03775,1.772875,1.745875,0,0,2.560375
2671,28,96,1,0,21.7422,24.1797,20.0078,25.8281,2.093,2.040125,1.751125,1.7385,0,0,2.559875
2672,28,96,1,1,21.7031,24.1484,19.9141,25.8281,2.11025,2.043625,1.750625,1.734125,0,0,2.559625
2673,28,96,1,0,21.7812,24.1406,19.875,25.8047,2.10825,2.044375,1.773375,1.73375,0,0,2.5605
2674,28,96,1,0,21.6719,24.0859,19.9609,25.7578,2.100125,2.024875,1.752875,1.727375,0,0,2.5605
2675,28,97,1,0,21.75,24.0703,19.8359,25.8438,2.094625,2.0335,1.769875,1.731625,0,0,2.560875
2676,28,97,1,0,21.7422,24.0625,19.8906,25.8359,2.076625,2.037375,1.749,1.73125,0,1,2.561
2677,28,98,1,0,21.6328,24.0781,19.8438,25.7266,2.09475,2.016125,1.74225,1.7295,0,0,2.560125
2678,28,95,1,0,21.6016,24.0391,19.8672,25.7031,2.08175,2.02375,1.761125,1.730125,0,0,2.5605
2679,28,94,1,0,21.5781,24.0234,19.8828,25.7344,2.075125,2.02575,1.74175,1.727875,0,0,2.55925
2680,28,98,1,1,21.5703,24.0781,19.8828,25.7031,2.071875,2.024,1.750875,1.733375,0,0,2.5595
2681,28,94,1,0,21.5547,23.9766,19.8594,25.6562,2.072875,2.02275,1.740125,1.713375,0,0,2.5595
2682,28,94,1,0,21.5938,23.9531,19.8203,25.75,2.091875,2.0365,1.73225,1.710875,0,0,2.559875
2683,28,94,1,0,21.5703,23.9766,19.7734,25.6797,2.07625,2.015625,1.7505,1.714125,0,0,2.560625
2684,28,96,1,0,21.5234,23.9531,19.7734,25.625,2.078625,2.01925,1.73925,1.709625,0,0,2.56
2685,28,95,1,0,21.5547,23.8984,19.7188,25.6562,2.082375,2.00975,1.741625,1.709125,1,0,2.559125
2686,28,97,1,0,21.5625,23.9609,19.7031,25.5859,2.066,2.018875,1.747375,1.71225,0,0,2.56
2687,28,98,1,0,21.5312,23.8672,19.6797,25.6172,2.08575,2.02325,1.74775,1.7225,0,0,2.5595
2688,28,94,1,1,21.4844,23.8438,19.6719,25.625,2.070375,2.018125,1.756,1.707875,0,0,2.559875
2689,27,96,1,0,21.4609,23.8672,19.6484,25.6016,2.0625,2.026125,1.749375,1.702,0,0,2.55975
2690,27,97,1,0,21.5234,23.8672,19.6562,25.6172,2.081125,2.0105,1.741125,1.71925,0,0,2.56025
2691,27,94,1,0,21.4062,23.8828,19.6484,25.5625,2.05925,2.00925,1.723,1.712,0,0,2.560125
2692,27,95,1,0,21.4844,23.875,19.6953,25.5312,2.0615,2.0045,1.74525,1.7075,0,0,2.5595
2693,27,96,1,0,21.4766,23.8281,19.6719,25.4922,2.067375,2.0025,1.74875,1.717625,0,0,2.559875
2694,27,97,1,0,21.4062,23.7578,19.6484,25.5156,2.06025,2.018625,1.740375,1.701125,0,0,2.559875
2695,27,95,1,0,21.3984,23.8359,19.5469,25.5469,2.063625,2.003,1.714375,1.698875,0,0,2.56
2696,27,98,1,1,21.4062,23.8359,19.6328,25.5156,2.059125,1.993375,1.727125,1.708875,0,0,2.560125
2697,27,94,1,0,21.3516,23.8281,19.6172,25.4062,2.06175,2.01475,1.724125,1.7065,0,0,2.56075
2698,27,97,1,0,21.4062,23.7188,19.5547,25.4688,2.0585,2.0,1.716125,1.708125,0,0,2.56025
2699,27,95,1,0,21.3281,23.7891,19.5703,25.5,2.05875,1.984625,1.739875,1.69,0,0,2.5605
2700,27,96,1,0,21.2812,23.6875,19.4688,25.3828,2.042875,2.00275,1.7445,1.70375,0,0,2.560375
2701,27,97,1,0,21.3438,23.6484,19.5703,25.4609,2.040625,1.987125,1.725375,1.690875,0,0,2.56025
2702,27,96,1,0,21.2422,23.6484,19.4375,25.4062,2.03875,1.98725,1.728625,1.70175,0,0,2.559375
2703,27,94,1,0,21.2578,23.7109,19.5,25.3906,2.050625,2.00075,1.735,1.682625,1,0,2.559625
2704,27,96,1,1,21.3281,23.6484,19.4062,25.375,2.056875,1.979625,1.71725,1.6895,0,0,2.55975
2705,27,96,1,0,21.2031,23.6797,19.4062,25.3281,2.0475,1.994125,1.738,1.69025,0,0,2.559125
2706,27,96,1,0,21.2734,23.6328,19.3828,25.375,2.033375,1.98575,1.734,1.683,0,0,2.56075
2707,27,96,1,0,21.1719,23.6406,19.4609,25.2969,2.045125,1.9795,1.731875,1.6865,0,0,2.56
2708,27,94,1,0,21.2109,23.5547,19.3906,25.2969,2.037625,1.994125,1.717625,1.692875,0,0,2.559625
2709,27,95,1,0,21.1484,23.6406,19.4062,25.2422,2.043375,1.970875,1.707625,1.68075,0,0,2.559375
2710,27,97,1,0,21.2266,23.6172,19.4141,25.2344,2.040625,1.9845,1.699875,1.676,0,0,2.55925
2711,27,97,1,0,21.1953,23.5703,19.3281,25.3203,2.03375,1.973125,1.714375,1.67675,0,0,2.56
2712,27,98,1,1,21.1328,23.5547,19.4062,25.2344,2.022875,1.97375,1.71625,1.6835,0,0,2.560375
2713,27,97,1,0,21.1172,23.5078,19.3281,25.1797,2.040625,1.98475,1.70825,1.689,0,0,2.559125
2714,27,94,1,0,21.1094,23.5156,19.2734,25.2031,2.01625,1.96175,1.70625,1.6785,0,0,2.56075
2715,27,96,1,0,21.1562,23.5469,19.25,25.1641,2.0395,1.9785,1.705875,1.687125,0,0,2.560375
2716,27,98,1,0,21.0234,23.4609,19.2344,25.1641,2.020125,1.98025,1.70275,1.6765,0,1,2.56025
2717,27,94,1,0,21.0234,23.5,19.3047,25.1406,2.015625,1.967875,1.695375,1.67075,0,0,2.5605
2718,27,96,1,0,21.0703,23.4297,19.2031,25.2031,2.02925,1.963,1.72075,1.673375,0,0,2.55975
2719,27,97,1,0,20.9922,23.4297,19.1797,25.1953,2.008,1.97075,1.701125,1.666,0,0,2.55925
2720,27,96,1,1,21.0391,23.4375,19.2031,25.1094,2.02825,1.954875,1.694625,1.667125,0,0,2.56025
2721,27,94,1,0,21.0469,23.3516,19.2344,25.1562,2.00925,1.96575,1.688625,1.6805,0,0,2.5595
2722,27,94,1,0,20.9766,23.3359,19.2266,25.0469,2.012,1.970625,1.69425,1.66025,0,0,2.559375
2723,27,97,1,0,20.9453,23.3438,19.2266,25.0625,2.027875,1.96775,1.708875,1.669,0,0,2.559375
2724,27,97,1,0,20.9219,23.4062,19.1484,25.0469,2.02625,1.958625,1.6935,1.6755,0,0,2.559375
2725,27,94,1,0,20.9609,23.3906,19.1094,25.0,2.00825,1.956625,1.67675,1.65875,0,0,2.559
2726,27,95,1,0,20.8672,23.3281,19.1016,25.0391,2.000125,1.947375,1.707,1.67325,0,0,2.560375
2727,27,97,1,0,20.9297,23.2891,19.1484,25.0703,2.002125,1.959875,1.696125,1.653625,0,0,2.560125
2728,27,98,1,1,20.9531,23.3047,19.0859,25.0,2.018375,1.944,1.68975,1.65275,0,0,2.55975
2729,27,95,1,0,20.9219,23.2422,19.0312,24.9609,2.020375,1.949875,1.68175,1.650375,0,0,2.560375
2730,27,97,1,0,20.8828,23.3047,19.0859,24.9375,2.017,1.953875,1.689125,1.668625,0,0,2.56
2731,27,98,1,0,20.8906,23.2266,19.1016,24.9375,2.01375,1.959125,1.676125,1.65575,0,0,2.559375
2732,27,98,1,0,20.8047,23.2969,19.0078,24.8906,2.009125,1.951125,1.693875,1.652875,0,0,2.559625
2733,27,94,1,0,20.875,23.1719,19.0,24.9688,1.989125,1.941375,1.668125,1.66425,0,0,2.560375
2734,27,94,1,0,20.7422,23.1719,18.9922,24.8906,2.00975,1.950375,1.684375,1.649625,0,0,2.561
2735,27,98,1,0,20.7266,23.1562,18.9531,24.8438,2.005625,1.933125,1.67775,1.65725,0,0,2.559625
2736,27,97,1,1,20.7812,23.1406,18.9922,24.8672,1.989875,1.9455,1.6615,1.646125,0,0,2.560375
2737,27,95,1,0,20.8047,23.1875,18.9844,24.8828,1.99,1.943125,1.659125,1.654375,0,0,2.560125
2738,27,97,1,0,20.7578,23.1562,18.9609,24.8672,1.9825,1.932125,1.666875,1.63725,0,0,2.559875
2739,27,98,1,0,20.7422,23.1641,18.9141,24.8125,1.992875,1.9495,1.658625,1.641125,0,0,2.559875
2740,27,94,1,0,20.6484,23.1406,18.875,24.8359,2.001125,1.9195,1.661625,1.639,0,0,2.560875
2741,27,96,1,0,20.6719,23.1406,18.8516,24.7656,1.975375,1.93075,1.672,1.644125,0,0,2.560125
2742,27,94,1,0,20.7344,23.0156,18.8594,24.7578,1.975875,1.925875,1.67025,1.645125,0,0,2.559
2743,27,98,1,0,20.7188,23.0781,18.7969,24.75,1.984375,1.91575,1.672,1.643875,0,0,2.559875
2744,27,96,1,1,20.6953,23.0469,18.8516,24.6875,1.996375,1.92375,1.671,1.64525,0,0,2.559875
2745,27,96,1,0,20.5781,23.0703,18.7891,24.6719,1.987,1.936,1.673625,1.628125,0,0,2.559125
2746,27,95,1,0,20.625,23.0625,18.75,24.6641,1.98625,1.9105,1.671,1.646625,0,1,2.559875
2747,27,98,1,0,20.6172,23.0547,18.8047,24.7031,1.986625,1.92275,1.6625,1.646,0,0,2.560625
2748,27,96,1,0,20.6406,23.0391,18.75,24.6875,1.97975,1.9075,1.651625,1.626625,0,0,2.559125
2749,27,96,1,0,20.6016,23.0156,18.7422,24.7031,1.977375,1.935125,1.669875,1.636125,0,0,2.561
2750,27,94,1,0,20.5547,22.9922,18.6875,24.6094,1.963625,1.9135,1.667375,1.62275,0,0,2.5595
2751,27,97,1,0,20.5156,22.9219,18.6797,24.6641,1.969,1.92725,1.64475,1.632375,0,0,2.559625
2752,27,97,1,1,20.4531,22.8984,18.6641,24.5938,1.97925,1.926,1.666375,1.619125,1,0,2.559375
2753,27,97,1,0,20.4531,22.8828,18.7422,24.5625,1.955125,1.926,1.66475,1.622875,0,0,2.5605
2754,26,96,1,0,20.4766,22.9219,18.6719,24.5938,1.951,1.927375,1.66775,1.6175,0,0,2.5595
2755,26,94,1,0,20.4609,22.875,18.7109,24.6094,1.95775,1.9115,1.63375,1.62175,0,0,2.560625
2756,26,96,1,0,20.5,22.8438,18.6016,24.4922,1.95525,1.9015,1.6605,1.63125,0,0,2.560875
2757,26,94,1,0,20.4453,22.8359,18.6562,24.5781,1.96225,1.911125,1.663375,1.621375,0,0,2.5595
2758,26,97,1,0,20.4766,22.7891,18.6016,24.5078,1.953875,1.91075,1.643625,1.61575,0,0,2.561
2759,26,94,1,0,20.4609,22.75,18.5625,24.5234,1.959,1.900625,1.65875,1.626125,0,0,2.5595
2760,26,97,1,1,20.3438,22.7344,18.5234,24.4766,1.951875,1.8945,1.650625,1.616,0,0,2.56
2761,26,96,1,0,20.3281,22.7734,18.5469,24.5078,1.96875,1.9055,1.64825,1.624125,0,0,2.559125
2762,26,95,1,0,20.3359,22.7109,18.5547,24.5078,1.95425,1.908375,1.6455,1.624,0,0,2.559
2763,26,97,1,0,20.3047,22.7188,18.5078,24.3906,1.948,1.893625,1.650375,1.610875,0,0,2.5605
2764,26,98,1,0,20.3047,22.7734,18.4609,24.375,1.9625,1.901125,1.654,1.62375,0,0,2.560125
2765,26,98,1,0,20.2422,22.6484,18.4766,24.4453,1.936125,1.89525,1.6245,1.62175,0,0,2.56025
2766,26,98,1,0,20.25,22.6797,18.5078,24.4062,1.9535,1.904625,1.6265,1.60975,0,0,2.5605
2767,26,98,1,0,20.2656,22.7031,18.4766,24.3516,1.952125,1.883375,1.643875,1.60425,0,0,2.56025
2768,26,95,1,1,20.2344,22.7031,18.5156,24.3828,1.933,1.886,1.64025,1.604625,0,0,2.560125
2769,26,97,1,0,20.2109,22.5781,18.4219,24.3438,1.930375,1.891625,1.636625,1.598875,0,0,2.560875
2770,26,97,1,0,20.2344,22.5625,18.4844,24.3672,1.924625,1.89075,1.640875,1.600375,0,0,2.560375
2771,26,94,1,0,20.1641,22.5859,18.3672,24.25,1.93325,1.875625,1.640875,1.59975,0,0,2.560375
2772,26,96,1,0,20.1719,22.5391,18.4297,24.2422,1.93675,1.882875,1.63,1.592125,0,0,2.5595
2773,26,98,1,0,20.2109,22.5703,18.4062,24.3047,1.941875,1.87525,1.613375,1.605875,0,0,2.560125
2774,26,98,1,0,20.1953,22.5781,18.4141,24.3047,1.918,1.885875,1.6115,1.599375,0,0,2.560125
2775,26,97,1,0,20.1719,22.5547,18.3906,24.2344,1.9255,1.892875,1.621125,1.59325,0,0,2.55925
2776,26,96,1,1,20.1875,22.4922,18.3828,24.2344,1.925875,1.889875,1.624625,1.587875,0,0,2.56
2777,26,98,1,0,20.0469,22.5469,18.25,24.2656,1.92275,1.887,1.638375,1.6,0,0,2.55975
2778,26,97,1,0,20.125,22.4297,18.25,24.1406,1.92175,1.869375,1.638,1.59125,0,0,2.55975
2779,26,94,1,0,20.0469,22.4609,18.3047,24.1328,1.91325,1.88,1.62025,1.5985,0,0,2.560875
2780,26,96,1,0,20.0156,22.4688,18.1953,24.1406,1.9165,1.875625,1.59975,1.584875,0,0,2.56075
2781,26,97,1,0,19.9844,22.4844,18.2891,24.1094,1.9105,1.861875,1.607,1.581,0,0,2.561
2782,26,98,1,0,19.9922,22.4141,18.2578,24.0781,1.913375,1.85875,1.6135,1.584375,0,0,2.560875
2783,26,95,1,0,19.9609,22.4141,18.1562,24.1406,1.93075,1.8605,1.600125,1.592,0,0,2.560125
2784,26,95,1,1,19.9375,22.3438,18.2109,24.1016,1.929625,1.870625,1.604375,1.593,1,0,2.561
2785,26,95,1,0,19.9844,22.4219,18.1406,24.0469,1.904625,1.86975,1.61925,1.582125,0,0,2.55925
2786,26,96,1,0,19.9141,22.3359,18.1641,24.0078,1.907375,1.858625,1.615,1.5925,0,0,2.5595
2787,26,97,1,0,19.9375,22.3828,18.1172,24.0,1.903625,1.85675,1.618,1.587375,0,0,2.55925
2788,26,94,1,0,19.9609,22.3047,18.0625,24.0547,1.91025,1.857,1.616375,1.582,0,0,2.559375
2789,26,97,1,0,19.9141,22.2891,18.1562,24.0,1.908875,1.868375,1.599125,1.577125,0,1,2.560125
2790,26,98,1,0,19.8516,22.2812,18.1406,23.9531,1.918625,1.848625,1.594625,1.580625,0,0,2.560125
2791,26,94,1,0,19.8203,22.2344,18.1016,23.9922,1.916,1.8645,1.607875,1.583375,0,0,2.56
2792,26,95,1,1,19.8984,22.2734,18.0391,23.9375,1.904125,1.848125,1.588625,1.574625,0,0,2.55975
2793,26,96,1,0,19.7969,22.2031,18.0781,23.9922,1.905625,1.854125,1.587,1.57425,0,0,2.55925
2794,26,97,1,0,19.875,22.2109,17.9844,23.8594,1.896875,1.854375,1.587625,1.57525,0,0,2.560625
2795,26,95,1,0,19.7969,22.2656,18.0625,23.9141,1.89025,1.848125,1.58075,1.573375,0,0,2.559
2796,26,94,1,0,19.7969,22.1875,17.9688,23.8672,1.90825,1.841875,1.591,1.559,0,0,2.56025
2797,26,94,1,0,19.7188,22.1484,17.9453,23.8594,1.89425,1.84775,1.59,1.570625,0,0,2.56025
2798,26,97,1,0,19.7344,22.2188,17.9141,23.8359,1.898875,1.82925,1.59475,1.55825,0,1,2.560875
2799,26,94,1,0,19.7188,22.1094,17.9609,23.8281,1.88875,1.827625,1.5715,1.56625,0,0,2.559
2800,26,98,1,1,19.7734,22.0781,17.9297,23.7578,1.87725,1.8375,1.5955,1.561,0,0,2.560625
2801,26,98,1,0,19.7266,22.1406,17.9141,23.8047,1.886875,1.84425,1.572,1.55375,0,0,2.560375
2802,26,96,1,0,19.7344,22.0781,17.8281,23.7578,1.872875,1.829,1.589125,1.5645,0,0,2.560375
2803,26,97,1,0,19.7266,22.0391,17.8594,23.7969,1.89275,1.836,1.58,1.55525,0,0,2.56025
2804,26,95,1,0,19.6797,22.0859,17.8906,23.7109,1.888,1.8275,1.596125,1.556375,0,0,2.560125
2805,26,96,1,0,19.6328,21.9922,17.7969,23.7578,1.8675,1.842125,1.5785,1.550375,0,0,2.561
2806,26,96,1,0,19.6797,22.0312,17.8203,23.6875,1.892875,1.83825,1.56225,1.54375,0,0,2.559625
2807,26,94,1,0,19.6328,22.0547,17.7578,23.6406,1.864625,1.812875,1.574375,1.54175,0,0,2.5605
2808,26,96,1,1,19.5625,22.0234,17.7969,23.6328,1.87425,1.836875,1.587375,1.55925,0,0,2.560625
2809,26,95,1,0,19.5859,21.9531,17.7266,23.7031,1.85875,1.811,1.59075,1.546375,0,0,2.559
2810,26,94,1,0,19.5391,21.8984,17.7422,23.6094,1.859,1.8115,1.571375,1.541375,0,0,2.559125
2811,26,98,1,0,19.5391,21.9844,17.6719,23.6797,1.8565,1.830875,1.587875,1.540875,0,0,2.561
2812,26,96,1,0,19.5469,21.9453,17.6953,23.5859,1.85925,1.826625,1.582375,1.534625,1,0,2.560875
2813,25,97,1,0,19.5547,21.8594,17.6562,23.6562,1.86925,1.807875,1.568125,1.554375,0,0,2.559125
2814,25,94,1,0,19.4688,21.8906,17.7422,23.6094,1.872375,1.81475,1.557875,1.53575,0,0,2.560375
2815,25,95,1,0,19.4141,21.8516,17.6719,23.5938,1.875,1.817125,1.5755,1.538125,0,0,2.5595
2816,25,95,1,1,19.4141,21.8047,17.7031,23.5078,1.872,1.802,1.57525,1.538625,0,0,2.559375
2817,25,97,1,0,19.3672,21.8125,17.6797,23.5078,1.84975,1.819,1.561125,1.536125,0,0,2.56
2818,25,95,1,0,19.4688,21.8516,17.5625,23.5625,1.870375,1.813625,1.562625,1.5265,0,0,2.56075
2819,25,96,1,0,19.4531,21.7969,17.5312,23.5312,1.853125,1.81375,1.567625,1.525125,0,0,2.559125
2820,25,98,1,0,19.3672,21.7578,17.5859,23.4453,1.868,1.814125,1.54625,1.53675,0,0,2.559625
2821,25,95,1,0,19.3281,21.7578,17.5078,23.5,1.85875,1.816,1.554125,1.526875,0,0,2.56075
2822,25,94,1,0,19.3203,21.7812,17.6016,23.4219,1.855625,1.8,1.554375,1.542625,0,0,2.559
2823,25,97,1,0,19.3438,21.6641,17.5625,23.4062,1.841875,1.7995,1.5735,1.5255,0,0,2.559125
2824,25,98,1,1,19.2969,21.7188,17.5391,23.3984,1.836,1.790875,1.540125,1.53775,0,1,2.560125
2825,25,96,1,0,19.2891,21.6406,17.5469,23.4531,1.843625,1.809,1.551875,1.531375,0,0,2.560375
2826,25,94,1,0,19.3281,21.7188,17.5156,23.3828,1.85825,1.782625,1.54475,1.536875,0,0,2.55925
2827,25,94,1,0,19.2031,21.5938,17.4375,23.3828,1.857,1.785375,1.545625,1.526875,0,0,2.559875
2828,25,98,1,0,19.2031,21.6797,17.4844,23.2891,1.84075,1.801625,1.530125,1.52,0,0,2.56
2829,25,96,1,0,19.1562,21.5625,17.4297,23.3203,1.847125,1.78625,1.55875,1.512875,1,0,2.56025
2830,25,97,1,0,19.2188,21.6484,17.3516,23.3047,1.830125,1.7735,1.54025,1.526,0,0,2.559875
2831,25,98,1,0,19.1875,21.5859,17.3203,23.3203,1.849125,1.796,1.55575,1.51775,0,0,2.5595
2832,25,94,1,1,19.1875,21.5469,17.3594,23.2734,1.822875,1.795,1.540625,1.50775,0,0,2.56075
2833,25,98,1,0,19.1953,21.5469,17.3984,23.3047,1.819,1.795125,1.5435,1.508875,0,0,2.559375
2834,25,94,1,0,19.1484,21.5234,17.3828,23.2422,1.8355,1.772,1.522125,1.508625,0,0,2.559625
2835,25,97,1,0,19.0859,21.5625,17.3516,23.1797,1.8145,1.776,1.542125,1.518,0,0,2.5605
2836,25,96,1,0,19.1328,21.4531,17.2891,23.1562,1.825625,1.784,1.524,1.515,0,0,2.56075
2837,25,94,1,0,19.0156,21.4453,17.3359,23.1641,1.824875,1.76475,1.550375,1.518625,0,0,2.559
2838,25,95,1,0,19.0391,21.5234,17.2969,23.2188,1.83225,1.779625,1.550375,1.503625,0,0,2.55975
2839,25,94,1,0,19.0,21.4531,17.2891,23.1406,1.829125,1.78575,1.527375,1.50075,0,0,2.56075
2840,25,98,1,1,19.0469,21.4141,17.2344,23.1406,1.8155,1.76725,1.542,1.512375,0,0,2.56025
2841,25,98,1,0,18.9531,21.3828,17.1562,23.1641,1.82875,1.764375,1.538,1.50475,0,0,2.561
2842,25,95,1,0,18.9453,21.3984,17.1797,23.1094,1.824875,1.758875,1.511125,1.50025,0,0,2.561
2843,25,97,1,0,19.0078,21.3594,17.2031,23.0781,1.826125,1.776,1.541125,1.493375,0,0,2.56075
2844,25,94,1,0,18.8906,21.3438,17.1094,23.0938,1.82425,1.763625,1.50775,1.507375,0,0,2.561
2845,25,96,1,0,18.9141,21.3516,17.125,23.0859,1.82175,1.757625,1.5155,1.495125,0,0,2.5605
2846,25,98,1,0,18.9766,21.375,17.1172,23.0781,1.809875,1.750625,1.509625,1.49725,0,0,2.561
2847,25,97,1,0,18.8984,21.3203,17.1484,23.0469,1.803875,1.747125,1.50225,1.489,0,0,2.560875
2848,25,98,1,1,18.8906,21.2578,17.0234,23.0,1.8165,1.77075,1.51625,1.4855,0,0,2.560625
2849,25,97,1,0,18.8125,21.3047,17.0,23.0156,1.79875,1.752375,1.524,1.486625,0,0,2.559625
2850,25,97,1,0,18.8594,21.2891,17.0625,22.9062,1.811625,1.75775,1.498,1.494125,0,0,2.55975
2851,25,97,1,0,18.8359,21.25,17.0781,22.875,1.7975,1.75125,1.49775,1.480875,0,0,2.560875
2852,25,97,1,0,18.7734,21.2109,17.0391,22.8906,1.795,1.755625,1.524375,1.492,0,0,2.560625
2853,25,94,1,0,18.8203,21.1719,16.9453,22.8984,1.8,1.744375,1.501625,1.483375,0,0,2.56075
2854,25,95,1,0,18.7656,21.1719,16.9453,22.9219,1.805375,1.745125,1.506375,1.493,0,0,2.560375
2855,25,98,1,0,18.8047,21.2031,16.9766,22.8984,1.797875,1.758625,1.5175,1.479375,0,0,2.559125
2856,25,94,1,1,18.7656,21.1406,16.9766,22.8281,1.778,1.74375,1.519,1.471375,0,0,2.560625
2857,25,95,1,0,18.7109,21.0781,16.9219,22.8594,1.783,1.731375,1.48825,1.477625,0,0,2.5605
2858,25,96,1,0,18.6641,21.0938,16.8828,22.8594,1.777125,1.751875,1.48575,1.482125,0,1,2.559875
2859,25,98,1,0,18.625,21.0234,16.8203,22.7656,1.784875,1.733375,1.503375,1.470375,0,0,2.5605
2860,25,98,1,0,18.6172,21.0781,16.9062,22.7422,1.775125,1.7215,1.4835,1.470375,0,0,2.559625
2861,25,94,1,0,18.5859,21.0078,16.8438,22.7578,1.778,1.74125,1.4905,1.46725,0,0,2.559875
2862,25,96,1,0,18.5859,20.9766,16.8672,22.7812,1.789125,1.72275,1.4865,1.4735,0,0,2.560125
2863,25,98,1,0,18.6094,21.0391,16.8281,22.6875,1.786375,1.744125,1.479875,1.4775,0,0,2.559625
2864,25,98,1,1,18.5312,21.0234,16.8125,22.7188,1.78275,1.714625,1.4955,1.4735,1,0,2.56
2865,25,97,1,0,18.625,21.0312,16.8203,22.7266,1.779,1.7185,1.48525,1.468625,0,0,2.560625
2866,25,95,1,0,18.4922,20.9453,16.7578,22.6484,1.77325,1.734875,1.508375,1.459125,0,0,2.559
2867,25,96,1,0,18.5859,20.9844,16.7188,22.6797,1.761375,1.73125,1.473375,1.463625,0,0,2.559375
2868,25,97,1,0,18.5469,20.8906,16.7812,22.5625,1.759,1.710375,1.507,1.475625,0,0,2.5605
2869,25,98,1,0,18.5547,20.8828,16.6484,22.5781,1.7745,1.73375,1.501125,1.4545,0,0,2.560625
2870,24,96,1,0,18.4219,20.8906,16.6328,22.5625,1.767375,1.725375,1.476125,1.4575,0,0,2.559125
2871,24,96,1,0,18.4062,20.8906,16.7109,22.5859,1.77825,1.703375,1.486625,1.455875,0,0,2.560875
2872,24,95,1,1,18.4141,20.8125,16.5859,22.5156,1.77475,1.727375,1.472,1.4655,0,0,2.560125
2873,24,94,1,0,18.4766,20.8047,16.625,22.5547,1.773625,1.716,1.489625,1.447,0,0,2.560375
2874,24,96,1,0,18.4375,20.8281,16.6094,22.4688,1.75075,1.70325,1.47925,1.459625,0,0,2.560625
2875,24,95,1,0,18.3281,20.8125,16.6484,22.4531,1.766625,1.721875,1.48625,1.447875,0,0,2.561
2876,24,95,1,0,18.3125,20.7656,16.5547,22.4141,1.757875,1.72025,1.47425,1.450125,0,0,2.560625
2877,24,98,1,0,18.375,20.7969,16.5547,22.4844,1.7405,1.691625,1.472625,1.449375,0,0,2.559
2878,24,94,1,0,18.3125,20.7422,16.5625,22.4766,1.75425,1.701625,1.48325,1.45175,0,0,2.56075
2879,24,94,1,0,18.2969,20.6562,16.4531,22.3906,1.74825,1.700875,1.461,1.45925,0,0,2.560625
2880,24,96,1,1,18.2891,20.7188,16.4922,22.3359,1.74875,1.71375,1.484375,1.44475,0,0,2.55975
2881,24,98,1,0,18.25,20.6172,16.4688,22.3594,1.74875,1.699875,1.460875,1.440625,0,0,2.560625
2882,24,96,1,0,18.2031,20.6094,16.5234,22.3516,1.733875,1.705375,1.464375,1.446625,0,0,2.559
2883,24,95,1,0,18.25,20.6641,16.3828,22.3359,1.75425,1.71,1.474875,1.43325,0,0,2.559125
2884,24,98,1,0,18.1641,20.625,16.4609,22.2656,1.7445,1.702875,1.46975,1.435875,0,0,2.5595
2885,24,96,1,0,18.2578,20.5859,16.4688,22.2578,1.751125,1.68275,1.450625,1.436625,0,0,2.56025
2886,24,95,1,0,18.1484,20.5703,16.3984,22.3281,1.73075,1.677875,1.454875,1.435375,0,0,2.55975
2887,24,95,1,0,18.1406,20.5781,16.3906,22.3047,1.738875,1.6985,1.471625,1.442875,0,0,2.559
2888,24,95,1,1,18.1797,20.5703,16.3516,22.2891,1.737125,1.674375,1.451375,1.42825,0,0,2.560875
2889,24,98,1,0,18.1875,20.5938,16.3281,22.2109,1.7225,1.682125,1.4745,1.443625,0,0,2.56
2890,24,97,1,0,18.1016,20.5156,16.3125,22.2188,1.737,1.695875,1.436875,1.42075,0,0,2.559
2891,24,95,1,0,18.0469,20.4375,16.3516,22.1719,1.735875,1.68175,1.470375,1.425125,0,0,2.560625
2892,24,94,1,0,18.0234,20.4375,16.2266,22.2266,1.7245,1.673125,1.468875,1.438,0,0,2.559125
2893,24,94,1,0,18.0781,20.4062,16.2344,22.1953,1.7285,1.67725,1.45575,1.434375,0,0,2.560375
2894,24,94,1,0,18.0312,20.4844,16.2891,22.1406,1.732,1.669875,1.442625,1.42625,1,1,2.559125
2895,24,94,1,0,18.0781,20.4297,16.25,22.125,1.723875,1.68225,1.463,1.42125,0,0,2.560625
2896,24,95,1,1,17.9766,20.3516,16.1719,22.1172,1.728375,1.659125,1.45225,1.424125,0,0,2.559125
2897,24,95,1,0,17.9922,20.3281,16.1328,22.0547,1.731,1.67475,1.441875,1.4285,0,0,2.559125
2898,24,94,1,0,17.9844,20.3203,16.1328,22.0234,1.722625,1.66,1.45825,1.40925,0,0,2.561
2899,24,97,1,0,17.9141,20.3359,16.125,22.1016,1.718875,1.6605,1.4545,1.42,0,0,2.55925
2900,24,97,1,0,17.8672,20.2812,16.1562,22.0469,1.6975,1.672375,1.443,1.407625,0,0,2.56025
2901,24,97,1,0,17.9375,20.3281,16.1328,21.9766,1.70075,1.66825,1.4355,1.41925,0,0,2.559625
2902,24,96,1,0,17.9062,20.3438,16.0547,21.9844,1.69425,1.660375,1.452375,1.4205,0,0,2.55925
2903,24,95,1,0,17.8281,20.2969,16.0312,21.9688,1.710375,1.66875,1.443875,1.41025,0,0,2.5595
2904,24,98,1,1,17.7891,20.2422,16.1094,21.9375,1.698625,1.651875,1.43725,1.412375,0,0,2.559375
2905,24,97,1,0,17.8281,20.1875,16.0312,21.9375,1.702125,1.647625,1.442,1.415,0,0,2.559375
2906,24,94,1,0,17.7734,20.25,15.9609,21.8516,1.716375,1.655125,1.444625,1.40975,0,0,2.559
2907,24,97,1,0,17.7734,20.1562,15.9531,21.9062,1.70375,1.654,1.412625,1.4055,0,0,2.559375
2908,24,94,1,0,17.7734,20.125,15.9531,21.8672,1.685625,1.63825,1.44325,1.41025,0,0,2.55975
2909,24,96,1,0,17.7266,20.1406,15.9062,21.9141,1.6935,1.664375,1.42975,1.396625,0,0,2.560375
2910,24,97,1,0,17.7266,20.0781,15.8984,21.8281,1.708,1.654875,1.420625,1.395625,0,0,2.56025
2911,24,94,1,0,17.7031,20.1797,15.9375,21.8359,1.699625,1.638,1.40475,1.40875,1,0,2.561
2912,24,96,1,1,17.7578,20.1094,15.9453,21.7578,1.7045,1.640875,1.416625,1.388625,0,0,2.561
2913,24,95,1,0,17.6406,20.1406,15.875,21.8047,1.702875,1.642375,1.425125,1.4065,0,0,2.559
2914,24,98,1,0,17.6953,20.0156,15.8516,21.8125,1.701,1.628375,1.428125,1.397375,0,0,2.55975
2915,24,94,1,0,17.6562,20.0703,15.7812,21.6875,1.68525,1.637625,1.434375,1.38575,0,0,2.559125
2916,24,94,1,0,17.6406,20.0078,15.8438,21.7188,1.688,1.624375,1.40275,1.383125,0,0,2.55975
2917,24,96,1,0,17.625,20.0625,15.7656,21.7109,1.683,1.63225,1.407875,1.398375,0,0,2.560125
2918,24,95,1,0,17.5859,19.9531,15.7891,21.7188,1.6925,1.64225,1.425625,1.388875,0,1,2.56025
2919,24,95,1,0,17.5703,20.0234,15.7344,21.7031,1.68225,1.64275,1.415625,1.379375,0,0,2.560625
2920,24,98,1,1,17.5859,19.9375,15.7344,21.6016,1.666125,1.626625,1.394125,1.387625,0,0,2.5605
2921,24,97,1,0,17.4766,19.9375,15.7344,21.5625,1.66525,1.64,1.4195,1.393125,0,0,2.559
2922,24,97,1,0,17.4688,19.9453,15.6641,21.6562,1.68025,1.620375,1.4215,1.39025,0,0,2.559375
2923,23,96,1,0,17.5391,19.9375,15.6562,21.5547,1.65775,1.610625,1.412875,1.39,0,0,2.559375
2924,23,94,1,0,17.5078,19.875,15.7188,21.5156,1.656,1.637,1.392875,1.387,0,0,2.56025
2925,23,96,1,0,17.4766,19.8594,15.6562,21.5703,1.669875,1.63525,1.410875,1.382375,0,0,2.56025
2926,23,95,1,0,17.4609,19.8594,15.5859,21.5703,1.66225,1.609875,1.38875,1.388,0,0,2.560375
2927,23,97,1,0,17.4062,19.7891,15.6406,21.5078,1.6485,1.61725,1.389125,1.377,0,0,2.559125
2928,23,95,1,1,17.3281,19.7969,15.5625,21.4922,1.673875,1.62825,1.4025,1.363125,0,0,2.560125
2929,23,95,1,0,17.3906,19.75,15.6016,21.4688,1.650375,1.6155,1.412375,1.380875,0,0,2.559
2930,23,97,1,0,17.3516,19.7891,15.5,21.4688,1.6485,1.61875,1.409125,1.37275,0,0,2.55975
2931,23,98,1,0,17.375,19.6953,15.5,21.4453,1.6635,1.615,1.408,1.366375,0,0,2.560875
2932,23,98,1,0,17.3594,19.7422,15.5234,21.4297,1.647125,1.6015,1.40575,1.361875,0,0,2.559125
2933,23,95,1,0,17.3125,19.7266,15.4766,21.4219,1.666125,1.594,1.38525,1.369,0,0,2.56
2934,23,97,1,0,17.2109,19.6719,15.5312,21.4219,1.662375,1.619125,1.372875,1.36325,0,0,2.56
2935,23,96,1,0,17.3125,19.6875,15.5156,21.3359,1.63925,1.593,1.37875,1.3595,0,0,2.5595
2936,23,96,1,1,17.1875,19.6875,15.4219,21.3359,1.655125,1.6035,1.371375,1.371125,0,0,2.56075
2937,23,96,1,0,17.2344,19.5938,15.3984,21.3594,1.643125,1.601125,1.40075,1.361625,0,0,2.561
2938,23,97,1,0,17.1875,19.6328,15.3984,21.3125,1.629375,1.601625,1.38175,1.361875,0,0,2.55975
2939,23,98,1,0,17.1172,19.5938,15.3594,21.2266,1.6415,1.604875,1.37625,1.35375,0,0,2.559375
2940,23,97,1,0,17.0938,19.5,15.3906,21.2188,1.632875,1.58725,1.363625,1.350875,0,0,2.56075
2941,23,98,1,0,17.1797,19.5391,15.3594,21.2188,1.6305,1.580875,1.36025,1.358625,0,0,2.560875
2942,23,95,1,0,17.0781,19.4609,15.2891,21.1953,1.62025,1.5785,1.38525,1.342875,1,0,2.560625
2943,23,97,1,0,17.0547,19.4375,15.2422,21.1875,1.64225,1.574625,1.356,1.3415,0,0,2.559125
2944,23,95,1,1,17.0703,19.5156,15.3203,21.2422,1.638,1.59,1.36575,1.3465,0,0,2.559375
2945,23,95,1,0,17.0078,19.4297,15.2812,21.2188,1.614125,1.5815,1.351875,1.35375,0,0,2.560625
2946,23,96,1,0,17.0469,19.4688,15.2422,21.0781,1.639375,1.576,1.382875,1.335625,0,0,2.560875
2947,23,96,1,0,16.9922,19.3672,15.1641,21.0781,1.63975,1.56575,1.354875,1.353,0,0,2.559375
2948,23,94,1,0,17.0078,19.3984,15.2188,21.0391,1.619,1.5685,1.357,1.340625,0,0,2.560125
2949,23,97,1,0,17.0078,19.3828,15.1328,21.0234,1.630375,1.572,1.380625,1.337875,0,0,2.559375
2950,23,97,1,0,16.9375,19.3984,15.1094,21.1094,1.620625,1.577375,1.37725,1.333375,0,0,2.560375
2951,23,98,1,0,16.9922,19.3594,15.1328,21.0312,1.604875,1.572375,1.3505,1.3305,0,0,2.559375
2952,23,94,1,1,16.9531,19.3281,15.1719,21.0,1.606375,1.583375,1.34225,1.345375,0,0,2.560375
2953,23,94,1,0,16.9531,19.2812,15.1484,20.9922,1.61325,1.58075,1.33975,1.33,0,0,2.559
2954,23,97,1,0,16.8359,19.2734,15.0859,20.9531,1.622625,1.57225,1.34875,1.333625,0,0,2.559125
2955,23,95,1,0,16.8047,19.2344,15.0547,21.0156,1.62,1.56825,1.361125,1.3375,0,0,2.5595
2956,23,96,1,0,16.8828,19.2734,15.0625,20.9922,1.595125,1.571375,1.37,1.339125,0,0,2.56075
2957,23,97,1,0,16.8828,19.2656,14.9922,20.9297,1.595625,1.552375,1.34725,1.338,0,0,2.55975
2958,23,97,1,0,16.7422,19.2109,14.9609,20.9297,1.603125,1.574375,1.361,1.33075,0,0,2.5595
2959,23,97,1,0,16.8203,19.125,15.0469,20.9141,1.609375,1.568875,1.35275,1.334875,0,0,2.56075
2960,23,98,1,1,16.7344,19.125,14.9141,20.8359,1.603375,1.560875,1.36175,1.331375,0,0,2.559125
2961,23,96,1,0,16.7734,19.125,14.9062,20.8438,1.59425,1.563125,1.3565,1.311375,0,0,2.560375
2962,23,95,1,0,16.7734,19.1641,14.9062,20.8047,1.59,1.552,1.326875,1.319875,0,0,2.560125
2963,23,97,1,0,16.7031,19.1641,14.8516,20.8359,1.608375,1.555625,1.345375,1.32,0,0,2.55925
2964,23,96,1,0,16.6406,19.1328,14.8438,20.7422,1.581375,1.534375,1.322875,1.317,0,0,2.56
2965,23,94,1,0,16.6953,19.0625,14.8438,20.8047,1.57625,1.558125,1.325375,1.32325,0,0,2.559125
2966,23,95,1,0,16.7031,19.0078,14.8906,20.7109,1.5895,1.558875,1.32275,1.3155,0,0,2.559375
2967,23,98,1,0,16.6328,19.0234,14.875,20.7812,1.595125,1.555,1.3355,1.3065,0,0,2.560125
2968,23,95,1,1,16.5547,18.9844,14.8438,20.6953,1.594125,1.549125,1.321,1.300875,0,0,2.559875
2969,23,97,1,0,16.5938,19.0156,14.7344,20.6953,1.571625,1.53275,1.31575,1.298875,0,1,2.559375
2970,23,95,1,0,16.5078,18.9922,14.7812,20.6016,1.582125,1.541125,1.312125,1.2975,0,0,2.559125
2971,23,94,1,0,16.5312,19.0078,14.7734,20.7031,1.577375,1.53675,1.314375,1.31175,0,0,2.560125
2972,23,96,1,0,16.5859,18.9219,14.7656,20.5859,1.58725,1.5235,1.3275,1.310375,0,0,2.560125
2973,23,98,1,0,16.5078,18.9062,14.7578,20.6328,1.5715,1.542125,1.3175,1.302875,0,0,2.560875
2974,22,97,1,0,16.5156,18.9141,14.7031,20.5234,1.57875,1.51775,1.339,1.303,0,1,2.559375
2975,22,95,1,0,16.4844,18.8281,14.6719,20.6016,1.5685,1.516875,1.3345,1.302875,0,0,2.56
2976,22,97,1,1,16.4531,18.9062,14.6719,20.4922,1.5815,1.5375,1.319375,1.2965,0,0,2.560375
2977,22,95,1,0,16.4453,18.7812,14.6719,20.5078,1.580625,1.532,1.328625,1.288,0,0,2.561
2978,22,95,1,0,16.375,18.8672,14.5703,20.5625,1.572375,1.5155,1.298125,1.296125,0,0,2.561
2979,22,98,1,0,16.4375,18.7969,14.6172,20.4219,1.563125,1.53175,1.33075,1.2875,0,0,2.5605
2980,22,98,1,0,16.375,18.7812,14.5703,20.4531,1.5585,1.528125,1.323125,1.300625,0,0,2.55925
2981,22,97,1,0,16.3516,18.7812,14.5547,20.4922,1.568125,1.511625,1.30325,1.295375,0,0,2.559375
2982,22,96,1,0,16.375,18.7422,14.4766,20.4141,1.56025,1.530125,1.306,1.280875,0,0,2.559375
2983,22,96,1,0,16.3438,18.6406,14.4453,20.3906,1.55175,1.5215,1.29325,1.288625,0,0,2.56075
2984,22,96,1,1,16.3125,18.7109,14.5156,20.4453,1.551625,1.50625,1.319625,1.290625,0,0,2.560375
2985,22,94,1,0,16.2266,18.6797,14.5156,20.3125,1.543375,1.51725,1.312,1.290375,1,0,2.559625
2986,22,98,1,0,16.25,18.6328,14.4297,20.3125,1.55125,1.498,1.290875,1.287,0,0,2.559375
2987,22,94,1,0,16.2812,18.5859,14.4297,20.3516,1.55875,1.495125,1.30075,1.278625,0,0,2.560375
2988,22,94,1,0,16.2656,18.6016,14.4609,20.3047,1.53325,1.4965,1.3135,1.27475,0,0,2.5605
2989,22,96,1,0,16.125,18.5312,14.375,20.25,1.554375,1.507875,1.285125,1.28575,0,0,2.559875
2990,22,94,1,0,16.1797,18.5234,14.3594,20.2031,1.54475,1.50025,1.28725,1.26625,0,0,2.559625
2991,22,97,1,0,16.1719,18.5703,14.3281,20.2188,1.548625,1.5075,1.297375,1.282,0,0,2.560125
2992,22,96,1,1,16.0703,18.4688,14.2812,20.25,1.53675,1.49025,1.29725,1.273125,0,0,2.55975
2993,22,94,1,0,16.1641,18.5,14.2812,20.1797,1.525375,1.506,1.28,1.268375,0,0,2.559
2994,22,97,1,0,16.0234,18.4531,14.3125,20.1797,1.537,1.50325,1.307125,1.278625,0,0,2.561
2995,22,94,1,0,16.0,18.3984,14.2109,20.1797,1.5475,1.49575,1.27575,1.274125,0,0,2.55925
2996,22,94,1,0,16.0469,18.4062,14.2266,20.1328,1.542,1.500875,1.288375,1.262,0,0,2.560875
2997,22,95,1,0,15.9766,18.3828,14.1875,20.0703,1.53175,1.483375,1.30375,1.258625,0,0,2.559
2998,22,95,1,0,16.0312,18.3906,14.1875,20.0625,1.53175,1.49825,1.290625,1.26275,0,0,2.560875
2999,22,98,1,0,15.9766,18.3906,14.1172,20.0859,1.511,1.478875,1.27875,1.251875,0,0,2.559
3000,22,98,1,1,15.9062,18.3984,14.1094,20.0703,1.52675,1.477875,1.29475,1.265125,0,0,2.56025
3001,22,95,1,0,15.8906,18.3984,14.0938,19.9766,1.52875,1.485375,1.288,1.26275,0,0,2.559
3002,22,94,1,0,15.9141,18.3594,14.1641,20.0234,1.517375,1.48225,1.263625,1.248875,0,0,2.559125
3003,22,96,1,0,15.8828,18.2734,14.0781,19.9844,1.509625,1.486875,1.2735,1.24575,0,0,2.560875
3004,22,94,1,0,15.8281,18.3125,14.0625,19.9922,1.512,1.46175,1.267125,1.24675,0,0,2.559
3005,22,94,1,0,15.8672,18.3125,14.0547,20.0078,1.4985,1.4755,1.277,1.25025,0,0,2.560125
3006,22,97,1,0,15.7734,18.2656,14.0625,19.9844,1.510875,1.4655,1.2805,1.24125,0,0,2.56075
3007,22,95,1,0,15.7812,18.2656,13.9766,19.8906,1.51625,1.46975,1.275,1.256875,0,0,2.559125
3008,22,96,1,1,15.8203,18.2344,14.0078,19.875,1.5095,1.4795,1.2625,1.24625,0,0,2.55975
3009,22,94,1,0,15.7656,18.1172,13.9609,19.8203,1.502875,1.474625,1.262875,1.249,1,0,2.559
3010,22,94,1,0,15.75,18.125,13.9922,19.8828,1.518,1.458875,1.249875,1.244125,0,0,2.5595
3011,22,94,1,0,15.6797,18.0703,13.9844,19.8438,1.497125,1.467,1.2745,1.246875,0,0,2.560125
3012,22,98,1,0,15.7031,18.0938,13.9609,19.875,1.492625,1.453125,1.266625,1.2485,0,0,2.55975
3013,22,96,1,0,15.6719,18.0703,13.8281,19.75,1.484375,1.460625,1.251125,1.237,0,0,2.56025
3014,22,96,1,0,15.6094,18.0781,13.8984,19.75,1.502,1.44075,1.2755,1.23075,0,0,2.559125
3015,22,96,1,0,15.7109,18.0859,13.8906,19.7188,1.485375,1.4415,1.24225,1.226875,0,1,2.560875
3016,22,98,1,1,15.6719,17.9922,13.8594,19.7891,1.479375,1.4435,1.259375,1.228625,0,0,2.5605
3017,22,96,1,0,15.5469,18.0078,13.8516,19.6953,1.481,1.4425,1.264125,1.228125,0,0,2.559875
3018,22,98,1,0,15.5938,18.0469,13.7891,19.625,1.49675,1.44775,1.2695,1.241375,0,0,2.559125
3019,22,96,1,0,15.5547,18.0234,13.8203,19.6094,1.497625,1.44075,1.266625,1.238,0,0,2.55925
3020,22,96,1,0,15.5859,17.9453,13.75,19.6875,1.483,1.43275,1.24725,1.238625,0,0,2.55925
3021,22,96,1,0,15.5078,17.9844,13.7031,19.5625,1.482875,1.429,1.233625,1.22775,0,0,2.55925
3022,22,96,1,0,15.5625,17.8828,13.7031,19.6016,1.477625,1.454125,1.231,1.2275,0,0,2.560875
3023,21,96,1,0,15.5312,17.8359,13.6328,19.6328,1.476875,1.4405,1.243,1.218625,0,0,2.560875
3024,21,96,1,1,15.4453,17.8594,13.6953,19.5,1.48575,1.438375,1.2405,1.22425,0,0,2.559125
3025,21,98,1,0,15.4922,17.8906,13.6094,19.4844,1.47475,1.423375,1.25325,1.213125,0,0,2.55975
3026,21,94,1,0,15.3906,17.7734,13.5625,19.5625,1.471125,1.420125,1.24475,1.213,0,0,2.559875
3027,21,98,1,0,15.4609,17.8594,13.5781,19.4922,1.479,1.41625,1.2505,1.20625,0,0,2.560375
3028,21,94,1,0,15.3828,17.8203,13.6406,19.5,1.453125,1.41925,1.2425,1.2165,0,0,2.561
3029,21,95,1,0,15.3828,17.7578,13.5625,19.4453,1.464625,1.42975,1.22925,1.2065,0,0,2.559875
3030,21,97,1,0,15.3203,17.6875,13.4844,19.5,1.47025,1.431125,1.226375,1.212,0,0,2.560125
3031,21,95,1,0,15.2734,17.7109,13.4688,19.4062,1.47375,1.43225,1.2245,1.2085,0,0,2.5605
3032,21,94,1,1,15.3203,17.7031,13.4531,19.4297,1.462625,1.420375,1.226,1.203625,0,0,2.56025
3033,21,96,1,0,15.2578,17.6172,13.4688,19.4062,1.467125,1.426375,1.2105,1.203375,0,0,2.559625
3034,21,94,1,0,15.2578,17.6328,13.4766,19.3281,1.449875,1.41725,1.2345,1.20825,0,0,2.560625
3035,21,98,1,0,15.1719,17.6328,13.4453,19.3203,1.452625,1.42125,1.234125,1.207875,0,0,2.56
3036,21,95,1,0,15.2266,17.625,13.4062,19.3516,1.44875,1.4125,1.228,1.21075,0,0,2.561
3037,21,98,1,0,15.1484,17.5703,13.3828,19.3125,1.442125,1.403625,1.234625,1.19025,0,0,2.560125
3038,21,95,1,0,15.1484,17.6172,13.3125,19.2188,1.44325,1.40475,1.22675,1.205125,0,0,2.559625
3039,21,97,1,0,15.1484,17.4922,13.2891,19.3125,1.43625,1.41475,1.209375,1.193375,0,0,2.560875
3040,21,94,1,1,15.1016,17.5,13.3594,19.1797,1.45175,1.395375,1.226125,1.191875,0,0,2.559375
3041,21,95,1,0,15.0859,17.4766,13.2656,19.2578,1.45325,1.40225,1.19425,1.1855,0,0,2.559375
3042,21,94,1,0,15.0703,17.4375,13.2656,19.2266,1.443125,1.410125,1.192375,1.194375,0,0,2.559375
3043,21,94,1,0,15.0391,17.4688,13.3281,19.1953,1.451,1.405375,1.197125,1.194625,0,0,2.56025
3044,21,97,1,0,15.0234,17.4531,13.2578,19.1875,1.447875,1.398375,1.210625,1.1915,0,1,2.559625
3045,21,95,1,0,14.9922,17.4453,13.1953,19.125,1.4205,1.394,1.218625,1.1975,0,0,2.5595
3046,21,98,1,0,14.9688,17.3906,13.1797,19.1094,1.439375,1.390375,1.187,1.185125,0,0,2.559625
3047,21,97,1,0,15.0312,17.4141,13.1641,19.0781,1.420875,1.40525,1.220375,1.179125,0,0,2.561
3048,21,95,1,1,15.0078,17.4219,13.2188,19.0312,1.421625,1.384125,1.18575,1.173875,0,0,2.561
3049,21,97,1,0,14.9375,17.3828,13.0781,18.9922,1.420125,1.38175,1.211375,1.19075,0,0,2.56
3050,21,94,1,0,14.9766,17.2812,13.1562,18.9688,1.432125,1.39725,1.19,1.186125,0,0,2.56
3051,21,96,1,0,14.8359,17.3594,13.125,18.9375,1.414,1.3795,1.1885,1.181875,0,0,2.559375
3052,21,96,1,0,14.8828,17.2422,13.0391,18.9922,1.416125,1.393125,1.182625,1.18575,0,0,2.560375
3053,21,94,1,0,14.7969,17.3047,13.0859,18.9219,1.4135,1.39275,1.199375,1.165875,0,0,2.56
3054,21,98,1,0,14.7969,17.2812,12.9844,18.9062,1.430125,1.365,1.183625,1.176,1,0,2.56
3055,21,94,1,0,14.8516,17.1641,12.9844,18.8984,1.407,1.368375,1.1935,1.159375,0,0,2.560375
3056,21,98,1,1,14.8047,17.2109,13.0391,18.9297,1.42125,1.38875,1.202625,1.171875,0,0,2.561
3057,21,94,1,0,14.7422,17.1484,13.0,18.8672,1.40275,1.381875,1.17575,1.171,0,0,2.5605
3058,21,98,1,0,14.7969,17.1797,12.9453,18.8906,1.3955,1.365875,1.18825,1.15875,0,0,2.560375
3059,21,97,1,0,14.7734,17.1562,12.8984,18.875,1.40825,1.370375,1.166,1.168125,0,0,2.561
3060,21,98,1,0,14.6875,17.0547,12.9141,18.7578,1.4105,1.369875,1.171125,1.158875,0,0,2.56
3061,21,98,1,0,14.7266,17.0938,12.9453,18.8125,1.402375,1.3545,1.188875,1.165125,0,0,2.55925
3062,21,96,1,0,14.7266,17.0703,12.8438,18.7344,1.415,1.3585,1.16325,1.152,0,0,2.5605
3063,21,97,1,0,14.5938,17.0938,12.8438,18.7891,1.3885,1.3465,1.17075,1.165125,0,0,2.55925
3064,21,96,1,1,14.6172,16.9844,12.8516,18.6641,1.38725,1.344625,1.16825,1.164375,0,0,2.55925
3065,21,98,1,0,14.6484,17.0156,12.8594,18.75,1.393375,1.36975,1.1905,1.153875,0,0,2.559875
3066,21,98,1,0,14.5703,16.9375,12.7578,18.625,1.401875,1.35575,1.175625,1.154,0,1,2.559375
3067,21,95,1,0,14.5703,16.9297,12.75,18.7031,1.388375,1.33875,1.161125,1.15875,0,0,2.56
3068,21,95,1,0,14.5547,16.9531,12.6953,18.5781,1.39825,1.336,1.156375,1.156375,0,0,2.5605
3069,21,98,1,0,14.4922,16.9375,12.6875,18.6172,1.377125,1.3615,1.162625,1.155125,0,0,2.560875
3070,20,97,1,0,14.4531,16.9062,12.75,18.625,1.374875,1.344125,1.147375,1.1455,0,0,2.560875
3071,20,98,1,0,14.4922,16.8984,12.7188,18.5078,1.3875,1.3515,1.154625,1.134375,0,0,2.561
3072,20,98,1,1,14.5,16.8594,12.6484,18.5781,1.3865,1.329,1.172,1.146375,0,0,2.559125
3073,20,95,1,0,14.4219,16.8516,12.6562,18.4688,1.385625,1.34975,1.158625,1.130125,0,0,2.56075
3074,20,98,1,0,14.3594,16.8438,12.625,18.5078,1.371125,1.333375,1.15875,1.1385,0,0,2.56075
3075,20,98,1,0,14.3281,16.7266,12.6484,18.4922,1.384625,1.3305,1.148375,1.128,0,0,2.55925
3076,20,95,1,0,14.3359,16.7578,12.5156,18.4766,1.36375,1.32475,1.17,1.125875,0,0,2.559375
3077,20,97,1,0,14.3828,16.7344,12.5938,18.4844,1.373375,1.325875,1.146625,1.1395,0,0,2.560125
3078,20,95,1,0,14.2734,16.7812,12.5,18.3906,1.36025,1.333125,1.15475,1.1375,0,0,2.5605
3079,20,96,1,0,14.2812,16.7266,12.4531,18.3828,1.3775,1.315875,1.144125,1.140125,0,0,2.559125
3080,20,98,1,1,14.2344,16.6797,12.4375,18.3984,1.349875,1.319875,1.138375,1.1265,0,0,2.55925
3081,20,98,1,0,14.2266,16.6328,12.4062,18.4141,1.35775,1.329625,1.1545,1.134125,0,0,2.560125
3082,20,98,1,0,14.2109,16.6641,12.3828,18.3047,1.355125,1.31725,1.13925,1.124125,0,0,2.559375
3083,20,96,1,0,14.1719,16.5547,12.4062,18.3438,1.36975,1.318375,1.129875,1.1205,0,0,2.5605
3084,20,96,1,0,14.1641,16.5391,12.4219,18.3438,1.361875,1.316,1.1485,1.12625,0,0,2.559125
3085,20,98,1,0,14.2266,16.6016,12.3203,18.25,1.342625,1.314625,1.14425,1.128625,0,0,2.55925
3086,20,97,1,0,14.1016,16.5312,12.3203,18.25,1.353,1.305,1.1215,1.117125,0,0,2.5605
3087,20,96,1,0,14.1875,16.4844,12.2656,18.2656,1.3435,1.3155,1.1205,1.110875,0,0,2.560875
3088,20,98,1,1,14.1328,16.5078,12.3438,18.2422,1.341125,1.318875,1.129875,1.10925,0,0,2.5595
3089,20,94,1,0,14.1406,16.4766,12.25,18.1953,1.3445,1.29575,1.140625,1.12225,1,0,2.56075
3090,20,98,1,0,14.125,16.4688,12.25,18.1641,1.35625,1.2955,1.14725,1.119625,0,0,2.560375
3091,20,97,1,0,13.9766,16.4219,12.1875,18.0938,1.342625,1.3065,1.131625,1.11175,0,0,2.561
3092,20,94,1,0,14.0781,16.3984,12.2109,18.1016,1.348875,1.311875,1.13875,1.11925,0,0,2.559
3093,20,95,1,0,14.0469,16.3906,12.1562,18.1406,1.3325,1.308125,1.133,1.10025,0,0,2.560875
3094,20,98,1,0,14.0078,16.4219,12.1328,18.0625,1.338625,1.295375,1.12625,1.111375,0,0,2.56075
3095,20,96,1,0,13.9844,16.375,12.2109,18.0625,1.34525,1.294875,1.128125,1.095,0,0,2.56
3096,20,97,1,1,13.9844,16.3281,12.125,17.9844,1.338,1.286,1.114875,1.107875,0,1,2.5595
3097,20,98,1,0,13.8984,16.2969,12.1328,18.0703,1.32275,1.28925,1.109625,1.103125,0,0,2.559
3098,20,97,1,0,13.9453,16.2578,12.0781,17.9688,1.3215,1.301875,1.120875,1.096625,0,0,2.56025
3099,20,98,1,0,13.8359,16.2656,12.1172,18.0078,1.333875,1.30275,1.108,1.09375,0,0,2.56
3100,20,96,1,0,13.8828,16.1953,12.1016,17.9141,1.313375,1.273625,1.11,1.105625,0,0,2.559875
3101,20,96,1,0,13.7891,16.2812,12.0703,17.9062,1.32925,1.28325,1.114875,1.093,0,0,2.56075
3102,20,95,1,0,13.8438,16.1719,11.9844,17.875,1.328625,1.274125,1.095,1.086625,0,0,2.559125
3103,20,98,1,0,13.8125,16.1562,11.9375,17.8203,1.32225,1.272875,1.105375,1.09925,0,0,2.560125
3104,20,94,1,1,13.6953,16.1797,11.9141,17.8906,1.319125,1.271,1.0955,1.07725,0,0,2.5595
3105,20,95,1,0,13.7344,16.125,11.9375,17.8438,1.30675,1.273125,1.108625,1.0805,0,0,2.559625
3106,20,96,1,0,13.7109,16.0547,11.9219,17.8359,1.307625,1.284125,1.106625,1.082875,0,0,2.560875
3107,20,95,1,0,13.6953,16.0938,11.875,17.8047,1.317625,1.268375,1.105625,1.07775,1,0,2.559125
3108,20,95,1,0,13.6484,16.1094,11.8594,17.8281,1.306625,1.275375,1.089875,1.080375,0,0,2.559625
3109,20,95,1,0,13.6797,16.0781,11.8203,17.6953,1.294625,1.257375,1.084,1.069,0,0,2.561
3110,20,95,1,0,13.6094,16.0781,11.875,17.6953,1.302125,1.276125,1.081375,1.079,0,0,2.55925
3111,20,97,1,0,13.5547,15.9766,11.8047,17.6953,1.290375,1.2555,1.091875,1.075875,0,0,2.559875
3112,20,95,1,1,13.5859,15.9922,11.8125,17.6797,1.294625,1.27775,1.079125,1.066,0,0,2.560375
3113,20,98,1,0,13.5938,15.9609,11.7031,17.7031,1.30775,1.248375,1.101375,1.082,0,0,2.5595
3114,20,96,1,0,13.5078,16.0,11.7188,17.6094,1.288375,1.251375,1.09525,1.059625,0,0,2.56
3115,20,94,1,0,13.5469,15.8672,11.7266,17.6484,1.286,1.243375,1.074875,1.06125,0,0,2.559625
3116,19,97,1,0,13.4844,15.8438,11.6953,17.6484,1.296875,1.262125,1.0745,1.067625,0,0,2.56025
3117,19,98,1,0,13.4219,15.8828,11.6406,17.625,1.29775,1.242875,1.097125,1.069,0,0,2.559875
3118,19,97,1,0,13.4609,15.8672,11.6172,17.5,1.286625,1.264875,1.084625,1.054,0,0,2.559875
3119,19,95,1,0,13.3906,15.8203,11.6094,17.5781,1.298375,1.2415,1.069125,1.051625,0,0,2.55975
3120,19,98,1,1,13.3906,15.8359,11.6484,17.5078,1.274625,1.24975,1.0785,1.058625,0,0,2.5595
3121,19,95,1,0,13.3672,15.8438,11.5469,17.4766,1.29325,1.253875,1.0615,1.053375,0,1,2.5605
3122,19,96,1,0,13.3203,15.7109,11.5703,17.4531,1.292375,1.242625,1.087375,1.0645,1,0,2.560625
3123,19,97,1,0,13.3438,15.7891,11.4844,17.4219,1.26275,1.244375,1.054875,1.064,0,0,2.559875
3124,19,96,1,0,13.2656,15.7266,11.5703,17.4766,1.26475,1.231,1.080125,1.05,0,0,2.56075
3125,19,94,1,0,13.2344,15.6797,11.4688,17.4062,1.285875,1.23625,1.0865,1.05175,0,0,2.559375
3126,19,94,1,0,13.2266,15.6172,11.4375,17.3516,1.282125,1.225,1.073375,1.05425,0,0,2.559875
3127,19,94,1,0,13.3047,15.6094,11.5156,17.3438,1.262,1.23675,1.06025,1.048375,0,0,2.5595
3128,19,97,1,1,13.2422,15.5938,11.3984,17.3438,1.267875,1.218,1.058,1.054,0,0,2.55925
3129,19,94,1,0,13.1953,15.5859,11.4375,17.3203,1.250875,1.230125,1.0765,1.050375,0,0,2.560125
3130,19,96,1,0,13.1484,15.5547,11.4062,17.3438,1.24925,1.223625,1.0755,1.03975,0,0,2.560875
3131,19,98,1,0,13.1016,15.5469,11.3125,17.2578,1.25275,1.218375,1.058625,1.035,0,0,2.559375
3132,19,98,1,0,13.1094,15.4844,11.3594,17.1953,1.263625,1.2185,1.0535,1.04825,0,0,2.559625
3133,19,96,1,0,13.1562,15.5391,11.3281,17.2578,1.252375,1.215,1.04225,1.03725,0,0,2.559125
3134,19,97,1,0,13.0391,15.5312,11.2656,17.2109,1.262125,1.206,1.034625,1.046625,0,0,2.561
3135,19,97,1,0,13.0469,15.5078,11.2969,17.125,1.259375,1.225625,1.06,1.041375,0,0,2.56075
3136,19,95,1,1,13.1094,15.4766,11.2109,17.0938,1.235,1.210625,1.037,1.0385,0,0,2.5605
3137,19,96,1,0,13.0312,15.3828,11.25,17.0938,1.255375,1.2055,1.049125,1.03525,0,0,2.560125
3138,19,94,1,0,12.9688,15.3594,11.1953,17.0469,1.232625,1.209,1.043625,1.018875,0,0,2.5595
3139,19,97,1,0,13.0234,15.3672,11.125,17.0391,1.256375,1.207375,1.051375,1.021875,0,0,2.561
3140,19,97,1,0,12.9609,15.3672,11.1641,17.125,1.240125,1.211,1.058375,1.018875,0,0,2.559625
3141,19,95,1,0,12.8984,15.3516,11.1328,16.9922,1.22475,1.198875,1.02225,1.02075,0,0,2.56025
3142,19,95,1,0,12.9766,15.2812,11.1406,17.0391,1.23175,1.188625,1.037375,1.022875,0,0,2.560875
3143,19,96,1,0,12.8438,15.3281,11.1562,16.9766,1.242375,1.187,1.0375,1.02325,0,0,2.560375
3144,19,96,1,1,12.8672,15.2344,11.1172,17.0234,1.218375,1.1865,1.041875,1.02375,0,0,2.55975
3145,19,98,1,0,12.8438,15.2031,11.0,16.9766,1.244625,1.196125,1.045875,1.01375,0,0,2.5595
3146,19,98,1,0,12.8516,15.2578,11.0938,16.9609,1.22,1.190375,1.043125,1.006125,0,0,2.56
3147,19,95,1,0,12.8672,15.25,11.0703,16.9062,1.213875,1.1905,1.022,1.009125,0,0,2.561
3148,19,98,1,0,12.8359,15.1562,11.0469,16.9062,1.226625,1.175375,1.039375,1.012625,0,0,2.560625
3149,19,97,1,0,12.8125,15.1016,10.9922,16.9219,1.213375,1.185125,1.037625,1.01,0,0,2.559125
3150,19,96,1,0,12.7031,15.1484,10.9531,16.8125,1.221375,1.184375,1.022125,1.0175,0,0,2.560875
3151,19,98,1,0,12.7578,15.1328,10.9062,16.7578,1.2115,1.186125,1.032875,1.0165,0,0,2.559125
3152,19,94,1,1,12.7266,15.0859,10.8984,16.8047,1.200875,1.168375,1.031875,1.009875,0,0,2.559875
3153,19,97,1,0,12.6328,15.0469,10.875,16.8125,1.222375,1.193125,1.008,0.995875,0,0,2.5595
3154,19,97,1,0,12.5938,15.0391,10.7891,16.6953,1.211875,1.16775,1.01675,0.99475,1,0,2.560375
3155,19,95,1,0,12.6094,15.0469,10.7812,16.7578,1.195125,1.173875,0.999375,0.9945,0,0,2.56
3156,19,94,1,0,12.6172,15.0547,10.8203,16.75,1.197375,1.181625,1.028375,0.9995,0,0,2.55925
3157,19,95,1,0,12.5625,14.9766,10.7734,16.6484,1.197625,1.163,1.01025,1.00425,0,0,2.56075
3158,19,98,1,0,12.5,14.9141,10.7344,16.7031,1.20625,1.177125,1.005625,1.005375,0,0,2.5595
3159,19,98,1,0,12.5859,14.8984,10.7188,16.7031,1.205375,1.176,1.005,0.989125,0,0,2.559875
3160,19,94,1,1,12.5078,14.8672,10.7578,16.6562,1.197625,1.167,1.011125,0.995375,0,0,2.559375
3161,18,96,1,0,12.4453,14.9219,10.6484,16.6172,1.19,1.1545,1.003875,0.984375,0,0,2.559875
3162,18,96,1,0,12.4609,14.8516,10.625,16.5391,1.198,1.1655,0.999375,0.9935,0,0,2.55975
3163,18,97,1,0,12.4062,14.8906,10.6562,16.5469,1.18325,1.147125,1.00975,0.97475,0,0,2.559875
3164,18,98,1,0,12.3906,14.8594,10.6797,16.5781,1.200125,1.157125,0.985875,0.986125,0,0,2.56
3165,18,97,1,0,12.4141,14.7969,10.6562,16.5078,1.186875,1.14725,0.99325,0.992375,0,0,2.560875
3166,18,97,1,0,12.3906,14.7734,10.625,16.5312,1.177125,1.15325,0.98025,0.97925,0,0,2.5605
3167,18,96,1,0,12.3672,14.8125,10.6172,16.4922,1.168625,1.143875,1.0095,0.970375,0,1,2.560375
3168,18,94,1,1,12.3047,14.7891,10.5,16.375,1.1795,1.150875,0.99225,0.987,0,0,2.55975
3169,18,97,1,0,12.3125,14.6641,10.5625,16.3984,1.186375,1.140375,0.99625,0.978875,0,0,2.559125
3170,18,97,1,0,12.2734,14.6953,10.5156,16.3594,1.17625,1.13025,0.98675,0.963375,0,0,2.561
3171,18,97,1,0,12.25,14.7031,10.5078,16.4219,1.17475,1.1295,0.9815,0.97,0,0,2.561
3172,18,95,1,0,12.2109,14.6953,10.3906,16.3906,1.173,1.139625,0.975625,0.975875,0,0,2.560125
3173,18,98,1,0,12.1875,14.6328,10.4375,16.3828,1.180125,1.12775,0.97225,0.959625,0,0,2.56075
3174,18,95,1,0,12.1719,14.6484,10.3516,16.3516,1.179125,1.124,0.988,0.971625,0,0,2.5605
3175,18,97,1,0,12.2266,14.6016,10.3203,16.2188,1.16075,1.135375,0.98675,0.965625,0,0,2.5605
3176,18,97,1,1,12.1797,14.5781,10.3047,16.2656,1.1645,1.13,0.986375,0.954625,0,0,2.5605
3177,18,98,1,0,12.1406,14.4922,10.3672,16.2109,1.167125,1.123625,0.983,0.961625,0,0,2.559375
3178,18,94,1,0,12.0781,14.5312,10.2578,16.2344,1.172125,1.121875,0.98975,0.9615,0,0,2.559
3179,18,96,1,0,12.1016,14.4688,10.2891,16.1875,1.15575,1.140625,0.95725,0.96375,0,0,2.560625
3180,18,97,1,0,12.0234,14.4297,10.3125,16.1094,1.143625,1.119,0.961,0.95025,0,0,2.55925
3181,18,97,1,0,12.0547,14.4453,10.3047,16.1328,1.162875,1.1205,0.988125,0.951625,0,0,2.559875
3182,18,98,1,0,11.9609,14.4141,10.2812,16.0703,1.15175,1.10975,0.984125,0.95125,0,0,2.55925
3183,18,94,1,0,12.0469,14.4609,10.1406,16.0703,1.142625,1.12675,0.959875,0.942375,0,0,2.559625
3184,18,94,1,1,11.9766,14.4375,10.1484,16.125,1.13975,1.10975,0.951625,0.940625,0,0,2.559875
3185,18,95,1,0,11.9453,14.3516,10.1797,16.0391,1.13075,1.12225,0.9635,0.950125,0,0,2.5595
3186,18,94,1,0,11.8828,14.3516,10.1016,16.0781,1.155625,1.125875,0.9435,0.943875,0,0,2.560125
3187,18,96,1,0,11.9453,14.2656,10.0859,16.0547,1.146625,1.11025,0.972,0.93425,0,0,2.559
3188,18,97,1,0,11.9375,14.2812,10.0781,15.9766,1.14975,1.108,0.959875,0.943375,0,0,2.5605
3189,18,96,1,0,11.8984,14.2188,10.0781,15.9453,1.129875,1.099125,0.949875,0.929875,1,0,2.55975
3190,18,94,1,0,11.8906,14.2891,10.0781,16.0,1.12375,1.11275,0.954375,0.93475,0,0,2.559125
3191,18,97,1,0,11.8594,14.1562,10.0156,15.8984,1.13575,1.107875,0.953125,0.94125,0,0,2.56
3192,18,96,1,1,11.8203,14.2031,10.0156,15.9453,1.122375,1.1095,0.932125,0.93925,0,0,2.56075
3193,18,96,1,0,11.7109,14.2031,9.9688,15.8438,1.114125,1.08575,0.934125,0.932875,0,0,2.560875
3194,18,94,1,0,11.6875,14.1016,10.0078,15.7969,1.12325,1.090875,0.930625,0.922625,0,0,2.56025
3195,18,94,1,0,11.7578,14.0781,9.9766,15.8125,1.1215,1.0825,0.96375,0.91875,0,0,2.56025
3196,18,95,1,0,11.6719,14.125,9.875,15.7656,1.125875,1.08825,0.959375,0.93425,0,1,2.56025
3197,18,97,1,0,11.7031,14.0312,9.8828,15.7188,1.11,1.075875,0.958625,0.9315,0,0,2.560375
3198,18,95,1,0,11.7188,14.0391,9.8359,15.8047,1.11,1.09425,0.949,0.923375,0,0,2.561
3199,18,95,1,0,11.6875,14.0234,9.8828,15.7812,1.113375,1.074875,0.9425,0.914375,0,0,2.56075
3200,18,97,1,1,11.6094,14.0703,9.7891,15.6641,1.10125,1.086875,0.947,0.9225,0,0,2.559875
3201,18,98,1,0,11.5391,14.0,9.7891,15.625,1.123875,1.092,0.94075,0.910375,0,0,2.560125
3202,18,98,1,0,11.5859,13.9844,9.7344,15.6016,1.106,1.07475,0.928625,0.915,0,0,2.559125
3203,18,98,1,0,11.5234,13.9453,9.7109,15.6094,1.10825,1.077875,0.9255,0.9145,0,0,2.56
3204,18,95,1,0,11.4609,13.8594,9.7109,15.5781,1.11625,1.086,0.939,0.916125,0,0,2.56075
3205,17,96,1,0,11.5469,13.875,9.6797,15.5938,1.101375,1.080375,0.924,0.9115,0,0,2.559625
3206,17,98,1,0,11.4844,13.8906,9.6641,15.5859,1.10975,1.061875,0.9095,0.9105,0,0,2.56025
3207,17,97,1,0,11.3906,13.8438,9.6719,15.5,1.102125,1.06725,0.910875,0.918375,0,0,2.560125
3208,17,96,1,1,11.4062,13.7969,9.6094,15.4844,1.091375,1.05225,0.9275,0.9075,0,0,2.559625
3209,17,97,1,0,11.3828,13.7812,9.6562,15.4688,1.092125,1.049625,0.93775,0.904,0,0,2.560625
3210,17,96,1,0,11.3906,13.8125,9.5547,15.5391,1.104375,1.05525,0.917875,0.9105,0,0,2.5605
3211,17,96,1,0,11.3672,13.7656,9.5703,15.4219,1.090625,1.061875,0.91675,0.900875,0,0,2.55975
3212,17,98,1,0,11.2969,13.7031,9.5859,15.3828,1.092875,1.070875,0.896375,0.89025,0,0,2.560625
3213,17,96,1,0,11.3125,13.75,9.4609,15.4609,1.1,1.042375,0.899125,0.8955,0,0,2.560625
3214,17,97,1,0,11.2266,13.7188,9.4531,15.3828,1.092875,1.058625,0.9045,0.89,0,0,2.559875
3215,17,95,1,0,11.2969,13.6406,9.4375,15.4062,1.092625,1.044875,0.892375,0.893125,0,0,2.55975
3216,17,97,1,1,11.2734,13.6406,9.4375,15.3281,1.070875,1.03875,0.894125,0.898875,0,0,2.5605
3217,17,97,1,0,11.2422,13.6719,9.4375,15.3828,1.090875,1.034625,0.91475,0.88975,1,0,2.559375
3218,17,98,1,0,11.1406,13.6094,9.3672,15.2344,1.070625,1.06,0.891125,0.89775,0,0,2.560875
3219,17,97,1,0,11.1875,13.5391,9.3828,15.2344,1.083375,1.054,0.88475,0.879,0,0,2.56
3220,17,98,1,0,11.1406,13.5703,9.3516,15.1953,1.063125,1.041875,0.89175,0.894375,0,0,2.559375
3221,17,94,1,0,11.0703,13.5,9.3203,15.2891,1.068125,1.028875,0.890875,0.872625,0,0,2.559125
3222,17,96,1,0,11.1484,13.5391,9.3281,15.25,1.0545,1.02475,0.885125,0.891,0,0,2.560875
3223,17,95,1,0,11.1406,13.4844,9.3047,15.1953,1.071375,1.028125,0.901875,0.891,0,0,2.559875
3224,17,96,1,1,11.0781,13.4062,9.2969,15.2109,1.068625,1.036,0.887375,0.870625,0,0,2.560625
3225,17,96,1,0,10.9766,13.4297,9.2891,15.1094,1.07275,1.021375,0.887,0.872625,0,0,2.56025
3226,17,95,1,0,10.9609,13.4375,9.1641,15.1172,1.052125,1.026125,0.894875,0.86425,0,0,2.561
3227,17,96,1,0,11.0078,13.3281,9.2422,15.0547,1.068875,1.035625,0.88,0.883875,0,0,2.56
3228,17,97,1,0,10.9609,13.4062,9.2266,15.0312,1.06775,1.025375,0.879,0.872375,0,0,2.55925
3229,17,94,1,0,10.9766,13.3516,9.1484,15.0781,1.059875,1.010125,0.89525,0.879625,0,0,2.55975
3230,17,94,1,0,10.9141,13.3281,9.1641,15.0078,1.041875,1.03025,0.881375,0.87125,0,0,2.559
3231,17,98,1,0,10.8359,13.3203,9.0703,15.0156,1.041125,1.013625,0.895,0.874625,0,0,2.55925
3232,17,96,1,1,10.8828,13.2734,9.0547,14.9219,1.053375,1.003375,0.86725,0.8605,0,0,2.559125
3233,17,98,1,0,10.8438,13.2734,9.1094,14.9141,1.04275,1.01325,0.87725,0.862375,0,1,2.560125
3234,17,97,1,0,10.7812,13.1953,9.0781,14.8828,1.043375,1.00825,0.892125,0.86325,0,0,2.560375
3235,17,98,1,0,10.7969,13.2344,8.9453,14.9062,1.0355,1.00075,0.858625,0.869,0,0,2.5595
3236,17,95,1,0,10.7812,13.2344,8.9219,14.8359,1.022625,1.003375,0.873375,0.8665,0,0,2.560375
3237,17,98,1,0,10.8203,13.1406,8.9219,14.8984,1.018375,1.005625,0.865625,0.86375,0,0,2.560375
3238,17,98,1,0,10.7031,13.1953,8.9688,14.8047,1.017625,1.0065,0.86725,0.856875,0,0,2.560375
3239,17,96,1,0,10.6797,13.1562,8.8906,14.7969,1.01575,1.006125,0.879875,0.860625,0,0,2.56025
3240,17,95,1,1,10.6797,13.0391,8.8672,14.8125,1.015125,1.005125,0.86925,0.858125,0,0,2.56
3241,17,95,1,0,10.7031,13.1172,8.8984,14.8047,1.030875,0.982625,0.8775,0.849375,0,0,2.56025
3242,17,96,1,0,10.6328,13.0703,8.8438,14.7656,1.016,1.00475,0.8555,0.856875,0,0,2.55975
3243,17,95,1,0,10.5938,13.0625,8.8438,14.7031,1.024375,0.979875,0.844875,0.836125,0,0,2.5595
3244,17,98,1,0,10.5859,13.0547,8.8438,14.6484,1.021625,0.998875,0.84375,0.8485,0,0,2.559125
3245,17,94,1,0,10.625,12.9219,8.8125,14.6406,1.01175,0.982625,0.847,0.833,0,0,2.56025
3246,17,96,1,0,10.5312,12.9844,8.7812,14.6172,1.009125,0.972,0.85,0.833125,0,0,2.56
3247,17,98,1,0,10.5234,12.9141,8.7188,14.6562,1.021875,0.989,0.84125,0.8365,1,0,2.56
3248,17,98,1,1,10.5156,12.9219,8.7344,14.5547,1.000375,0.97775,0.847625,0.824875,0,0,2.559625
3249,16,95,1,0,10.4531,12.8672,8.6484,14.5781,1.017625,0.968,0.83975,0.842625,0,0,2.559375
3250,16,98,1,0,10.4375,12.8203,8.7188,14.5312,1.00825,0.97125,0.84525,0.82075,0,0,2.560625
3251,16,95,1,0,10.3828,12.8438,8.5703,14.5078,1.005,0.983875,0.848625,0.83125,0,0,2.560875
3252,16,97,1,0,10.3516,12.8594,8.6328,14.4922,1.005625,0.9735,0.8265,0.81925,0,0,2.56075
3253,16,97,1,0,10.4297,12.8359,8.5938,14.5391,1.005,0.9585,0.83675,0.828125,0,0,2.55975
3254,16,94,1,0,10.3438,12.7344,8.5625,14.4922,0.991625,0.967375,0.83225,0.83125,0,0,2.559625
3255,16,96,1,0,10.3438,12.7188,8.5625,14.4844,0.9835,0.972625,0.840125,0.814375,0,0,2.55925
3256,16,96,1,1,10.3047,12.75,8.5469,14.375,0.98375,0.952125,0.837125,0.81325,0,0,2.560875
3257,16,94,1,0,10.2344,12.7422,8.5312,14.3359,0.982875,0.965875,0.822625,0.814625,0,0,2.559
3258,16,98,1,0,10.2891,12.6641,8.4844,14.3984,0.9745,0.9745,0.828,0.8065,0,1,2.55925
3259,16,98,1,0,10.2891,12.6484,8.4844,14.3281,0.994875,0.96925,0.81675,0.8255,0,0,2.5605
3260,16,97,1,0,10.1875,12.6172,8.4531,14.3281,0.973,0.958625,0.812625,0.822875,0,0,2.560375
3261,16,98,1,0,10.2109,12.6484,8.4375,14.2734,0.977,0.964,0.837125,0.811125,0,0,2.559
3262,16,96,1,0,10.2188,12.5156,8.3438,14.25,0.97,0.93725,0.8335,0.81275,0,0,2.559875
3263,16,96,1,0,10.1016,12.5859,8.4062,14.2969,0.98425,0.950875,0.838375,0.798625,0,0,2.560875
3264,16,98,1,1,10.1875,12.5234,8.3516,14.2422,0.983,0.953125,0.818875,0.816,0,0,2.560625
3265,16,97,1,0,10.0859,12.5312,8.3047,14.1484,0.9795,0.959625,0.806125,0.811625,0,0,2.559375
3266,16,97,1,0,10.0547,12.4922,8.2422,14.1406,0.974875,0.9355,0.80075,0.795875,0,0,2.559
3267,16,97,1,0,10.0391,12.4297,8.2188,14.2109,0.979375,0.930125,0.801125,0.807125,0,0,2.560125
3268,16,94,1,0,10.0234,12.4141,8.25,14.1953,0.972375,0.951,0.819875,0.797125,0,0,2.559125
3269,16,95,1,0,9.9609,12.4609,8.2344,14.1172,0.963375,0.94625,0.802,0.801875,0,0,2.55925
3270,16,94,1,0,10.0,12.3281,8.25,14.1328,0.97175,0.949,0.821,0.7855,0,0,2.560625
3271,16,97,1,0,9.9531,12.4062,8.1953,14.0234,0.96375,0.93675,0.804,0.804125,0,0,2.55975
3272,16,98,1,1,9.9609,12.3906,8.1406,14.0703,0.94575,0.934,0.79,0.784625,0,0,2.560375
3273,16,97,1,0,9.8828,12.2812,8.1484,14.0703,0.941875,0.93875,0.810125,0.780125,0,0,2.559125
3274,16,98,1,0,9.9297,12.25,8.0547,14.0078,0.956375,0.935125,0.81275,0.787375,0,0,2.56075
3275,16,94,1,0,9.9219,12.3047,8.0703,14.0312,0.94075,0.9165,0.807375,0.792125,0,0,2.560625
3276,16,95,1,0,9.8594,12.25,8.0703,13.9922,0.9455,0.931,0.79775,0.77625,0,0,2.561
3277,16,94,1,0,9.8438,12.1797,8.0078,13.8672,0.94875,0.933875,0.809875,0.785125,0,0,2.55975
3278,16,97,1,0,9.75,12.2422,7.9453,13.9609,0.931875,0.904,0.798625,0.76975,0,0,2.559
3279,16,94,1,0,9.7578,12.1719,8.0,13.9219,0.930375,0.908875,0.806875,0.776,0,0,2.560875
3280,16,98,1,1,9.7266,12.1875,7.9375,13.9141,0.94775,0.9195,0.802125,0.784125,0,0,2.5605
3281,16,95,1,0,9.7344,12.1797,7.8828,13.875,0.9495,0.913125,0.789625,0.7825,0,0,2.559
3282,16,95,1,0,9.7266,12.1172,7.9688,13.8516,0.936125,0.9055,0.7865,0.76975,0,0,2.559375
3283,16,96,1,0,9.6484,12.0547,7.875,13.7734,0.939125,0.89975,0.786125,0.7705,0,0,2.5595
3284,16,95,1,0,9.6641,12.0312,7.9141,13.8047,0.93825,0.895375,0.7705,0.771875,0,0,2.561
3285,16,94,1,0,9.5859,12.0547,7.8203,13.6875,0.930375,0.91775,0.793625,0.764125,0,0,2.559875
3286,16,94,1,0,9.5938,12.0078,7.8516,13.6953,0.93,0.915,0.793,0.770125,0,1,2.559
3287,16,96,1,0,9.5312,12.0078,7.8125,13.7344,0.916375,0.901375,0.778875,0.768625,0,0,2.5605
3288,16,96,1,1,9.5078,12.0156,7.7578,13.6562,0.913125,0.909375,0.782875,0.768625,0,0,2.561
3289,16,96,1,0,9.5469,11.9219,7.7969,13.5938,0.918875,0.888375,0.77825,0.75825,0,0,2.56025
3290,16,97,1,0,9.5469,11.8828,7.6719,13.6641,0.917375,0.886,0.779125,0.758375,0,0,2.559375
3291,15,95,1,0,9.4453,11.9297,7.6641,13.625,0.92875,0.89725,0.779875,0.755125,0,0,2.559625
3292,15,97,1,0,9.5,11.9141,7.6562,13.5859,0.920125,0.9015,0.779,0.75725,0,0,2.56
3293,15,97,1,0,9.3984,11.7891,7.6172,13.5391,0.92325,0.886625,0.752125,0.7455,0,0,2.561
3294,15,97,1,0,9.375,11.8125,7.5781,13.4922,0.901,0.898125,0.747375,0.75175,1,0,2.559875
3295,15,97,1,0,9.4297,11.8359,7.5703,13.5234,0.893,0.877625,0.755625,0.74175,0,0,2.560375
3296,15,94,1,1,9.3594,11.8281,7.5703,13.5078,0.89675,0.889,0.749875,0.753375,0,0,2.560375
3297,15,98,1,0,9.3984,11.8047,7.5859,13.4844,0.889,0.889125,0.77325,0.753875,0,0,2.559625
3298,15,95,1,0,9.375,11.7891,7.5938,13.3906,0.89125,0.88425,0.743875,0.738625,0,0,2.559625
3299,15,97,1,0,9.2578,11.6484,7.5078,13.4375,0.8885,0.876125,0.7555,0.740125,0,0,2.56025
3300,15,94,1,0,9.2734,11.7109,7.5078,13.3906,0.888625,0.8575,0.754625,0.72925,0,0,2.560375
3301,15,97,1,0,9.2891,11.6719,7.4531,13.3125,0.889625,0.86575,0.7515,0.735,0,0,2.5595
3302,15,94,1,0,9.1797,11.6094,7.3984,13.3984,0.9,0.879375,0.746125,0.746125,0,0,2.5605
3303,15,96,1,0,9.1953,11.6562,7.3906,13.3047,0.90025,0.850875,0.741125,0.742875,0,0,2.5605
3304,15,96,1,1,9.2109,11.5781,7.3281,13.3203,0.886625,0.85175,0.75925,0.728875,0,1,2.559125
3305,15,94,1,0,9.1641,11.6172,7.4141,13.2031,0.8745,0.855875,0.744625,0.72325,0,0,2.56075
3306,15,98,1,0,9.1719,11.5938,7.3906,13.3047,0.882375,0.866,0.727875,0.721625,0,0,2.560875
3307,15,95,1,0,9.1406,11.4609,7.375,13.1562,0.892625,0.865875,0.751,0.725375,0,0,2.560125
3308,15,96,1,0,9.1484,11.4922,7.3125,13.1641,0.873125,0.85875,0.7385,0.72525,0,0,2.559125
3309,15,97,1,0,9.0781,11.5312,7.25,13.2109,0.870375,0.860625,0.723625,0.712875,0,0,2.56
3310,15,96,1,0,9.0078,11.4297,7.2188,13.0859,0.880875,0.861875,0.726625,0.726,0,0,2.561
3311,15,95,1,0,8.9766,11.4609,7.2109,13.0859,0.8855,0.8565,0.7465,0.721875,1,0,2.559875
3312,15,95,1,1,9.0625,11.3594,7.1797,13.0469,0.868125,0.848875,0.713375,0.710125,0,0,2.561
3313,15,95,1,0,8.9766,11.3359,7.1641,13.125,0.86575,0.830125,0.7325,0.722375,0,0,2.56
3314,15,97,1,0,9.0156,11.3516,7.1797,13.0938,0.851375,0.837875,0.71025,0.7115,0,0,2.559625
3315,15,97,1,0,8.9922,11.2656,7.1719,12.9766,0.865875,0.83325,0.739375,0.704375,0,0,2.55925
3316,15,96,1,0,8.8438,11.3281,7.1328,12.9844,0.87325,0.836,0.729125,0.71625,0,0,2.559
3317,15,95,1,0,8.9297,11.2188,7.125,12.9844,0.8565,0.83775,0.71425,0.704875,0,0,2.561
3318,15,97,1,0,8.8047,11.2188,7.0547,12.9844,0.86925,0.837125,0.704,0.708625,0,0,2.56
3319,15,98,1,0,8.8672,11.2656,6.9766,12.9609,0.8605,0.834625,0.711,0.696,0,0,2.559875
3320,15,98,1,1,8.7891,11.2109,7.0234,12.8984,0.84325,0.831875,0.723,0.696875,0,0,2.560125
3321,15,96,1,0,8.75,11.2266,7.0391,12.8359,0.86325,0.838125,0.714375,0.7105,0,0,2.56
3322,15,95,1,0,8.7031,11.1016,6.9922,12.8359,0.842,0.813625,0.711,0.693125,0,0,2.5595
3323,15,97,1,0,8.7969,11.1094,6.9375,12.7812,0.83775,0.808625,0.691375,0.70675,0,0,2.55925
3324,15,95,1,0,8.7344,11.1562,6.8984,12.7812,0.83875,0.810125,0.72525,0.698875,0,0,2.560875
3325,15,96,1,0,8.6875,11.1484,6.9297,12.8125,0.838375,0.819125,0.69925,0.6865,0,0,2.560125
3326,15,94,1,0,8.6562,11.0938,6.8906,12.8047,0.833625,0.801,0.687125,0.698,0,0,2.559625
3327,15,98,1,0,8.6016,11.1016,6.7812,12.7344,0.83075,0.827375,0.715625,0.687125,0,0,2.560375
3328,15,95,1,1,8.6484,10.9609,6.8359,12.75,0.8355,0.816625,0.684,0.690875,0,0,2.55975
3329,15,98,1,0,8.5469,10.9766,6.7344,12.7031,0.83025,0.801625,0.705625,0.698125,0,0,2.5595
3330,15,94,1,0,8.6328,11.0,6.8203,12.6719,0.817125,0.796875,0.683625,0.678375,0,0,2.561
3331,15,94,1,0,8.5078,10.9375,6.6875,12.6094,0.8115,0.809,0.679125,0.68,0,0,2.55925
3332,15,98,1,0,8.4766,10.9141,6.6875,12.5781,0.822875,0.802625,0.695375,0.670625,0,0,2.559625
3333,15,94,1,0,8.5625,10.9609,6.7344,12.6094,0.832125,0.78825,0.689375,0.67075,0,0,2.55975
3334,14,95,1,0,8.4297,10.8594,6.6875,12.5938,0.81075,0.785,0.686625,0.686375,1,0,2.5605
3335,14,97,1,0,8.4922,10.8203,6.7031,12.6016,0.8095,0.783625,0.7005,0.680625,0,0,2.5595
3336,14,96,1,1,8.4453,10.8672,6.5781,12.5703,0.81525,0.77875,0.69,0.66375,0,0,2.559625
3337,14,96,1,0,8.4141,10.8281,6.6641,12.4922,0.810875,0.802625,0.677625,0.682625,0,0,2.559375
3338,14,95,1,0,8.4141,10.75,6.6406,12.5234,0.82,0.787,0.689375,0.66575,0,0,2.559125
3339,14,98,1,0,8.4062,10.7891,6.6094,12.4453,0.82175,0.7715,0.675625,0.66125,0,0,2.5595
3340,14,97,1,0,8.2969,10.6875,6.4922,12.3906,0.81525,0.782375,0.68475,0.67375,0,0,2.55975
3341,14,94,1,0,8.2812,10.7109,6.5391,12.3906,0.792625,0.770625,0.679,0.665875,0,0,2.560625
3342,14,95,1,0,8.3359,10.6875,6.5469,12.3984,0.81375,0.777375,0.668625,0.669,0,0,2.56025
3343,14,94,1,0,8.2344,10.7031,6.4688,12.3438,0.791375,0.766125,0.6695,0.654625,0,0,2.560375
3344,14,98,1,1,8.1953,10.6719,6.4844,12.3359,0.804,0.769375,0.655875,0.662875,0,0,2.559625
3345,14,94,1,0,8.1953,10.5938,6.3906,12.3672,0.8065,0.75975,0.675125,0.663875,0,1,2.5595
3346,14,94,1,0,8.1484,10.5781,6.3516,12.2891,0.790375,0.760625,0.66,0.655375,0,0,2.56075
3347,14,98,1,0,8.1875,10.5156,6.3672,12.3047,0.80375,0.75475,0.66775,0.663,0,0,2.56025
3348,14,97,1,0,8.0859,10.5156,6.4062,12.2656,0.7935,0.7745,0.649875,0.644625,0,0,2.56075
3349,14,96,1,0,8.1406,10.5781,6.2656,12.2422,0.799125,0.769875,0.671,0.644625,0,0,2.56
3350,14,94,1,0,8.1328,10.4609,6.2578,12.2344,0.78475,0.767125,0.649875,0.640125,0,0,2.559375
3351,14,96,1,0,8.0312,10.5,6.2188,12.1797,0.785625,0.76875,0.6505,0.63825,0,0,2.5595
3352,14,98,1,1,8.0469,10.4453,6.2031,12.1562,0.779375,0.746,0.660125,0.64225,0,0,2.5595
3353,14,94,1,0,8.0,10.4062,6.2031,12.0703,0.762625,0.764125,0.663875,0.64825,0,0,2.55975
3354,14,97,1,0,8.0156,10.4375,6.1484,12.1172,0.782125,0.767,0.639625,0.635875,0,0,2.56025
3355,14,97,1,0,7.9922,10.3438,6.1484,12.0469,0.7795,0.737125,0.640375,0.63475,0,0,2.55975
3356,14,98,1,0,7.8906,10.3828,6.2109,12.1094,0.77225,0.7385,0.65275,0.63125,0,0,2.56075
3357,14,94,1,0,7.8906,10.3906,6.1797,12.0703,0.75625,0.73525,0.650875,0.642,0,0,2.560875
3358,14,96,1,0,7.9219,10.3516,6.1094,12.0312,0.753875,0.747875,0.640625,0.624625,0,0,2.559
3359,14,97,1,0,7.8828,10.3359,6.0781,11.9375,0.75425,0.756625,0.63125,0.642875,0,0,2.560375
3360,14,96,1,1,7.8359,10.2734,6.0781,11.9219,0.7515,0.7445,0.65325,0.63975,0,0,2.55975
3361,14,97,1,0,7.8203,10.1875,5.9922,11.8984,0.755625,0.74275,0.640125,0.638,0,0,2.559625
3362,14,96,1,0,7.8594,10.2656,6.0703,11.8438,0.76825,0.73175,0.645625,0.617875,1,0,2.560375
3363,14,97,1,0,7.75,10.2422,5.9609,11.8203,0.76725,0.741375,0.6255,0.6335,0,0,2.559
3364,14,95,1,0,7.8203,10.1562,5.9688,11.9219,0.751375,0.7285,0.6325,0.617875,0,0,2.55975
3365,14,94,1,0,7.7734,10.1953,5.9766,11.8672,0.75675,0.74075,0.636125,0.615125,0,0,2.560125
3366,14,96,1,0,7.6797,10.0938,5.9219,11.8594,0.7505,0.722125,0.640125,0.60725,0,0,2.559625
3367,14,96,1,0,7.6641,10.0938,5.9375,11.8047,0.746375,0.72525,0.615125,0.606,0,0,2.560625
3368,14,98,1,1,7.6797,10.1016,5.8828,11.7344,0.753125,0.714,0.6415,0.608875,0,0,2.560875
3369,14,98,1,0,7.6719,10.0078,5.8125,11.7266,0.729125,0.721125,0.634375,0.6105,0,0,2.5595
3370,14,95,1,0,7.5781,10.0469,5.7734,11.6875,0.7445,0.731,0.632,0.6115,0,0,2.56075
3371,14,95,1,0,7.5938,9.9297,5.7812,11.6484,0.726875,0.728875,0.6215,0.61225,0,0,2.559375
3372,14,94,1,0,7.5156,10.0,5.75,11.6484,0.731375,0.7265,0.612,0.6055,0,0,2.56075
3373,14,94,1,0,7.5547,9.9844,5.75,11.5859,0.736875,0.702375,0.59725,0.601125,0,0,2.559625
3374,14,95,1,0,7.5391,9.9688,5.6797,11.6719,0.732125,0.703875,0.61725,0.597625,0,0,2.561
3375,13,95,1,0,7.5156,9.9531,5.6562,11.5625,0.736875,0.698625,0.61375,0.60525,0,0,2.55925
3376,13,94,1,1,7.4531,9.8516,5.6797,11.5391,0.73425,0.7005,0.591875,0.60025,0,0,2.560875
3377,13,94,1,0,7.4844,9.7969,5.5938,11.5391,0.72275,0.700125,0.594125,0.590875,0,0,2.5595
3378,13,94,1,0,7.3828,9.8125,5.6719,11.5859,0.71425,0.690875,0.59125,0.58875,0,0,2.55975
3379,13,98,1,0,7.4609,9.8125,5.5625,11.5312,0.721,0.683875,0.58725,0.597375,0,0,2.560375
3380,13,94,1,0,7.3281,9.7734,5.5156,11.4922,0.729,0.695375,0.58925,0.5875,0,0,2.560375
3381,13,94,1,0,7.3906,9.7031,5.5078,11.4922,0.70025,0.69875,0.6105,0.600875,0,1,2.56
3382,13,96,1,0,7.2656,9.6875,5.5078,11.4375,0.70325,0.701625,0.582375,0.591375,0,0,2.56
3383,13,97,1,0,7.3125,9.7656,5.4531,11.4297,0.7075,0.685375,0.603625,0.59275,0,0,2.561
3384,13,97,1,1,7.2422,9.6562,5.4219,11.3281,0.706125,0.6755,0.587,0.577375,0,0,2.55975
3385,13,97,1,0,7.2109,9.6016,5.4844,11.3516,0.71475,0.68375,0.596375,0.589125,0,0,2.5595
3386,13,94,1,0,7.2891,9.5938,5.4922,11.3203,0.706625,0.69825,0.60775,0.579125,0,0,2.56075
3387,13,98,1,0,7.2578,9.5625,5.375,11.2656,0.69025,0.691375,0.577875,0.569125,0,0,2.560625
3388,13,95,1,0,7.2188,9.6328,5.4453,11.2422,0.69825,0.673875,0.582875,0.57525,0,0,2.5605
3389,13,98,1,0,7.125,9.6172,5.3516,11.2812,0.7095,0.675,0.567875,0.573,0,0,2.5595
3390,13,96,1,0,7.1172,9.5312,5.3906,11.2969,0.68325,0.674125,0.594,0.5765,0,0,2.561
3391,13,95,1,0,7.1562,9.4531,5.2734,11.25,0.689875,0.668875,0.565125,0.576875,0,0,2.560875
3392,13,98,1,1,7.0938,9.4766,5.2422,11.1328,0.703125,0.6815,0.584375,0.562375,0,0,2.56025
3393,13,96,1,0,7.1094,9.4297,5.2188,11.1094,0.684,0.678,0.578125,0.5785,0,0,2.55925
3394,13,95,1,0,7.0391,9.3984,5.1797,11.1484,0.69225,0.662125,0.58875,0.571125,0,0,2.559375
3395,13,94,1,0,7.0312,9.4766,5.1953,11.1094,0.675875,0.66175,0.570125,0.567625,0,0,2.559875
3396,13,96,1,0,6.9609,9.4297,5.2266,11.1406,0.68175,0.649375,0.56925,0.553625,0,0,2.560875
3397,13,94,1,0,6.9219,9.3984,5.1016,11.125,0.6685,0.667625,0.571375,0.55025,0,0,2.55975
3398,13,96,1,0,6.9531,9.3516,5.1406,11.0078,0.68975,0.660625,0.55975,0.565125,0,0,2.561
3399,13,98,1,0,6.9688,9.375,5.0859,10.9766,0.685375,0.646375,0.561875,0.55075,0,0,2.5605
3400,13,96,1,1,6.8438,9.2344,5.0391,11.0234,0.677,0.667125,0.56475,0.55175,0,0,2.560125
3401,13,96,1,0,6.875,9.2812,5.0156,10.9922,0.673,0.65025,0.569875,0.55375,0,0,2.560625
3402,13,97,1,0,6.875,9.2109,5.0547,10.9375,0.668875,0.635125,0.57875,0.545125,0,0,2.56
3403,13,97,1,0,6.8594,9.1719,5.0781,10.8672,0.675375,0.659625,0.542875,0.5465,0,0,2.559125
3404,13,98,1,0,6.8359,9.1797,4.9922,10.9141,0.659125,0.63375,0.5495,0.5415,0,0,2.56
3405,13,97,1,0,6.75,9.2188,5.0156,10.8203,0.674125,0.63225,0.536625,0.5435,0,0,2.559
3406,13,98,1,0,6.7578,9.0859,4.9062,10.8672,0.669125,0.644625,0.56275,0.549,0,0,2.560625
3407,13,97,1,0,6.7656,9.125,4.9141,10.7969,0.663,0.65075,0.541875,0.540375,0,0,2.559
3408,13,95,1,1,6.7578,9.1484,4.8672,10.8516,0.662375,0.630125,0.5365,0.54175,0,0,2.55975
3409,13,96,1,0,6.6172,9.0547,4.9062,10.8281,0.6465,0.643375,0.551125,0.538,0,0,2.561
3410,13,98,1,0,6.6094,8.9922,4.8906,10.7578,0.65275,0.625,0.53025,0.540625,0,0,2.560625
3411,13,94,1,0,6.5703,9.0078,4.8594,10.6641,0.648125,0.6315,0.527875,0.535,0,0,2.559125
3412,13,96,1,0,6.6562,8.9609,4.8438,10.7109,0.6415,0.635,0.541125,0.540625,0,0,2.559375
3413,13,97,1,0,6.5547,9.0078,4.75,10.6719,0.6325,0.60975,0.55375,0.531375,0,0,2.55925
3414,13,96,1,0,6.5156,8.9375,4.7266,10.7031,0.637625,0.609125,0.550125,0.53075,0,0,2.561
3415,13,98,1,0,6.5234,8.8672,4.7734,10.6719,0.62925,0.618875,0.53325,0.51975,0,1,2.5595
3416,13,97,1,1,6.4766,8.9062,4.6953,10.5781,0.627375,0.63125,0.547375,0.53075,0,0,2.560375
3417,12,97,1,0,6.5078,8.8516,4.6484,10.5781,0.63175,0.623875,0.545625,0.52725,1,0,2.56025
3418,12,96,1,0,6.4844,8.8594,4.6875,10.5469,0.62475,0.59875,0.5305,0.51,0,0,2.56
3419,12,97,1,0,6.4141,8.8047,4.6406,10.5625,0.629,0.625,0.54575,0.52625,0,0,2.560625
3420,12,97,1,0,6.4297,8.8125,4.5625,10.5625,0.63925,0.609,0.51175,0.50825,0,0,2.56025
3421,12,94,1,0,6.3516,8.7734,4.6016,10.5469,0.61975,0.59875,0.522375,0.526375,0,0,2.559
3422,12,98,1,0,6.3281,8.7969,4.6172,10.5234,0.608375,0.591875,0.522625,0.50425,0,0,2.56025
3423,12,94,1,0,6.3984,8.6797,4.5703,10.4297,0.612125,0.615125,0.536125,0.501125,0,0,2.560375
3424,12,96,1,1,6.2891,8.6641,4.5312,10.3594,0.62,0.60125,0.510125,0.504875,0,0,2.560375
3425,12,95,1,0,6.2578,8.7188,4.4453,10.4062,0.622875,0.610125,0.501875,0.506375,0,0,2.560625
3426,12,96,1,0,6.2656,8.6016,4.4375,10.3906,0.6065,0.588875,0.496375,0.51175,0,0,2.559125
3427,12,96,1,0,6.2734,8.5781,4.3984,10.2969,0.611875,0.585125,0.502375,0.508125,0,0,2.55975
3428,12,98,1,0,6.1562,8.6484,4.4531,10.3125,0.617625,0.576,0.499875,0.496375,0,0,2.55975
3429,12,97,1,0,6.25,8.5703,4.4219,10.3281,0.609875,0.59225,0.51825,0.495,0,1,2.559
3430,12,95,1,0,6.1797,8.5938,4.3672,10.2969,0.6065,0.5865,0.51925,0.497375,0,0,2.559875
3431,12,97,1,0,6.0938,8.5859,4.3828,10.2344,0.586625,0.58475,0.489,0.49325,0,0,2.560875
3432,12,97,1,1,6.0547,8.5312,4.3359,10.2812,0.61175,0.58325,0.488125,0.503625,0,0,2.559
3433,12,96,1,0,6.1328,8.4844,4.2969,10.2109,0.60275,0.58375,0.495875,0.494875,0,0,2.559
3434,12,95,1,0,6.0078,8.5078,4.2109,10.1406,0.591125,0.581375,0.506625,0.48,0,0,2.5605
3435,12,94,1,0,6.0078,8.4766,4.2734,10.1172,0.599,0.583125,0.48975,0.479875,0,0,2.55925
3436,12,96,1,0,6.0625,8.3906,4.2578,10.1406,0.5965,0.566125,0.49025,0.49475,0,0,2.560875
3437,12,95,1,0,5.9609,8.3984,4.1562,10.125,0.59525,0.566875,0.480375,0.482875,0,0,2.559375
3438,12,95,1,0,5.9141,8.3359,4.2344,10.0938,0.59175,0.577125,0.4805,0.478625,0,0,2.560625
3439,12,98,1,0,5.9453,8.4062,4.1172,10.0625,0.588,0.5555,0.4765,0.470625,0,0,2.56025
3440,12,98,1,1,5.9844,8.3672,4.1328,10.0547,0.571875,0.561125,0.476,0.475375,0,0,2.5605
3441,12,95,1,0,5.9609,8.3125,4.0938,9.9609,0.586125,0.570375,0.503125,0.487375,0,0,2.559875
3442,12,97,1,0,5.9141,8.2891,4.0781,9.9531,0.586375,0.561,0.494,0.479625,0,0,2.56075
3443,12,94,1,0,5.8516,8.2422,4.0625,9.9609,0.566875,0.542125,0.46525,0.4655,0,0,2.5595
3444,12,95,1,0,5.8438,8.2656,4.0234,9.8906,0.568375,0.5505,0.4775,0.482125,0,0,2.5595
3445,12,98,1,0,5.8594,8.2656,4.0469,9.8438,0.571125,0.549,0.471875,0.472375,0,0,2.559
3446,12,94,1,0,5.7422,8.1484,3.9219,9.875,0.566875,0.55325,0.4735,0.46975,0,0,2.561
3447,12,97,1,0,5.7734,8.1016,3.9922,9.875,0.55525,0.553125,0.48975,0.46775,0,0,2.559
3448,12,95,1,1,5.7031,8.1641,3.8906,9.7734,0.56325,0.5585,0.49025,0.455375,0,0,2.56
3449,12,98,1,0,5.7422,8.1562,3.9297,9.7656,0.563375,0.5345,0.467375,0.46025,1,0,2.560625
3450,12,97,1,0,5.7422,8.0781,3.8828,9.7422,0.568125,0.55275,0.469875,0.455625,0,0,2.560375
3451,12,94,1,0,5.7109,8.0156,3.7969,9.7344,0.558,0.526875,0.4775,0.45025,0,0,2.560375
3452,12,98,1,0,5.6719,8.0156,3.8125,9.6953,0.56325,0.549875,0.471125,0.45075,0,0,2.56075
3453,12,97,1,0,5.6172,8.0703,3.8359,9.6719,0.561,0.530875,0.463625,0.44825,0,0,2.559
3454,12,94,1,0,5.5781,8.0078,3.8438,9.6719,0.536625,0.52475,0.468875,0.453,0,0,2.560375
3455,12,97,1,0,5.5703,7.9141,3.7891,9.6328,0.551375,0.5395,0.445625,0.440875,0,0,2.560375
3456,12,94,1,1,5.5547,7.9688,3.6953,9.6797,0.539875,0.517875,0.4505,0.45075,0,0,2.5595
3457,12,98,1,0,5.4922,7.9531,3.6719,9.5703,0.5445,0.526,0.468,0.45675,0,1,2.560125
3458,11,95,1,0,5.5391,7.9453,3.75,9.6406,0.5445,0.525125,0.446125,0.43625,0,0,2.560875
3459,11,98,1,0,5.4609,7.8516,3.6641,9.625,0.545,0.5315,0.4495,0.43675,0,0,2.5605
3460,11,97,1,0,5.4688,7.875,3.6484,9.5078,0.527625,0.5325,0.43375,0.436375,0,0,2.5595
3461,11,94,1,0,5.375,7.875,3.6641,9.5234,0.53525,0.522625,0.4365,0.428625,0,0,2.559625
3462,11,98,1,0,5.3438,7.7812,3.5312,9.4375,0.52675,0.508125,0.44275,0.445375,1,0,2.560375
3463,11,95,1,0,5.375,7.7578,3.5234,9.4141,0.53375,0.52175,0.425125,0.440875,0,0,2.561
3464,11,94,1,1,5.3828,7.7422,3.5625,9.4531,0.509625,0.519,0.456375,0.42975,0,0,2.56075
3465,11,97,1,0,5.2656,7.6953,3.5547,9.3984,0.526125,0.516125,0.431125,0.436625,0,0,2.559125
3466,11,98,1,0,5.2344,7.7109,3.4922,9.4297,0.523625,0.5125,0.432625,0.4285,0,0,2.5605
3467,11,96,1,0,5.2578,7.7188,3.4453,9.3594,0.52375,0.508125,0.439625,0.417625,0,0,2.56075
3468,11,97,1,0,5.2266,7.6562,3.4609,9.3672,0.516,0.50725,0.43225,0.429,0,0,2.55925
3469,11,96,1,0,5.2422,7.5625,3.3828,9.2734,0.51225,0.51,0.44725,0.431125,0,0,2.56
3470,11,97,1,0,5.2031,7.5625,3.3984,9.2969,0.509875,0.494,0.448,0.416625,0,0,2.559
3471,11,96,1,0,5.1406,7.5234,3.4141,9.2578,0.51525,0.48975,0.42975,0.4125,0,0,2.5605
3472,11,98,1,1,5.1172,7.5938,3.3906,9.2969,0.5025,0.503625,0.434375,0.41725,0,0,2.56
3473,11,94,1,0,5.1719,7.5312,3.3438,9.25,0.511375,0.483375,0.4365,0.423375,0,0,2.559125
3474,11,96,1,0,5.1406,7.4922,3.2578,9.1953,0.48725,0.492625,0.41175,0.41625,0,0,2.56
3475,11,96,1,0,5.0859,7.4609,3.2969,9.2344,0.50925,0.478125,0.42725,0.408875,0,0,2.55925
3476,11,98,1,0,5.0078,7.5,3.2188,9.1328,0.503625,0.47975,0.427375,0.41375,0,0,2.56
3477,11,96,1,0,4.9688,7.3828,3.2266,9.1172,0.48525,0.48275,0.432625,0.412875,0,0,2.55925
3478,11,97,1,0,5.0547,7.4141,3.1875,9.1016,0.502,0.48325,0.4005,0.40675,0,0,2.55925
3479,11,96,1,0,4.9531,7.3359,3.2344,9.0234,0.485,0.4775,0.402125,0.394625,0,0,2.560625
3480,11,97,1,1,4.9922,7.2891,3.125,9.0625,0.495125,0.47625,0.407625,0.39575,0,0,2.56025
3481,11,97,1,0,4.9375,7.2969,3.1172,8.9844,0.498125,0.482875,0.412375,0.397125,0,0,2.55975
3482,11,94,1,0,4.8828,7.3672,3.1328,8.9844,0.469375,0.471375,0.39675,0.408875,0,0,2.560875
3483,11,97,1,0,4.9062,7.25,3.1406,8.9766,0.47075,0.472875,0.414625,0.397875,0,0,2.560375
3484,11,95,1,0,4.8125,7.2969,2.9922,8.9844,0.485375,0.452375,0.38775,0.397125,0,0,2.56025
3485,11,94,1,0,4.8125,7.2422,2.9922,8.9844,0.46525,0.471375,0.389875,0.387125,0,0,2.560875
3486,11,95,1,0,4.8125,7.1875,3.0391,8.8594,0.4835,0.456375,0.384625,0.383125,0,0,2.56025
3487,11,94,1,0,4.7422,7.1719,3.0391,8.9219,0.4835,0.44875,0.403375,0.383375,0,0,2.559125
3488,11,95,1,1,4.7969,7.1953,3.0156,8.7969,0.479125,0.4635,0.40375,0.3815,0,0,2.561
3489,11,98,1,0,4.7812,7.0859,2.9062,8.8516,0.459,0.4605,0.3905,0.39675,1,0,2.560625
3490,11,94,1,0,4.6719,7.0703,2.9453,8.8359,0.453875,0.466125,0.401625,0.381875,0,0,2.560875
3491,11,95,1,0,4.7109,7.0469,2.9375,8.7656,0.45475,0.444,0.379625,0.3855,0,0,2.559375
3492,11,95,1,0,4.6719,7.0078,2.8906,8.75,0.474875,0.45375,0.382125,0.376375,0,0,2.560875
3493,11,94,1,0,4.6953,7.0625,2.8828,8.7969,0.4695,0.43125,0.403625,0.378875,0,0,2.5595
3494,11,96,1,0,4.6094,7.0703,2.7812,8.75,0.447625,0.436125,0.387125,0.374,0,0,2.55925
3495,11,96,1,0,4.6094,6.9844,2.75,8.75,0.44675,0.443,0.372625,0.38075,0,0,2.560125
3496,11,95,1,1,4.5312,7.0234,2.7344,8.7031,0.4515,0.432,0.38625,0.38325,0,0,2.559
3497,11,98,1,0,4.4922,6.9062,2.7812,8.6797,0.463125,0.432625,0.365125,0.37775,0,0,2.5605
3498,11,98,1,0,4.4531,6.9766,2.7031,8.6328,0.459,0.441375,0.3815,0.37725,0,0,2.559
3499,10,95,1,0,4.4688,6.8672,2.7266,8.6406,0.432,0.442,0.369125,0.370625,0,0,2.56
3500,10,95,1,0,4.4688,6.8359,2.7188,8.5938,0.439125,0.426375,0.356625,0.362875,0,0,2.559875
3501,10,95,1,0,4.4297,6.8281,2.6328,8.5938,0.45125,0.433625,0.387,0.368875,0,0,2.561
3502,10,98,1,0,4.3906,6.8203,2.5859,8.5547,0.42525,0.4295,0.35675,0.351125,0,0,2.559125
3503,10,96,1,0,4.4141,6.7734,2.5938,8.4922,0.447,0.436375,0.376,0.35025,0,0,2.559
3504,10,95,1,1,4.3359,6.7891,2.5469,8.4297,0.435,0.419,0.353875,0.363375,0,1,2.56075
3505,10,98,1,0,4.3516,6.7266,2.5469,8.3828,0.42325,0.426875,0.360875,0.348,0,0,2.560625
3506,10,94,1,0,4.3594,6.7109,2.4688,8.3828,0.43925,0.427875,0.36475,0.35225,0,0,2.5605
3507,10,94,1,0,4.2578,6.6875,2.4766,8.4062,0.410375,0.410875,0.347625,0.348125,0,0,2.559375
3508,10,95,1,0,4.25,6.7031,2.5078,8.3281,0.430625,0.424125,0.364875,0.33925,0,0,2.559125
3509,10,96,1,0,4.2188,6.6328,2.4297,8.3047,0.406875,0.415125,0.359125,0.344875,0,0,2.560125
3510,10,96,1,0,4.2422,6.6484,2.4688,8.2891,0.408375,0.401,0.343875,0.3505,0,0,2.561
3511,10,95,1,0,4.1953,6.5859,2.4062,8.2344,0.409125,0.413375,0.34275,0.34075,0,0,2.56075
3512,10,95,1,1,4.1406,6.5469,2.375,8.2422,0.405375,0.40075,0.350875,0.352375,1,0,2.559
3513,10,95,1,0,4.1875,6.5625,2.3203,8.2109,0.41125,0.4075,0.339375,0.3315,0,0,2.559375
3514,10,98,1,0,4.0938,6.5859,2.375,8.1953,0.397875,0.4045,0.32575,0.342,0,0,2.559625
3515,10,97,1,0,4.1094,6.5078,2.2578,8.1406,0.399375,0.397625,0.328875,0.34625,0,0,2.5605
3516,10,94,1,0,4.0156,6.4766,2.2344,8.1484,0.40675,0.388,0.33775,0.328125,0,1,2.55975
3517,10,96,1,0,4.0,6.3984,2.2188,8.1094,0.415625,0.377875,0.332625,0.32575,0,0,2.5605
3518,10,95,1,0,3.9688,6.4375,2.2344,8.1797,0.399125,0.39775,0.351875,0.320375,0,0,2.561
3519,10,94,1,0,4.0312,6.4531,2.1719,8.1641,0.409,0.3775,0.327875,0.337375,0,0,2.560375
3520,10,96,1,1,4.0312,6.4375,2.2266,8.1094,0.383375,0.395375,0.34,0.336,0,0,2.559375
3521,10,97,1,0,3.9141,6.3828,2.1562,8.0859,0.39475,0.38775,0.324125,0.315625,0,0,2.559
3522,10,94,1,0,3.8984,6.3672,2.1719,8.0391,0.381,0.37625,0.347,0.333875,0,0,2.56
3523,10,96,1,0,3.8984,6.3594,2.0938,8.0469,0.39675,0.3785,0.327125,0.312375,0,0,2.5595
3524,10,94,1,0,3.8906,6.3047,2.0312,7.9531,0.3865,0.375875,0.31025,0.316375,0,0,2.55975
3525,10,98,1,0,3.9062,6.1953,2.0781,7.9531,0.372375,0.379625,0.336,0.32275,0,0,2.5595
3526,10,97,1,0,3.8047,6.2891,2.0156,7.9531,0.391625,0.3645,0.33225,0.3175,0,0,2.559
3527,10,96,1,0,3.8594,6.1797,2.0703,7.8906,0.38775,0.369875,0.319625,0.323125,0,0,2.561
3528,10,94,1,1,3.7422,6.1719,1.9219,7.875,0.3715,0.360875,0.321125,0.317125,0,0,2.560625
3529,10,94,1,0,3.75,6.1406,1.9297,7.8281,0.375875,0.35725,0.326625,0.3165,0,0,2.55975
3530,10,95,1,0,3.7266,6.1719,1.9219,7.7969,0.36525,0.373125,0.318,0.311375,0,0,2.559875
3531,10,98,1,0,3.6797,6.1094,1.9297,7.7578,0.376625,0.367625,0.300375,0.317125,0,0,2.559875
3532,10,95,1,0,3.6953,6.0781,1.8984,7.7344,0.376875,0.362125,0.311875,0.305,0,0,2.55925
3533,10,97,1,0,3.6797,6.0703,1.8203,7.7031,0.363125,0.343625,0.313,0.293625,0,0,2.561
3534,10,98,1,0,3.6484,6.0078,1.8281,7.7109,0.372375,0.35975,0.29275,0.30825,0,0,2.560625
3535,10,97,1,0,3.6641,5.9922,1.75,7.6953,0.369625,0.34425,0.300875,0.29075,0,0,2.560375
3536,10,98,1,1,3.5781,6.0078,1.7578,7.6719,0.36525,0.341625,0.310125,0.30575,0,0,2.559875
3537,10,95,1,0,3.5312,5.9141,1.7734,7.6484,0.365125,0.357125,0.313375,0.28775,0,0,2.560625
3538,10,97,1,0,3.5234,5.8984,1.6797,7.6875,0.36775,0.336,0.313,0.297125,0,0,2.560125
3539,10,94,1,0,3.5469,5.9141,1.7734,7.5781,0.3635,0.333125,0.290875,0.281875,0,0,2.559375
3540,9,97,1,0,3.5391,5.8516,1.7344,7.6016,0.34825,0.35375,0.2805,0.289875,0,0,2.55975
3541,9,97,1,0,3.5,5.9141,1.6094,7.5938,0.338625,0.33475,0.279375,0.281625,0,0,2.55925
3542,9,97,1,0,3.3828,5.7812,1.6016,7.5547,0.341,0.339,0.290125,0.27675,0,0,2.560625
3543,9,98,1,0,3.4688,5.8203,1.6016,7.5781,0.3465,0.317875,0.284375,0.276875,0,0,2.56
3544,9,98,1,1,3.3359,5.7734,1.6406,7.5078,0.3305,0.324875,0.291625,0.276375,0,0,2.55975
3545,9,94,1,0,3.3906,5.7188,1.5781,7.4062,0.322875,0.31875,0.291,0.28175,0,0,2.559875
3546,9,97,1,0,3.3047,5.7188,1.5547,7.5078,0.323,0.322375,0.283625,0.284375,0,0,2.55925
3547,9,95,1,0,3.3125,5.7344,1.5703,7.4141,0.343125,0.32025,0.283875,0.2715,0,0,2.560375
3548,9,95,1,0,3.3047,5.7031,1.4453,7.3672,0.3415,0.332375,0.29,0.28125,0,0,2.55925
3549,9,94,1,0,3.3125,5.6328,1.5156,7.3906,0.322,0.3205,0.281625,0.27725,0,0,2.559625
3550,9,95,1,0,3.3047,5.6719,1.4062,7.3359,0.318375,0.305375,0.273375,0.2685,0,0,2.559
3551,9,97,1,0,3.2031,5.6172,1.3672,7.3672,0.32825,0.313125,0.290625,0.262625,0,1,2.559125
3552,9,94,1,1,3.2109,5.6094,1.4609,7.3359,0.329125,0.324125,0.274125,0.26675,0,0,2.55975
3553,9,95,1,0,3.2031,5.5312,1.4375,7.2656,0.331,0.312625,0.25525,0.269375,0,0,2.560375
3554,9,97,1,0,3.1719,5.5625,1.3281,7.2578,0.315875,0.300875,0.276,0.268125,0,0,2.560125
3555,9,94,1,0,3.1484,5.4766,1.3828,7.2656,0.3025,0.3025,0.27975,0.249625,0,0,2.56025
3556,9,97,1,0,3.0938,5.4844,1.2656,7.25,0.31,0.316875,0.262875,0.248375,0,0,2.56025
3557,9,98,1,0,3.0156,5.4609,1.25,7.1172,0.297875,0.306875,0.2625,0.25,0,0,2.560125
3558,9,96,1,0,3.0312,5.4844,1.2812,7.1719,0.31375,0.307375,0.260625,0.2605,0,0,2.5595
3559,9,95,1,0,3.0156,5.4609,1.2422,7.1719,0.313375,0.285125,0.24825,0.25975,1,0,2.56
3560,9,98,1,1,3.0547,5.4062,1.1875,7.1641,0.2945,0.28625,0.26475,0.251875,0,0,2.56
3561,9,98,1,0,2.9375,5.3281,1.1641,7.0625,0.28925,0.286375,0.241125,0.250625,0,0,2.560875
3562,9,96,1,0,2.9844,5.3984,1.1953,7.0,0.287125,0.30125,0.236125,0.252875,0,0,2.559875
3563,9,98,1,0,2.9844,5.3203,1.1641,7.0312,0.295625,0.27475,0.23125,0.2545,0,0,2.5595
3564,9,94,1,0,2.8438,5.25,1.0547,7.0547,0.30775,0.293875,0.2335,0.24475,0,0,2.560375
3565,9,98,1,0,2.8594,5.3203,1.1328,6.9766,0.289,0.267875,0.23075,0.24675,0,0,2.560875
3566,9,97,1,0,2.8203,5.2812,1.0703,6.9375,0.297125,0.268625,0.24775,0.239875,0,0,2.5605
3567,9,95,1,0,2.7969,5.2656,1.0625,6.9531,0.283875,0.28,0.2525,0.24225,0,0,2.56075
3568,9,97,1,1,2.75,5.2266,1.0312,6.8906,0.29525,0.291,0.22025,0.2405,0,0,2.55925
3569,9,95,1,0,2.7656,5.1953,0.9844,6.9375,0.287125,0.273125,0.225125,0.233,0,0,2.559125
3570,9,95,1,0,2.8125,5.2031,1.0078,6.8984,0.293625,0.26325,0.22625,0.227,0,0,2.560125
3571,9,95,1,0,2.7656,5.1094,0.9688,6.8281,0.280375,0.280125,0.245625,0.235625,0,1,2.5595
3572,9,98,1,0,2.6641,5.1094,0.875,6.8203,0.2755,0.269625,0.2315,0.2185,0,0,2.560625
3573,9,95,1,0,2.6406,5.1016,0.8672,6.7578,0.27275,0.268375,0.221375,0.22325,0,0,2.56075
3574,9,98,1,0,2.6953,5.1172,0.8438,6.7656,0.275375,0.2545,0.213,0.21475,0,0,2.560625
3575,9,98,1,0,2.7031,5.0703,0.8984,6.7578,0.261625,0.252125,0.21825,0.232125,0,0,2.561
3576,9,95,1,1,2.6641,4.9766,0.875,6.7344,0.25375,0.25125,0.2375,0.2285,0,0,2.559875
3577,9,97,1,0,2.6016,4.9531,0.8516,6.6328,0.268875,0.256,0.22325,0.221375,0,0,2.55925
3578,9,98,1,0,2.5469,4.9141,0.7969,6.6562,0.265625,0.2665,0.206375,0.20875,0,0,2.561
3579,9,98,1,0,2.5391,4.8828,0.7031,6.625,0.259,0.25425,0.214875,0.216375,0,0,2.560875
3580,9,95,1,0,2.5781,4.8906,0.7656,6.5781,0.24275,0.255125,0.219,0.2085,0,0,2.559625
3581,8,98,1,0,2.4922,4.8828,0.6719,6.5547,0.23875,0.23325,0.21575,0.209375,0,0,2.56
3582,8,95,1,0,2.4219,4.8906,0.6719,6.5078,0.251875,0.232875,0.21025,0.21875,0,0,2.56025
3583,8,95,1,0,2.3828,4.7969,0.7031,6.5234,0.253125,0.241375,0.199625,0.2165,0,0,2.560375
3584,8,98,1,1,2.4844,4.7734,0.6641,6.5312,0.246625,0.22625,0.2125,0.206875,0,0,2.560875
3585,8,95,1,0,2.3438,4.8359,0.6484,6.5,0.25,0.2475,0.1885,0.199625,0,0,2.56075
3586,8,94,1,0,2.3438,4.8359,0.5625,6.5312,0.23675,0.24625,0.19775,0.195625,1,0,2.56025
3587,8,94,1,0,2.3047,4.7578,0.5859,6.4062,0.23725,0.241875,0.186625,0.20375,0,0,2.560125
3588,8,94,1,0,2.2656,4.7344,0.5469,6.4453,0.224125,0.231,0.19025,0.20075,0,0,2.56025
3589,8,97,1,0,2.2891,4.6406,0.5312,6.4062,0.24225,0.22875,0.178625,0.199375,0,0,2.559375
3590,8,94,1,0,2.2188,4.7188,0.5156,6.3359,0.219625,0.236,0.18725,0.183375,0,0,2.56
3591,8,94,1,0,2.2344,4.6797,0.4375,6.3984,0.235,0.213125,0.176625,0.1925,0,0,2.559875
3592,8,95,1,1,2.2344,4.5859,0.3906,6.3203,0.24025,0.208125,0.202375,0.186,0,0,2.560125
3593,8,96,1,0,2.1719,4.5625,0.375,6.25,0.220375,0.2195,0.185,0.1845,0,0,2.55975
3594,8,96,1,0,2.1797,4.6172,0.4297,6.3203,0.224,0.207375,0.187875,0.1925,0,0,2.56025
3595,8,96,1,0,2.2109,4.6016,0.3906,6.3047,0.21425,0.224375,0.171375,0.19175,0,0,2.5595
3596,8,98,1,0,2.1328,4.4922,0.2812,6.2812,0.226625,0.21325,0.195375,0.170625,0,0,2.5595
3597,8,94,1,0,2.1328,4.5469,0.3359,6.2422,0.216875,0.208875,0.20025,0.177875,0,0,2.56075
3598,8,98,1,0,2.0703,4.4219,0.25,6.1953,0.222,0.19625,0.161625,0.17175,0,0,2.560125
3599,8,95,1,0,2.0469,4.4375,0.2969,6.1953,0.22575,0.21625,0.1725,0.1685,0,0,2.560875
3600,8,98,1,1,2.0703,4.4531,0.2266,6.125,0.2035,0.19275,0.191875,0.17075,0,0,2.560375
3601,8,96,1,0,2.0625,4.4375,0.2578,6.125,0.205,0.2035,0.160625,0.17625,0,0,2.561
3602,8,94,1,0,1.9453,4.375,0.1562,6.0859,0.210875,0.20175,0.16775,0.169,0,0,2.559625
3603,8,95,1,0,1.9766,4.3984,0.1484,6.1172,0.193875,0.193625,0.160875,0.161375,0,0,2.56075
3604,8,97,1,0,1.8984,4.3281,0.1797,6.0938,0.2025,0.196375,0.15225,0.16025,1,0,2.56075
3605,8,98,1,0,1.9688,4.375,0.1641,5.9922,0.198375,0.180625,0.175625,0.1605,0,0,2.560375
3606,8,98,1,0,1.9297,4.25,0.1172,6.0,0.18625,0.17925,0.149125,0.16325,0,0,2.559125
3607,8,97,1,0,1.8438,4.2422,0.0938,5.9844,0.196125,0.195625,0.1505,0.149875,0,1,2.561
3608,8,94,1,1,1.8203,4.1953,0.0312,5.9297,0.192875,0.170375,0.1425,0.148375,0,0,2.5595
3609,8,97,1,0,1.8438,4.1719,0.0547,5.8828,0.182375,0.182875,0.169625,0.146125,0,0,2.560375
3610,8,97,1,0,1.7344,4.1797,-0.0312,5.8828,0.185875,0.194375,0.173875,0.16175,0,0,2.559125
3611,8,97,1,0,1.7344,4.2188,0.0,5.8672,0.16925,0.167375,0.15825,0.145125,0,0,2.55975
3612,8,95,1,0,1.8047,4.1641,-0.0469,5.8359,0.168,0.19,0.13375,0.14475,0,0,2.560625
3613,8,96,1,0,1.6562,4.1484,-0.1328,5.7969,0.182375,0.184625,0.143625,0.157125,0,0,2.561
3614,8,98,1,0,1.6406,4.1562,-0.125,5.8516,0.1755,0.16925,0.135125,0.145875,0,0,2.561
3615,8,94,1,0,1.6875,4.0703,-0.1406,5.8125,0.174,0.177375,0.147125,0.146375,0,0,2.561
3616,8,96,1,1,1.6562,4.0078,-0.1953,5.7031,0.167625,0.177125,0.145,0.1415,0,0,2.5605
3617,8,94,1,0,1.6016,4.0234,-0.1484,5.7031,0.177,0.172875,0.151125,0.144,0,0,2.55925
3618,8,95,1,0,1.6172,3.9844,-0.25,5.6875,0.181375,0.14925,0.150125,0.14175,0,0,2.560875
3619,8,95,1,0,1.625,3.9297,-0.25,5.6406,0.1735,0.174,0.13275,0.130875,0,0,2.561
3620,8,97,1,0,1.5156,3.9766,-0.3047,5.6172,0.176875,0.164125,0.124125,0.134125,0,0,2.560625
3621,8,94,1,0,1.5703,3.9531,-0.2656,5.5703,0.16025,0.1455,0.132125,0.132375,0,0,2.559875
3622,7,95,1,0,1.4766,3.9375,-0.3203,5.6016,0.154375,0.14475,0.132375,0.12625,0,0,2.559125
3623,7,97,1,0,1.4453,3.8984,-0.3828,5.5469,0.170125,0.16525,0.119875,0.137375,0,0,2.559125
3624,7,98,1,1,1.4844,3.8047,-0.3516,5.5078,0.16125,0.1565,0.111375,0.12225,0,0,2.56
3625,7,95,1,0,1.375,3.7812,-0.3828,5.5078,0.157125,0.147875,0.14375,0.119,0,0,2.560125
3626,7,96,1,0,1.375,3.8125,-0.3906,5.5312,0.146,0.1475,0.108,0.12225,0,0,2.560875
3627,7,95,1,0,1.3594,3.7266,-0.3906,5.4609,0.15425,0.153375,0.1125,0.120625,0,0,2.560625
3628,7,98,1,0,1.3516,3.7422,-0.4688,5.4141,0.1335,0.15175,0.123,0.117,0,0,2.559875
3629,7,98,1,0,1.3125,3.7109,-0.4766,5.4531,0.141125,0.143625,0.133375,0.113875,0,0,2.560375
3630,7,94,1,0,1.2656,3.7031,-0.4844,5.4141,0.143625,0.13825,0.124625,0.124125,0,0,2.559
3631,7,98,1,0,1.2188,3.7344,-0.5156,5.375,0.12275,0.1415,0.1055,0.109125,0,0,2.559375
3632,7,98,1,1,1.3203,3.6406,-0.5156,5.3906,0.12225,0.127625,0.106375,0.1145,0,0,2.560625
3633,7,98,1,0,1.2656,3.6406,-0.625,5.3438,0.117875,0.115625,0.10575,0.103125,0,1,2.56075
3634,7,95,1,0,1.25,3.6172,-0.5781,5.3203,0.122125,0.137,0.096375,0.11225,0,0,2.5605
3635,7,98,1,0,1.1484,3.5469,-0.6406,5.2344,0.124125,0.134,0.114375,0.109875,0,0,2.559875
3636,7,94,1,0,1.1328,3.5,-0.6562,5.2812,0.1145,0.11775,0.101375,0.102875,0,0,2.560375
3637,7,94,1,0,1.0859,3.5781,-0.6719,5.2344,0.11425,0.126125,0.091875,0.091,0,0,2.559375
3638,7,94,1,0,1.1406,3.5469,-0.7266,5.2422,0.13375,0.12025,0.086625,0.0885,0,0,2.559125
3639,7,94,1,0,1.1406,3.4766,-0.6484,5.2422,0.131,0.125375,0.10825,0.08625,0,0,2.55975
3640,7,94,1,1,1.0625,3.4375,-0.7031,5.1562,0.111125,0.0985,0.087125,0.097625,0,0,2.560125
3641,7,97,1,0,1.0234,3.3906,-0.6953,5.1719,0.108375,0.107125,0.09425,0.09125,0,0,2.5595
3642,7,96,1,0,1.0391,3.3594,-0.7266,5.125,0.096625,0.112125,0.095875,0.0835,0,0,2.560125
3643,7,95,1,0,1.0312,3.3438,-0.8203,5.0703,0.123,0.1165,0.10875,0.08425,0,0,2.55925
3644,7,97,1,0,1.0312,3.3594,-0.8594,5.0078,0.101875,0.092,0.0765,0.09875,1,0,2.561
3645,7,95,1,0,0.9453,3.375,-0.875,5.0469,0.108875,0.1,0.087625,0.089,0,0,2.560125
3646,7,98,1,0,0.9375,3.2891,-0.8984,5.0781,0.094,0.08675,0.094125,0.089625,0,0,2.559375
3647,7,97,1,0,0.8828,3.2891,-0.875,5.0234,0.08775,0.100875,0.08375,0.092375,0,0,2.5605
3648,7,97,1,1,0.8281,3.3281,-0.9609,5.0312,0.09125,0.09925,0.097125,0.06925,0,0,2.55975
3649,7,97,1,0,0.875,3.2812,-0.9141,4.9375,0.080125,0.080625,0.08225,0.08375,0,0,2.560375
3650,7,98,1,0,0.7656,3.25,-0.9297,4.8672,0.0915,0.088125,0.08375,0.072625,0,0,2.560875
3651,7,95,1,0,0.7969,3.2188,-0.9922,4.8516,0.099,0.090875,0.059875,0.064375,0,0,2.5605
3652,7,96,1,0,0.8281,3.125,-1.0234,4.8672,0.09,0.077375,0.09,0.083375,0,0,2.5605
3653,7,94,1,0,0.7344,3.1406,-1.0078,4.9141,0.097375,0.073625,0.055125,0.068875,0,0,2.559875
3654,7,95,1,0,0.6953,3.1562,-1.0703,4.8438,0.087,0.09525,0.0805,0.07375,0,0,2.560875
3655,7,97,1,0,0.7422,3.1328,-1.1484,4.7734,0.094,0.079375,0.07225,0.060625,0,0,2.5595
3656,7,94,1,1,0.6797,3.0859,-1.0625,4.7266,0.06975,0.084125,0.0735,0.0725,0,0,2.56
3657,7,94,1,0,0.6875,3.0625,-1.1875,4.7578,0.073,0.05875,0.078125,0.057625,0,0,2.56075
3658,7,98,1,0,0.6875,3.0391,-1.1719,4.7109,0.076125,0.066125,0.064375,0.059,0,0,2.56025
3659,7,94,1,0,0.5547,3.0,-1.1406,4.75,0.061125,0.055,0.046875,0.060875,0,0,2.559125
3660,7,95,1,0,0.6328,3.0312,-1.2656,4.7344,0.05575,0.065625,0.07,0.063625,0,0,2.5605
3661,7,97,1,0,0.5078,2.9453,-1.3047,4.6172,0.07375,0.050875,0.06225,0.04625,0,0,2.55975
3662,7,96,1,0,0.5781,2.9844,-1.2266,4.6172,0.052125,0.0765,0.04175,0.044,0,0,2.56025
3663,7,97,1,0,0.5625,2.8984,-1.2266,4.5625,0.0625,0.07275,0.0635,0.051,0,1,2.56075
3664,6,94,1,1,0.5156,2.8984,-1.3203,4.5469,0.05825,0.055375,0.04075,0.051,0,0,2.559875
3665,6,96,1,0,0.4141,2.8047,-1.3672,4.5938,0.0705,0.0535,0.03475,0.038,0,0,2.55925
3666,6,96,1,0,0.4766,2.8906,-1.3203,4.4922,0.0645,0.06325,0.044,0.042125,0,0,2.560375
3667,6,97,1,0,0.4609,2.8125,-1.4141,4.4531,0.0405,0.043625,0.03025,0.04775,0,0,2.561
3668,6,97,1,0,0.4141,2.7578,-1.3984,4.5312,0.035625,0.040625,0.045875,0.045625,0,0,2.560125
3669,6,96,1,0,0.3672,2.7344,-1.4219,4.4062,0.054125,0.0405,0.0565,0.02875,0,0,2.559125
3670,6,97,1,0,0.4062,2.7344,-1.4844,4.4141,0.044625,0.05025,0.024125,0.040375,0,0,2.56075
3671,6,96,1,0,0.3672,2.7656,-1.5312,4.3672,0.040125,0.042625,0.031125,0.03275,1,0,2.560375
3672,6,94,1,1,0.3438,2.6562,-1.5625,4.3672,0.051375,0.054375,0.022875,0.0255,0,0,2.559375
3673,6,98,1,0,0.2734,2.6797,-1.5469,4.3672,0.048375,0.03075,0.024625,0.037,0,0,2.560625
3674,6,98,1,0,0.2031,2.6953,-1.4922,4.3359,0.02675,0.0305,0.04125,0.028125,0,0,2.559625
3675,6,95,1,0,0.1719,2.5859,-1.6406,4.3047,0.0405,0.023875,0.0435,0.032625,0,0,2.55975
3676,6,94,1,0,0.1406,2.6016,-1.5391,4.3359,0.034375,0.043,0.010125,0.024375,0,0,2.559
3677,6,94,1,0,0.2109,2.6328,-1.6562,4.2109,0.017375,0.033625,0.016625,0.022875,0,0,2.560125
3678,6,98,1,0,0.2109,2.5781,-1.6484,4.2109,0.032375,0.01675,0.00575,0.026625,0,0,2.559
3679,6,97,1,0,0.1562,2.4688,-1.7266,4.2344,0.037625,0.010375,0.01375,0.0275,0,0,2.560875
3680,6,96,1,1,0.1641,2.4766,-1.7109,4.1953,0.008625,0.00725,0.017375,0.015625,0,0,2.560375
3681,6,98,1,0,0.125,2.4297,-1.7578,4.2188,0.02375,0.016625,0.02225,0.009375,0,0,2.560875
3682,6,98,1,0,0.0156,2.4062,-1.8047,4.1641,0.03125,0.02925,0.014625,0.019625,0,0,2.560125
3683,6,96,1,0,0.0391,2.4688,-1.7812,4.1875,0.02625,0.01575,0.020875,0.011125,0,0,2.56025
3684,6,98,1,0,-0.0234,2.4297,-1.7422,4.0703,0.002625,0.012375,0.0125,0.01025,0,0,2.559
3685,6,95,1,0,-0.0547,2.4141,-1.8359,4.0312,0.01175,0.006,0.009125,0.01025,0,0,2.560125
3686,6,97,1,0,-0.0938,2.2969,-1.8203,4.0469,-0.003,0.01275,0.02475,0.00075,0,0,2.561
3687,6,97,1,0,-0.0234,2.3672,-1.9141,4.0938,0.01325,-0.00375,0.003,0.005625,0,0,2.560125
3688,6,97,1,1,-0.125,2.3047,-1.8906,3.9844,0.01,-0.002875,0.00425,0.003,0,0,2.559875
3689,6,95,1,0,-0.1641,2.3438,-1.9766,3.9609,-0.0055,0.001125,0.008625,-0.002125,0,0,2.561
3690,6,98,1,0,-0.1641,2.2422,-1.9531,3.9453,0.012,-0.001375,0.001,0.0015,0,0,2.560875
3691,6,98,1,0,-0.1172,2.2266,-1.8984,3.9609,0.007375,0.01075,0.0005,-0.0085,0,0,2.559125
3692,6,97,1,0,-0.2031,2.1875,-2.0234,3.9141,-0.0115,-0.0125,-0.00675,-0.010125,0,0,2.5595
3693,6,98,1,0,-0.2578,2.1641,-1.9922,3.8594,-0.004375,0.00175,-0.015125,0.001125,0,0,2.559625
3694,6,96,1,0,-0.2734,2.125,-2.0391,3.9297,0.006625,0.0055,-0.012125,0.009625,0,0,2.56025
3695,6,96,1,0,-0.2969,2.0938,-2.1094,3.7812,0.00425,0.001375,0.0025,-0.006125,0,0,2.56025
3696,6,97,1,1,-0.3125,2.1406,-2.1172,3.8672,0.005625,-0.0075,0.00475,-0.010875,0,0,2.5605
3697,6,96,1,0,-0.2969,2.1484,-2.1016,3.8359,-0.00875,-0.005,0.00325,0.00925,0,0,2.559
3698,6,97,1,0,-0.2656,2.0547,-2.0703,3.75,-0.006375,-0.01,0.01775,0.00375,0,0,2.559
3699,6,97,1,0,-0.3516,2.0391,-2.1719,3.7969,0.00525,0.011375,-0.01875,0.002125,0,0,2.5605
3700,6,96,1,0,-0.4375,2.0234,-2.125,3.7266,0.012875,0.000625,0.00425,0.01,0,0,2.559625
3701,6,95,1,0,-0.3516,1.9531,-2.2031,3.6797,-0.00475,0.0105,0.007,0.0015,0,1,2.559875
3702,6,94,1,0,-0.375,1.9141,-2.2109,3.6172,0.011625,-0.007125,-0.01625,0.0025,0,0,2.5605
3703,6,94,1,0,-0.4141,1.9297,-2.2969,3.6562,0.008875,0.006875,0.0055,0.009,0,0,2.560875
3704,6,94,1,1,-0.4609,1.9062,-2.3281,3.6094,-0.00975,-0.005625,-0.009125,0.002625,0,0,2.560125
3705,6,94,1,0,-0.4375,1.9141,-2.2812,3.6172,0.009,-0.003125,-0.007875,0.004125,0,0,2.559625
3706,5,94,1,0,-0.4609,1.875,-2.3359,3.5547,0.00175,0.00075,0.015875,-0.01125,0,0,2.5595
3707,5,97,1,0,-0.5703,1.8906,-2.4062,3.5156,0.002,-0.0015,0.011,-0.0015,0,0,2.56025
3708,5,95,1,0,-0.625,1.8203,-2.3438,3.5156,0.000125,0.008125,-0.01675,0.00825,0,0,2.559875
3709,5,98,1,0,-0.6328,1.8125,-2.3672,3.5312,-0.005,-0.010125,0.003625,0.0005,1,0,2.561
3710,5,96,1,0,-0.6328,1.7266,-2.4062,3.4531,-0.0045,0.013625,-0.00375,0.008125,0,0,2.5605
3711,5,94,1,0,-0.6797,1.75,-2.4453,3.5234,-0.000375,-0.009,0.016375,-0.006375,0,0,2.5595
3712,5,96,1,1,-0.6484,1.7578,-2.5,3.375,0.007875,0.005375,0.01875,0.003375,0,0,2.560625
3713,5,96,1,0,-0.7422,1.6953,-2.4922,3.4062,-0.0085,-0.000125,-0.016125,-0.000125,0,0,2.56025
3714,5,96,1,0,-0.7188,1.7188,-2.5703,3.4531,-0.002,0.00025,0.0185,0.001875,0,0,2.560875
3715,5,94,1,0,-0.7422,1.6094,-2.5156,3.3594,-0.012125,0.012875,-0.008625,-0.00475,0,0,2.559875
3716,5,94,1,0,-0.7031,1.6094,-2.5859,3.3359,-0.000625,0.01275,0.009625,0.008875,0,0,2.55975
3717,5,97,1,0,-0.7891,1.6562,-2.5781,3.3203,0.0085,-0.0085,-0.006875,-0.00175,0,0,2.56
3718,5,95,1,0,-0.8672,1.6484,-2.6562,3.2656,0.001875,-0.0085,0.0145,-0.0055,0,0,2.559625
3719,5,95,1,0,-0.7969,1.5781,-2.5703,3.2812,0.003125,0.00375,0.00575,-0.00225,0,0,2.5595
3720,5,96,1,1,-0.9141,1.5703,-2.6797,3.1875,-0.00025,-0.006375,-0.013875,0.003625,0,0,2.56025
3721,5,98,1,0,-0.9375,1.4766,-2.7188,3.2656,0.013375,-0.012625,-0.006875,0.006875,0,0,2.559375
3722,5,95,1,0,-0.8516,1.4844,-2.7578,3.1797,-0.013375,-0.001125,-0.010875,0.000375,0,0,2.5595
3723,5,97,1,0,-0.9062,1.4766,-2.7656,3.2266,-0.010625,-0.00125,-0.004,-0.005875,0,0,2.559875
3724,5,94,1,0,-0.9062,1.4922,-2.6953,3.1094,0.0,-0.0115,-0.003375,0.005,0,0,2.559625
3725,5,95,1,0,-1.0078,1.4062,-2.7812,3.1484,0.006375,0.004125,0.010875,0.005375,0,0,2.559875
3726,5,94,1,0,-0.9531,1.3594,-2.7656,3.1172,0.01125,0.012875,0.01425,-0.001625,0,0,2.560625
3727,5,95,1,0,-0.9844,1.3516,-2.8594,3.1406,0.0065,-0.00575,0.016875,-0.00525,0,0,2.560125
3728,5,95,1,1,-1.1016,1.3359,-2.8828,3.1016,-0.01075,0.00675,-0.01625,0.005875,0,0,2.5595
3729,5,97,1,0,-1.0078,1.3516,-2.8438,3.0312,0.0115,-0.013125,0.01625,0.004,0,1,2.55975
3730,5,94,1,0,-1.0469,1.3047,-2.9062,2.9688,0.010125,-0.00825,-0.00425,-0.000375,0,0,2.559
3731,5,95,1,0,-1.1719,1.2266,-2.875,2.9844,0.013,0.006125,0.01175,0.00475,0,0,2.560125
3732,5,95,1,0,-1.0781,1.3203,-2.9141,2.9141,-0.005625,0.005875,0.007375,0.001375,0,0,2.559
3733,5,96,1,0,-1.1172,1.2734,-2.9219,2.8906,-0.000625,0.00475,0.0175,0.00175,0,0,2.559625
3734,5,95,1,0,-1.1562,1.1641,-2.9922,2.9453,0.006375,-0.004375,0.008,0.011,0,0,2.560625
3735,5,97,1,0,-1.2266,1.1641,-2.9766,2.8906,0.005,0.0085,-0.004125,0.005375,0,0,2.56075
3736,5,95,1,1,-1.2891,1.2188,-3.0938,2.8672,0.001,-0.011375,-0.003,-0.003375,0,0,2.56
3737,5,98,1,0,-1.2578,1.1172,-3.0234,2.8672,-0.0085,-0.0045,0.01775,-0.000875,0,0,2.560875
3738,5,94,1,0,-1.2812,1.1484,-3.0391,2.8203,-0.006125,-0.014375,-0.0185,0.008625,0,0,2.560625
3739,5,98,1,0,-1.2734,1.1094,-3.1328,2.7344,-0.010125,-0.013,-0.011875,0.01125,0,0,2.5595
3740,5,94,1,0,-1.375,1.0312,-3.1875,2.8125,-0.008625,0.01025,0.0175,-0.000375,0,0,2.559875
3741,5,97,1,0,-1.4062,1.0234,-3.1406,2.7344,0.005,-0.0045,0.0085,0.008125,0,0,2.55925
3742,5,95,1,0,-1.4219,1.0859,-3.1406,2.7734,-0.0025,-0.01225,-0.01525,0.00075,0,0,2.559375
3743,5,97,1,0,-1.4141,0.9922,-3.25,2.7422,0.010375,-0.01425,-0.012,-0.00025,0,0,2.560125
3744,5,95,1,1,-1.4219,1.0078,-3.1875,2.6797,-0.01075,-0.00975,-0.0185,-0.001,1,0,2.559875
3745,5,94,1,0,-1.4844,0.9766,-3.2031,2.5938,-0.001875,-0.0035,0.002625,-0.00475,0,0,2.559125
3746,5,97,1,0,-1.5078,0.8828,-3.2578,2.6406,-0.011375,0.009625,0.003375,0.001125,0,0,2.560125
3747,5,98,1,0,-1.5312,0.9688,-3.2344,2.5859,-0.008,0.010375,0.00325,0.009,0,0,2.559
3748,4,96,1,0,-1.5312,0.9375,-3.375,2.6484,0.00375,-0.010625,0.018625,-0.002,0,0,2.560375
3749,4,97,1,0,-1.6016,0.8047,-3.375,2.6016,-0.013,0.009875,0.016625,0.000375,0,0,2.55975
3750,4,97,1,0,-1.6094,0.8594,-3.375,2.5078,0.006375,0.0105,0.014375,0.004375,0,0,2.56
3751,4,98,1,0,-1.6172,0.8438,-3.4141,2.5312,0.011625,0.0095,-0.01575,-0.006125,0,0,2.560125
3752,4,96,1,1,-1.6484,0.8281,-3.4609,2.5312,-0.0025,0.006625,-0.0165,-0.0055,0,0,2.559
3753,4,94,1,0,-1.625,0.7578,-3.3906,2.4375,0.01325,-0.000125,-0.0155,0.00025,0,0,2.560625
3754,4,98,1,0,-1.7031,0.7812,-3.4922,2.4609,0.008375,-0.01325,0.012,0.010875,0,0,2.559375
3755,4,95,1,0,-1.6406,0.6641,-3.4219,2.4688,-0.011875,0.01025,0.009125,0.00725,1,0,2.559625
3756,4,95,1,0,-1.75,0.6562,-3.5391,2.4141,0.003875,0.00525,-0.004625,0.004875,0,0,2.5605
3757,4,96,1,0,-1.7734,0.6641,-3.4844,2.4062,-0.000125,0.006,0.016125,-0.009,0,0,2.559875
3758,4,94,1,0,-1.7969,0.6875,-3.5312,2.3125,0.0105,-0.007,0.014125,0.01025,0,0,2.561
3759,4,98,1,0,-1.8359,0.5938,-3.5938,2.2734,0.002625,-0.004375,0.015875,0.01025,0,0,2.56025
3760,4,97,1,1,-1.8047,0.5547,-3.6484,2.3125,-0.014375,0.001625,0.01225,-0.004,0,0,2.559625
3761,4,96,1,0,-1.8125,0.5469,-3.6328,2.3125,0.0085,-0.002375,0.003,-0.010875,0,0,2.559875
3762,4,95,1,0,-1.8828,0.5625,-3.6641,2.2734,0.0085,0.002125,0.005875,0.00375,0,0,2.56025
3763,4,95,1,0,-1.875,0.5,-3.7109,2.1953,-0.013625,0.010125,-0.00025,-0.008,0,0,2.55925
3764,4,94,1,0,-1.8672,0.5156,-3.6641,2.2109,-0.00875,-0.00425,0.01775,0.0015,0,0,2.55925
3765,4,95,1,0,-1.9375,0.5391,-3.7734,2.1953,-0.00425,-0.000625,-0.011125,0.0095,0,0,2.559875
3766,4,96,1,0,-1.9297,0.5156,-3.7812,2.1641,-0.00125,-0.014875,0.014625,0.00175,0,0,2.5595
3767,4,96,1,0,-1.9609,0.3984,-3.7188,2.1953,0.00475,-0.000875,0.018625,-0.008,0,0,2.560125
3768,4,95,1,1,-2.0234,0.4219,-3.8125,2.1719,0.00675,-0.00375,-0.007375,0.008,0,1,2.55925
3769,4,97,1,0,-2.0391,0.375,-3.7578,2.0938,-0.013375,0.006375,0.00075,0.002375,0,0,2.560125
3770,4,96,1,0,-2.0078,0.3047,-3.7891,2.0547,-0.004625,-0.007625,-0.009375,-0.001125,0,0,2.55925
3771,4,98,1,0,-2.0078,0.3438,-3.8047,2.0234,-0.008625,-0.0135,-0.011375,-0.004125,0,0,2.55975
3772,4,98,1,0,-2.0469,0.3828,-3.8906,2.0312,0.005625,0.004625,0.01425,-0.00025,0,0,2.559125
3773,4,98,1,0,-2.125,0.2812,-3.8984,1.9453,-0.00475,0.007125,-0.0135,0.0075,0,0,2.55975
3774,4,97,1,0,-2.0625,0.2344,-3.8828,1.9453,-0.005375,0.00025,-0.017125,0.0025,0,0,2.559625
3775,4,94,1,0,-2.1875,0.25,-3.9609,2.0,0.00425,-0.011375,0.013625,0.009,0,0,2.56
3776,4,95,1,1,-2.2188,0.2266,-4.0,1.8984,-0.002375,-0.010625,0.015125,-0.010875,0,0,2.56075
3777,4,97,1,0,-2.2578,0.1484,-4.0547,1.9219,0.011375,-0.002125,-0.005875,0.009875,0,0,2.5605
3778,4,94,1,0,-2.1953,0.1484,-4.0703,1.8281,0.015,0.013,0.009,-0.004875,0,0,2.560625
3779,4,96,1,0,-2.2734,0.2109,-3.9844,1.8672,-0.010375,-0.00775,-0.000875,-0.01025,0,0,2.5605
3780,4,95,1,0,-2.2656,0.0859,-4.1172,1.8281,-0.0085,0.010625,0.008375,-0.005625,0,0,2.559
3781,4,96,1,0,-2.2812,0.0781,-4.1016,1.7812,-0.013375,-0.0055,0.004875,-0.002375,0,0,2.5595
3782,4,98,1,0,-2.375,0.0391,-4.0703,1.7656,0.013375,-0.00725,0.018,-0.006625,0,0,2.56025
3783,4,98,1,0,-2.2969,0.0234,-4.1641,1.7422,0.008125,-0.00675,-0.00225,0.00675,0,0,2.560375
3784,4,95,1,1,-2.375,0.0078,-4.1094,1.7578,-0.000875,-0.006125,0.00425,0.00575,0,0,2.56075
3785,4,97,1,0,-2.4297,-0.0312,-4.1328,1.7188,0.000375,-0.00375,0.01325,0.00675,0,0,2.55925
3786,4,95,1,0,-2.3516,0.0156,-4.2578,1.7266,-0.0115,-0.0065,-0.007375,-0.000375,0,0,2.559
3787,4,94,1,0,-2.4297,-0.0391,-4.2812,1.7031,0.011,0.002875,-0.00025,-0.006625,0,0,2.5595
3788,4,94,1,0,-2.5156,0.0,-4.25,1.6562,-0.000625,0.000875,0.01625,0.003625,0,0,2.5605
3789,4,94,1,0,-2.4844,-0.0625,-4.2188,1.6641,0.0105,-0.009125,-0.016875,0.003875,0,0,2.55975
3790,4,96,1,0,-2.4688,-0.1094,-4.2891,1.6406,-0.0065,0.0125,-0.0145,-0.006375,0,0,2.559125
3791,3,94,1,0,-2.4688,-0.1484,-4.3125,1.5391,0.013,-0.004,-0.002625,0.006,0,1,2.559125
3792,3,94,1,1,-2.5859,-0.125,-4.2969,1.6016,-0.000375,0.01375,0.002,0.00925,0,0,2.560125
3793,3,96,1,0,-2.5469,-0.2188,-4.3047,1.5938,-0.004125,-0.01375,0.0165,-0.006125,0,0,2.56025
3794,3,97,1,0,-2.5938,-0.1328,-4.4219,1.5,-0.0065,-0.012625,-0.010375,0.00325,0,0,2.561
3795,3,98,1,0,-2.6172,-0.2266,-4.3984,1.5156,-0.007875,0.00225,-0.001125,0.001125,0,0,2.5595
3796,3,95,1,0,-2.6016,-0.2656,-4.4141,1.5234,0.013125,0.003875,-0.014,-0.0015,0,0,2.55975
3797,3,94,1,0,-2.625,-0.2109,-4.5234,1.4375,0.00175,0.009,-0.001625,-0.002625,0,0,2.56025
3798,3,97,1,0,-2.6953,-0.3438,-4.5156,1.4219,0.01175,-0.014375,0.0,-0.00475,0,0,2.560375
3799,3,96,1,0,-2.6484,-0.2578,-4.5078,1.4453,-0.013875,0.009,-0.011375,-0.0005,0,0,2.5595
3800,3,96,1,1,-2.7422,-0.3594,-4.5938,1.3125,0.009625,-0.00225,-0.01025,0.006125,0,0,2.559625
3801,3,97,1,0,-2.8125,-0.4141,-4.5547,1.3594,-0.009875,-0.008375,-0.003625,-0.008,0,0,2.56075
3802,3,96,1,0,-2.75,-0.3594,-4.5547,1.2812,0.01025,-0.001,-0.016625,-0.00675,0,0,2.559
3803,3,97,1,0,-2.7891,-0.3594,-4.5391,1.2422,-0.009,-0.012375,-0.000125,-0.00375,0,0,2.560375
3804,3,94,1,0,-2.8047,-0.3828,-4.5938,1.2969,0.000375,0.0115,-0.0105,-0.00225,0,0,2.559125
3805,3,94,1,0,-2.7969,-0.4062,-4.5938,1.25,-0.002,0.01375,-0.00525,-0.008,0,0,2.56075
3806,3,95,1,0,-2.8594,-0.4297,-4.7266,1.1875,-0.01275,0.01225,-0.017,-0.0105,0,0,2.559
3807,3,95,1,0,-2.9531,-0.4766,-4.7266,1.1484,-0.002125,-0.0025,0.018375,0.00975,0,0,2.559875
3808,3,96,1,1,-2.9141,-0.5234,-4.7422,1.2031,-0.000875,-0.00625,-0.008,0.006,1,0,2.55975
3809,3,97,1,0,-2.9688,-0.5781,-4.6953,1.2188,-0.014125,0.001125,0.001375,0.004625,0,0,2.560125
3810,3,97,1,0,-2.9297,-0.5625,-4.75,1.1172,0.005,0.00125,0.00475,0.00825,0,0,2.559625
3811,3,97,1,0,-2.9844,-0.5938,-4.7578,1.125,0.013,-0.012,-0.00625,-0.002875,0,0,2.56025
3812,3,96,1,0,-3.0703,-0.5781,-4.8672,1.0547,0.002125,-0.01425,-0.0085,0.004875,0,0,2.55975
3813,3,95,1,0,-3.0312,-0.6094,-4.8594,1.1016,0.01375,0.0065,0.018125,0.00425,0,0,2.55925
3814,3,95,1,0,-3.1016,-0.6875,-4.8359,0.9844,0.0105,-0.006,-0.012125,-0.003,0,0,2.56
3815,3,96,1,0,-3.0859,-0.625,-4.8906,1.0391,-0.0095,-0.004,0.004125,-0.00075,0,0,2.559125
3816,3,97,1,1,-3.1484,-0.6641,-4.9141,0.9531,-0.011875,0.0085,-0.011125,0.003875,0,0,2.559
3817,3,95,1,0,-3.0703,-0.6719,-4.8906,0.9141,0.012,0.0065,-0.01725,0.005875,0,0,2.560125
3818,3,95,1,0,-3.125,-0.75,-4.8984,1.0156,0.0005,-0.001625,-0.01625,-0.005375,0,0,2.559875
3819,3,94,1,0,-3.1797,-0.8203,-4.9922,0.9531,-0.003,-0.006,-0.010875,0.00425,0,0,2.559625
3820,3,95,1,0,-3.2344,-0.8438,-4.9844,0.8594,0.002,-0.00475,-0.001875,0.002375,0,0,2.559875
3821,3,96,1,0,-3.2266,-0.8672,-5.0078,0.8516,-0.006875,0.00675,-0.012875,-0.009875,0,1,2.5595
3822,3,98,1,0,-3.1953,-0.8359,-5.0625,0.8438,-0.003375,0.007625,0.00175,-0.000875,0,0,2.559
3823,3,95,1,0,-3.3203,-0.8984,-5.1016,0.8594,0.006375,-0.012125,0.0095,-0.004875,0,0,2.560125
3824,3,95,1,1,-3.2578,-0.8984,-5.1016,0.8047,0.00325,0.008625,0.01575,-0.00825,0,0,2.55975
3825,3,94,1,0,-3.25,-0.9688,-5.1406,0.7812,0.00225,-0.01375,0.015,0.005625,0,0,2.559625
3826,3,96,1,0,-3.2812,-0.9688,-5.1172,0.7188,-0.01275,0.014625,0.001875,0.0075,0,0,2.55925
3827,3,94,1,0,-3.3906,-0.9219,-5.1953,0.8047,-0.00325,-0.014125,0.010625,0.002,0,0,2.56075
3828,3,96,1,0,-3.3359,-1.0391,-5.2188,0.7266,0.009375,-0.0035,0.01,0.002375,0,0,2.559375
3829,3,94,1,0,-3.3828,-0.9688,-5.1562,0.7031,-0.0075,-0.008875,0.007625,-0.011125,0,0,2.560375
3830,3,94,1,0,-3.4141,-1.0156,-5.1797,0.6172,-0.00475,-0.009875,-0.016625,-0.0025,0,0,2.55975
3831,3,97,1,0,-3.4766,-1.0781,-5.2188,0.6875,-0.014875,-0.010875,-0.010125,0.0015,0,0,2.55925
3832,3,95,1,1,-3.4453,-1.0469,-5.3047,0.6719,0.0065,-0.003,0.004875,0.006375,0,0,2.56025
3833,3,96,1,0,-3.4844,-1.1406,-5.3047,0.6406,0.010875,-0.001,-0.0085,0.00475,1,0,2.559
3834,2,96,1,0,-3.5469,-1.0547,-5.3125,0.5234,0.006125,-0.01075,-0.001125,0.011,0,0,2.560625
3835,2,97,1,0,-3.5391,-1.0938,-5.3594,0.6016,0.004875,-0.002625,0.0125,-0.00625,0,0,2.5605
3836,2,96,1,0,-3.5781,-1.1484,-5.3125,0.5469,0.013,0.00575,0.017125,-0.0005,0,0,2.559
3837,2,94,1,0,-3.5938,-1.1719,-5.3203,0.4766,-0.011,0.0105,-0.01575,0.000375,0,0,2.560375
3838,2,96,1,0,-3.6328,-1.2656,-5.3672,0.5469,-0.002,-0.004125,0.002375,0.007,0,0,2.559375
3839,2,95,1,0,-3.6406,-1.1719,-5.3906,0.4453,-0.007875,-0.00975,0.012125,0.00125,0,0,2.56025
3840,2,95,1,1,-3.6406,-1.2578,-5.4375,0.4453,-0.00025,-0.012125,0.01225,0.006625,0,1,2.560625
3841,2,94,1,0,-3.6641,-1.2422,-5.4453,0.4062,0.014625,-0.006625,-0.009375,0.005875,0,0,2.559625
3842,2,96,1,0,-3.75,-1.2656,-5.5234,0.3516,0.011625,0.00525,-0.0165,-0.010625,0,0,2.559625
3843,2,98,1,0,-3.6719,-1.2812,-5.5781,0.4375,0.011125,-0.00775,-0.012125,-0.0005,0,0,2.560625
3844,2,94,1,0,-3.7109,-1.3906,-5.5547,0.3047,-0.00575,0.00225,-0.006625,-0.00875,0,0,2.55925
3845,2,98,1,0,-3.7344,-1.3047,-5.5547,0.3516,-0.00575,-0.0105,-0.015625,0.010625,0,0,2.560125
3846,2,94,1,0,-3.7891,-1.3984,-5.5703,0.2656,0.014875,0.000375,0.01525,-0.007125,0,0,2.559875
3847,2,96,1,0,-3.7891,-1.3672,-5.6641,0.3203,-0.011875,0.0045,0.00525,0.000875,0,0,2.559875
3848,2,97,1,1,-3.8047,-1.4531,-5.6953,0.3281,0.012,0.012,-0.015375,0.002375,0,0,2.559625
3849,2,95,1,0,-3.8438,-1.5078,-5.6094,0.2812,0.00575,-0.010625,0.014625,-0.008,0,0,2.561
3850,2,98,1,0,-3.9219,-1.4766,-5.7266,0.1797,0.009125,-0.006875,-0.004,-0.00525,0,0,2.560625
3851,2,96,1,0,-3.9453,-1.5234,-5.6719,0.1797,-0.013625,-0.010125,0.015375,0.0095,0,0,2.56
3852,2,98,1,0,-3.9062,-1.4609,-5.7266,0.2031,-0.001,-0.013,-0.005125,0.005625,0,0,2.560625
3853,2,97,1,0,-3.9375,-1.5078,-5.7969,0.1562,-0.006,0.011,0.007125,0.002375,0,0,2.559625
3854,2,96,1,0,-4.0,-1.6328,-5.75,0.0938,0.00475,-0.005125,-0.0025,0.004125,0,0,2.5605
3855,2,97,1,0,-4.0,-1.6328,-5.7812,0.125,0.000125,0.00375,0.011125,-0.00075,0,0,2.559125
3856,2,95,1,1,-4.0234,-1.6484,-5.8359,0.0547,0.00075,-0.0045,-0.001625,-0.0015,0,0,2.5605
3857,2,97,1,0,-4.0156,-1.6797,-5.8359,0.0234,0.011125,-0.001125,-0.00475,0.0005,0,0,2.561
3858,2,95,1,0,-4.0078,-1.6875,-5.8828,0.0391,-0.002,-0.000875,0.015625,0.00975,0,0,2.560875
3859,2,94,1,0,-4.0547,-1.7344,-5.8672,0.0547,0.002,0.0115,0.00825,0.007875,0,0,2.560625
3860,2,94,1,0,-4.0781,-1.7422,-5.9688,0.0312,-0.01225,-0.00175,-0.00925,-0.006125,0,0,2.56075
3861,2,94,1,0,-4.1016,-1.6719,-5.9375,-0.0156,-0.01075,-0.013,-0.000625,0.00175,0,0,2.561
3862,2,95,1,0,-4.2109,-1.7812,-5.9844,-0.0703,0.013625,0.00125,-0.00975,0.010375,0,0,2.56025
3863,2,96,1,0,-4.1172,-1.7266,-5.9844,-0.0156,0.005,0.010875,-0.011625,0.004,1,0,2.5595
3864,2,98,1,1,-4.25,-1.75,-6.0,-0.1328,-0.002125,-0.012875,-0.007875,-0.00575,0,0,2.560875
3865,2,94,1,0,-4.25,-1.8516,-6.0469,-0.1328,-0.0135,0.001625,0.003375,-0.00175,0,0,2.56025
3866,2,98,1,0,-4.2344,-1.8203,-6.0703,-0.1406,-0.00425,0.014375,0.01625,0.000625,0,0,2.56075
3867,2,95,1,0,-4.2969,-1.8047,-6.0859,-0.1953,-0.003875,0.00725,-0.0145,0.003875,0,0,2.559
3868,2,96,1,0,-4.2266,-1.8281,-6.1484,-0.1484,-0.014,0.014875,-0.016125,-0.0065,0,0,2.559875
3869,2,97,1,0,-4.2578,-1.8672,-6.1484,-0.2266,0.000875,0.009125,0.018125,-0.0005,0,0,2.55925
3870,2,98,1,0,-4.2891,-1.875,-6.0781,-0.1953,-0.006,-0.00725,0.002625,-0.003875,0,0,2.560125
3871,2,95,1,0,-4.4141,-1.9766,-6.1641,-0.2109,-0.007875,-0.007625,0.01025,-0.001375,0,0,2.561
3872,2,98,1,1,-4.3594,-1.9766,-6.2031,-0.2734,-0.006,-0.01425,0.0005,0.001875,0,0,2.560125
3873,2,94,1,0,-4.4609,-2.0391,-6.1406,-0.3594,-0.01425,0.009375,-0.015125,-0.007125,0,0,2.56
3874,2,96,1,0,-4.4688,-2.0234,-6.2031,-0.2812,-0.000875,0.0025,0.003125,-0.008625,0,0,2.55925
3875,2,96,1,0,-4.3828,-2.1016,-6.2734,-0.3359,-0.003625,-0.0065,-0.016875,-0.006375,0,1,2.560625
3876,2,96,1,0,-4.4531,-2.125,-6.2266,-0.3203,0.012125,0.01475,0.00275,-0.008375,0,0,2.5595
3877,2,97,1,0,-4.5391,-2.0312,-6.3516,-0.4297,-0.01475,0.00475,0.01725,0.004375,0,0,2.559625
3878,1,95,1,0,-4.4531,-2.1328,-6.3047,-0.4609,-0.0125,0.012875,-0.017125,0.000875,0,0,2.559125
3879,1,96,1,0,-4.5781,-2.0781,-6.3359,-0.4766,0.008,0.0065,-0.000375,-0.003875,0,0,2.559125
3880,1,95,1,1,-4.5859,-2.1953,-6.3906,-0.5156,-0.001125,0.003875,0.0045,-0.003375,0,0,2.559125
3881,1,95,1,0,-4.6094,-2.1484,-6.3828,-0.5156,-0.008125,-0.00925,-0.01875,-0.00275,0,0,2.561
3882,1,97,1,0,-4.6094,-2.2578,-6.3984,-0.5312,-0.0115,-0.006,0.015375,-0.00175,0,0,2.5605
3883,1,98,1,0,-4.6016,-2.2031,-6.3828,-0.5469,-0.0085,0.001375,-0.001125,0.005625,0,0,2.55975
3884,1,97,1,0,-4.6328,-2.1875,-6.3984,-0.5234,-0.006625,-0.0015,0.0075,0.00275,0,0,2.560625
3885,1,97,1,0,-4.7266,-2.3281,-6.4219,-0.5312,-0.006875,0.000625,0.004625,0.00825,0,0,2.55975
3886,1,98,1,0,-4.7109,-2.2734,-6.5078,-0.5547,-0.005125,0.008375,0.002375,-0.001375,0,0,2.5605
3887,1,96,1,0,-4.75,-2.3203,-6.5156,-0.5547,0.00625,0.004625,0.0135,-0.00925,0,0,2.5605
3888,1,98,1,1,-4.7578,-2.2734,-6.5938,-0.6797,0.009625,-0.00975,-0.009,0.0065,0,0,2.559625
3889,1,94,1,0,-4.7891,-2.3906,-6.5469,-0.6406,0.011625,-0.00575,0.013125,0.007625,0,0,2.55925
3890,1,98,1,0,-4.7812,-2.3516,-6.6094,-0.6406,0.013,-0.006875,-0.0025,-0.010125,0,0,2.5605
3891,1,98,1,0,-4.7812,-2.3516,-6.6406,-0.6562,-0.001125,-0.003625,0.005625,0.003875,1,0,2.559875
3892,1,97,1,0,-4.875,-2.3984,-6.625,-0.7344,-0.006875,0.01175,0.0135,-0.000125,0,0,2.561
3893,1,95,1,0,-4.9062,-2.4141,-6.625,-0.8047,0.007125,-0.007875,0.018,-0.0045,0,0,2.560125
3894,1,97,1,0,-4.8516,-2.4062,-6.7031,-0.8203,0.007125,0.0005,0.0165,0.0045,0,0,2.559625
3895,1,98,1,0,-4.8516,-2.4688,-6.7109,-0.75,0.011625,0.004375,0.003625,-0.0035,0,0,2.5605
3896,1,95,1,1,-4.8516,-2.5625,-6.6953,-0.7734,0.011375,-0.005875,0.008625,0.001625,0,0,2.559
3897,1,95,1,0,-4.9062,-2.5078,-6.6953,-0.7734,-0.001125,0.00675,0.01675,-0.002625,0,0,2.56075
3898,1,97,1,0,-4.9609,-2.5703,-6.7266,-0.8516,0.00925,-0.002,-0.013375,-0.008875,0,0,2.559375
3899,1,97,1,0,-4.9609,-2.5312,-6.7734,-0.9297,0.01375,0.000625,-0.001875,0.00125,0,0,2.55975
3900,1,98,1,0,-5.0469,-2.6406,-6.7734,-0.9609,0.0055,0.0115,-0.003625,-0.006125,0,0,2.559875
3901,1,97,1,0,-5.0469,-2.5781,-6.875,-0.9141,-0.002875,-0.00975,0.00925,0.00975,0,0,2.55925
3902,1,96,1,0,-5.1094,-2.6797,-6.875,-0.9609,-0.0075,-0.003375,0.018625,0.00675,0,0,2.560375
3903,1,95,1,0,-5.0391,-2.6562,-6.8594,-0.9375,-0.009,0.011125,0.0115,-0.004375,0,0,2.55925
3904,1,97,1,1,-5.0859,-2.6953,-6.8359,-1.0547,0.00675,0.002875,-0.00075,-0.002625,0,0,2.560875
3905,1,95,1,0,-5.1328,-2.6562,-6.9609,-0.9766,-0.004625,-0.0045,-0.008125,0.000875,0,0,2.560375
3906,1,97,1,0,-5.1875,-2.7031,-7.0,-1.0469,0.006,-0.00975,-0.00825,-0.009875,0,0,2.56
3907,1,94,1,0,-5.1562,-2.7578,-6.9297,-1.0781,-0.01125,-0.003,-0.000625,-0.006,0,0,2.56025
3908,1,97,1,0,-5.2422,-2.7734,-7.0234,-1.0234,-0.014625,0.00225,0.005625,0.000625,0,0,2.559125
3909,1,94,1,0,-5.2656,-2.7734,-6.9844,-1.1406,-0.0055,-0.00825,-0.015,0.005625,0,0,2.559375
3910,1,97,1,0,-5.2578,-2.7969,-6.9844,-1.1484,-0.00525,-0.00075,0.010125,0.00475,0,0,2.55925
3911,1,94,1,0,-5.2188,-2.7891,-7.1094,-1.1562,0.00475,-0.01225,0.008,-0.008625,0,0,2.5605
3912,1,95,1,1,-5.2812,-2.8828,-7.0312,-1.1328,-0.01375,-0.0115,0.007125,-0.010625,0,0,2.560625
3913,1,97,1,0,-5.3281,-2.9297,-7.1328,-1.1875,-0.00075,0.00175,-0.007125,0.00025,0,0,2.560125
3914,1,95,1,0,-5.375,-2.8672,-7.1406,-1.1562,-0.00075,0.003125,-0.000625,-0.003125,0,0,2.56075
3915,1,94,1,0,-5.3125,-2.9062,-7.0938,-1.2422,0.013125,-0.005,0.014,-0.0055,0,0,2.560625
3916,1,94,1,0,-5.4062,-2.9141,-7.1797,-1.2266,-0.012375,0.002,-0.008,-0.011125,0,0,2.560375
3917,1,94,1,0,-5.3203,-3.0078,-7.2109,-1.2969,0.009375,0.007,0.012875,-0.005375,0,0,2.560625
3918,1,96,1,0,-5.3906,-2.9453,-7.1641,-1.3203,-0.004875,0.01225,0.007625,-0.00175,0,0,2.559
3919,1,98,1,0,-5.4531,-2.9844,-7.1641,-1.3672,0.0015,-0.0105,0.01375,-0.007125,0,0,2.55925
3920,1,96,1,1,-5.5078,-2.9844,-7.2578,-1.3125,-0.01425,0.00375,0.008625,-0.003625,0,0,2.560375
3921,1,95,1,0,-5.4609,-3.1094,-7.25,-1.4297,-0.014,-0.00775,0.002125,-0.001625,0,0,2.55925
3922,1,96,1,0,-5.5078,-3.0312,-7.25,-1.3281,0.0045,-0.008125,0.0,0.001125,0,0,2.560125
3923,0,98,1,0,-5.4609,-3.125,-7.2891,-1.3594,0.006625,-0.004875,0.008375,0.011,0,0,2.56
3924,0,94,1,0,-5.5156,-3.0703,-7.3906,-1.4922,0.014625,-0.010375,0.010875,0.001375,0,1,2.5595
3925,0,95,1,0,-5.5234,-3.1719,-7.3359,-1.4375,-0.005875,0.004,0.0015,0.0075,0,0,2.560125
3926,0,96,1,0,-5.5781,-3.1562,-7.3359,-1.4609,-0.00325,0.005125,0.007875,0.007125,1,0,2.56075
3927,0,95,1,0,-5.6328,-3.2266,-7.4453,-1.5156,-0.003875,0.0145,-0.007875,0.004625,0,0,2.5605
3928,0,97,1,1,-5.5781,-3.2188,-7.3984,-1.4844,0.005625,-0.0025,-0.00525,0.01125,0,0,2.56075
3929,0,96,1,0,-5.6406,-3.2422,-7.4531,-1.5,0.010125,-0.014875,-0.017875,-0.00725,0,0,2.559125
3930,0,98,1,0,-5.6328,-3.3125,-7.4766,-1.6172,0.00125,-0.00075,0.014,-0.008375,0,0,2.56025
3931,0,96,1,0,-5.6562,-3.3203,-7.4297,-1.5391,-0.006,-0.000125,0.005875,0.006,0,0,2.56
3932,0,94,1,0,-5.7188,-3.2969,-7.4766,-1.6172,-0.00025,0.008625,0.00175,0.011125,0,0,2.56025
3933,0,98,1,0,-5.7812,-3.2969,-7.5469,-1.6016,-0.010625,-0.004375,0.018,-0.00825,0,0,2.56
3934,0,97,1,0,-5.7812,-3.4141,-7.5938,-1.6406,0.005,-0.01475,-0.016,-0.005875,0,0,2.56075
3935,0,94,1,0,-5.7109,-3.4141,-7.5234,-1.7109,0.01375,0.011375,-0.002,-0.0075,0,0,2.56075
3936,0,96,1,1,-5.8047,-3.4453,-7.5469,-1.7578,0.001375,-0.01425,0.01475,0.01125,0,0,2.56
3937,0,96,1,0,-5.7891,-3.4609,-7.6016,-1.6562,-0.003375,0.003875,-0.017625,-0.0025,0,0,2.56
3938,0,96,1,0,-5.8984,-3.4062,-7.6562,-1.7891,-0.014,0.003875,0.014125,-0.006875,0,0,2.5595
3939,0,97,1,0,-5.8828,-3.5078,-7.6797,-1.7188,-0.013625,-0.004625,-0.0065,0.003875,0,0,2.55925
3940,0,94,1,0,-5.9453,-3.5469,-7.7109,-1.75,-0.012125,-0.013875,0.006625,0.00575,0,0,2.560875
3941,0,96,1,0,-5.9609,-3.4844,-7.6641,-1.8047,0.004,-0.00475,0.01475,0.00425,0,0,2.559
3942,0,98,1,0,-5.8984,-3.5547,-7.7344,-1.7969,-0.011375,0.0005,-0.015375,-0.001375,0,0,2.56075
3943,0,97,1,0,-6.0078,-3.5547,-7.7656,-1.7891,-0.005625,-0.007375,0.01425,-0.00075,0,0,2.5595
3944,0,95,1,1,-6.0234,-3.5312,-7.8203,-1.8438,-0.005625,-0.00325,0.013125,0.007,0,0,2.560375
3945,0,94,1,0,-5.9609,-3.5938,-7.8281,-1.8828,-0.010125,-0.00775,0.0185,-0.008625,0,0,2.560375
3946,0,97,1,0,-6.0156,-3.5625,-7.8359,-1.9766,-0.007875,-0.002375,0.01525,0.00525,0,0,2.559375
3947,0,94,1,0,-5.9922,-3.6875,-7.8281,-1.9688,-0.004125,0.013375,0.00975,0.00575,0,0,2.5595
3948,0,97,1,0,-6.0938,-3.6094,-7.9141,-2.0,-0.010375,0.0135,-0.01125,0.003875,0,1,2.56
3949,0,94,1,0,-6.1172,-3.6797,-7.8516,-1.9609,0.002875,0.01475,0.0135,0.005125,0,0,2.56
3950,0,96,1,0,-6.1328,-3.6797,-7.9531,-1.9609,0.008375,-0.01375,0.016125,-0.008875,0,0,2.560125
3951,0,97,1,0,-6.0938,-3.6719,-7.9141,-2.0391,-0.0045,0.00025,-0.010125,0.009,0,0,2.559375
3952,0,98,1,1,-6.125,-3.7422,-7.9453,-2.0156,0.003875,-0.00825,-0.0185,0.000125,0,0,2.560875
3953,0,98,1,0,-6.2266,-3.8281,-7.9141,-2.0938,-0.008125,0.0035,0.0155,-0.001875,1,0,2.561
3954,0,96,1,0,-6.1562,-3.8281,-8.0469,-2.0703,-0.00875,-0.01025,-0.01125,0.001,0,0,2.560125
3955,0,96,1,0,-6.1797,-3.8047,-7.9766,-2.1406,0.00075,-0.001,-0.002875,-0.005625,0,0,2.55975
3956,0,94,1,0,-6.2891,-3.8359,-8.0859,-2.0859,-0.004375,-0.012625,0.006625,0.003875,0,0,2.560875
3957,0,95,1,0,-6.2734,-3.8984,-8.0078,-2.1328,0.002625,0.01125,-0.009875,0.01075,0,0,2.559375
3958,0,98,1,0,-6.3203,-3.8906,-8.0312,-2.1328,-0.002375,0.006875,-0.017625,-0.001375,0,0,2.559875
3959,0,95,1,0,-6.2344,-3.8438,-8.1328,-2.1406,-0.004375,-0.00275,-0.000125,-0.009375,0,0,2.56025
3960,0,98,1,1,-6.3281,-3.9141,-8.1328,-2.1641,0.004125,0.007,-0.002375,-0.007,0,0,2.55975
3961,0,96,1,0,-6.3203,-3.9453,-8.1797,-2.2109,-0.00875,-0.014875,-0.013125,-0.001,0,0,2.560375
3962,0,96,1,0,-6.375,-4.0,-8.125,-2.2188,-0.011125,-0.0105,-0.0185,0.002875,0,0,2.56075
3963,0,96,1,0,-6.3906,-4.0234,-8.1641,-2.2969,0.00975,0.012375,-0.003625,0.000375,1,0,2.560375
3964,0,94,1,0,-6.4609,-4.0547,-8.2031,-2.3438,0.006,0.003125,-0.005625,-0.005625,0,0,2.55925
3965,0,95,1,0,-6.3906,-3.9922,-8.1953,-2.375,-0.001875,0.011,0.007875,0.01,0,0,2.559
3966,0,97,1,0,-6.4219,-4.0312,-8.2734,-2.3281,0.008625,-0.001,0.01675,0.005125,0,0,2.559
3967,0,94,1,0,-6.4141,-4.0078,-8.3281,-2.3594,0.002875,-0.009625,-0.006125,-0.008,0,0,2.560875
3968,0,95,1,1,-6.4297,-4.1484,-8.2344,-2.4453,-0.006375,0.00225,0.00775,0.010625,0,0,2.56
3969,-1,97,1,0,-6.4688,-4.1016,-8.3125,-2.3906,-0.006875,-0.013625,0.001875,-0.00425,0,0,2.5605
3970,-1,98,1,0,-6.5469,-4.1484,-8.3516,-2.4297,0.00725,0.00075,-0.011,-0.007,0,0,2.560125
3971,-1,96,1,0,-6.5,-4.1484,-8.4141,-2.5078,-0.01375,-0.009625,-0.009875,-0.008875,0,0,2.560125
3972,-1,96,1,0,-6.5703,-4.1328,-8.4219,-2.4141,0.00025,0.00525,-0.00525,0.007875,0,0,2.55975
3973,-1,95,1,0,-6.5469,-4.1719,-8.375,-2.5469,-0.01475,0.015,-0.01125,0.0085,0,0,2.56025
3974,-1,94,1,0,-6.6328,-4.2266,-8.4375,-2.4531,-0.010375,0.00125,0.00325,-0.0065,0,0,2.561
3975,-1,97,1,0,-6.6562,-4.2734,-8.4531,-2.4844,-0.005875,-0.004625,-0.008,-0.003,0,0,2.56
3976,-1,95,1,1,-6.6484,-4.2969,-8.4766,-2.6016,-0.0095,-0.001875,-0.01175,0.0075,0,0,2.560875
3977,-1,94,1,0,-6.6406,-4.3359,-8.4531,-2.6328,-0.0145,0.001875,0.01825,0.000125,0,0,2.55975
3978,-1,96,1,0,-6.6797,-4.3047,-8.4688,-2.5547,0.003375,-0.0115,-0.015125,-0.006,0,0,2.56025
3979,-1,94,1,0,-6.7031,-4.3594,-8.5,-2.5703,0.006625,0.01,-0.000875,0.005625,0,0,2.559625
3980,-1,97,1,0,-6.7812,-4.3672,-8.5859,-2.6328,0.006125,-0.004875,-0.006875,0.011,0,0,2.55975
3981,-1,94,1,0,-6.7109,-4.375,-8.5469,-2.6719,0.0125,0.009625,-0.008,0.00075,0,0,2.559
3982,-1,95,1,0,-6.8125,-4.4375,-8.5469,-2.6953,0.006625,0.011625,0.008875,0.0095,0,0,2.5595
3983,-1,94,1,0,-6.8594,-4.4141,-8.5859,-2.7109,-0.001375,-0.008875,0.00075,0.0,0,0,2.559875
3984,-1,96,1,1,-6.8516,-4.4062,-8.6016,-2.7109,0.012,0.006625,0.01325,-0.004375,0,0,2.560125
3985,-1,97,1,0,-6.7969,-4.4297,-8.6406,-2.7578,-0.008625,0.002625,-0.006125,0.002625,0,0,2.5595
3986,-1,94,1,0,-6.8516,-4.5,-8.6094,-2.8203,-0.012125,-0.011375,0.01125,-0.008,0,0,2.559875
3987,-1,95,1,0,-6.875,-4.5,-8.7109,-2.7422,-0.0145,-0.012,0.01,0.008625,0,0,2.560375
3988,-1,97,1,0,-6.8594,-4.4531,-8.75,-2.7812,0.012625,0.009125,0.002875,-0.0095,0,0,2.560375
3989,-1,95,1,0,-6.9062,-4.4766,-8.7422,-2.8672,0.002125,0.010375,0.01375,-0.0065,0,1,2.559625
3990,-1,98,1,0,-6.9766,-4.5078,-8.7422,-2.875,-0.014125,0.014125,-0.017875,-0.005125,0,0,2.5605
3991,-1,96,1,0,-6.9297,-4.5391,-8.75,-2.8438,0.010125,0.009625,-0.002125,0.004125,0,0,2.560875
3992,-1,94,1,1,-7.0391,-4.5703,-8.8281,-2.8438,0.0105,-0.0095,0.004375,-0.005,0,0,2.559625
3993,-1,96,1,0,-7.0781,-4.6094,-8.8047,-2.9688,-0.01075,-0.009,0.01675,0.002,0,0,2.561
3994,-1,94,1,0,-7.0,-4.6094,-8.8906,-2.9062,0.014875,0.000625,0.013125,-0.00675,0,0,2.56025
3995,-1,95,1,0,-7.1172,-4.6797,-8.9219,-3.0234,-0.005,0.004625,0.016,-0.006625,0,0,2.560875
3996,-1,95,1,0,-7.125,-4.6406,-8.875,-3.0312,0.0145,-0.002625,-0.00625,0.01075,0,0,2.55975
3997,-1,96,1,0,-7.1406,-4.7422,-8.8438,-3.0625,-0.012375,0.011375,0.0085,0.010875,0,0,2.55925
3998,-1,95,1,0,-7.0625,-4.6953,-8.9766,-3.0156,-0.007375,0.00775,0.000625,-0.008625,0,0,2.560125
3999,-1,97,1,0,-7.1875,-4.7344,-9.0078,-3.0234,-0.010875,-0.003625,0.0045,0.006875,0,0,2.560375
4000,-1,97,1,1,-7.1484,-4.8281,-8.9453,-3.1094,0.00075,0.001,0.012625,0.001,0,0,2.560375
4001,-1,97,1,0,-7.1797,-4.7734,-8.9531,-3.0938,-0.00825,-0.006375,-0.01175,-0.004375,0,0,2.5605
4002,-1,98,1,0,-7.2578,-4.7812,-8.9453,-3.1094,0.009125,-0.00375,-0.006875,-0.001,0,0,2.560625
4003,-1,98,1,0,-7.2891,-4.8672,-9.0703,-3.1719,-0.013125,0.006,-0.01725,0.005125,0,0,2.56025
4004,-1,96,1,0,-7.2734,-4.8359,-9.0312,-3.2031,0.006875,-0.0055,0.008375,0.00775,0,0,2.55975
4005,-1,97,1,0,-7.3203,-4.8594,-9.0703,-3.2344,-0.01,0.01325,0.011625,-0.00875,0,0,2.560875
4006,-1,96,1,0,-7.3281,-4.8594,-9.0625,-3.1484,0.006375,0.00625,0.0085,-0.004375,0,0,2.559
4007,-1,98,1,0,-7.3516,-4.8828,-9.0703,-3.1719,-0.0005,-0.007375,0.01775,-0.001,0,0,2.56025
4008,-1,97,1,1,-7.375,-4.9844,-9.0938,-3.2734,-0.0015,-0.014625,-0.0165,0.00325,0,0,2.56
4009,-1,96,1,0,-7.3672,-4.9062,-9.1016,-3.2578,0.001875,-0.014,0.017875,-0.003625,0,0,2.5595
4010,-1,97,1,0,-7.3125,-4.9375,-9.2266,-3.2422,0.003375,0.0045,-0.01875,0.004,0,0,2.55925
4011,-1,94,1,0,-7.3359,-5.0234,-9.1562,-3.3047,0.0085,-0.012125,0.017,0.003,1,1,2.55975
4012,-1,97,1,0,-7.4766,-5.0703,-9.2656,-3.2969,0.0105,0.000875,-0.00225,-0.009125,0,0,2.5595
4013,-1,95,1,0,-7.4766,-5.0703,-9.2656,-3.375,0.014875,0.01075,-0.002,-0.01075,0,0,2.561
4014,-1,96,1,0,-7.4453,-5.0312,-9.2266,-3.3516,-0.007625,-0.013875,-0.018375,0.0,0,0,2.56075
4015,-1,96,1,0,-7.5,-5.0312,-9.25,-3.4375,0.007625,0.0025,0.017875,0.0035,0,0,2.559875
4016,-1,95,1,1,-7.5469,-5.0469,-9.2734,-3.4219,0.002625,0.0135,0.010625,-0.010125,0,0,2.559
4017,-2,95,1,0,-7.5781,-5.1484,-9.3438,-3.4688,0.013875,-0.009,-0.0165,-0.005125,0,0,2.56
4018,-2,98,1,0,-7.5547,-5.2031,-9.3828,-3.4297,-0.000625,-0.009125,0.01025,-0.01075,0,0,2.5595
4019,-2,98,1,0,-7.5391,-5.125,-9.3906,-3.4688,-0.000875,0.011125,0.006625,-0.007375,0,0,2.560625
4020,-2,94,1,0,-7.5391,-5.125,-9.3203,-3.4766,0.00025,-0.008875,-0.003875,-0.00775,0,0,2.560875
4021,-2,95,1,0,-7.6172,-5.1406,-9.3906,-3.5469,0.01275,0.002,-0.017125,0.009375,0,0,2.559625
4022,-2,95,1,0,-7.5703,-5.1641,-9.4844,-3.5156,0.00925,0.000125,0.00025,-0.008,1,0,2.560875
4023,-2,96,1,0,-7.5938,-5.2266,-9.4453,-3.4922,-0.004625,0.010875,-0.000625,0.00875,0,0,2.561
4024,-2,94,1,1,-7.6172,-5.2578,-9.4453,-3.5547,-0.013875,-0.013125,-0.0075,0.004375,0,0,2.560625
4025,-2,98,1,0,-7.6875,-5.2344,-9.4375,-3.625,-0.003375,0.001375,-0.016625,-0.005875,0,0,2.560875
4026,-2,96,1,0,-7.6641,-5.2656,-9.5547,-3.625,-0.003625,-0.01375,0.0155,-0.010375,0,0,2.559125
4027,-2,94,1,0,-7.7109,-5.2734,-9.5781,-3.6094,-0.001375,-0.01025,0.008625,-0.00025,0,0,2.559625
4028,-2,96,1,0,-7.6953,-5.2891,-9.5312,-3.6016,0.0025,0.005375,-0.011625,-0.006375,0,0,2.56025
4029,-2,96,1,0,-7.7812,-5.3281,-9.625,-3.6875,0.006625,-0.011,0.012,-0.006875,0,0,2.560875
4030,-2,97,1,0,-7.8203,-5.4062,-9.5703,-3.6406,0.000125,-0.014125,-0.009,-0.0045,0,0,2.560875
4031,-2,97,1,0,-7.8672,-5.4297,-9.5859,-3.6797,-0.00025,0.013375,0.013875,-0.000875,0,0,2.560125
4032,-2,98,1,1,-7.8203,-5.4688,-9.6328,-3.7891,-0.0005,-0.000125,-0.018125,0.001625,0,0,2.56
4033,-2,94,1,0,-7.8203,-5.5,-9.6094,-3.7031,0.0015,0.005875,0.017625,-0.00925,0,0,2.559
4034,-2,97,1,0,-7.8125,-5.4844,-9.6719,-3.8125,-0.01375,-0.006625,-0.000625,-0.008875,0,0,2.55975
4035,-2,94,1,0,-7.8984,-5.5391,-9.7031,-3.75,0.012875,0.00675,-0.015,0.0075,0,0,2.560125
4036,-2,96,1,0,-7.9531,-5.4688,-9.6641,-3.75,0.001125,0.008,-0.006125,-0.004,0,0,2.559
4037,-2,95,1,0,-7.9453,-5.5312,-9.7734,-3.8125,0.004,0.011625,-0.011625,-0.00325,0,0,2.55975
4038,-2,96,1,0,-7.9844,-5.5469,-9.6953,-3.9062,0.01425,0.0075,0.008375,-0.0085,0,0,2.5595
4039,-2,95,1,0,-7.9141,-5.5625,-9.75,-3.8672,0.007125,-0.006125,-0.007625,-0.008,0,0,2.560375
4040,-2,97,1,1,-8.0469,-5.5859,-9.7344,-3.8828,0.006625,0.014125,-0.009375,0.01025,0,1,2.559125
4041,-2,95,1,0,-8.0781,-5.5859,-9.7656,-3.8672,0.00125,0.014875,-0.017625,0.007625,0,0,2.561
4042,-2,98,1,0,-7.9844,-5.5781,-9.8984,-3.875,-0.005875,-0.005,0.008,-0.01075,0,0,2.559375
4043,-2,95,1,0,-7.9922,-5.7031,-9.8281,-3.9531,0.006625,0.0075,0.006625,-0.008875,0,0,2.5595
4044,-2,97,1,0,-8.0547,-5.6719,-9.8828,-3.9141,0.004625,0.0005,0.016875,0.0015,0,0,2.559125
4045,-2,95,1,0,-8.0391,-5.6797,-9.9531,-4.0234,-0.008125,0.00225,-0.006,-0.0105,0,0,2.55925
4046,-2,98,1,0,-8.0938,-5.6953,-9.9297,-4.0781,0.010625,-0.007375,0.003625,0.00525,0,0,2.560625
4047,-2,95,1,0,-8.1562,-5.7734,-9.9062,-4.0703,-0.00425,0.009,-0.00725,0.003125,0,0,2.5605
4048,-2,97,1,1,-8.1406,-5.7266,-9.9375,-4.0859,0.01,-0.004875,-0.012,0.00375,0,0,2.559625
4049,-2,94,1,0,-8.1953,-5.7969,-10.0,-4.1094,0.00875,0.00475,-0.012875,-0.005625,0,0,2.56075
4050,-2,98,1,0,-8.2188,-5.8203,-9.9688,-4.125,-0.00675,-0.000625,0.017625,-0.007125,0,0,2.559125
4051,-2,95,1,0,-8.2656,-5.8203,-10.0781,-4.0703,0.00725,0.005125,0.00625,0.00475,0,0,2.560125
4052,-2,95,1,0,-8.2188,-5.7812,-10.0781,-4.0859,-0.01175,0.00075,0.002375,-0.010625,0,0,2.5605
4053,-2,96,1,0,-8.1953,-5.8359,-10.0859,-4.1953,0.009125,-0.01125,0.011,0.001375,0,0,2.561
4054,-2,95,1,0,-8.2266,-5.8516,-10.1406,-4.2109,-0.004375,0.000375,0.015125,-0.00375,0,0,2.559125
4055,-2,94,1,0,-8.25,-5.9375,-10.1406,-4.2578,-0.003,-0.012,-0.014625,0.006625,0,0,2.56
4056,-2,96,1,1,-8.3594,-5.9219,-10.1562,-4.2422,-0.01325,-0.01075,0.004375,0.008375,0,0,2.560125
4057,-2,97,1,0,-8.3516,-5.9375,-10.0859,-4.1953,-0.0045,0.008,-0.017875,0.004,0,0,2.56075
4058,-2,96,1,0,-8.3984,-5.8984,-10.2109,-4.1953,-0.0055,0.00825,0.00875,-0.004375,0,0,2.5595
4059,-2,98,1,0,-8.3203,-6.0078,-10.2422,-4.2578,0.011,0.004125,0.018,0.00375,0,0,2.56
4060,-2,94,1,0,-8.3359,-5.9609,-10.2109,-4.3281,0.005625,-0.0075,0.00825,-0.008125,0,0,2.56025
4061,-2,96,1,0,-8.4609,-5.9609,-10.2031,-4.2656,0.0065,-0.009375,-0.016375,0.005375,0,1,2.56075
4062,-2,94,1,0,-8.3828,-6.0156,-10.2266,-4.2891,0.005375,0.001875,0.015,-0.005875,0,0,2.559625
4063,-2,95,1,0,-8.4609,-6.0391,-10.2266,-4.3828,-0.0125,-0.0075,-0.004875,-0.010125,0,0,2.559125
4064,-2,96,1,1,-8.4609,-6.0312,-10.2812,-4.3828,0.007,0.005375,-0.013875,-0.00325,0,0,2.560125
4065,-2,97,1,0,-8.5234,-6.0625,-10.2812,-4.3906,0.008,-0.007625,0.009375,-0.000875,0,0,2.559625
4066,-3,95,1,0,-8.5078,-6.1562,-10.3672,-4.4062,0.004375,-0.00075,-0.000125,0.009375,0,0,2.560125
4067,-3,96,1,0,-8.5,-6.1875,-10.3828,-4.3984,-0.0035,0.001125,-0.015375,0.006625,0,0,2.559875
4068,-3,98,1,0,-8.5391,-6.1406,-10.3359,-4.4062,0.010125,-0.003,0.017375,-0.009875,0,0,2.55925
4069,-3,94,1,0,-8.5859,-6.1328,-10.3281,-4.4531,-0.002375,0.007,-0.00975,-0.000625,0,0,2.559
4070,-3,97,1,0,-8.6172,-6.2188,-10.3828,-4.4609,-0.008125,-0.002375,-0.005625,-0.009875,0,0,2.559
4071,-3,97,1,0,-8.6094,-6.2578,-10.4375,-4.5469,0.002125,0.006875,0.01,-0.000875,0,0,2.56
4072,-3,94,1,1,-8.6406,-6.25,-10.3906,-4.5391,-0.0105,0.003125,0.0125,-0.006625,0,0,2.560875
4073,-3,98,1,0,-8.6797,-6.3203,-10.4922,-4.5,0.0065,0.003875,0.018,0.001875,0,0,2.559375
4074,-3,94,1,0,-8.6406,-6.2266,-10.4609,-4.6016,0.014625,0.01175,0.00975,-0.003625,0,0,2.56025
4075,-3,96,1,0,-8.7188,-6.2422,-10.4688,-4.5625,-0.008125,0.002625,-0.001875,-0.009,0,0,2.55975
4076,-3,95,1,0,-8.7812,-6.2656,-10.4766,-4.6406,0.0085,0.003625,-0.004625,-0.002625,0,0,2.5605
4077,-3,97,1,0,-8.7188,-6.2969,-10.5,-4.6016,0.0145,-0.014875,0.0125,-0.010875,0,0,2.56
4078,-3,98,1,0,-8.7891,-6.3984,-10.5,-4.6562,0.0095,0.004125,-0.015625,0.001375,1,0,2.56025
4079,-3,97,1,0,-8.75,-6.3672,-10.5625,-4.6719,-0.01425,-0.002625,0.0105,0.006875,0,0,2.559375
4080,-3,94,1,1,-8.7812,-6.4375,-10.6016,-4.6562,0.00075,0.008625,0.005625,-0.00725,0,0,2.56075
4081,-3,94,1,0,-8.7891,-6.4062,-10.6484,-4.7266,-0.013375,-0.007375,-0.006875,0.0015,0,0,2.560125
4082,-3,96,1,0,-8.7969,-6.3906,-10.6562,-4.7344,-0.01375,0.014125,0.014375,-0.000625,0,0,2.559625
4083,-3,96,1,0,-8.9141,-6.4062,-10.6797,-4.7656,-0.011375,-0.0145,-0.001625,-0.004125,0,0,2.559125
4084,-3,95,1,0,-8.9297,-6.4375,-10.7188,-4.7188,-0.008375,-0.011125,0.01675,0.000125,0,0,2.56075
4085,-3,98,1,0,-8.8438,-6.5547,-10.6484,-4.75,0.004,0.013375,0.005375,0.001875,0,0,2.55925
4086,-3,97,1,0,-8.9297,-6.5234,-10.7734,-4.8438,0.005125,-0.0095,0.006,-0.005375,0,0,2.560875
4087,-3,98,1,0,-8.9844,-6.5703,-10.7578,-4.7969,-0.0125,-0.000375,0.003375,-0.002375,0,0,2.559625
4088,-3,95,1,1,-8.9453,-6.6172,-10.6953,-4.8828,-0.007375,0.01275,0.017375,0.00225,0,0,2.560375
4089,-3,95,1,0,-8.9766,-6.6094,-10.8281,-4.9375,-0.005125,0.00025,0.0035,-0.00475,0,0,2.560125
4090,-3,95,1,0,-9.0156,-6.6328,-10.7891,-4.9453,0.012875,-0.002625,-0.01025,0.008875,0,0,2.56075
4091,-3,98,1,0,-9.0625,-6.625,-10.7578,-4.8984,0.00825,0.009125,-0.0125,0.000875,0,0,2.559375
4092,-3,94,1,0,-9.0078,-6.6641,-10.8359,-4.8984,0.0105,-0.001375,0.011625,0.00725,1,0,2.5605
4093,-3,98,1,0,-9.0078,-6.6172,-10.8047,-5.0078,0.008625,0.009625,0.018375,-0.005375,0,0,2.559375
4094,-3,95,1,0,-9.1328,-6.7031,-10.9219,-4.9844,-0.008625,0.002,0.003,0.00625,0,0,2.55925
4095,-3,94,1,0,-9.0625,-6.6875,-10.8359,-5.0469,-0.010625,-0.007375,0.007625,0.006625,0,1,2.56075
4096,-3,97,1,1,-9.0547,-6.6719,-10.9531,-5.0234,-0.006125,0.011125,0.0095,0.009875,0,0,2.561
4097,-3,98,1,0,-9.1641,-6.6953,-10.9766,-5.0,-0.00925,-0.0085,0.01725,-0.0095,0,0,2.5595
4098,-3,98,1,0,-9.1953,-6.7656,-10.9141,-5.0156,-0.001625,0.001125,0.002875,0.00975,0,0,2.56075
4099,-3,94,1,0,-9.2344,-6.8125,-10.9219,-5.1328,0.002,-0.00175,-0.007625,-0.001875,0,0,2.5595
4100,-3,97,1,0,-9.2188,-6.8203,-10.9922,-5.0547,0.008625,-0.012,0.017,-0.005625,0,0,2.560625
4101,-3,96,1,0,-9.2188,-6.8438,-11.0703,-5.1172,0.01225,-0.00625,0.014875,0.006875,0,0,2.559875
4102,-3,96,1,0,-9.2188,-6.8672,-10.9688,-5.1797,-0.002875,-0.012625,0.00575,0.0035,0,0,2.5595
4103,-3,98,1,0,-9.3125,-6.8672,-11.0703,-5.1719,0.007,-0.0095,-0.012125,0.007875,0,0,2.559125
4104,-3,94,1,1,-9.2656,-6.8281,-11.1094,-5.1875,-0.014125,0.005375,-0.003375,0.008,0,0,2.5595
4105,-3,96,1,0,-9.3203,-6.9375,-11.0625,-5.2422,0.000625,0.013375,0.017625,-0.00975,0,0,2.560625
4106,-3,94,1,0,-9.25,-6.8516,-11.0547,-5.1719,0.00075,-0.014375,0.0035,0.00325,0,0,2.559375
4107,-3,96,1,0,-9.2969,-6.9062,-11.1641,-5.1953,0.005125,-0.002625,-0.00475,-0.00375,0,0,2.561
4108,-3,98,1,0,-9.375,-6.9766,-11.1953,-5.2969,-0.008625,0.012375,0.005,-0.001625,0,0,2.561
4109,-3,95,1,0,-9.3594,-6.9531,-11.2031,-5.2344,0.000375,-0.0095,0.01475,0.003375,0,0,2.5595
4110,-3,97,1,0,-9.3438,-6.9453,-11.1953,-5.2891,0.0115,0.00325,-0.004625,-0.00725,0,0,2.560125
4111,-3,97,1,0,-9.4219,-7.0078,-11.2188,-5.2812,-0.00925,-0.007625,0.004,0.003,0,0,2.56075
4112,-3,95,1,1,-9.4453,-6.9609,-11.1719,-5.3438,-0.003,-0.001,-0.01525,-0.010875,0,0,2.561
4113,-3,95,1,0,-9.5,-7.0156,-11.2266,-5.3125,-0.006375,-0.006,-0.003875,0.01,0,0,2.559
4114,-3,98,1,0,-9.4062,-7.0625,-11.2422,-5.3516,0.01,0.01425,0.014375,0.00125,0,0,2.56
4115,-3,97,1,0,-9.4609,-7.0703,-11.2422,-5.4453,0.009375,0.009625,0.003875,0.000625,0,0,2.5595
4116,-4,95,1,0,-9.4609,-7.1016,-11.2891,-5.4609,0.000875,-0.011375,-0.013125,-0.00925,0,0,2.560875
4117,-4,96,1,0,-9.4922,-7.0703,-11.3594,-5.4844,0.009875,0.0125,0.012125,0.007,0,0,2.5605
4118,-4,98,1,0,-9.5469,-7.1406,-11.2812,-5.3906,0.00525,-0.008,0.004375,-0.000875,0,0,2.559875
4119,-4,97,1,0,-9.5,-7.125,-11.3359,-5.5,0.01375,0.01425,0.015875,-0.0015,0,0,2.559
4120,-4,97,1,1,-9.5703,-7.1719,-11.3359,-5.4297,-0.014625,0.00525,0.008,0.0035,0,0,2.560375
4121,-4,98,1,0,-9.5859,-7.1484,-11.3984,-5.4844,0.009,-0.014625,0.007625,0.0085,0,0,2.561
4122,-4,95,1,0,-9.6172,-7.2734,-11.375,-5.5547,0.010625,0.006,0.012125,0.003625,0,0,2.5595
4123,-4,96,1,0,-9.6328,-7.2656,-11.4062,-5.5391,-0.011,0.0045,0.00875,0.006125,0,0,2.560875
4124,-4,95,1,0,-9.6875,-7.2422,-11.4062,-5.5234,0.002375,-0.000875,-0.018125,-0.007125,0,0,2.560375
4125,-4,94,1,0,-9.6719,-7.2969,-11.4453,-5.5625,-0.002875,0.01475,-0.01675,0.0085,0,0,2.559
4126,-4,97,1,0,-9.6406,-7.2891,-11.4766,-5.5547,-0.003125,0.008625,-0.0015,0.003375,0,1,2.561
4127,-4,96,1,0,-9.6953,-7.2656,-11.4531,-5.6328,0.002125,0.011875,0.01475,0.000625,0,0,2.559
4128,-4,94,1,1,-9.7344,-7.3281,-11.5938,-5.6172,0.01175,0.0135,0.01475,0.004125,0,0,2.56
4129,-4,97,1,0,-9.7734,-7.3594,-11.5391,-5.6328,-0.00025,-0.00025,0.003375,-0.00175,0,0,2.560125
4130,-4,96,1,0,-9.8125,-7.3516,-11.5391,-5.6406,-0.003125,0.0085,0.00525,0.0065,0,0,2.561
4131,-4,98,1,0,-9.7969,-7.3906,-11.625,-5.7109,-0.002125,0.0,-0.017,-0.00125,0,0,2.559625
4132,-4,94,1,0,-9.7969,-7.4141,-11.6484,-5.6641,-0.01325,0.0055,0.0065,-0.00225,0,0,2.560125
4133,-4,98,1,0,-9.7734,-7.4141,-11.5625,-5.7266,-0.00275,0.00725,-0.003375,-0.0095,1,0,2.5605
4134,-4,96,1,0,-9.8359,-7.4219,-11.5938,-5.7422,-0.00675,0.001625,0.00325,-0.006,0,0,2.560125
4135,-4,96,1,0,-9.9141,-7.4297,-11.6016,-5.7109,0.000625,0.0145,0.009875,0.000625,0,0,2.560625
4136,-4,98,1,1,-9.9453,-7.4531,-11.6562,-5.7734,0.00025,-0.012625,0.01475,-0.001875,0,0,2.561
4137,-4,95,1,0,-9.875,-7.5391,-11.6719,-5.7422,-0.0125,0.0145,-0.012125,-0.00325,0,0,2.560875
4138,-4,96,1,0,-9.9375,-7.5312,-11.75,-5.8438,0.00075,-0.0105,-0.0055,-0.00075,0,0,2.559625
4139,-4,96,1,0,-9.9766,-7.5781,-11.7109,-5.7812,0.010125,-0.01275,-0.001125,0.01075,0,0,2.559625
4140,-4,98,1,0,-9.9297,-7.5078,-11.75,-5.8281,0.00925,-0.004375,0.01,-0.0085,0,0,2.561
4141,-4,95,1,0,-10.0156,-7.6406,-11.7344,-5.9062,0.01,-0.0085,-0.004,0.01125,0,0,2.560875
4142,-4,94,1,0,-9.9453,-7.5938,-11.8125,-5.9219,0.00675,0.004125,-0.010125,0.0085,0,0,2.560875
4143,-4,96,1,0,-10.0625,-7.5781,-11.7734,-5.9219,-0.00275,-0.010625,-0.01225,-0.001625,0,0,2.55925
4144,-4,96,1,1,-10.0938,-7.5938,-11.875,-5.9219,0.008125,-0.00975,-0.002625,0.0065,0,0,2.560875
4145,-4,95,1,0,-10.0312,-7.6797,-11.7891,-6.0,-0.013875,0.006125,-0.012125,-0.009625,0,0,2.559
4146,-4,94,1,0,-10.0391,-7.6328,-11.8984,-6.0,0.014125,0.010625,-0.011,0.007375,0,0,2.559875
4147,-4,97,1,0,-10.1328,-7.75,-11.9219,-5.9297,-0.012125,0.014375,0.002375,-0.009125,0,0,2.561
4148,-4,94,1,0,-10.1094,-7.6641,-11.9375,-6.0312,-0.0145,0.003375,0.0005,0.011125,0,0,2.559625
4149,-4,98,1,0,-10.0703,-7.6953,-11.8828,-6.0859,0.000625,-0.00625,-0.008625,0.007,0,0,2.560375
4150,-4,95,1,0,-10.125,-7.7891,-11.8984,-6.0625,-0.00125,-0.000375,0.013875,-0.010125,0,0,2.560375
4151,-4,98,1,0,-10.2109,-7.7266,-11.9922,-6.1016,-0.00875,0.006875,0.00625,-0.006625,0,0,2.5595
4152,-4,94,1,1,-10.2109,-7.7734,-11.9922,-6.0391,-0.009125,-0.0025,-0.0115,0.01125,0,0,2.559625
4153,-4,96,1,0,-10.2578,-7.7734,-12.0,-6.1094,0.0145,0.012,-0.018,-0.010375,0,0,2.55925
4154,-4,97,1,0,-10.1797,-7.8594,-12.0,-6.1016,0.010375,-0.00375,-0.002625,0.00775,0,0,2.560875
4155,-4,94,1,0,-10.2578,-7.7891,-12.0312,-6.1094,-0.00025,-0.012,0.00475,0.005,0,0,2.5605
4156,-4,97,1,0,-10.2656,-7.8438,-12.0547,-6.1641,-0.013125,-0.0105,0.005875,-0.00625,1,0,2.56075
4157,-4,98,1,0,-10.2656,-7.9062,-12.0781,-6.2344,0.01275,0.012625,-0.015125,-0.00525,0,0,2.56
4158,-4,95,1,0,-10.3203,-7.8438,-12.125,-6.2109,-0.00875,0.012375,-0.0175,-0.004875,0,0,2.560625
4159,-4,95,1,0,-10.2734,-7.8906,-12.0859,-6.2734,-0.0125,0.0025,0.012375,0.00125,0,0,2.560625
4160,-4,97,1,1,-10.3672,-7.9375,-12.1094,-6.2344,-0.00725,-0.011,0.010125,-0.0095,0,0,2.5595
4161,-4,94,1,0,-10.3203,-8.0078,-12.1719,-6.2891,0.00225,-0.00475,0.01325,-0.008,0,1,2.5605
4162,-4,97,1,0,-10.3047,-7.9609,-12.2109,-6.2266,-0.01125,0.01175,0.009875,0.005625,0,0,2.559125
4163,-4,95,1,0,-10.3828,-7.9844,-12.2266,-6.3125,0.00675,0.000625,-0.009375,0.011,0,0,2.560125
4164,-4,97,1,0,-10.4453,-7.9531,-12.1641,-6.3672,-0.00775,0.003125,0.00975,0.00675,0,0,2.560125
4165,-4,96,1,0,-10.4297,-8.0703,-12.1719,-6.3125,-0.0115,-0.003625,-0.01775,-0.010875,0,0,2.56
4166,-4,97,1,0,-10.3906,-7.9844,-12.2422,-6.3438,-0.00925,-0.0035,0.001625,-0.000625,0,0,2.5605
4167,-4,97,1,0,-10.5234,-8.1016,-12.2109,-6.3672,0.013125,-0.012375,-0.00075,-0.00875,0,0,2.55975
4168,-4,98,1,1,-10.5156,-8.0469,-12.3359,-6.3281,-0.0135,0.009,-0.00825,-0.011125,0,0,2.559125
4169,-4,98,1,0,-10.4766,-8.0938,-12.2656,-6.3828,0.00375,-0.0055,0.0075,0.0055,0,0,2.5595
4170,-5,97,1,0,-10.5469,-8.0938,-12.2812,-6.3672,-0.01025,0.01325,-0.01875,-0.003,0,0,2.559875
4171,-5,96,1,0,-10.4844,-8.1406,-12.2969,-6.4609,0.005,-0.003625,-0.01575,-0.003875,0,0,2.56025
4172,-5,97,1,0,-10.5547,-8.0938,-12.3203,-6.4297,0.013375,-0.00475,-0.0015,0.0085,0,0,2.55925
4173,-5,95,1,0,-10.5859,-8.1797,-12.3203,-6.4297,-0.005375,0.00825,-0.0045,-0.008375,0,0,2.55975
4174,-5,96,1,0,-10.5312,-8.1953,-12.3984,-6.4453,-0.008,0.009375,-0.016125,0.00975,0,0,2.5605
4175,-5,94,1,0,-10.6562,-8.1875,-12.4062,-6.5391,0.0115,0.009875,0.00625,-0.008125,0,0,2.559625
4176,-5,95,1,1,-10.6875,-8.2109,-12.4375,-6.4766,0.0065,-0.010625,0.002125,-0.0105,0,0,2.55925
4177,-5,98,1,0,-10.6562,-8.2188,-12.4453,-6.5234,0.010125,-0.013375,-0.015125,-0.010125,0,0,2.56
4178,-5,95,1,0,-10.7109,-8.25,-12.4922,-6.5234,-0.012375,0.014875,-0.003,-0.003,0,0,2.559625
4179,-5,95,1,0,-10.7266,-8.3281,-12.5078,-6.625,0.010625,0.007625,0.017625,-0.01125,0,0,2.560875
4180,-5,94,1,0,-10.7344,-8.2891,-12.5469,-6.5391,-0.014375,-0.01125,0.000875,0.0095,0,0,2.559
4181,-5,96,1,0,-10.7734,-8.3672,-12.5781,-6.6719,0.0025,-0.01375,0.001625,-0.00175,0,0,2.559
4182,-5,94,1,0,-10.7344,-8.375,-12.4922,-6.625,0.001875,-0.006875,0.012875,-0.0105,0,0,2.55975
4183,-5,97,1,0,-10.7891,-8.3047,-12.4922,-6.6328,0.001625,-0.012,-0.0045,-0.007875,0,0,2.559625
4184,-5,94,1,1,-10.7422,-8.3984,-12.5703,-6.6562,0.003,-0.004875,0.003125,0.002,0,0,2.559375
4185,-5,97,1,0,-10.7344,-8.3906,-12.6094,-6.625,0.011125,-0.0015,-0.014,0.001375,0,0,2.559
4186,-5,94,1,0,-10.7656,-8.4375,-12.5547,-6.6875,0.0045,0.011625,0.011,-0.00125,0,0,2.560375
4187,-5,97,1,0,-10.7969,-8.4844,-12.6172,-6.7109,0.008125,-0.002,-0.015,0.006,0,0,2.5605
4188,-5,96,1,0,-10.8828,-8.4297,-12.6406,-6.7891,0.006125,-0.003375,0.016125,-0.005875,0,0,2.56075
4189,-5,94,1,0,-10.8828,-8.5,-12.6875,-6.7969,0.008625,0.011125,0.00275,0.008,0,0,2.55925
4190,-5,97,1,0,-10.8281,-8.4609,-12.6953,-6.8047,0.0025,-0.00325,0.01875,-0.0065,0,0,2.55975
4191,-5,97,1,0,-10.875,-8.4531,-12.6875,-6.8359,-0.004125,-0.010375,0.01475,-0.0075,0,0,2.5605
4192,-5,98,1,1,-10.9531,-8.4922,-12.7109,-6.8359,0.00925,-0.013,0.009625,0.006875,0,0,2.560375
4193,-5,94,1,0,-10.9688,-8.5078,-12.7578,-6.8516,-0.01025,0.01275,0.001,-0.008625,0,1,2.559375
4194,-5,95,1,0,-10.9297,-8.5859,-12.7109,-6.8984,-0.0015,-0.000625,0.009875,-0.011125,0,0,2.559125
4195,-5,94,1,0,-10.9297,-8.5938,-12.75,-6.8672,-0.01175,-0.003875,-0.014,0.00325,0,0,2.560375
4196,-5,97,1,0,-10.9844,-8.6016,-12.8438,-6.9453,-0.004375,-0.0015,-0.015375,-0.00925,0,0,2.559375
4197,-5,95,1,0,-11.0156,-8.5547,-12.8203,-6.9141,0.005,-0.015,-0.00925,0.0065,0,0,2.56
4198,-5,94,1,0,-11.0469,-8.6172,-12.7891,-6.9297,0.0015,-0.014625,0.01075,0.010875,0,0,2.559375
4199,-5,97,1,0,-10.9844,-8.6875,-12.8594,-6.9453,0.007125,0.014125,0.00975,-0.011125,1,0,2.560625
4200,-5,96,1,1,-11.0547,-8.6875,-12.8281,-6.9141,-0.009625,-0.00725,-0.009625,0.001875,0,0,2.56025
4201,-5,96,1,0,-11.1016,-8.6953,-12.8828,-6.9219,0.007625,0.001,0.01425,-0.010375,0,0,2.55925
4202,-5,94,1,0,-11.1094,-8.7031,-12.9297,-6.9531,0.0125,-0.01025,-0.00375,-0.00225,0,0,2.559875
4203,-5,97,1,0,-11.1484,-8.7266,-12.8672,-7.0078,-0.011375,0.000375,-0.015125,0.0075,0,0,2.56075
4204,-5,97,1,0,-11.0703,-8.75,-12.9844,-7.0156,-0.00475,0.0065,0.006375,-0.01,0,0,2.56
4205,-5,97,1,0,-11.1641,-8.7109,-12.9609,-6.9922,-0.008625,-0.01075,0.00325,0.0005,0,0,2.559875
4206,-5,95,1,0,-11.2031,-8.7891,-12.9609,-7.0781,-0.01475,-0.003625,0.0125,-0.001125,0,0,2.55975
4207,-5,96,1,0,-11.2266,-8.7812,-13.0312,-7.0859,0.000125,0.00275,0.014375,0.000375,0,0,2.561
4208,-5,95,1,1,-11.2344,-8.8047,-13.0,-7.0781,0.00825,0.0125,-0.001875,-0.004625,0,0,2.560875
4209,-5,95,1,0,-11.1719,-8.8672,-13.0312,-7.0547,0.001125,-0.00775,-0.0085,0.003375,0,0,2.55975
4210,-5,97,1,0,-11.2188,-8.8438,-12.9922,-7.1094,0.00025,0.005375,-0.00775,0.007,1,0,2.561
4211,-5,94,1,0,-11.2891,-8.8906,-13.0234,-7.1406,-0.00175,0.006,-0.000875,0.006,0,0,2.559
4212,-5,96,1,0,-11.3281,-8.9297,-13.0859,-7.1875,0.004125,0.009625,-0.0075,0.002875,0,0,2.559
4213,-5,98,1,0,-11.3438,-8.875,-13.0859,-7.1875,0.010125,0.0095,-0.01425,0.0055,0,0,2.55975
4214,-5,95,1,0,-11.2734,-8.9062,-13.1406,-7.2656,0.011875,-0.013875,-0.00975,0.009375,0,0,2.56025
4215,-5,98,1,0,-11.3672,-8.9609,-13.1797,-7.2734,0.004125,0.005375,0.003875,0.0025,0,1,2.560375
4216,-5,97,1,1,-11.3281,-8.9844,-13.1484,-7.1797,-0.012625,0.014375,0.003,-0.0075,0,0,2.559
4217,-5,96,1,0,-11.3828,-8.9688,-13.1484,-7.2969,0.00225,-0.00225,0.012625,-0.007125,0,0,2.559625
4218,-5,98,1,0,-11.3359,-8.9609,-13.1641,-7.2344,-0.000375,0.0045,-0.017125,-0.005625,0,0,2.5605
4219,-5,98,1,0,-11.3984,-9.0312,-13.1406,-7.3516,0.012125,-0.00175,0.014375,0.008125,0,0,2.56025
4220,-5,95,1,0,-11.4609,-8.9453,-13.1641,-7.3672,-0.008,-0.004875,-0.00125,-0.008,0,0,2.560625
4221,-5,96,1,0,-11.375,-9.0078,-13.2656,-7.3438,0.001125,0.013625,0.01575,-0.00625,0,0,2.559375
4222,-5,94,1,0,-11.4531,-8.9922,-13.2188,-7.375,0.0025,0.011125,-0.015875,0.00775,0,0,2.560125
4223,-5,97,1,0,-11.4922,-9.0781,-13.2109,-7.3594,0.00325,-0.014875,0.018375,-0.009625,0,0,2.560125
4224,-5,98,1,1,-11.5,-9.1094,-13.2578,-7.3281,-0.001875,-0.01475,0.015375,0.010125,0,0,2.559375
4225,-5,94,1,0,-11.4609,-9.0312,-13.2734,-7.4531,0.00975,-0.00075,0.0115,-0.001875,0,0,2.559375
4226,-6,95,1,0,-11.4531,-9.1719,-13.2812,-7.3828,-0.00575,-0.004,-0.005875,0.00525,0,0,2.560125
4227,-6,95,1,0,-11.5781,-9.125,-13.3203,-7.3672,-0.01075,-0.00075,-0.002375,-0.0095,0,0,2.561
4228,-6,98,1,0,-11.4844,-9.1094,-13.3438,-7.4219,0.00675,0.004125,-0.002375,-0.006875,0,0,2.559
4229,-6,98,1,0,-11.6016,-9.2109,-13.4062,-7.4219,0.00775,0.011375,-0.0055,0.0025,0,0,2.560875
4230,-6,95,1,0,-11.5469,-9.2188,-13.3516,-7.4297,0.0145,0.0125,0.0065,0.004125,0,0,2.55975
4231,-6,98,1,0,-11.5547,-9.2578,-13.4297,-7.4609,-0.0085,-0.012125,0.003375,-0.0035,0,0,2.56075
4232,-6,95,1,1,-11.5547,-9.1875,-13.4219,-7.4531,-0.011875,-0.008125,-0.000125,0.00075,0,0,2.5605
4233,-6,97,1,0,-11.6094,-9.2344,-13.4531,-7.5938,0.0095,-0.005375,-0.0055,-0.00225,0,0,2.559
4234,-6,98,1,0,-11.6875,-9.2891,-13.4062,-7.6016,-0.01275,0.005625,0.002,0.006875,0,0,2.55975
4235,-6,95,1,0,-11.6328,-9.2266,-13.4062,-7.5781,-0.001875,-0.006375,-0.007875,-0.00125,1,0,2.56075
4236,-6,97,1,0,-11.7344,-9.2734,-13.4609,-7.625,0.0145,0.001875,-0.0015,-0.003,0,0,2.55925
4237,-6,98,1,0,-11.6562,-9.3516,-13.5391,-7.5781,-0.008875,0.012875,-0.011,0.00125,0,0,2.5595
4238,-6,95,1,0,-11.7578,-9.375,-13.5,-7.5547,-0.00475,0.00675,0.003625,-0.00575,0,0,2.56
4239,-6,97,1,0,-11.7266,-9.2969,-13.5312,-7.6719,-0.006625,0.00125,-0.005875,0.00075,0,0,2.559
4240,-6,96,1,1,-11.7344,-9.4141,-13.5625,-7.7109,0.006875,0.0125,-0.016375,0.00575,0,0,2.56
4241,-6,94,1,0,-11.7266,-9.4062,-13.6094,-7.6875,0.0135,-0.01325,0.012125,-0.006125,0,0,2.560375
4242,-6,95,1,0,-11.8438,-9.3672,-13.5781,-7.6719,-0.0015,-0.01,-0.007625,0.0055,0,0,2.559625
4243,-6,95,1,0,-11.8125,-9.375,-13.6094,-7.6797,-0.01475,0.006875,0.010375,-0.010125,0,0,2.560625
4244,-6,94,1,0,-11.8672,-9.4219,-13.5703,-7.7422,-0.0055,-0.012375,0.01275,0.006625,0,0,2.5605
4245,-6,95,1,0,-11.8984,-9.4297,-13.625,-7.6797,-0.006375,-0.007875,-0.001125,-0.0075,0,0,2.559
4246,-6,98,1,0,-11.8438,-9.4766,-13.6328,-7.7422,0.004875,0.006875,0.013375,-0.010375,0,0,2.5605
4247,-6,95,1,0,-11.8672,-9.4062,-13.6484,-7.7891,0.006375,-0.00725,-0.017125,0.001375,0,0,2.55975
4248,-6,95,1,1,-11.9375,-9.5234,-13.7266,-7.7969,0.007875,-0.003625,0.01225,-0.00125,0,0,2.560625
4249,-6,97,1,0,-11.9297,-9.5234,-13.6953,-7.7969,0.006,0.003625,0.006125,0.003875,0,0,2.559625
4250,-6,96,1,0,-11.8594,-9.5703,-13.75,-7.8203,-0.01075,-0.0125,0.012,0.006625,0,0,2.561
4251,-6,95,1,0,-11.9453,-9.4766,-13.7734,-7.7734,-0.01075,0.01375,-0.001,0.008375,0,0,2.559125
4252,-6,96,1,0,-11.9766,-9.4922,-13.7812,-7.8516,-0.014375,-0.006125,-0.005125,-0.007875,0,0,2.55925
4253,-6,97,1,0,-11.9609,-9.6094,-13.7266,-7.8594,-0.0005,-0.003125,0.0145,-0.005,0,0,2.559
4254,-6,95,1,0,-11.9844,-9.5469,-13.7734,-7.8906,-0.010125,-0.00325,-0.002,0.00825,0,0,2.560875
4255,-6,98,1,0,-12.0078,-9.6562,-13.8125,-7.9141,-0.000375,-0.003125,0.016125,-0.00375,0,0,2.559
4256,-6,98,1,1,-12.0,-9.6484,-13.8281,-7.9219,0.002625,0.008625,0.00025,-0.003,0,0,2.5595
4257,-6,98,1,0,-11.9766,-9.5781,-13.7969,-7.9688,0.006,0.01225,0.01725,-0.004125,0,0,2.56
4258,-6,94,1,0,-12.0156,-9.6328,-13.8047,-7.9844,-0.01175,-0.00725,0.0045,-0.00175,0,0,2.559875
4259,-6,95,1,0,-12.0469,-9.6875,-13.8125,-7.9375,-0.000625,-0.0135,-0.00325,0.0025,0,1,2.559125
4260,-6,95,1,0,-12.1094,-9.6562,-13.9297,-8.0234,0.0125,0.008875,-0.005,-0.010125,0,0,2.559
4261,-6,98,1,0,-12.1406,-9.7422,-13.8438,-7.9609,0.008375,0.00675,0.0145,-0.006625,0,0,2.5595
4262,-6,95,1,0,-12.1406,-9.7031,-13.9688,-7.9688,0.00825,0.00375,-0.005,-0.010625,0,0,2.560125
4263,-6,94,1,0,-12.0938,-9.75,-13.9766,-8.0156,0.00725,0.00725,0.016375,0.004625,0,0,2.56075
4264,-6,98,1,1,-12.2031,-9.7812,-13.9297,-8.0703,-0.00925,-0.01275,0.017625,-0.008,1,0,2.56075
4265,-6,95,1,0,-12.1406,-9.7812,-14.0312,-8.0234,-0.00325,0.011,-0.0135,-0.011,0,0,2.56025
4266,-6,97,1,0,-12.1875,-9.7734,-13.9531,-8.1172,0.0095,-0.013625,-0.0185,0.005875,0,0,2.560125
4267,-6,97,1,0,-12.2109,-9.8594,-14.0547,-8.0469,0.000375,0.005625,0.013125,0.003875,0,0,2.55975
4268,-6,96,1,0,-12.2812,-9.7969,-13.9922,-8.1406,0.006625,-0.006,0.00275,0.00875,0,0,2.5605
4269,-6,98,1,0,-12.2266,-9.8828,-13.9766,-8.1328,0.005375,0.011125,0.007,-0.00575,0,0,2.5605
4270,-6,98,1,0,-12.2422,-9.8828,-14.0156,-8.125,-0.004125,-0.002375,0.013,-0.0015,0,0,2.559375
4271,-6,95,1,0,-12.2969,-9.8281,-14.0312,-8.1172,0.00975,0.01425,-0.01225,0.01075,0,0,2.559625
4272,-6,98,1,1,-12.3047,-9.8984,-14.1016,-8.1641,-0.014,-0.003875,-0.015375,0.008625,0,0,2.55925
4273,-6,95,1,0,-12.3438,-9.8984,-14.1406,-8.1953,-0.009875,0.005625,-0.014125,0.001625,0,0,2.559
4274,-6,96,1,0,-12.3672,-9.9688,-14.0781,-8.2812,0.002375,-0.0125,-0.006375,-0.006,0,0,2.559
4275,-6,95,1,0,-12.2969,-9.9141,-14.1328,-8.2109,0.0,0.00475,0.001,-0.00375,0,0,2.560125
4276,-6,98,1,0,-12.3594,-9.9531,-14.1172,-8.2812,0.000625,-0.009875,0.00725,0.008375,0,0,2.56
4277,-6,95,1,0,-12.3594,-9.9688,-14.2266,-8.2578,-0.0065,-0.01175,0.016875,-0.0035,0,0,2.559
4278,-6,96,1,0,-12.3906,-9.9609,-14.2344,-8.2422,0.015,-0.01475,-0.014375,0.0085,0,0,2.560125
4279,-6,94,1,0,-12.4062,-10.0312,-14.25,-8.2969,0.0055,0.011,-0.00975,-0.001625,0,0,2.55975
4280,-6,94,1,1,-12.375,-10.0781,-14.1641,-8.2734,0.002,-0.01375,0.007875,0.001375,0,1,2.559375
4281,-6,97,1,0,-12.4688,-9.9922,-14.2344,-8.3828,0.01125,-0.000375,-0.00725,0.009875,0,0,2.560625
4282,-6,97,1,0,-12.4766,-10.0547,-14.2109,-8.375,-0.010375,0.00675,-0.016875,-0.00025,0,0,2.560625
4283,-6,97,1,0,-12.5078,-10.0547,-14.3203,-8.3516,0.00775,0.0115,-0.016875,-0.0005,0,0,2.55925
4284,-6,97,1,0,-12.5,-10.1328,-14.3281,-8.3906,0.00325,0.000625,0.007125,0.00225,0,0,2.5605
4285,-6,96,1,0,-12.5156,-10.1484,-14.3125,-8.3359,-0.00675,0.011625,-0.00725,0.00775,0,0,2.55925
4286,-7,95,1,0,-12.4531,-10.0859,-14.2734,-8.4062,0.013375,-0.00875,0.01675,-0.000625,0,0,2.559375
4287,-7,97,1,0,-12.5781,-10.1172,-14.2812,-8.3984,-0.003125,-0.000375,0.01575,0.008875,0,0,2.560875
4288,-7,96,1,1,-12.6016,-10.0859,-14.2969,-8.4219,-0.0055,-0.002625,0.003625,0.006875,0,0,2.561
4289,-7,94,1,0,-12.5,-10.1406,-14.3594,-8.4219,0.013875,-0.012,0.01325,0.006875,0,0,2.560125
4290,-7,94,1,0,-12.5156,-10.1953,-14.3281,-8.5156,-0.015,-0.002875,-0.005125,0.0085,0,0,2.560125
4291,-7,96,1,0,-12.6094,-10.2344,-14.375,-8.5547,-0.006875,0.014,-0.015,0.005375,1,0,2.560125
4292,-7,96,1,0,-12.6719,-10.1953,-14.4453,-8.5156,0.0065,-0.01025,0.001375,-0.009625,0,0,2.55975
4293,-7,96,1,0,-12.6641,-10.1719,-14.3672,-8.5781,-0.008125,0.00775,0.003375,0.0025,0,0,2.559
4294,-7,96,1,0,-12.6797,-10.1875,-14.4609,-8.5625,-0.001875,-0.01075,0.007125,0.005375,0,0,2.561
4295,-7,94,1,0,-12.6641,-10.2188,-14.3984,-8.5234,0.005375,-0.00875,0.013,0.002625,0,0,2.5605
4296,-7,96,1,1,-12.7188,-10.2891,-14.4688,-8.6094,-0.012375,-0.01425,-0.0055,0.002625,0,0,2.55975
4297,-7,96,1,0,-12.625,-10.25,-14.5469,-8.6094,0.00175,-0.012625,0.016375,0.008375,0,0,2.560875
4298,-7,96,1,0,-12.6406,-10.2969,-14.4766,-8.6562,-0.0105,-0.008125,0.002875,0.0005,0,0,2.559875
4299,-7,98,1,0,-12.6797,-10.3516,-14.5469,-8.6484,0.014375,-0.013125,-0.00175,0.009625,0,0,2.559625
4300,-7,95,1,0,-12.7188,-10.375,-14.5469,-8.6641,-0.00325,0.001625,0.01675,-0.009625,0,0,2.560125
4301,-7,98,1,0,-12.7891,-10.2891,-14.6016,-8.7109,0.001625,-0.007375,0.016375,0.00575,0,0,2.560125
4302,-7,94,1,0,-12.7266,-10.4141,-14.5391,-8.6484,0.00375,0.007125,-0.004125,0.001,0,0,2.561
4303,-7,97,1,0,-12.7969,-10.3438,-14.6328,-8.7031,0.008125,-0.008375,-0.006375,0.0035,0,0,2.559875
4304,-7,94,1,1,-12.7578,-10.4062,-14.6094,-8.6875,-0.013125,-0.0105,-0.009875,0.006375,0,0,2.56025
4305,-7,96,1,0,-12.8125,-10.4609,-14.6719,-8.6641,0.002125,-0.007375,-0.012125,-0.008125,0,0,2.56025
4306,-7,94,1,0,-12.7734,-10.4219,-14.5703,-8.6719,-0.004375,0.012375,-0.007,-0.00175,0,0,2.559375
4307,-7,94,1,0,-12.8984,-10.4922,-14.6953,-8.7578,0.000125,-0.005125,0.01675,-0.00325,0,0,2.56
4308,-7,94,1,0,-12.8438,-10.4297,-14.6328,-8.8203,-0.004125,-0.002625,0.00025,0.007625,0,0,2.55925
4309,-7,98,1,0,-12.9375,-10.4453,-14.6562,-8.7656,-0.001625,0.0075,0.003875,0.009125,0,0,2.5605
4310,-7,97,1,0,-12.8594,-10.5391,-14.6641,-8.7812,0.01175,0.0045,-0.0115,-0.0015,0,0,2.56025
4311,-7,94,1,0,-12.9688,-10.4453,-14.7422,-8.7656,0.002625,-0.006125,0.017125,0.00675,0,0,2.5605
4312,-7,95,1,1,-12.8906,-10.4609,-14.7812,-8.875,0.009625,0.001125,0.012,-0.003625,0,0,2.559375
4313,-7,96,1,0,-12.9219,-10.5703,-14.7266,-8.8594,0.014125,-0.007375,-0.0045,-0.0105,0,1,2.55975
4314,-7,97,1,0,-12.9766,-10.6016,-14.7656,-8.8438,-0.009125,-0.012125,0.0065,0.01,0,0,2.559125
4315,-7,96,1,0,-12.9297,-10.6328,-14.7109,-8.8281,0.008125,0.011375,0.00575,0.00925,0,0,2.56
4316,-7,94,1,0,-13.0234,-10.5469,-14.7422,-8.9062,-0.015,-0.0065,-0.006,0.008875,0,0,2.560375
4317,-7,95,1,0,-12.9531,-10.6641,-14.8125,-8.9453,-0.000375,0.006125,-0.0035,0.001375,0,0,2.56075
4318,-7,98,1,0,-13.0078,-10.6641,-14.8281,-8.8672,-0.003875,-0.011,0.017125,0.006625,0,0,2.56075
4319,-7,96,1,0,-13.0547,-10.6953,-14.8203,-8.8906,-0.0025,0.012875,-0.000875,-0.0095,0,0,2.560875
4320,-7,98,1,1,-13.0703,-10.625,-14.8984,-8.9609,0.005875,-0.0025,-0.009125,-0.00625,0,0,2.560125
4321,-7,95,1,0,-13.0234,-10.625,-14.8125,-9.0234,0.009625,-0.005375,-0.005125,-0.006125,0,0,2.56
4322,-7,94,1,0,-13.0312,-10.6562,-14.9297,-8.9688,0.013625,-0.0025,-0.011125,0.006,0,0,2.559125
4323,-7,97,1,0,-13.0938,-10.7344,-14.8516,-9.0,-0.00925,-0.0135,0.002,0.003875,0,0,2.560375
4324,-7,97,1,0,-13.1406,-10.6484,-14.9609,-9.0469,0.003125,-0.007125,-0.015375,0.008375,0,0,2.56075
4325,-7,96,1,0,-13.0859,-10.7344,-14.8828,-9.0625,-0.007375,0.014875,0.01075,-0.002375,0,0,2.559625
4326,-7,96,1,0,-13.1328,-10.7031,-14.8984,-9.0234,-0.0055,0.00975,0.014,-0.005625,0,0,2.560375
4327,-7,95,1,0,-13.1719,-10.7266,-15.0078,-9.0234,-0.012375,-0.013875,-0.0005,0.005625,0,0,2.5595
4328,-7,95,1,1,-13.2266,-10.7266,-14.9922,-9.0625,0.001875,0.01325,0.001375,0.00325,0,0,2.56
4329,-7,96,1,0,-13.1953,-10.8438,-14.9219,-9.1484,-0.005,-0.00475,-0.0165,0.0075,0,0,2.55925
4330,-7,95,1,0,-13.1797,-10.7969,-14.9375,-9.0703,0.006875,-0.00775,0.015125,-0.001,0,1,2.559375
4331,-7,97,1,0,-13.2031,-10.7969,-15.0156,-9.125,-0.014625,-0.01,-0.00275,-0.00475,0,0,2.559625
4332,-7,98,1,0,-13.2188,-10.8203,-15.0391,-9.1484,-0.00975,-0.013875,0.017625,-0.011,0,0,2.559625
4333,-7,95,1,0,-13.25,-10.7891,-15.0625,-9.1797,0.003625,0.00175,0.012375,0.006375,0,0,2.56
4334,-7,97,1,0,-13.2188,-10.9219,-15.0312,-9.1406,0.008,-0.005875,0.009875,0.002,0,0,2.560875
4335,-7,94,1,0,-13.25,-10.8984,-15.125,-9.1562,-0.0015,0.012375,0.018125,0.0015,0,0,2.55925
4336,-7,97,1,1,-13.2422,-10.9141,-15.0547,-9.2109,-0.002,-0.00525,0.003,-0.005875,0,0,2.56
4337,-7,94,1,0,-13.2891,-10.8828,-15.0703,-9.1797,0.014625,0.012375,-0.011125,0.0,0,0,2.56
4338,-7,95,1,0,-13.2734,-10.875,-15.0703,-9.2344,-0.006625,-0.0095,0.01375,0.000875,0,0,2.560125
4339,-7,98,1,0,-13.3672,-10.9062,-15.1953,-9.1953,0.000125,-0.001875,-0.017125,0.00975,0,0,2.55975
4340,-7,95,1,0,-13.3438,-10.9844,-15.1797,-9.2344,0.00575,-0.00375,-0.01525,-0.001125,1,0,2.56
4341,-7,94,1,0,-13.3984,-10.9453,-15.1953,-9.2344,-0.007375,0.01,0.00625,-0.002125,0,0,2.560625
4342,-7,96,1,0,-13.3516,-11.0312,-15.2188,-9.2188,0.00025,0.007,0.017375,-0.00125,0,0,2.5595
4343,-7,94,1,0,-13.3672,-10.9453,-15.25,-9.2734,0.013,-0.0125,0.011375,0.0,0,0,2.560875
4344,-7,95,1,1,-13.3828,-11.0234,-15.2422,-9.2891,-0.009125,0.00275,-0.014125,-0.00725,0,0,2.55925
4345,-7,96,1,0,-13.3828,-11.0469,-15.2188,-9.3281,0.01475,-0.01225,-0.005625,-0.009125,0,0,2.560375
4346,-7,94,1,0,-13.4688,-11.0,-15.2578,-9.3906,-0.014125,-0.001125,0.012375,-0.00475,0,0,2.56
4347,-7,97,1,0,-13.4141,-11.0781,-15.2734,-9.4062,0.005875,-0.0045,-0.00825,0.008125,0,0,2.55975
4348,-7,94,1,0,-13.4141,-11.1328,-15.2578,-9.3906,-0.012375,0.014375,-0.001,0.00175,0,0,2.5605
4349,-7,97,1,0,-13.5078,-11.0234,-15.2656,-9.4219,0.000625,-0.007125,0.008875,0.000125,0,0,2.559625
4350,-8,98,1,0,-13.4609,-11.1016,-15.3594,-9.4297,0.004125,0.002375,-0.004125,-0.005125,0,0,2.56075
4351,-8,95,1,0,-13.5156,-11.1719,-15.2734,-9.4453,-0.0085,0.008,0.018,-0.00925,0,0,2.56
4352,-8,94,1,1,-13.5859,-11.1719,-15.3203,-9.4688,-0.0015,-0.01025,0.00525,0.00975,0,0,2.5595
4353,-8,94,1,0,-13.5938,-11.0938,-15.3906,-9.3828,-0.008,0.0015,-0.009625,0.003875,0,0,2.561
4354,-8,98,1,0,-13.5781,-11.1016,-15.2969,-9.4766,0.004875,0.010625,0.003,0.005625,0,0,2.56075
4355,-8,94,1,0,-13.5312,-11.125,-15.3203,-9.4766,-0.002625,-0.0045,-0.010375,-0.002375,0,0,2.559625
4356,-8,97,1,0,-13.5781,-11.1484,-15.375,-9.5156,-0.00025,0.002875,-0.01175,0.009375,0,0,2.56075
4357,-8,95,1,0,-13.5547,-11.2109,-15.4219,-9.4609,-0.002625,0.009875,0.014,0.006,0,0,2.5595
4358,-8,94,1,0,-13.6094,-11.2656,-15.4375,-9.4609,0.002125,-0.002,0.01225,-0.0005,0,0,2.560625
4359,-8,97,1,0,-13.6016,-11.2031,-15.4922,-9.5156,0.003,-0.004625,0.0075,0.003125,0,0,2.559875
4360,-8,94,1,1,-13.5859,-11.1875,-15.4531,-9.5234,-0.006,-0.0105,0.007625,-0.009,1,0,2.55975
4361,-8,95,1,0,-13.7188,-11.2812,-15.4219,-9.5312,-0.007125,-0.014625,-0.00825,-0.002625,0,0,2.5595
4362,-8,95,1,0,-13.6953,-11.2422,-15.4766,-9.6328,-0.00425,-0.011375,-0.012,0.009625,0,0,2.559125
4363,-8,95,1,0,-13.7031,-11.3438,-15.5234,-9.6172,0.0005,0.00425,0.009625,-0.001375,0,0,2.559125
4364,-8,98,1,0,-13.7344,-11.3047,-15.5156,-9.6562,-0.012,-0.012375,-0.009625,0.00525,0,0,2.559
4365,-8,97,1,0,-13.75,-11.2812,-15.5078,-9.5625,0.007125,0.014625,0.0175,0.003125,0,0,2.55975
4366,-8,96,1,0,-13.6797,-11.3906,-15.4844,-9.6172,0.00125,0.01025,-0.008125,0.004625,0,1,2.559
4367,-8,95,1,0,-13.7812,-11.3359,-15.5156,-9.6641,-0.010125,0.011875,-0.00725,0.003125,0,0,2.560375
4368,-8,96,1,1,-13.75,-11.375,-15.6094,-9.7188,-0.01475,0.00925,0.005,0.000125,0,0,2.56025
4369,-8,95,1,0,-13.7734,-11.3984,-15.6328,-9.7031,0.001375,-0.003875,-0.014125,0.007125,0,0,2.56
4370,-8,94,1,0,-13.7812,-11.3906,-15.6328,-9.7422,-0.01475,0.011875,0.007375,-0.006375,0,0,2.55925
4371,-8,95,1,0,-13.8281,-11.3672,-15.5547,-9.6875,-0.0005,-0.00275,-0.010375,0.001125,0,0,2.56075
4372,-8,98,1,0,-13.8125,-11.4766,-15.6016,-9.7812,0.004125,0.013625,0.006125,-0.00025,0,0,2.559875
4373,-8,98,1,0,-13.8672,-11.4766,-15.6406,-9.7109,-0.0035,0.011,0.018125,0.00325,0,0,2.56025
4374,-8,94,1,0,-13.8906,-11.3906,-15.625,-9.7891,0.00575,0.008375,-0.007125,-0.009875,0,0,2.56
4375,-8,96,1,0,-13.9141,-11.4141,-15.6328,-9.8125,-0.00425,0.011875,-0.015375,-0.004625,0,0,2.55975
4376,-8,94,1,1,-13.9375,-11.4766,-15.7344,-9.8047,-0.01025,0.004875,-0.00375,0.0025,0,0,2.55925
4377,-8,94,1,0,-13.9531,-11.5469,-15.6406,-9.8438,-0.00375,-0.003375,0.01725,0.0045,0,0,2.559875
4378,-8,98,1,0,-13.8984,-11.4609,-15.7578,-9.8359,-0.008125,0.011,0.009,-0.004625,0,0,2.55925
4379,-8,96,1,0,-13.8906,-11.5312,-15.7422,-9.7578,-0.013875,0.004625,0.015375,-0.00025,0,0,2.559625
4380,-8,98,1,0,-13.9062,-11.5938,-15.7969,-9.875,0.00775,0.01175,0.01625,0.00375,0,0,2.559375
4381,-8,94,1,0,-13.9375,-11.5234,-15.75,-9.8047,0.006875,0.005375,-0.015625,0.0095,0,0,2.559375
4382,-8,97,1,0,-14.0234,-11.625,-15.7812,-9.8438,-0.013,-0.012875,0.014875,0.01025,0,0,2.559125
4383,-8,94,1,0,-14.0156,-11.5625,-15.7734,-9.9219,0.008625,0.00775,-0.009,0.0015,0,0,2.561
4384,-8,96,1,1,-14.0156,-11.5469,-15.7969,-9.8906,-0.014625,-0.00275,0.00875,0.007,0,0,2.55975
4385,-8,97,1,0,-14.0547,-11.6328,-15.7734,-9.9297,0.0065,-0.00675,0.002375,-0.008875,0,0,2.560875
4386,-8,95,1,0,-14.0469,-11.625,-15.8594,-9.875,-0.00475,-0.014375,-0.01025,0.004,0,0,2.559
4387,-8,98,1,0,-14.0391,-11.625,-15.7812,-9.9219,-0.007625,-0.008375,0.008875,0.005625,0,0,2.56025
4388,-8,97,1,0,-14.0469,-11.6875,-15.875,-9.9141,-0.005625,-0.0075,0.005375,-0.000625,0,0,2.559
4389,-8,98,1,0,-14.0703,-11.6719,-15.9219,-9.9922,-0.014125,-0.00475,-0.005,-0.0095,0,1,2.55925
4390,-8,97,1,0,-14.0234,-11.6328,-15.8516,-10.0156,0.007375,0.014125,-0.01175,0.009375,0,0,2.559375
4391,-8,94,1,0,-14.0469,-11.6641,-15.875,-9.9766,0.014,0.001625,0.01475,-0.001125,0,0,2.560875
4392,-8,95,1,1,-14.0391,-11.6641,-15.9219,-9.9375,0.0035,0.01325,0.01025,0.004125,0,0,2.560125
4393,-8,98,1,0,-14.1719,-11.7734,-15.9531,-10.0469,-0.005,-0.014625,0.014375,-0.004,0,0,2.5605
4394,-8,96,1,0,-14.1797,-11.6875,-15.9922,-10.0859,0.003125,-0.009,-0.013125,-0.008375,0,0,2.56075
4395,-8,94,1,0,-14.1094,-11.7656,-15.9844,-10.1016,0.009375,0.006875,-0.00025,0.0095,0,0,2.559375
4396,-8,97,1,0,-14.1094,-11.7344,-15.9375,-10.1172,0.00725,-0.0105,-0.01325,0.010875,0,0,2.5605
4397,-8,96,1,0,-14.1562,-11.8125,-15.9219,-10.1016,0.012375,0.007125,0.017625,-0.0095,0,0,2.56
4398,-8,97,1,0,-14.1328,-11.7266,-15.9609,-10.0703,-0.005875,0.00625,0.016,0.003875,0,0,2.5605
4399,-8,95,1,0,-14.1484,-11.7969,-16.0547,-10.0703,0.005375,0.0045,0.01125,0.009875,0,0,2.5605
4400,-8,94,1,1,-14.1875,-11.8516,-16.0078,-10.0625,0.01475,-0.011,0.00825,-0.00125,0,0,2.56025
4401,-8,94,1,0,-14.2812,-11.8828,-15.9844,-10.1016,0.012625,0.005,-0.0015,-0.004875,0,0,2.560875
4402,-8,96,1,0,-14.2188,-11.7812,-15.9844,-10.1172,0.01125,-0.007375,0.0155,0.004375,0,0,2.560375
4403,-8,98,1,0,-14.3125,-11.8125,-16.0547,-10.1094,0.0075,0.00125,-0.003625,-0.001125,1,0,2.559875
4404,-8,96,1,0,-14.2266,-11.875,-16.1172,-10.1328,-0.003125,-0.008125,-0.00275,-0.006375,0,0,2.560875
4405,-8,98,1,0,-14.3125,-11.9062,-16.125,-10.1172,0.009875,-0.007,0.009125,-0.00175,0,0,2.5605
4406,-8,98,1,0,-14.3125,-11.8828,-16.0703,-10.1797,0.00675,0.006125,0.015375,-0.002,0,0,2.559375
4407,-8,95,1,0,-14.2891,-11.875,-16.1172,-10.2344,-0.00925,-0.00175,-0.0045,-0.000625,0,0,2.55975
4408,-8,97,1,1,-14.3203,-11.9688,-16.1094,-10.1719,-0.007375,0.007125,-0.01175,0.010875,0,0,2.559375
4409,-8,94,1,0,-14.375,-11.9766,-16.1719,-10.2734,0.013,-0.00225,0.01325,0.008875,0,0,2.560875
4410,-8,94,1,0,-14.3359,-11.9297,-16.1328,-10.1953,-0.0125,-0.000625,-0.010375,-0.003875,0,0,2.56
4411,-8,94,1,0,-14.3125,-12.0,-16.1484,-10.2031,0.0105,-0.001375,-0.016875,0.007125,0,0,2.559125
4412,-8,94,1,0,-14.4141,-12.0312,-16.1641,-10.2422,0.005125,0.000125,0.004875,-0.006125,0,0,2.56075
4413,-8,97,1,0,-14.375,-11.9766,-16.125,-10.3203,0.011625,-0.013625,0.01275,0.0035,1,0,2.560875
4414,-8,96,1,0,-14.3516,-11.9766,-16.2266,-10.3281,-0.0005,0.010625,-0.01375,-0.0095,0,0,2.55925
4415,-8,96,1,0,-14.4062,-12.0312,-16.1953,-10.3516,0.0,0.014375,-0.013625,0.00825,0,0,2.56025
4416,-8,98,1,1,-14.4141,-11.9844,-16.2891,-10.3438,-0.012875,-0.006875,0.0055,-0.01,0,0,2.559375
4417,-8,97,1,0,-14.4766,-12.0234,-16.2969,-10.3672,-0.01275,0.0015,0.00225,-0.0075,0,0,2.56
4418,-8,97,1,0,-14.5,-12.0547,-16.1953,-10.3594,-0.012875,0.006875,-0.008625,-0.001375,0,0,2.55925
4419,-8,96,1,0,-14.4688,-12.0469,-16.2578,-10.3125,0.010125,-0.003375,0.014125,-0.01125,0,0,2.56
4420,-8,97,1,0,-14.5234,-12.1016,-16.2891,-10.3203,-0.00325,-0.010875,-0.005,0.008125,0,0,2.5605
4421,-8,95,1,0,-14.4531,-12.1406,-16.2734,-10.3359,-0.014125,-0.015,0.011625,0.0015,0,0,2.56075
4422,-9,94,1,0,-14.5234,-12.1562,-16.2969,-10.3984,-0.006875,-0.01025,0.001875,-0.00525,0,0,2.55975
4423,-9,98,1,0,-14.4922,-12.0859,-16.2656,-10.3984,-0.00325,-0.000875,0.003625,-0.003125,0,0,2.56
4424,-9,94,1,1,-14.5547,-12.1328,-16.3828,-10.375,0.014875,0.0105,0.002375,-0.002125,0,0,2.55975
4425,-9,96,1,0,-14.5859,-12.1875,-16.3984,-10.4531,0.013125,-0.00325,-0.004125,-0.006125,0,0,2.559125
4426,-9,96,1,0,-14.5547,-12.1562,-16.3281,-10.4062,-0.008625,-0.007,-0.00025,-0.01125,0,0,2.560625
4427,-9,96,1,0,-14.5625,-12.2031,-16.4297,-10.4141,0.00325,-0.007,-0.008625,-0.000875,0,0,2.560875
4428,-9,94,1,0,-14.5781,-12.1484,-16.3984,-10.4219,-0.012,-0.007625,0.01825,0.00325,0,0,2.561
4429,-9,95,1,0,-14.5703,-12.1484,-16.4141,-10.5547,-0.003625,-0.009375,-0.01625,0.0,0,0,2.560375
4430,-9,96,1,0,-14.5703,-12.2422,-16.3828,-10.4688,0.010125,0.008625,-0.00825,-0.010125,0,0,2.560625
4431,-9,94,1,0,-14.6328,-12.1641,-16.4531,-10.4922,-0.008625,-0.0055,0.01375,0.00875,0,0,2.5595
4432,-9,94,1,1,-14.5938,-12.2656,-16.4766,-10.4844,0.00425,-0.003375,0.00875,-0.003375,0,1,2.559375
4433,-9,97,1,0,-14.7031,-12.2109,-16.5,-10.6094,-0.0135,0.01275,0.013875,-0.001125,0,0,2.560125
4434,-9,96,1,0,-14.6328,-12.2031,-16.4531,-10.5312,0.0,0.006875,0.008375,-0.00825,0,0,2.56
4435,-9,98,1,0,-14.6719,-12.3359,-16.5078,-10.6016,0.009375,-0.014625,0.0165,0.000375,0,0,2.56075
4436,-9,97,1,0,-14.7188,-12.3359,-16.4375,-10.6016,-0.00625,0.01475,0.004125,-0.006875,0,0,2.560875
4437,-9,94,1,0,-14.7578,-12.25,-16.4531,-10.5547,0.00375,-0.003375,-0.010875,0.003125,0,0,2.559375
4438,-9,98,1,0,-14.6562,-12.3438,-16.5703,-10.6172,-0.01475,-0.012125,-0.00875,-0.007,0,0,2.56025
4439,-9,96,1,0,-14.7031,-12.3438,-16.5156,-10.6328,0.014875,-0.0005,-0.006875,-0.000625,0,0,2.560125
4440,-9,94,1,1,-14.7422,-12.3516,-16.5859,-10.6016,0.00275,0.01375,-0.002125,-0.005625,0,0,2.559125
4441,-9,97,1,0,-14.7656,-12.3125,-16.5,-10.6797,0.004625,0.007875,0.00025,-0.01,0,0,2.5605
4442,-9,97,1,0,-14.7969,-12.4062,-16.5078,-10.6641,0.00175,-0.00075,0.017875,0.00675,0,0,2.560625
4443,-9,98,1,0,-14.8047,-12.3672,-16.5312,-10.7188,-0.013625,-0.006375,-0.005,-0.01125,0,0,2.559625
4444,-9,97,1,0,-14.7969,-12.4219,-16.5391,-10.7188,0.014875,-0.010875,-0.0055,0.00075,0,0,2.55975
4445,-9,95,1,0,-14.8438,-12.4062,-16.6016,-10.7656,-0.01425,0.006375,0.017625,0.003875,0,0,2.560375
4446,-9,97,1,0,-14.8672,-12.4062,-16.5625,-10.7031,-0.00925,-0.005875,-0.012625,0.002375,0,0,2.561
4447,-9,98,1,0,-14.8594,-12.3984,-16.6406,-10.6875,0.002875,0.0005,-0.007625,-0.010625,0,0,2.560625
4448,-9,96,1,1,-14.8828,-12.4141,-16.6328,-10.75,-0.004625,0.006,-0.00675,0.004625,0,1,2.56
4449,-9,95,1,0,-14.7969,-12.4609,-16.6719,-10.8125,0.0105,0.01425,0.00625,0.010875,0,0,2.55925
4450,-9,95,1,0,-14.8984,-12.4453,-16.6562,-10.7891,-0.000875,0.007375,0.002125,0.00025,0,0,2.561
4451,-9,95,1,0,-14.9062,-12.4219,-16.6875,-10.8359,0.002,-0.00225,-0.016875,0.009,0,0,2.560625
4452,-9,95,1,0,-14.9219,-12.4297,-16.6406,-10.7344,0.00175,-0.013375,-0.012625,-0.0025,1,0,2.559875
4453,-9,98,1,0,-14.8438,-12.4844,-16.7031,-10.8359,-0.004625,-0.012625,-0.007875,-0.0075,0,0,2.560125
4454,-9,95,1,0,-14.9531,-12.4844,-16.7734,-10.8125,0.011,-0.010625,0.003,-0.00375,0,0,2.559875
4455,-9,97,1,0,-14.8672,-12.4766,-16.7812,-10.7969,-0.002625,0.0015,0.016375,-0.005125,0,0,2.5595
4456,-9,98,1,1,-15.0,-12.4922,-16.7109,-10.8125,0.003125,0.011125,-0.017125,-0.000625,0,0,2.560875
4457,-9,94,1,0,-15.0,-12.5703,-16.7344,-10.8594,-0.007875,-0.00925,-0.010375,0.003375,0,0,2.56025
4458,-9,95,1,0,-14.9766,-12.5078,-16.7734,-10.8281,0.00575,-0.00675,0.00025,0.00675,0,0,2.55925
4459,-9,95,1,0,-14.9688,-12.5703,-16.7188,-10.8594,-0.0065,0.009375,-0.007,0.00325,0,0,2.559375
4460,-9,94,1,0,-14.9766,-12.6484,-16.7734,-10.8672,0.00625,0.013625,0.013625,-0.009625,0,0,2.560625
4461,-9,96,1,0,-15.0,-12.5547,-16.7422,-10.9531,-0.015,-0.009,0.002375,0.000375,0,0,2.55925
4462,-9,96,1,0,-15.0625,-12.6172,-16.7812,-10.9141,0.00425,0.006375,-0.00925,0.001875,0,0,2.56
4463,-9,97,1,0,-15.0,-12.6094,-16.8359,-10.9766,-0.012,-0.000875,0.0175,-0.0035,0,0,2.55975
4464,-9,97,1,1,-15.0625,-12.6797,-16.7891,-10.9922,0.009625,0.00725,-0.000125,-0.01125,0,0,2.56025
4465,-9,96,1,0,-15.1094,-12.6016,-16.8281,-10.9922,-0.0035,0.013,0.012,-0.004875,0,0,2.560875
4466,-9,94,1,0,-15.0234,-12.7031,-16.8359,-11.0156,-0.013875,0.008125,0.017,-0.007125,0,0,2.560375
4467,-9,98,1,0,-15.0156,-12.625,-16.8125,-10.9766,-0.013125,0.00125,-0.006125,-0.0085,0,0,2.5605
4468,-9,98,1,0,-15.0391,-12.75,-16.8672,-10.9688,-0.004,0.003625,0.011,-0.0035,0,0,2.5595
4469,-9,96,1,0,-15.0703,-12.7578,-16.8828,-11.0,-0.008375,0.011625,0.013375,0.004125,0,0,2.56
4470,-9,94,1,0,-15.0781,-12.7734,-16.9453,-10.9531,0.012875,0.00325,-0.010875,0.005375,0,0,2.55975
4471,-9,96,1,0,-15.1016,-12.7812,-16.8672,-11.0,0.001625,0.00625,0.01325,-0.010125,0,0,2.559
4472,-9,98,1,1,-15.1797,-12.7344,-16.9922,-11.0859,-0.010875,0.00875,-0.009125,-0.002375,0,0,2.560125
4473,-9,98,1,0,-15.1797,-12.7188,-16.9609,-11.0547,0.00375,0.004875,0.007875,0.011125,0,0,2.560375
4474,-9,94,1,0,-15.1328,-12.8125,-16.9062,-11.0859,-0.00525,-0.000125,-0.015,0.0095,0,0,2.56
4475,-9,94,1,0,-15.1953,-12.75,-16.9609,-11.0703,-0.008625,-0.01,-0.008625,0.00775,0,0,2.560875
4476,-9,95,1,0,-15.2344,-12.8047,-17.0156,-11.0625,0.004625,0.008125,0.015875,0.004625,0,1,2.56075
4477,-9,95,1,0,-15.2188,-12.7656,-17.0391,-11.125,-0.01425,-0.01475,-0.0045,-0.00925,0,0,2.559625
4478,-9,95,1,0,-15.1641,-12.8281,-16.9766,-11.125,-0.0035,0.0015,-0.016875,-0.0015,0,0,2.55925
4479,-9,95,1,0,-15.1797,-12.8828,-17.0,-11.1016,0.002,-0.00075,0.0115,-0.011,0,0,2.56075
4480,-9,97,1,1,-15.1797,-12.8516,-16.9844,-11.1328,0.012875,0.00775,0.015,-0.005625,0,0,2.55925
4481,-9,98,1,0,-15.2422,-12.7812,-17.0859,-11.1016,0.0045,0.012375,0.007875,0.009875,0,0,2.559625
4482,-9,94,1,0,-15.2656,-12.8125,-17.0078,-11.1484,0.002,0.013,0.018375,-0.0085,0,0,2.56025
4483,-9,95,1,0,-15.2031,-12.8203,-17.0547,-11.1172,-0.0005,-0.013125,0.01275,-0.00475,0,0,2.56075
4484,-9,94,1,0,-15.2188,-12.8594,-17.0469,-11.2344,0.0105,-0.0105,0.01025,0.00825,0,0,2.560125
4485,-9,94,1,0,-15.3203,-12.8984,-17.1484,-11.2031,-0.007625,0.01025,0.0155,0.004,0,0,2.560375
4486,-9,96,1,0,-15.2734,-12.9141,-17.1484,-11.2031,0.010375,0.007875,-0.0145,0.006,0,0,2.559
4487,-9,94,1,0,-15.3203,-12.8828,-17.1328,-11.25,-0.007,-0.004125,0.004,-0.00625,0,0,2.560375
4488,-9,95,1,1,-15.2812,-12.9844,-17.0859,-11.1953,-0.00425,-0.014625,-0.007875,0.007875,0,0,2.560375
4489,-9,96,1,0,-15.3203,-12.9141,-17.1094,-11.2656,0.00025,-0.01475,-0.002375,-0.00475,0,0,2.56075
4490,-9,95,1,0,-15.4062,-12.8984,-17.0859,-11.2812,-0.0145,0.0105,-0.013,0.008,1,0,2.559875
4491,-9,98,1,0,-15.3125,-12.9531,-17.1797,-11.2578,0.000375,-0.006,0.0,0.002375,0,0,2.559875
4492,-9,98,1,0,-15.3516,-12.9844,-17.1641,-11.25,-0.010375,-0.0125,-0.005625,0.011,0,0,2.559875
4493,-9,97,1,0,-15.4219,-13.0391,-17.2031,-11.3359,0.000375,-0.0025,-0.004625,0.0015,0,0,2.560875
4494,-9,98,1,0,-15.3672,-13.0312,-17.1953,-11.3359,0.003,-0.006125,0.004125,0.00425,0,0,2.55925
4495,-9,94,1,0,-15.3828,-13.0078,-17.2656,-11.2891,0.00375,-0.01275,0.00475,0.00875,0,0,2.5595
4496,-9,96,1,1,-15.4297,-12.9844,-17.2578,-11.2578,-0.002,-0.0025,-0.013125,-0.001625,0,0,2.55975
4497,-9,95,1,0,-15.4453,-13.0156,-17.2266,-11.3516,-0.006,-0.008625,0.006875,-0.00825,0,0,2.560625
4498,-9,98,1,0,-15.3828,-12.9922,-17.1797,-11.3125,0.002375,-0.011375,-0.017375,0.00375,0,0,2.56
4499,-9,97,1,0,-15.4844,-13.0,-17.1953,-11.2891,0.01375,-0.014625,-0.004875,0.003125,0,0,2.561
4500,-9,94,1,0,-15.5234,-13.0625,-17.3125,-11.3594,-0.01475,0.009625,0.011125,-0.004125,1,0,2.559
4501,-9,95,1,0,-15.4219,-13.0234,-17.2734,-11.4219,-0.012125,-0.002875,0.004875,0.008625,0,0,2.560125
4502,-9,97,1,0,-15.4688,-13.1328,-17.2422,-11.3438,0.003,-0.001,0.001625,-0.001875,0,0,2.55925
4503,-9,98,1,0,-15.4453,-13.1094,-17.2656,-11.3438,0.00375,-0.01175,-0.011125,0.006125,0,0,2.560375
4504,-10,96,1,1,-15.5703,-13.1172,-17.3594,-11.4375,-0.007875,0.0005,-0.00625,0.009625,0,0,2.560625
4505,-10,94,1,0,-15.4688,-13.1016,-17.3125,-11.3594,-0.0005,0.006125,-0.015375,0.00275,0,0,2.559875
4506,-10,96,1,0,-15.5625,-13.0938,-17.3438,-11.4609,-0.005875,-0.005375,-0.00325,-0.00625,0,1,2.5595
4507,-10,98,1,0,-15.5938,-13.125,-17.3828,-11.4141,0.000375,-0.007125,-0.015125,0.008875,0,0,2.559375
4508,-10,96,1,0,-15.5469,-13.1016,-17.3203,-11.4062,0.003,0.013125,0.006125,-0.00075,0,0,2.559625
4509,-10,94,1,0,-15.5547,-13.1172,-17.4219,-11.4844,0.0075,-0.002375,-0.0155,0.005625,0,0,2.55925
4510,-10,96,1,0,-15.5625,-13.2344,-17.3672,-11.4141,-0.01225,0.003125,-0.014375,0.004125,0,0,2.5595
4511,-10,96,1,0,-15.5469,-13.1328,-17.3672,-11.4453,-0.011875,0.006125,0.003375,0.007625,0,0,2.559125
4512,-10,97,1,1,-15.625,-13.1797,-17.375,-11.5391,0.006,-0.0075,-0.005125,0.002625,0,0,2.5595
4513,-10,96,1,0,-15.5781,-13.2656,-17.3672,-11.5469,-0.005375,0.007125,-0.008625,0.005625,0,0,2.559125
4514,-10,94,1,0,-15.6484,-13.2422,-17.4688,-11.4688,0.0115,0.011125,-0.017125,-0.003,0,0,2.56025
4515,-10,97,1,0,-15.6641,-13.2422,-17.3984,-11.5781,-0.000375,0.004,0.002625,-0.003875,0,0,2.55925
4516,-10,96,1,0,-15.6016,-13.25,-17.4844,-11.5391,-0.007625,0.001625,-0.007375,-0.0015,0,0,2.560375
4517,-10,97,1,0,-15.6016,-13.2188,-17.4297,-11.5391,0.001875,-0.0095,-0.01025,-0.007375,0,0,2.560625
4518,-10,95,1,0,-15.6016,-13.2109,-17.4219,-11.5859,-0.01275,-0.014625,0.005375,0.007875,0,0,2.559625
4519,-10,96,1,0,-15.6641,-13.2422,-17.4766,-11.5547,-0.009625,-0.002625,0.00875,0.0095,0,0,2.559625
4520,-10,95,1,1,-15.625,-13.2266,-17.4375,-11.6016,-0.013,-0.004875,-0.000125,-0.0075,0,0,2.5605
4521,-10,97,1,0,-15.6953,-13.2656,-17.4844,-11.5391,-0.005625,0.005875,0.00675,0.003125,0,0,2.559125
4522,-10,98,1,0,-15.6484,-13.3672,-17.5469,-11.6406,-0.0105,0.007875,0.001375,0.00225,0,0,2.560625
4523,-10,94,1,0,-15.6953,-13.3281,-17.5391,-11.6172,-0.01475,-0.0095,-0.00975,0.01075,0,0,2.55975
4524,-10,94,1,0,-15.7578,-13.3672,-17.5781,-11.5703,0.01275,0.0065,-0.000375,-0.00475,0,0,2.5605
4525,-10,98,1,0,-15.7656,-13.3281,-17.5391,-11.5781,0.00975,-0.0095,-0.004,0.007875,0,0,2.5605
4526,-10,97,1,0,-15.8125,-13.3906,-17.6016,-11.6797,-0.002375,-0.011625,0.018125,-0.000125,0,0,2.5605
4527,-10,97,1,0,-15.7812,-13.3047,-17.5234,-11.6875,0.01275,-0.00225,-0.009875,0.00725,0,0,2.559875
4528,-10,98,1,1,-15.7812,-13.4141,-17.5078,-11.7031,-0.0015,0.015,0.010375,-0.004375,0,0,2.56025
4529,-10,96,1,0,-15.7422,-13.4453,-17.6328,-11.6328,0.005375,-0.01375,-0.003,-0.006375,0,0,2.560625
4530,-10,96,1,0,-15.7344,-13.3906,-17.5938,-11.6797,0.003125,0.007,-0.018125,-0.005375,0,0,2.560625
4531,-10,95,1,0,-15.8672,-13.4062,-17.6172,-11.7031,-0.011375,-0.008625,0.0005,-0.001875,0,0,2.560875
4532,-10,97,1,0,-15.7812,-13.3516,-17.5547,-11.7109,-0.01175,-0.000125,0.008125,-0.009625,0,0,2.56
4533,-10,95,1,0,-15.8125,-13.4766,-17.6719,-11.7422,0.002625,0.013,0.007,0.00225,1,0,2.559
4534,-10,96,1,0,-15.7812,-13.4141,-17.6484,-11.7812,-0.007875,-0.001375,0.0095,0.005625,0,0,2.560875
4535,-10,98,1,0,-15.8438,-13.4062,-17.6562,-11.7656,0.003375,0.006875,-0.00225,-0.006625,0,0,2.559875
4536,-10,95,1,1,-15.875,-13.4062,-17.6953,-11.7656,0.0095,0.00425,-0.00525,-0.001375,0,0,2.5605
4537,-10,98,1,0,-15.875,-13.5078,-17.6562,-11.7891,0.008125,0.004625,-0.017375,-0.00375,0,0,2.561
4538,-10,96,1,0,-15.8281,-13.4766,-17.7188,-11.8203,-0.008125,-0.007,-0.000375,-0.009125,0,0,2.559625
4539,-10,97,1,0,-15.8594,-13.5156,-17.6562,-11.8359,-0.009,0.004875,0.016,-0.004125,0,0,2.559375
4540,-10,97,1,0,-15.8594,-13.5078,-17.7266,-11.8516,0.014875,-0.0095,0.0065,-0.00925,0,0,2.5605
4541,-10,95,1,0,-15.9219,-13.5469,-17.7578,-11.7891,0.00625,-0.00025,0.013375,0.00125,0,0,2.5595
4542,-10,97,1,0,-15.8672,-13.4688,-17.7188,-11.7656,0.009,-0.004375,0.009,0.005125,0,0,2.560625
4543,-10,96,1,0,-15.8984,-13.5312,-17.7656,-11.8594,0.006125,0.00275,0.00475,0.004,0,0,2.5595
4544,-10,98,1,1,-15.9688,-13.5469,-17.7891,-11.8984,0.00425,-0.012,-0.014875,-0.00675,0,0,2.559
4545,-10,98,1,0,-15.9688,-13.6094,-17.7422,-11.8984,-0.00475,0.013,-0.003,0.005625,0,0,2.55975
4546,-10,98,1,0,-15.9609,-13.5,-17.8203,-11.8594,0.01025,0.00175,-0.015,0.003,0,0,2.55975
4547,-10,94,1,0,-15.9766,-13.5391,-17.8281,-11.8281,0.00325,0.01025,0.003,0.00475,0,0,2.559
4548,-10,95,1,0,-15.9297,-13.6016,-17.7969,-11.8672,-0.015,-0.01325,-0.00125,0.01125,0,0,2.56
4549,-10,97,1,0,-16.0469,-13.5312,-17.7969,-11.8281,-0.009625,-0.007,-0.015375,0.000375,0,0,2.5605
4550,-10,96,1,0,-16.0469,-13.6172,-17.7812,-11.9609,0.00925,0.013125,-0.01625,-0.006375,0,1,2.559375
4551,-10,95,1,0,-15.9531,-13.6719,-17.8281,-11.8828,0.009875,0.008125,0.017375,-0.008125,0,0,2.55975
4552,-10,95,1,1,-16.0625,-13.6016,-17.7734,-11.8984,0.011375,-0.01425,-0.0045,-0.002375,0,0,2.559
4553,-10,95,1,0,-16.0625,-13.5703,-17.8203,-11.8906,-0.009875,-0.014875,0.017125,-0.000625,0,0,2.559125
4554,-10,98,1,0,-16.1016,-13.6797,-17.8906,-11.9297,0.00725,-0.005125,-0.003625,-0.0035,0,0,2.5605
4555,-10,96,1,0,-16.0781,-13.6797,-17.8828,-11.9219,-0.012875,-0.008625,0.004125,-0.001875,0,0,2.56025
4556,-10,98,1,0,-16.1094,-13.6172,-17.8672,-11.9219,0.012625,0.00325,-0.00175,-0.005625,0,0,2.5605
4557,-10,96,1,0,-16.0234,-13.7344,-17.9219,-11.9219,0.014875,0.00475,-0.009375,-0.010625,0,0,2.56025
4558,-10,96,1,0,-16.1172,-13.6719,-17.8281,-11.9609,0.010125,0.002375,0.00625,0.00775,0,0,2.560125
4559,-10,98,1,0,-16.1328,-13.7031,-17.8516,-12.0078,-0.0095,0.003875,0.014125,0.008125,0,0,2.560625
4560,-10,94,1,1,-16.0391,-13.6406,-17.8828,-11.9609,0.000875,0.005375,-0.00425,0.01025,0,0,2.56
4561,-10,98,1,0,-16.1641,-13.7109,-17.9219,-11.9844,0.012875,-0.008375,0.016875,-0.001,0,0,2.559
4562,-10,94,1,0,-16.0703,-13.6719,-17.9531,-12.0234,0.011125,-0.009375,-0.01775,0.00175,1,0,2.560375
4563,-10,97,1,0,-16.1016,-13.7891,-17.9688,-12.0781,-0.007125,-0.0035,0.0165,-0.00175,0,0,2.56025
4564,-10,98,1,0,-16.1484,-13.7031,-18.0,-12.0703,0.01425,-0.005875,-0.011125,0.008,0,0,2.560625
4565,-10,95,1,0,-16.1016,-13.7812,-17.9375,-12.0625,-0.004875,-0.0115,-0.008375,0.000125,0,0,2.5605
4566,-10,96,1,0,-16.1328,-13.7188,-17.9219,-12.0312,-0.006,-0.00475,0.018125,-0.010125,0,0,2.559875
4567,-10,95,1,0,-16.1797,-13.7656,-17.9297,-12.0391,0.00925,-0.00125,-0.013875,-0.009,0,0,2.55975
4568,-10,94,1,1,-16.1562,-13.7266,-18.0391,-12.0469,0.010625,0.009625,0.018625,-0.008875,0,0,2.561
4569,-10,96,1,0,-16.1875,-13.8125,-18.0312,-12.125,0.005625,-0.001125,-0.007,-0.0005,0,0,2.5605
4570,-10,97,1,0,-16.2188,-13.7969,-18.0078,-12.1406,0.013625,0.0035,-0.002375,0.009125,0,0,2.56
4571,-10,96,1,0,-16.2578,-13.8594,-17.9609,-12.0703,-0.00325,0.004,-0.01625,-0.011,0,0,2.560125
4572,-10,94,1,0,-16.2656,-13.8281,-18.0781,-12.125,0.007125,-0.002375,-0.007875,0.0,0,0,2.559625
4573,-10,97,1,0,-16.2578,-13.8438,-18.0547,-12.1562,-0.011125,-0.001375,-0.002875,0.009,0,0,2.5595
4574,-10,95,1,0,-16.2656,-13.8984,-18.0156,-12.1094,-0.0045,-0.012875,0.0005,-0.001375,0,0,2.560625
4575,-10,94,1,0,-16.2656,-13.8281,-18.0781,-12.1172,-0.0105,-0.014125,-0.008,-0.008625,0,1,2.55925
4576,-10,96,1,1,-16.2422,-13.8984,-18.0547,-12.1484,-0.0015,-0.007,0.010625,-0.005875,0,0,2.5605
4577,-10,98,1,0,-16.2266,-13.9219,-18.1094,-12.1484,0.015,-0.008125,-0.0115,-0.009625,0,0,2.5595
4578,-10,95,1,0,-16.2578,-13.875,-18.0156,-12.1953,0.011,0.00175,-0.006625,0.00475,0,0,2.559375
4579,-10,94,1,0,-16.2422,-13.9219,-18.0938,-12.1641,0.0035,0.013875,0.0165,-0.00675,0,0,2.559
4580,-10,95,1,0,-16.2812,-13.9375,-18.0859,-12.1641,-0.008375,0.00825,-0.010625,0.008625,0,0,2.559
4581,-10,98,1,0,-16.3047,-13.9609,-18.1641,-12.1719,-0.00925,0.00575,-0.016375,-0.00025,0,0,2.561
4582,-10,94,1,0,-16.3125,-13.9609,-18.1406,-12.2422,-0.012375,-0.012875,-0.017,-0.01,0,0,2.5595
4583,-10,96,1,0,-16.3828,-13.9688,-18.125,-12.2109,-0.012625,0.014125,-0.00675,0.00275,0,0,2.560875
4584,-10,96,1,1,-16.2812,-13.8906,-18.1406,-12.2578,-0.0055,-0.01025,-0.008875,0.0025,0,0,2.560875
4585,-10,94,1,0,-16.3594,-13.8828,-18.1328,-12.1797,0.0015,0.014,0.002125,-0.00125,0,0,2.559625
4586,-10,94,1,0,-16.3594,-13.9531,-18.1719,-12.2969,-0.001375,-0.009,0.008125,-0.004125,0,0,2.560375
4587,-10,96,1,0,-16.4062,-13.9297,-18.1953,-12.3125,-0.004375,-0.001,0.012375,-0.00675,0,0,2.561
4588,-10,98,1,0,-16.3359,-13.9688,-18.1562,-12.3047,0.013625,-0.01025,0.005125,0.001,0,0,2.56075
4589,-10,94,1,0,-16.3984,-13.9844,-18.2109,-12.2812,0.012375,0.009125,-0.000625,-0.001125,0,0,2.559
4590,-10,95,1,0,-16.4141,-14.0469,-18.2344,-12.3047,0.0065,-0.013375,0.01075,0.00825,0,0,2.560625
4591,-10,94,1,0,-16.3672,-13.9453,-18.1875,-12.3359,-0.01125,-0.012125,0.016875,0.00475,0,0,2.56075
4592,-10,96,1,1,-16.4531,-14.0312,-18.1641,-12.2734,-0.009625,0.008375,0.01025,-0.000625,0,0,2.55925
4593,-10,96,1,0,-16.4219,-13.9844,-18.2656,-12.3203,-0.011,-0.003875,0.015875,-0.000625,0,0,2.560875
4594,-10,94,1,0,-16.4453,-14.0,-18.2656,-12.3047,0.002625,0.006625,0.015125,-0.010125,0,0,2.5605
4595,-10,95,1,0,-16.4688,-14.0,-18.2188,-12.3047,0.0015,0.01475,-0.003375,-0.007875,0,0,2.55975
4596,-10,98,1,0,-16.4375,-14.0703,-18.2422,-12.3203,0.005375,0.003,-0.01725,0.006125,0,0,2.560375
4597,-10,95,1,0,-16.4688,-14.1016,-18.2109,-12.2969,0.001375,-0.009625,0.00925,0.000125,0,0,2.559125
4598,-10,95,1,0,-16.4766,-14.0781,-18.2656,-12.3906,0.010875,0.01475,-0.00025,-0.00975,0,0,2.559125
4599,-10,98,1,0,-16.4688,-14.0312,-18.2344,-12.4297,-0.003125,0.0115,0.01075,0.001,0,0,2.559625
4600,-10,96,1,1,-16.5234,-14.0547,-18.3281,-12.3906,-0.003375,-0.008,-0.004,-0.00925,0,0,2.560125
4601,-10,95,1,0,-16.5078,-14.1328,-18.3359,-12.3828,0.010375,-0.01075,0.00975,-0.0055,0,0,2.559
4602,-10,98,1,0,-16.5078,-14.1328,-18.2344,-12.4219,0.0135,0.011125,-0.01475,0.008125,0,0,2.559625
4603,-11,95,1,0,-16.5469,-14.1641,-18.2812,-12.3516,0.007875,-0.014375,0.016375,-0.009125,0,0,2.559625
4604,-11,94,1,0,-16.5625,-14.1719,-18.3516,-12.3594,-0.003125,-0.010125,0.01525,-0.0005,0,0,2.56025
4605,-11,96,1,0,-16.4922,-14.0938,-18.3047,-12.3828,0.003875,-0.002375,0.01275,0.0055,0,0,2.560125
4606,-11,96,1,0,-16.5234,-14.0938,-18.2891,-12.4922,0.003125,-0.01475,0.001625,0.00775,0,0,2.559875
4607,-11,98,1,0,-16.5156,-14.1016,-18.3984,-12.3906,-0.01375,-0.00925,-0.017,-0.009375,0,0,2.559625
4608,-11,97,1,1,-16.5859,-14.1172,-18.3438,-12.5,0.005625,-0.007,0.00675,-0.008625,0,0,2.560125
4609,-11,95,1,0,-16.5156,-14.125,-18.3125,-12.4297,-0.01225,-0.011625,0.011375,-0.0045,0,0,2.559625
4610,-11,96,1,0,-16.5469,-14.125,-18.3672,-12.4453,0.003875,-0.013,-0.0125,0.00975,0,0,2.56025
4611,-11,97,1,0,-16.5312,-14.1641,-18.3672,-12.4297,-0.011875,-0.002125,-0.012375,-0.01,0,1,2.559875
4612,-11,95,1,0,-16.5391,-14.1797,-18.4297,-12.4922,-0.00275,-0.0065,-0.012625,-0.005,0,0,2.559625
4613,-11,98,1,0,-16.5703,-14.2422,-18.3281,-12.5078,0.00475,0.014125,-0.002625,-0.005375,0,0,2.560875
4614,-11,97,1,0,-16.5391,-14.2422,-18.3828,-12.5156,-0.0105,-0.01125,0.017,-0.006625,0,0,2.55975
4615,-11,94,1,0,-16.5469,-14.1953,-18.3438,-12.4453,-0.009,-0.008375,0.010125,0.00425,0,0,2.5595
4616,-11,98,1,1,-16.5781,-14.1797,-18.4531,-12.4844,-0.00325,0.001375,-0.00075,0.00125,0,0,2.56
4617,-11,95,1,0,-16.6562,-14.2031,-18.4531,-12.5625,0.001625,-0.013625,0.006875,0.0095,0,0,2.560375
4618,-11,96,1,0,-16.5703,-14.2422,-18.4766,-12.5234,0.00375,-0.009875,-0.002875,-0.004375,0,0,2.559375
4619,-11,98,1,0,-16.6328,-14.3047,-18.3828,-12.5078,0.011875,0.00025,0.003,0.001,1,0,2.56075
4620,-11,97,1,0,-16.7031,-14.2812,-18.5078,-12.5781,0.003875,-0.012875,0.006625,0.007,1,0,2.56025
4621,-11,98,1,0,-16.6875,-14.3203,-18.4766,-12.5156,-0.009875,-0.004625,-0.000375,0.002625,0,0,2.55975
4622,-11,97,1,0,-16.6094,-14.2578,-18.4453,-12.5078,0.003125,-0.00425,0.004375,-0.004875,0,1,2.560375
4623,-11,94,1,0,-16.6719,-14.3359,-18.4453,-12.5312,-0.005375,-0.009625,-0.009,-0.009375,0,0,2.5605
4624,-11,97,1,1,-16.6953,-14.2422,-18.5234,-12.5859,-0.00225,-0.009125,-0.0115,-0.010875,0,0,2.56025
4625,-11,95,1,0,-16.6328,-14.2734,-18.5234,-12.6016,-0.00725,-0.015,-0.007125,0.005125,0,0,2.56
4626,-11,97,1,0,-16.6484,-14.2422,-18.4375,-12.6328,0.006875,-0.002625,0.001125,0.00425,0,0,2.559
4627,-11,95,1,0,-16.7266,-14.3672,-18.4609,-12.6484,-0.013875,-0.013,0.014125,0.006375,0,0,2.5595
4628,-11,97,1,0,-16.6641,-14.2891,-18.4844,-12.5859,-0.012375,-0.009375,-0.005125,-0.010375,0,0,2.559375
4629,-11,94,1,0,-16.7656,-14.2969,-18.5234,-12.5625,0.0115,-0.005,0.00175,0.002375,0,0,2.559
4630,-11,94,1,0,-16.7109,-14.3359,-18.5234,-12.6406,-0.001875,0.012375,-0.015125,-0.00825,0,0,2.559375
4631,-11,98,1,0,-16.7344,-14.3984,-18.5078,-12.6641,-0.006125,0.007625,0.005125,0.0075,0,0,2.56075
4632,-11,98,1,1,-16.7812,-14.3594,-18.5,-12.7109,0.002125,0.013625,-0.001875,-0.000625,0,0,2.560875
4633,-11,95,1,0,-16.7344,-14.3203,-18.6172,-12.7188,-0.004375,0.006625,0.005875,-0.005625,0,0,2.560875
4634,-11,98,1,0,-16.7812,-14.3359,-18.6172,-12.6016,-0.001125,-0.004875,-0.0065,0.003875,0,0,2.55975
4635,-11,96,1,0,-16.75,-14.3203,-18.5547,-12.6094,-0.00425,-0.0115,0.01675,-0.009,0,0,2.559875
4636,-11,97,1,0,-16.8125,-14.3516,-18.6094,-12.6719,-0.009625,-0.007875,-0.002625,0.00625,0,0,2.55975
4637,-11,97,1,0,-16.7812,-14.3672,-18.5703,-12.6797,-0.00075,0.00425,-0.004875,0.000625,0,0,2.55975
4638,-11,97,1,0,-16.8047,-14.3672,-18.625,-12.6875,0.008625,0.009,-0.0045,0.002,0,0,2.559625
4639,-11,95,1,0,-16.7734,-14.3438,-18.5938,-12.6719,0.001,-0.002875,-0.009125,0.00025,0,0,2.560125
4640,-11,98,1,1,-16.7891,-14.4531,-18.6094,-12.7422,0.014375,-0.009375,0.008375,-0.002375,0,0,2.559
4641,-11,97,1,0,-16.7734,-14.4844,-18.6406,-12.7344,-0.0035,-0.01425,0.004,0.002,0,0,2.5605
4642,-11,96,1,0,-16.8672,-14.4453,-18.6719,-12.6719,0.007375,0.011375,-0.00125,-0.0015,0,0,2.56075
4643,-11,95,1,0,-16.8359,-14.3828,-18.6641,-12.75,-0.0115,0.002625,0.014875,-0.005625,0,0,2.5595
4644,-11,94,1,0,-16.875,-14.4375,-18.6328,-12.6953,0.0075,-0.009625,-0.0145,0.002875,0,0,2.560875
4645,-11,94,1,0,-16.8125,-14.3984,-18.7031,-12.6953,-0.012,0.000375,0.01575,-0.000625,0,0,2.56
4646,-11,97,1,0,-16.8594,-14.4609,-18.6328,-12.8203,-0.00175,0.007875,0.007625,-0.000125,0,0,2.559625
4647,-11,97,1,0,-16.875,-14.4375,-18.6875,-12.7812,-0.011875,-0.0125,-0.001625,0.001875,0,0,2.559375
4648,-11,97,1,1,-16.8516,-14.4375,-18.7266,-12.8281,0.0055,0.014875,-0.011875,0.00725,0,0,2.55925
4649,-11,97,1,0,-16.8516,-14.5312,-18.7266,-12.7734,-0.00325,-0.00275,-0.014375,0.008625,0,0,2.560625
4650,-11,97,1,0,-16.8281,-14.4375,-18.6797,-12.7734,-0.0075,-0.004375,-0.018125,-0.005375,0,0,2.5595
4651,-11,95,1,0,-16.9453,-14.5547,-18.6562,-12.8047,0.0035,0.013625,0.014125,-0.010125,0,0,2.559125
4652,-11,94,1,0,-16.8984,-14.5234,-18.6484,-12.8359,-0.0145,0.004,0.00875,-0.008375,0,0,2.56
4653,-11,97,1,0,-16.8516,-14.4609,-18.7266,-12.8672,-0.000375,-0.003125,-0.012625,-0.00425,0,0,2.5605
4654,-11,94,1,0,-16.9531,-14.5391,-18.6875,-12.8516,-0.01425,0.005625,0.005,-0.0085,0,0,2.559375
4655,-11,94,1,0,-16.9219,-14.5703,-18.7578,-12.8516,-0.005375,0.006625,-0.008625,0.003625,0,0,2.559875
4656,-11,98,1,1,-16.8984,-14.5547,-18.7188,-12.7969,-0.01025,0.011125,0.000875,0.00375,0,0,2.56
4657,-11,94,1,0,-16.9922,-14.5859,-18.6797,-12.8203,-0.00175,-0.012875,0.002125,0.005375,0,0,2.560375
4658,-11,97,1,0,-16.9375,-14.6016,-18.7734,-12.8125,-0.012375,0.0075,0.0055,0.000125,0,0,2.559875
4659,-11,97,1,0,-16.9219,-14.5,-18.8203,-12.8359,-0.007625,-0.00575,-0.002625,-0.0075,0,0,2.55925
4660,-11,95,1,0,-16.9688,-14.5859,-18.7656,-12.8594,0.00175,0.005875,-0.01,-0.005375,0,0,2.5595
4661,-11,97,1,0,-16.9922,-14.6094,-18.8203,-12.9297,0.0025,-0.006125,-0.000625,0.004625,0,1,2.559625
4662,-11,96,1,0,-16.9531,-14.5938,-18.7266,-12.8828,-0.006875,-0.00325,-0.003125,0.008375,0,0,2.561
4663,-11,96,1,0,-16.9844,-14.5312,-18.8438,-12.9141,-0.013,-0.006625,0.010625,-0.000125,0,0,2.560875
4664,-11,98,1,1,-17.0312,-14.6562,-18.8516,-12.9531,-0.012625,0.009875,0.002375,-0.005875,0,0,2.56025
4665,-11,96,1,0,-16.9688,-14.6094,-18.7422,-12.8828,-0.000875,-0.013,0.003,-0.0085,0,0,2.559625
4666,-11,96,1,0,-16.9609,-14.6016,-18.7969,-12.9688,0.007875,0.009,-0.00675,0.004,0,0,2.55925
4667,-11,97,1,0,-17.0391,-14.5938,-18.8359,-12.8594,-0.009875,0.009,-0.00275,-0.0015,0,0,2.559375
4668,-11,98,1,0,-17.0,-14.6172,-18.8203,-12.9062,0.001625,0.0035,0.008625,0.006625,0,0,2.56
4669,-11,96,1,0,-17.0391,-14.6016,-18.8516,-12.9922,-0.00325,-0.009125,-0.000625,0.003625,0,0,2.560125
4670,-11,95,1,0,-17.0391,-14.5859,-18.8516,-12.9453,0.00775,0.01,0.00675,-0.004375,0,0,2.56
4671,-11,97,1,0,-17.0781,-14.6641,-18.875,-13.0078,-0.014,0.00325,0.007125,-0.003875,0,0,2.55975
4672,-11,94,1,1,-17.0859,-14.5938,-18.8438,-12.8906,-0.003625,0.006375,-0.001875,0.01,0,0,2.55925
4673,-11,94,1,0,-17.0312,-14.6094,-18.8984,-13.0156,-0.000375,0.014125,-0.017125,0.004875,0,0,2.560625
4674,-11,98,1,0,-17.0156,-14.6953,-18.8438,-12.9688,0.00475,0.0025,-0.005375,0.00575,0,0,2.559125
4675,-11,97,1,0,-17.1328,-14.6172,-18.8438,-12.9531,0.012125,0.00575,0.009875,0.000375,0,0,2.559625
4676,-11,97,1,0,-17.1094,-14.7031,-18.8438,-12.9766,-0.00025,-0.009875,-0.01075,-0.009625,1,0,2.5605
4677,-11,95,1,0,-17.1484,-14.7266,-18.8906,-12.9375,0.012375,0.01275,0.005375,-0.007625,0,0,2.5605
4678,-11,97,1,0,-17.1172,-14.7266,-18.9219,-12.9766,-0.00325,-0.011875,-0.009875,0.00025,0,0,2.560375
4679,-11,94,1,0,-17.1484,-14.6641,-18.9609,-13.0625,0.012875,0.00525,-0.00125,0.003125,0,0,2.559125
4680,-11,97,1,1,-17.0703,-14.7266,-18.8672,-12.9453,0.005125,0.003125,0.01125,-0.008125,0,0,2.560625
4681,-11,98,1,0,-17.1562,-14.7266,-18.9531,-13.0156,-0.006875,-0.0105,-0.00775,0.0005,0,0,2.5595
4682,-11,98,1,0,-17.1484,-14.6719,-18.9688,-13.0391,-0.013125,-0.009,-0.002875,-0.010125,0,0,2.559
4683,-11,96,1,0,-17.1797,-14.7188,-18.9375,-13.0781,0.003125,0.008,-0.012375,-0.0105,0,0,2.559125
4684,-11,96,1,0,-17.1641,-14.7891,-18.9531,-13.0547,0.01475,-0.010125,-0.014375,0.00675,0,0,2.56075
4685,-11,94,1,0,-17.2031,-14.75,-19.0,-13.0234,-0.005125,-0.009875,0.00275,0.007375,0,0,2.55975
4686,-11,95,1,0,-17.125,-14.7656,-18.8984,-13.0469,0.008375,0.01025,0.00075,-0.008625,0,0,2.561
4687,-11,96,1,0,-17.2188,-14.7344,-18.9062,-13.0234,-0.014375,0.0105,-0.0025,0.002125,0,0,2.559
4688,-11,95,1,1,-17.1797,-14.8203,-19.0156,-13.1094,0.004375,0.01,-0.015,0.001875,0,0,2.56
4689,-11,96,1,0,-17.2266,-14.7656,-19.0156,-13.0859,-0.0035,-0.006,0.003125,-0.003375,0,0,2.559125
4690,-11,96,1,0,-17.1328,-14.8281,-18.9375,-13.125,-0.003625,0.000125,0.018625,0.005875,0,0,2.5605
4691,-11,95,1,0,-17.1953,-14.8203,-19.0234,-13.1016,0.012125,-0.008,-0.000875,0.0,0,0,2.5595
4692,-11,97,1,0,-17.125,-14.7578,-18.9922,-13.0859,0.004375,0.013875,0.017375,0.008875,0,0,2.561
4693,-11,96,1,0,-17.1875,-14.7812,-19.0547,-13.0859,-0.00625,0.014625,0.01575,-0.00325,0,0,2.55975
4694,-11,96,1,0,-17.2188,-14.8281,-19.0391,-13.0703,-0.000625,-0.010625,-0.002875,0.0055,0,0,2.559875
4695,-11,98,1,0,-17.1484,-14.7656,-19.0156,-13.1562,-0.013375,0.01325,0.016,-0.001375,0,0,2.559
4696,-11,96,1,1,-17.2031,-14.7812,-18.9609,-13.1562,0.01175,0.0135,0.006,-0.0085,0,0,2.56
4697,-11,97,1,0,-17.2812,-14.8516,-19.0781,-13.1797,0.00725,-0.001125,-0.006875,0.0085,0,0,2.559375
4698,-11,95,1,0,-17.1641,-14.7812,-19.0703,-13.1641,-0.005625,-0.00975,0.010625,0.01125,0,0,2.55925
4699,-11,96,1,0,-17.1719,-14.8516,-19.0703,-13.1172,0.007625,-0.008875,0.005125,0.009625,0,0,2.55975
4700,-11,97,1,0,-17.1875,-14.8438,-19.0391,-13.1328,0.009625,0.00625,0.01125,-0.0065,0,0,2.561
4701,-11,97,1,0,-17.2266,-14.875,-18.9844,-13.1562,0.009625,0.002875,-0.01825,0.0055,0,0,2.560875
4702,-11,97,1,0,-17.3047,-14.7891,-19.0156,-13.1094,0.0005,0.003375,-0.016625,-0.005625,0,0,2.56075
4703,-11,94,1,0,-17.3125,-14.8672,-19.0078,-13.2188,0.013625,-0.01125,0.0075,0.004875,0,0,2.559
4704,-11,97,1,1,-17.2578,-14.8359,-19.0156,-13.125,0.012875,0.003875,-0.000375,-0.005875,0,0,2.560625
4705,-11,97,1,0,-17.2109,-14.8516,-19.0781,-13.1406,-0.00625,0.01225,0.001875,-0.00675,0,0,2.561
4706,-11,97,1,0,-17.2969,-14.8672,-19.0859,-13.2188,0.007625,-0.0095,0.008,0.0065,0,0,2.56
4707,-11,97,1,0,-17.3125,-14.8828,-19.0859,-13.1562,-0.002625,-0.006375,-0.011,0.009,0,0,2.55975
4708,-11,97,1,0,-17.3281,-14.8594,-19.0703,-13.2422,-0.013625,0.003,-0.000625,0.004875,1,1,2.55925
4709,-11,98,1,0,-17.25,-14.9141,-19.0547,-13.25,0.01,-0.012875,-0.00525,0.0065,0,0,2.559875
4710,-11,94,1,0,-17.3516,-14.8906,-19.1094,-13.1719,0.012625,0.0055,-0.012625,-0.006125,0,0,2.56075
4711,-11,98,1,0,-17.25,-14.8594,-19.1094,-13.1875,0.0065,0.003,-0.011375,-0.00825,0,0,2.560875
4712,-11,96,1,1,-17.3047,-14.9609,-19.1328,-13.2031,0.010125,-0.001,0.00525,0.001125,0,0,2.560625
4713,-11,98,1,0,-17.2891,-14.9609,-19.1328,-13.25,0.01475,0.000375,0.012125,0.007125,0,0,2.5605
4714,-11,95,1,0,-17.2656,-14.9531,-19.1172,-13.2344,0.012625,0.005125,0.006625,0.00875,0,0,2.55975
4715,-11,96,1,0,-17.3203,-14.9688,-19.0859,-13.1719,-0.007,-0.00425,-0.015,0.00525,0,0,2.560875
4716,-11,95,1,0,-17.3906,-15.0,-19.1562,-13.2656,-0.011125,0.00125,-0.007625,-0.01025,0,0,2.5605
4717,-11,98,1,0,-17.2969,-14.9219,-19.1328,-13.2344,-0.003125,-0.005625,0.001125,-0.008125,0,0,2.560375
4718,-11,98,1,0,-17.3672,-15.0,-19.1484,-13.2891,-0.003375,-0.008,0.014375,-0.005625,0,0,2.559
4719,-11,98,1,0,-17.2969,-14.8984,-19.1484,-13.2031,0.006625,0.011875,-0.003875,-0.007125,0,0,2.56025
4720,-11,97,1,1,-17.3828,-14.8984,-19.125,-13.2109,-0.008875,-0.011125,-0.003875,0.008,0,0,2.559625
4721,-11,98,1,0,-17.3906,-15.0,-19.1953,-13.2266,0.002875,-0.002625,0.002625,0.00375,0,0,2.5595
4722,-11,97,1,0,-17.4219,-15.0312,-19.1562,-13.3203,-0.014375,0.01325,0.01125,0.00575,0,0,2.5595
4723,-11,94,1,0,-17.3906,-15.0,-19.1328,-13.3359,-0.011375,-0.014625,-0.011125,-0.00875,0,0,2.5595
4724,-11,98,1,0,-17.4062,-14.9766,-19.2188,-13.2344,-0.015,0.000125,0.012,0.005375,0,0,2.56075
4725,-11,98,1,0,-17.3516,-14.9609,-19.2422,-13.2891,-0.01075,-0.006875,-0.00975,0.00125,0,0,2.56075
4726,-11,98,1,0,-17.3359,-14.9766,-19.2578,-13.3359,0.003625,0.0055,0.014875,0.003875,0,0,2.559
4727,-11,96,1,0,-17.3984,-14.9688,-19.1953,-13.3594,-0.008125,-0.0025,-0.011,0.0015,0,0,2.559125
4728,-11,94,1,1,-17.3906,-14.9453,-19.2188,-13.3281,-0.008,0.002875,-0.001,0.007625,0,0,2.559625
4729,-11,98,1,0,-17.4453,-15.0703,-19.2656,-13.25,-0.008,0.004625,0.002,-0.00325,0,0,2.560375
4730,-11,95,1,0,-17.4297,-14.9766,-19.2656,-13.3594,-0.004875,0.006875,-0.001875,0.00525,0,0,2.560375
4731,-11,96,1,0,-17.3672,-15.0156,-19.1719,-13.3125,0.014125,-0.001,-0.006125,-0.001625,0,0,2.559625
4732,-11,95,1,0,-17.4062,-14.9766,-19.2031,-13.2969,-0.0035,0.011875,0.00225,-0.01025,0,0,2.56025
4733,-11,97,1,0,-17.4141,-15.0234,-19.2891,-13.2891,0.006125,-0.000625,-0.009875,0.006,0,0,2.5605
4734,-11,96,1,0,-17.4531,-15.0,-19.2891,-13.3984,-0.004,0.012375,-0.014375,-0.00525,0,0,2.5605
4735,-11,98,1,0,-17.3828,-15.0,-19.1875,-13.3359,-0.008375,0.009125,-0.003125,-0.00575,1,1,2.55975
4736,-11,96,1,1,-17.5,-15.0938,-19.3047,-13.3984,-0.003125,0.014375,-0.008875,-0.0035,0,0,2.56075
4737,-11,98,1,0,-17.4141,-15.0,-19.2266,-13.3203,-0.01125,0.008375,0.002,-0.002125,0,0,2.559125
4738,-11,98,1,0,-17.5156,-15.0703,-19.2891,-13.3125,0.00625,0.006625,0.007375,0.001375,0,0,2.559875
4739,-11,94,1,0,-17.4453,-15.0156,-19.3203,-13.3516,0.005,-0.01025,0.00375,0.010125,0,0,2.560375
4740,-11,95,1,0,-17.5234,-15.0547,-19.2344,-13.3594,0.00625,-0.012875,-0.0155,0.00625,0,0,2.559375
4741,-11,97,1,0,-17.5,-15.125,-19.2891,-13.3594,0.00125,0.008125,0.014625,0.01025,0,0,2.559
4742,-11,94,1,0,-17.4609,-15.0469,-19.3203,-13.3828,-0.000125,0.0085,0.01625,0.001375,0,0,2.560625
4743,-11,96,1,0,-17.4766,-15.0312,-19.3203,-13.4375,0.013875,0.008,-0.002375,0.009625,0,0,2.559375
4744,-11,95,1,1,-17.5312,-15.1328,-19.2422,-13.4375,0.009375,0.000875,0.003125,-0.01075,0,0,2.56025
4745,-11,94,1,0,-17.4922,-15.1484,-19.2422,-13.3984,0.012375,0.01175,0.014375,-0.010875,0,0,2.56
4746,-12,94,1,0,-17.4609,-15.1406,-19.2734,-13.4609,-0.005875,0.00775,-0.00975,0.00125,0,0,2.559
4747,-12,96,1,0,-17.4531,-15.0703,-19.25,-13.3906,-0.0135,0.004875,0.01325,-0.011125,0,0,2.56025
4748,-12,94,1,0,-17.4844,-15.1484,-19.375,-13.3516,0.00075,-0.0115,-0.016,0.00375,0,0,2.560125
4749,-12,96,1,0,-17.5781,-15.0625,-19.3203,-13.4219,-0.009,0.003875,0.014125,-0.009375,0,0,2.559875
4750,-12,94,1,0,-17.5156,-15.0625,-19.3672,-13.4844,0.009125,-0.003375,0.008375,0.008125,0,0,2.559125
4751,-12,96,1,0,-17.5078,-15.1797,-19.3672,-13.4297,0.01075,0.01025,-0.011875,-0.002375,0,1,2.560125
4752,-12,94,1,1,-17.5234,-15.1641,-19.3125,-13.4375,0.007125,-0.00025,-0.0095,0.0095,0,0,2.56025
4753,-12,95,1,0,-17.4922,-15.1016,-19.3125,-13.3906,0.009,0.008625,0.011625,0.006375,0,0,2.560625
4754,-12,98,1,0,-17.6016,-15.1484,-19.3984,-13.3828,-0.008375,0.011625,0.009125,0.002375,0,0,2.559625
4755,-12,94,1,0,-17.6016,-15.1016,-19.2891,-13.4609,0.01325,-0.0075,0.00975,0.002125,0,0,2.560625
4756,-12,98,1,0,-17.5078,-15.2109,-19.3125,-13.5156,0.012,-0.01075,0.00575,-0.003875,1,0,2.55925
4757,-12,94,1,0,-17.5,-15.1484,-19.3984,-13.4219,-0.003875,0.0095,0.009625,-0.007625,0,0,2.56075
4758,-12,95,1,0,-17.5234,-15.125,-19.3203,-13.4844,-0.01225,0.01125,0.016625,-0.009,0,0,2.559875
4759,-12,97,1,0,-17.5156,-15.2266,-19.3594,-13.5078,0.000625,-0.003,-0.015875,-0.007,0,0,2.56025
4760,-12,95,1,1,-17.5859,-15.125,-19.3359,-13.4453,-0.006125,0.01225,-0.00475,-0.0005,0,0,2.560875
4761,-12,96,1,0,-17.5859,-15.2422,-19.4375,-13.4922,-0.013,0.003375,-0.01575,0.00875,0,0,2.55925
4762,-12,96,1,0,-17.6406,-15.2422,-19.3828,-13.4531,-0.005375,-0.00875,-0.015875,-0.010875,0,0,2.560625
4763,-12,95,1,0,-17.6016,-15.1562,-19.4453,-13.4844,-0.00975,0.002375,-0.004875,-0.00275,0,0,2.561
4764,-12,98,1,0,-17.6016,-15.1953,-19.3594,-13.5547,0.00475,0.006625,0.001,-0.011125,0,0,2.561
4765,-12,97,1,0,-17.6562,-15.1484,-19.4375,-13.5,0.00825,0.001875,0.0115,0.0015,0,0,2.561
4766,-12,98,1,0,-17.6094,-15.1484,-19.375,-13.4609,0.014875,0.0085,-0.004125,0.003875,0,0,2.560375
4767,-12,95,1,0,-17.5469,-15.1875,-19.375,-13.4688,0.00375,-0.011375,-0.013,0.009125,0,0,2.55975
4768,-12,94,1,1,-17.6719,-15.2188,-19.4141,-13.4609,-0.008875,0.01425,0.0105,0.008,0,0,2.560625
4769,-12,94,1,0,-17.5547,-15.2031,-19.4766,-13.5781,-0.007,-0.005625,0.004125,-0.00625,0,0,2.559625
4770,-12,95,1,0,-17.6797,-15.1875,-19.3672,-13.5469,0.0125,0.013875,-0.018125,0.003375,0,0,2.560625
4771,-12,98,1,0,-17.6875,-15.2031,-19.4453,-13.5781,-0.0085,-0.00175,-0.000875,-0.007625,0,0,2.56
4772,-12,95,1,0,-17.6797,-15.2422,-19.3984,-13.5312,-0.0115,0.006125,-0.01075,-0.002,0,0,2.559625
4773,-12,95,1,0,-17.6797,-15.2422,-19.4609,-13.5469,0.00125,-0.008875,0.008125,0.00975,0,0,2.56075
4774,-12,97,1,0,-17.5781,-15.2656,-19.3906,-13.5156,-0.009625,0.01075,0.003375,-0.00175,0,0,2.559625
4775,-12,97,1,0,-17.6406,-15.25,-19.4609,-13.5938,-0.01175,0.01225,0.010875,-0.004125,0,0,2.560625
4776,-12,96,1,1,-17.6797,-15.1875,-19.3828,-13.5156,0.0025,-0.01,0.008875,-0.000875,0,0,2.56025
4777,-12,97,1,0,-17.6641,-15.2891,-19.4141,-13.5938,-0.015,0.0105,0.008625,0.008125,0,0,2.559625
4778,-12,95,1,0,-17.6953,-15.2344,-19.4766,-13.5781,0.00525,-0.011375,-0.003875,0.002875,0,0,2.56
4779,-12,94,1,0,-17.7188,-15.2422,-19.4688,-13.5625,0.010125,-0.006875,-0.0055,-0.001875,1,1,2.5605
4780,-12,95,1,0,-17.6641,-15.2344,-19.4375,-13.5859,-0.002875,0.00375,-0.014625,-0.00925,0,0,2.560375
4781,-12,94,1,0,-17.625,-15.2578,-19.5078,-13.5469,-0.004,-0.005375,-0.015,-0.004,0,0,2.560875
4782,-12,96,1,0,-17.6406,-15.3047,-19.4688,-13.5156,-0.002875,0.0085,-0.002125,-0.00325,0,0,2.56025
4783,-12,98,1,0,-17.6797,-15.3203,-19.4688,-13.5703,0.0005,-0.003625,-0.001375,0.004625,0,0,2.561
4784,-12,97,1,1,-17.6406,-15.3203,-19.5,-13.6094,0.009125,-0.003625,0.0085,0.000375,0,0,2.559625
4785,-12,96,1,0,-17.6953,-15.3125,-19.4766,-13.6484,-0.014375,-0.003125,-0.007,0.003625,0,0,2.56
4786,-12,95,1,0,-17.75,-15.2812,-19.4453,-13.5391,-0.00675,0.001625,-0.006,0.005875,0,0,2.5605
4787,-12,97,1,0,-17.7031,-15.3359,-19.5156,-13.5312,0.01175,0.0015,0.0165,-0.003875,0,0,2.5605
4788,-12,96,1,0,-17.6953,-15.2344,-19.5391,-13.6406,0.004,-0.006625,-0.013125,-0.0085,0,0,2.55975
4789,-12,94,1,0,-17.7344,-15.3281,-19.4609,-13.6328,-0.0095,-0.002125,0.01725,-0.005,0,0,2.559
4790,-12,96,1,0,-17.7031,-15.3438,-19.4766,-13.6641,0.0,-0.011,-0.004875,-0.00825,0,0,2.560125
4791,-12,94,1,0,-17.6719,-15.2656,-19.5625,-13.5781,0.001375,-0.007625,0.0065,0.000625,0,0,2.559625
4792,-12,96,1,1,-17.6641,-15.3125,-19.5547,-13.5625,0.00425,-0.014875,0.003625,-0.00375,0,0,2.560625
4793,-12,96,1,0,-17.6641,-15.2578,-19.5703,-13.6797,0.00625,0.01425,0.01275,-0.0025,0,0,2.56025
4794,-12,96,1,0,-17.75,-15.2578,-19.4688,-13.6094,-0.007375,-0.0095,0.00775,0.00675,0,0,2.560375
4795,-12,95,1,0,-17.6641,-15.3281,-19.5859,-13.6406,0.01375,-0.006875,-0.01175,-0.002875,0,0,2.560375
4796,-12,98,1,0,-17.6719,-15.375,-19.5078,-13.6562,0.00225,0.014625,-0.0025,0.008625,0,0,2.56075
4797,-12,98,1,0,-17.7188,-15.3516,-19.5312,-13.6797,0.00475,-0.01075,-0.00375,0.002,0,0,2.56
4798,-12,96,1,0,-17.7344,-15.2969,-19.4844,-13.5781,-0.0075,0.013125,-0.008875,0.009375,0,0,2.559625
4799,-12,94,1,0,-17.75,-15.3203,-19.5312,-13.6406,0.003125,0.006625,0.01575,0.0105,0,0,2.5595
4800,-12,95,1,1,-17.7344,-15.375,-19.5625,-13.6562,-0.013625,-0.005625,-0.006875,-0.005625,0,0,2.559625
4801,-12,95,1,0,-17.7969,-15.3281,-19.5,-13.6641,0.013375,0.008375,-0.004625,-0.001,0,0,2.5605
4802,-12,94,1,0,-17.6875,-15.3281,-19.5938,-13.6797,-0.013625,0.003375,0.013875,-0.007625,0,0,2.5595
4803,-12,97,1,0,-17.7031,-15.3125,-19.5938,-13.6641,-0.007125,-0.00975,0.00525,-0.00575,0,0,2.561
4804,-12,97,1,0,-17.8047,-15.3047,-19.5156,-13.7109,0.003375,-0.004625,0.00125,-0.0025,0,0,2.559625
4805,-12,98,1,0,-17.8125,-15.3906,-19.625,-13.7188,-0.01175,0.002625,-0.013375,0.00125,0,0,2.5595
4806,-12,98,1,0,-17.7031,-15.4062,-19.5078,-13.6641,0.009875,0.001375,0.018,-0.005375,0,0,2.56075
4807,-12,94,1,0,-17.8125,-15.375,-19.5312,-13.6875,-0.004875,-0.002875,-0.007375,-0.005,0,0,2.55975
4808,-12,95,1,1,-17.8203,-15.3203,-19.5547,-13.6484,-0.010625,0.008875,-0.009875,-0.006625,0,0,2.559375
4809,-12,97,1,0,-17.8047,-15.3281,-19.6094,-13.6953,0.0005,0.00175,0.000875,0.009875,0,0,2.5595
4810,-12,95,1,0,-17.7969,-15.3359,-19.6172,-13.7188,-0.001,-0.012,0.00475,-0.001625,0,0,2.56
4811,-12,98,1,0,-17.8125,-15.3906,-19.6328,-13.6719,-0.01025,-0.008375,0.0015,-0.008125,0,0,2.560375
4812,-12,94,1,0,-17.7344,-15.3359,-19.5781,-13.6875,-0.011625,-0.000875,0.002625,0.008375,0,0,2.561
4813,-12,94,1,0,-17.7656,-15.3828,-19.5469,-13.7266,0.003875,0.013375,0.012125,0.00225,1,0,2.55925
4814,-12,96,1,0,-17.7656,-15.3594,-19.6094,-13.7031,0.0105,0.00075,0.018,-0.00325,0,1,2.560375
4815,-12,97,1,0,-17.8594,-15.3359,-19.5938,-13.7578,0.00425,0.003875,0.012,0.0045,0,0,2.56075
4816,-12,96,1,1,-17.8281,-15.3359,-19.6328,-13.7578,-0.010875,0.012,-0.014875,0.00625,0,0,2.561
4817,-12,95,1,0,-17.8359,-15.3828,-19.6562,-13.7109,-0.003875,-0.013,0.000375,0.000375,0,0,2.559125
4818,-12,96,1,0,-17.7734,-15.4062,-19.5625,-13.6875,-0.005375,-0.011125,-0.001125,0.0045,0,0,2.560875
4819,-12,96,1,0,-17.8125,-15.4375,-19.6172,-13.7656,-0.012125,0.0065,0.01475,0.004,0,0,2.560875
4820,-12,97,1,0,-17.8516,-15.3594,-19.6016,-13.7188,-0.0095,-0.01175,-0.0015,-0.004375,0,0,2.5595
4821,-12,98,1,0,-17.7969,-15.4531,-19.5938,-13.7422,-0.00575,0.002125,0.01875,0.00225,0,0,2.55975
4822,-12,96,1,0,-17.8672,-15.4062,-19.6172,-13.6797,0.010125,0.008,0.014125,-0.008,0,0,2.559875
4823,-12,94,1,0,-17.875,-15.3906,-19.6484,-13.7188,0.005625,0.00175,-0.005625,0.00525,0,0,2.55925
4824,-12,94,1,1,-17.8516,-15.4609,-19.6641,-13.7031,-0.012125,-0.00675,0.015125,0.00275,0,0,2.559875
4825,-12,98,1,0,-17.8281,-15.3672,-19.6406,-13.7188,0.012125,0.00675,-0.005125,-0.00475,0,0,2.559125
4826,-12,97,1,0,-17.8516,-15.4609,-19.6641,-13.7891,0.00525,0.0135,0.007625,0.009,0,0,2.56075
4827,-12,94,1,0,-17.8203,-15.4141,-19.5859,-13.75,-0.013625,0.01325,0.01375,-0.00775,0,0,2.56075
4828,-12,98,1,0,-17.7891,-15.4297,-19.6094,-13.7578,0.005375,0.00325,-0.004625,-0.009625,0,0,2.560875
4829,-12,98,1,0,-17.7891,-15.4375,-19.6797,-13.7891,-0.01425,-0.00375,0.01075,-0.009875,0,0,2.559875
4830,-12,98,1,0,-17.8828,-15.4062,-19.6406,-13.7109,0.003875,-0.000625,0.011125,0.007625,0,0,2.560375
4831,-12,96,1,0,-17.8359,-15.5078,-19.6875,-13.7891,0.00575,0.011375,-0.00725,0.005625,0,0,2.5605
4832,-12,97,1,1,-17.8984,-15.5078,-19.6562,-13.8047,-0.0075,-0.002625,-0.006625,-0.0035,0,0,2.559
4833,-12,95,1,0,-17.8125,-15.4375,-19.6797,-13.7578,-0.0055,0.001875,-0.017625,0.0065,0,0,2.560375
4834,-12,98,1,0,-17.8125,-15.4922,-19.6875,-13.7344,0.000875,-0.014,0.010125,-0.005375,0,0,2.560125
4835,-12,95,1,0,-17.9062,-15.5078,-19.625,-13.8203,0.014625,0.013625,-0.01425,0.00925,0,0,2.559
4836,-12,98,1,0,-17.8281,-15.5,-19.6172,-13.7812,0.00775,0.01225,0.006875,0.00425,0,0,2.55975
4837,-12,96,1,0,-17.8594,-15.4531,-19.6797,-13.7109,-0.009375,-0.00475,-0.01475,-0.00175,0,0,2.56025
4838,-12,96,1,0,-17.8984,-15.4766,-19.6953,-13.7578,0.007625,0.009,-0.004,0.01075,0,1,2.559875
4839,-12,97,1,0,-17.8906,-15.5,-19.7266,-13.7188,-0.009875,0.006625,-0.014625,-0.009125,0,0,2.5595
4840,-12,97,1,1,-17.8984,-15.4375,-19.6328,-13.7188,0.01275,0.01,-0.01625,-0.0055,0,0,2.560625
4841,-12,98,1,0,-17.9062,-15.5,-19.6953,-13.7344,0.00275,-0.011,-0.00625,0.004625,0,0,2.55925
4842,-12,94,1,0,-17.8672,-15.4219,-19.6953,-13.7578,0.011,-0.00225,-0.005375,-0.00575,0,0,2.5595
4843,-12,98,1,0,-17.9062,-15.5078,-19.7109,-13.7344,0.005375,0.002,0.002625,-0.010875,0,0,2.561
4844,-12,95,1,0,-17.8203,-15.5312,-19.7109,-13.75,-0.004875,0.01175,0.0005,0.00625,0,0,2.55925
4845,-12,96,1,0,-17.8359,-15.5312,-19.6953,-13.8203,-0.014625,0.00025,0.0095,0.00925,0,0,2.561
4846,-12,95,1,0,-17.9375,-15.4688,-19.6328,-13.7422,-0.00775,-0.010375,-0.011625,-0.007125,0,0,2.559
4847,-12,95,1,0,-17.8672,-15.5391,-19.7109,-13.8203,-0.007125,0.004875,-0.006125,-0.010625,1,0,2.560625
4848,-12,95,1,1,-17.8828,-15.4688,-19.6406,-13.8516,-0.0075,0.012375,0.006875,-0.009875,0,0,2.561
4849,-12,95,1,0,-17.9141,-15.4297,-19.6562,-13.75,0.00025,-0.013,-0.00875,0.001625,0,0,2.56075
4850,-12,98,1,0,-17.8516,-15.4375,-19.6328,-13.7578,-0.009,0.006875,0.00325,0.008125,0,0,2.559625
4851,-12,96,1,0,-17.8672,-15.5078,-19.6406,-13.8359,0.00675,-0.003,-0.006,0.004875,0,0,2.5595
4852,-12,95,1,0,-17.9375,-15.5312,-19.7109,-13.75,-0.012375,-0.003375,0.018625,0.010375,0,0,2.56025
4853,-12,97,1,0,-17.8828,-15.5547,-19.6797,-13.7812,-0.00025,-0.009875,-0.005125,-0.0015,0,0,2.559
4854,-12,98,1,0,-17.8672,-15.5547,-19.7656,-13.8516,0.01075,0.014,0.006125,-0.000625,0,0,2.560875
4855,-12,94,1,0,-17.9453,-15.5547,-19.6797,-13.8359,0.00625,-0.002375,-0.016625,-0.0025,0,0,2.561
4856,-12,98,1,1,-17.8594,-15.5703,-19.6562,-13.8594,-0.002875,-0.009625,0.016,-0.00475,0,0,2.5605
4857,-12,98,1,0,-17.9141,-15.5391,-19.7422,-13.7578,0.005125,0.012375,0.018375,0.00025,0,0,2.560125
4858,-12,96,1,0,-17.9062,-15.5,-19.7422,-13.8203,-0.00125,0.004625,0.006625,-0.011125,0,0,2.559875
4859,-12,94,1,0,-17.9141,-15.4844,-19.6562,-13.7891,-0.004625,-0.012,-0.00775,0.0015,0,0,2.56
4860,-12,98,1,0,-17.8594,-15.4609,-19.6562,-13.8594,0.002125,0.0015,0.014,0.00275,0,0,2.560125
4861,-12,94,1,0,-17.9531,-15.4766,-19.75,-13.8594,0.006125,0.00075,-0.00225,-0.005125,0,0,2.56025
4862,-12,94,1,0,-17.8594,-15.5703,-19.7344,-13.875,0.00525,0.012,0.015125,-0.001875,0,0,2.560625
4863,-12,98,1,0,-17.9062,-15.5234,-19.7109,-13.8828,0.0055,-0.01225,-0.012875,-0.009375,0,0,2.559875
4864,-12,94,1,1,-17.8672,-15.4922,-19.7656,-13.8281,-0.0045,0.00775,0.012375,-0.010375,0,0,2.559125
4865,-12,96,1,0,-17.9453,-15.4688,-19.7656,-13.8203,-0.006875,-0.007375,0.004,-0.003375,0,0,2.560125
4866,-12,96,1,0,-17.9375,-15.5703,-19.7422,-13.8906,0.014125,-0.00875,-0.015625,0.00375,0,1,2.560875
4867,-12,98,1,0,-17.9297,-15.4922,-19.7031,-13.875,0.011625,0.007875,0.00275,-0.001,0,0,2.559875
4868,-12,97,1,0,-17.9844,-15.4844,-19.75,-13.8906,0.005,-0.009875,-0.01225,0.008125,0,0,2.56025
4869,-12,95,1,0,-17.8984,-15.4766,-19.7188,-13.8438,0.011375,0.001375,-0.0045,-0.002,0,0,2.56075
4870,-12,95,1,0,-17.8906,-15.5,-19.7109,-13.7891,0.01325,-0.007625,0.004875,0.005625,0,0,2.559875
4871,-12,95,1,0,-17.8828,-15.5469,-19.7812,-13.8125,0.005125,0.012125,-0.0175,0.004625,0,0,2.560875
4872,-12,95,1,1,-18.0,-15.5938,-19.7422,-13.8516,0.01475,0.002125,-0.004,-0.0075,0,0,2.560125
4873,-12,95,1,0,-17.8828,-15.5859,-19.7031,-13.8047,0.000125,0.00425,0.0115,0.009125,0,0,2.559
4874,-12,94,1,0,-17.9219,-15.5156,-19.6953,-13.8984,0.013,-0.01075,0.0085,0.010125,0,0,2.559125
4875,-12,95,1,0,-17.9062,-15.5625,-19.7656,-13.8594,0.01125,-0.01425,-0.0015,-0.011,0,0,2.559375
4876,-12,95,1,0,-17.9688,-15.5469,-19.6875,-13.7891,0.0085,-0.011,-0.00075,-0.001625,0,0,2.560625
4877,-12,94,1,0,-17.9609,-15.5078,-19.6875,-13.8203,0.00475,0.01275,-0.018625,0.001375,1,0,2.559875
4878,-12,95,1,0,-18.0078,-15.5625,-19.7188,-13.8828,-0.01075,0.00625,0.0115,0.0095,0,0,2.560625
4879,-12,96,1,0,-17.9766,-15.5312,-19.7734,-13.9141,0.01025,0.004,0.00625,0.007625,0,0,2.5595
4880,-12,95,1,1,-18.0078,-15.4922,-19.7969,-13.875,0.00025,0.011125,0.009875,-0.005875,0,0,2.56075
4881,-12,94,1,0,-17.8984,-15.6172,-19.7266,-13.9141,0.001625,0.007,0.01425,0.000625,0,0,2.5595
4882,-12,97,1,0,-17.9141,-15.5156,-19.7344,-13.8984,0.010875,0.012625,-0.015,0.005625,0,0,2.559375
4883,-12,98,1,0,-17.9219,-15.5156,-19.6953,-13.8203,-0.0025,-0.013875,0.013125,-0.006125,0,0,2.559875
4884,-12,94,1,0,-18.0078,-15.6172,-19.7344,-13.8828,-0.003125,-0.013625,-0.006125,-0.006375,0,0,2.5605
4885,-12,95,1,0,-18.0,-15.5625,-19.75,-13.9219,0.01325,-0.00825,-0.0125,0.006125,0,0,2.559375
4886,-12,97,1,0,-17.9141,-15.5938,-19.75,-13.8438,-0.005625,-0.005125,0.000375,0.001875,0,0,2.559125
4887,-12,95,1,0,-18.0234,-15.5156,-19.7812,-13.8438,0.002875,-0.001375,0.015375,0.007375,0,0,2.559
4888,-12,94,1,1,-17.9141,-15.5781,-19.7734,-13.8438,0.002625,0.004875,-0.013875,0.01025,0,0,2.559
4889,-12,94,1,0,-17.9062,-15.5391,-19.7109,-13.8672,0.0145,-0.005375,-0.018,-0.01025,0,0,2.560375
4890,-12,97,1,0,-18.0078,-15.6016,-19.8203,-13.8125,-0.006625,-0.015,-0.0145,0.008625,0,0,2.55975
4891,-12,98,1,0,-18.0234,-15.5391,-19.7266,-13.8828,0.004375,-0.006375,0.012125,0.001375,0,0,2.560375
4892,-12,97,1,0,-17.9141,-15.6016,-19.8281,-13.8828,-0.009875,0.01325,-0.011,-0.00475,0,0,2.560875
4893,-12,98,1,0,-17.9297,-15.5547,-19.7891,-13.875,-0.0075,0.008375,-0.007125,-0.00725,0,0,2.55975
4894,-12,94,1,0,-17.9141,-15.5547,-19.7266,-13.8516,0.010875,-0.011,-0.012375,-0.000875,0,0,2.5595
4895,-12,96,1,0,-17.9141,-15.5938,-19.7266,-13.9375,-0.000875,-0.00925,0.009375,-0.006375,0,0,2.559875
4896,-12,98,1,1,-17.9453,-15.6094,-19.7891,-13.9141,0.013375,-0.006875,0.006125,0.00875,0,0,2.559625
4897,-12,98,1,0,-18.0234,-15.5391,-19.7891,-13.9141,0.00575,0.00375,-0.01825,-0.000375,0,0,2.55925
4898,-12,98,1,0,-18.0391,-15.6172,-19.8359,-13.8984,0.0055,0.01325,-0.014625,0.0005,0,0,2.559875
4899,-12,96,1,0,-17.9297,-15.5625,-19.7188,-13.8516,0.000375,0.009875,-0.011875,0.0055,0,0,2.561
4900,-12,96,1,0,-18.0,-15.6016,-19.8125,-13.8906,0.005625,-0.0065,-0.00825,0.010875,0,0,2.56025
4901,-12,98,1,0,-18.0234,-15.5312,-19.8047,-13.8281,0.014,0.000875,0.002,-0.007125,0,1,2.5605
4902,-12,95,1,0,-17.9922,-15.5391,-19.7188,-13.9219,-0.003125,-0.000875,-0.01325,-0.00875,0,0,2.56025
4903,-12,95,1,0,-17.9922,-15.5703,-19.7969,-13.8672,-0.008875,-0.010125,-0.004875,0.009625,0,0,2.559625
4904,-12,97,1,1,-17.9219,-15.6406,-19.7969,-13.8281,-0.00225,0.012875,0.017125,0.00025,1,0,2.56
4905,-12,96,1,0,-17.9766,-15.6016,-19.7422,-13.9453,0.012875,0.01075,0.01825,-0.004125,0,0,2.56025
4906,-12,94,1,0,-17.9375,-15.625,-19.7266,-13.8672,0.01225,0.01025,-0.00325,0.00375,0,0,2.56075
4907,-12,95,1,0,-18.0234,-15.6094,-19.7891,-13.9297,-0.005125,0.012,-0.016375,-0.009875,0,0,2.55925
4908,-12,94,1,0,-17.9297,-15.5703,-19.8516,-13.8516,-0.01375,-0.009875,-0.011125,-0.00875,0,0,2.559375
4909,-12,96,1,0,-18.0312,-15.5391,-19.8516,-13.8906,0.005125,0.00075,-0.01125,0.01125,0,0,2.559875
4910,-12,95,1,0,-17.9922,-15.6094,-19.7578,-13.9219,-0.003125,0.01075,0.00975,-0.01125,0,0,2.559875
4911,-12,96,1,0,-17.9531,-15.6016,-19.7422,-13.8672,0.0055,0.00125,-0.008125,0.010625,0,0,2.55925
4912,-12,98,1,1,-17.9297,-15.5547,-19.7734,-13.9375,0.0135,-0.008125,-0.0175,-0.00325,0,0,2.559875
4913,-12,97,1,0,-17.9453,-15.6406,-19.7734,-13.9531,0.00925,0.012,-0.017625,0.011125,0,0,2.5605
4914,-12,96,1,0,-17.9609,-15.6406,-19.8359,-13.9531,0.007375,0.01125,0.0185,0.007,0,0,2.55975
4915,-12,98,1,0,-18.0547,-15.5859,-19.8359,-13.8594,0.00375,-0.013375,-0.002625,-0.007,0,0,2.55925
4916,-12,98,1,0,-18.0234,-15.5938,-19.8047,-13.8828,0.002875,0.005875,0.014625,-0.002625,0,0,2.56025
4917,-12,94,1,0,-18.0234,-15.5703,-19.7656,-13.8516,-0.004,0.012625,-0.017,-0.001625,0,0,2.56075
4918,-12,96,1,0,-17.9375,-15.6484,-19.8047,-13.9219,-0.012375,-0.005375,-0.00375,0.0035,0,0,2.559
4919,-12,96,1,0,-17.9766,-15.6562,-19.7344,-13.9062,0.00425,0.01175,0.01225,0.011125,0,0,2.561
4920,-12,94,1,1,-17.9922,-15.5391,-19.7656,-13.9219,-0.00575,-0.00475,-0.009125,-0.00125,0,0,2.55925
4921,-12,94,1,0,-17.9922,-15.5391,-19.8281,-13.9141,-0.0095,0.0035,0.013625,-0.0055,0,0,2.56025
4922,-12,94,1,0,-18.0391,-15.6328,-19.75,-13.9531,0.0005,0.014875,-0.010625,-0.002875,0,0,2.559875
4923,-12,97,1,0,-18.0,-15.5938,-19.8359,-13.9062,-0.00875,0.014,0.004625,-0.008125,0,0,2.559375
4924,-12,95,1,0,-17.9453,-15.5547,-19.8047,-13.9609,0.00725,0.01375,0.0025,-0.005875,0,0,2.559
4925,-12,94,1,0,-18.0547,-15.6484,-19.8516,-13.8516,-0.0045,0.009375,-0.003,0.002,0,0,2.560625
4926,-12,96,1,0,-17.9375,-15.6406,-19.8594,-13.9453,-0.012375,-0.01225,0.018125,-0.004625,1,0,2.559125
4927,-12,97,1,0,-17.9609,-15.6016,-19.7891,-13.8516,0.004,-0.00325,0.017,0.001125,0,0,2.5595
4928,-12,95,1,1,-18.0625,-15.6016,-19.8281,-13.8984,-0.004625,0.002875,0.00875,0.004875,0,0,2.56075
4929,-12,94,1,0,-17.9766,-15.6406,-19.7891,-13.9609,-0.001125,0.008375,0.016875,0.011125,0,0,2.559875
4930,-12,94,1,0,-18.0391,-15.6484,-19.8203,-13.9609,0.008625,-0.014375,-0.017875,-0.003,0,0,2.56075
4931,-12,96,1,0,-17.9766,-15.6328,-19.8203,-13.8594,0.007,-0.00475,0.001875,0.0075,0,0,2.55975
4932,-12,94,1,0,-17.9766,-15.6172,-19.7656,-13.9062,-0.01075,0.0025,-0.01475,0.010375,0,0,2.560625
4933,-12,94,1,0,-17.9375,-15.5391,-19.8203,-13.9375,0.00825,-0.00475,0.014,0.01125,0,0,2.55975
4934,-12,95,1,0,-17.9688,-15.5625,-19.7578,-13.9219,0.012625,0.007375,-0.0015,0.002875,0,0,2.5605
4935,-12,98,1,0,-18.0391,-15.5703,-19.8594,-13.8828,-0.007,0.014625,-0.008,-0.004875,0,0,2.56
4936,-12,94,1,1,-18.0234,-15.6406,-19.8438,-13.9375,-0.00225,0.014,0.01625,-0.008125,0,0,2.55925
4937,-12,94,1,0,-17.9688,-15.5469,-19.8516,-13.8828,0.008125,0.00925,0.014125,0.008625,0,0,2.560125
4938,-12,95,1,0,-17.9609,-15.6094,-19.8516,-13.9609,-0.006625,0.002125,-0.0115,0.010875,0,0,2.56
4939,-12,97,1,0,-17.9688,-15.6094,-19.7578,-13.8516,0.005125,-0.00575,-0.005875,-0.00875,0,1,2.55975
4940,-12,97,1,0,-18.0078,-15.5469,-19.8281,-13.9062,-0.00175,-0.00375,0.0075,0.0075,0,0,2.559
4941,-12,95,1,0,-17.9766,-15.5938,-19.7578,-13.8516,0.002375,-0.010125,-0.011875,0.003125,0,0,2.559125
4942,-12,95,1,0,-18.0078,-15.6016,-19.75,-13.9062,-0.005375,-0.012875,0.013625,-0.008,0,0,2.56075
4943,-12,94,1,0,-18.0234,-15.6016,-19.8125,-13.9531,-0.0135,0.0,0.0035,0.008,0,0,2.56
4944,-12,98,1,1,-18.0078,-15.5625,-19.8125,-13.9609,-0.009625,0.012,0.009,-0.011125,0,0,2.55925
4945,-12,94,1,0,-17.9922,-15.6562,-19.7578,-13.9375,0.00075,0.00275,-0.011125,-0.004125,0,0,2.55975
4946,-12,94,1,0,-18.0625,-15.6094,-19.8203,-13.9062,-0.01125,0.001125,-0.00975,-0.001625,0,0,2.55975
4947,-12,97,1,0,-17.9375,-15.5391,-19.7422,-13.8672,-0.013375,-0.012625,-0.0075,-0.00875,0,0,2.560375
4948,-12,96,1,0,-17.9766,-15.625,-19.8203,-13.9062,0.013125,0.0025,-0.00625,-0.007625,0,0,2.560625
4949,-12,97,1,0,-18.0547,-15.5859,-19.8047,-13.8359,0.0125,-0.00025,-0.000625,0.003,0,0,2.559875
4950,-12,94,1,0,-17.9609,-15.5781,-19.7891,-13.9609,0.00075,0.006,-0.01225,0.007875,0,0,2.56075
4951,-12,98,1,0,-17.9609,-15.5469,-19.7656,-13.9141,0.0095,-0.01075,-0.0185,-0.01025,0,0,2.559875
4952,-12,97,1,1,-17.9688,-15.5781,-19.7656,-13.8672,-0.00075,0.01025,-0.003125,-0.005625,0,0,2.559
4953,-12,96,1,0,-18.0,-15.6406,-19.8594,-13.875,-0.0025,0.013,0.004,-0.008875,0,0,2.559875
4954,-12,98,1,0,-17.9531,-15.5938,-19.8281,-13.8594,0.01325,-0.01425,-0.011,0.00675,0,0,2.559875
4955,-12,96,1,0,-18.0078,-15.6562,-19.7734,-13.9062,0.004875,-0.011,0.01275,0.0065,0,0,2.56025
4956,-12,96,1,0,-18.0156,-15.5859,-19.8438,-13.875,0.014125,-0.002875,-0.011875,0.00575,0,0,2.559375
4957,-12,98,1,0,-18.0078,-15.5391,-19.8047,-13.8672,-0.005,-0.001,-0.01075,-0.007,0,0,2.5595
4958,-12,95,1,0,-17.9766,-15.6484,-19.7422,-13.8828,0.003625,0.00975,0.01225,-0.007,0,0,2.559375
4959,-12,94,1,0,-17.9609,-15.5625,-19.8359,-13.9375,0.0025,0.01175,0.00425,0.009375,0,0,2.5595
4960,-12,96,1,1,-18.0312,-15.6562,-19.8125,-13.9219,-0.014875,0.013,-0.01375,0.003375,0,0,2.560375
4961,-12,97,1,0,-17.9609,-15.6016,-19.7891,-13.9453,-0.013375,0.001,0.016875,0.00425,0,0,2.559125
4962,-12,94,1,0,-18.0391,-15.5391,-19.7344,-13.8594,-0.011375,-0.00725,0.0125,-0.000125,0,0,2.55975
4963,-12,94,1,0,-17.9688,-15.5625,-19.7422,-13.9453,-0.006625,-0.00375,-0.00825,0.0055,1,0,2.55975
4964,-12,95,1,0,-17.9531,-15.6484,-19.8203,-13.9219,0.00225,-0.008125,-0.004125,-0.009875,0,0,2.560375
4965,-12,95,1,0,-17.9609,-15.6172,-19.8125,-13.8984,0.00025,-0.002875,0.01425,-0.00875,0,0,2.56025
4966,-12,96,1,0,-17.9531,-15.5391,-19.8125,-13.8828,0.0065,0.003125,-0.00975,-0.008,0,0,2.560375
4967,-12,97,1,0,-17.9453,-15.6406,-19.7266,-13.8281,-0.0075,-0.011375,-0.00125,-0.00975,0,0,2.56075
4968,-12,95,1,1,-17.9297,-15.5469,-19.7656,-13.9062,-0.012875,0.00575,0.006125,0.00475,0,0,2.55925
4969,-12,94,1,0,-17.9609,-15.5703,-19.8047,-13.9297,-0.012875,-0.01425,0.003,-0.011125,0,0,2.55975
4970,-12,98,1,0,-17.9688,-15.6094,-19.8047,-13.8672,-0.007,0.011125,0.005,0.011,0,0,2.560125
4971,-12,94,1,0,-17.9922,-15.5859,-19.8281,-13.8984,0.001125,0.011875,-0.005375,-0.00775,0,0,2.559875
4972,-12,94,1,0,-17.9375,-15.5859,-19.8359,-13.8516,0.007625,-0.011125,-0.010625,0.00225,0,0,2.559375
4973,-12,96,1,0,-17.9531,-15.5703,-19.8047,-13.9375,0.0025,0.005375,-0.0105,-0.0015,0,0,2.5595
4974,-12,95,1,0,-17.9844,-15.6016,-19.8047,-13.9062,-0.005875,0.00925,0.0115,-0.004375,0,0,2.559125
4975,-12,96,1,0,-17.9844,-15.6016,-19.7578,-13.9453,0.012125,0.0105,0.0075,0.004,0,0,2.559875
4976,-12,96,1,1,-17.9531,-15.5234,-19.7969,-13.8906,-0.002375,-0.004625,-0.01175,0.00725,0,0,2.56025
4977,-12,95,1,0,-18.0312,-15.5234,-19.7812,-13.8672,-0.002,0.012375,-0.005125,-0.007,0,1,2.561
4978,-12,94,1,0,-17.9922,-15.6172,-19.8047,-13.8594,-0.006125,0.00025,0.01175,-0.003125,0,0,2.5605
4979,-12,97,1,0,-17.9297,-15.6406,-19.7188,-13.875,-0.0025,-0.00725,-0.013125,-0.0095,0,0,2.560125
4980,-12,98,1,0,-17.9453,-15.5391,-19.7969,-13.8828,0.001875,-0.007,0.012125,-0.01025,0,0,2.559875
4981,-12,95,1,0,-18.0078,-15.5547,-19.8125,-13.8516,-0.004625,-0.014,-0.006375,-0.008,0,0,2.559375
4982,-12,97,1,0,-17.9531,-15.5859,-19.8125,-13.875,-0.011,0.010375,-0.00775,-0.010875,0,0,2.559875
4983,-12,97,1,0,-17.9141,-15.5859,-19.8203,-13.9062,0.008,-0.00175,-0.005875,0.002375,0,0,2.55925
4984,-12,97,1,1,-17.9297,-15.5703,-19.8125,-13.8281,-0.010625,-0.00225,0.01575,-0.0075,0,0,2.560625
4985,-12,97,1,0,-17.9297,-15.5469,-19.7578,-13.8984,-0.0065,-0.009,0.00775,0.003125,0,0,2.56
4986,-12,94,1,0,-17.9297,-15.5703,-19.75,-13.8594,0.012625,0.01325,-0.01575,-0.003625,0,0,2.559625
4987,-12,98,1,0,-17.9141,-15.5391,-19.75,-13.8516,0.009875,0.003125,0.005875,0.007125,0,0,2.559125
4988,-12,98,1,0,-17.9453,-15.5469,-19.7734,-13.8672,0.01375,-0.003625,-0.0125,-0.01025,0,0,2.559625
4989,-12,96,1,0,-17.9922,-15.5938,-19.7031,-13.8828,0.0115,-0.01025,-0.017625,-0.010125,0,0,2.559625
4990,-12,95,1,0,-18.0234,-15.5547,-19.7266,-13.8516,0.00475,0.002875,-0.006,-0.007125,0,0,2.560375
4991,-12,94,1,0,-18.0156,-15.5703,-19.7031,-13.8438,-0.01025,0.008,-0.0075,-0.007125,0,0,2.55925
4992,-12,96,1,1,-17.8984,-15.5938,-19.75,-13.8828,-0.001,0.005625,-0.001875,-0.006875,0,0,2.56075
4993,-12,98,1,0,-17.9922,-15.5,-19.7656,-13.8516,0.0135,-0.006,-0.017875,-0.004875,0,0,2.559625
4994,-12,95,1,0,-17.8984,-15.5859,-19.7812,-13.8359,-0.00575,-0.014375,0.017375,-0.008875,0,0,2.560375
4995,-12,97,1,0,-18.0078,-15.5078,-19.6953,-13.8047,-0.008125,-0.006125,-0.0055,-0.00025,0,0,2.56
4996,-12,94,1,0,-17.9453,-15.6172,-19.6953,-13.8516,-0.009125,0.00775,-0.016125,0.00225,0,0,2.56
4997,-12,96,1,0,-17.9141,-15.5,-19.7422,-13.8828,-0.0135,-0.007125,-0.0185,-0.009125,0,0,2.559125
4998,-12,97,1,0,-17.9453,-15.5625,-19.7188,-13.8906,0.0095,0.014,0.00075,-0.0085,0,0,2.560375
4999,-12,95,1,0,-17.9688,-15.5781,-19.7734,-13.8516,-0.008875,-0.003125,-0.009875,0.0105,0,0,2.55975
5000,-12,97,1,1,-17.9688,-15.5156,-19.8047,-13.7969,-0.00675,0.013375,-0.00375,-0.002375,0,0,2.560375
5001,-12,96,1,0,-17.9375,-15.5391,-19.6875,-13.8438,-0.0115,0.006875,0.004875,-0.00675,0,0,2.560875
5002,-12,98,1,0,-17.9766,-15.5234,-19.6875,-13.8281,0.0025,-0.005,0.015375,0.006,0,0,2.55925
5003,-12,98,1,0,-17.9219,-15.6016,-19.7812,-13.8047,0.005,-0.005875,0.01875,0.002,1,0,2.560125
5004,-12,97,1,0,-17.9453,-15.5078,-19.7422,-13.8047,0.001625,0.0055,0.013125,0.006875,0,0,2.55925
5005,-12,95,1,0,-17.9062,-15.5703,-19.7734,-13.7891,-0.003625,0.00375,0.01425,0.009375,0,0,2.559625
5006,-12,98,1,0,-17.9297,-15.4766,-19.7656,-13.8203,-0.00825,0.005,0.01225,-0.00175,0,1,2.55925
5007,-12,96,1,0,-17.9688,-15.5781,-19.7188,-13.875,0.002875,0.008875,-0.011125,0.005625,0,0,2.559375
5008,-12,97,1,1,-17.9609,-15.5547,-19.7734,-13.8672,-0.01125,-0.00375,-0.012625,0.011125,0,0,2.560625
5009,-12,96,1,0,-17.8906,-15.4844,-19.7109,-13.8125,0.01225,0.002875,-0.01475,0.01,0,0,2.559875
5010,-12,94,1,0,-17.9922,-15.5234,-19.7109,-13.7969,-0.01275,0.005625,-0.008625,0.00575,0,0,2.560625
5011,-12,94,1,0,-17.9062,-15.5781,-19.7109,-13.7812,0.00775,0.00525,-0.00925,-0.007375,0,0,2.56
5012,-12,97,1,0,-17.9531,-15.5391,-19.6641,-13.7734,0.00725,0.0095,-0.0075,0.00875,0,0,2.5595
5013,-12,97,1,0,-17.9609,-15.5078,-19.7734,-13.7969,-0.008375,0.006375,-0.00925,0.003375,0,0,2.55975
5014,-12,98,1,0,-17.9609,-15.5234,-19.6953,-13.8594,-0.00475,-0.011625,0.0055,-0.00925,0,0,2.559125
5015,-12,96,1,0,-17.9141,-15.4766,-19.7812,-13.8672,0.000625,0.008625,0.0065,0.000625,0,0,2.56025
5016,-12,94,1,1,-17.9062,-15.5391,-19.7656,-13.8359,-0.01225,0.013,-0.004875,-0.00175,0,0,2.560625
5017,-12,96,1,0,-17.9375,-15.4688,-19.75,-13.8281,0.012,-0.011125,-0.004125,-0.0105,0,0,2.560125
5018,-12,97,1,0,-17.8828,-15.4766,-19.6719,-13.8438,0.01425,0.0055,-0.016375,-0.006125,0,0,2.56025
5019,-12,95,1,0,-17.8516,-15.4531,-19.6797,-13.875,0.005875,-0.002,0.003125,0.002875,0,0,2.56075
5020,-12,96,1,0,-17.9297,-15.4609,-19.6797,-13.8516,0.012875,-0.012125,0.009625,-0.003875,1,0,2.560375
5021,-12,97,1,0,-17.8906,-15.5547,-19.7656,-13.7969,-0.005,-0.000125,-0.015875,-0.004875,0,0,2.560875
5022,-12,97,1,0,-17.8438,-15.5078,-19.7422,-13.8047,0.005625,-0.0125,0.005,-0.009125,0,0,2.559875
5023,-12,94,1,0,-17.9062,-15.5234,-19.6641,-13.8047,0.0095,-0.00875,-0.013125,0.003375,0,0,2.561
5024,-12,96,1,1,-17.9531,-15.4531,-19.7578,-13.8125,0.012375,0.01225,0.009625,0.005625,0,1,2.5605
5025,-12,97,1,0,-17.8672,-15.4766,-19.75,-13.75,0.011375,-0.008375,0.013625,0.010125,0,0,2.56075
5026,-12,95,1,0,-17.9453,-15.4531,-19.6562,-13.8281,0.008625,0.0035,-0.01175,-0.01025,0,0,2.56
5027,-12,94,1,0,-17.8438,-15.5312,-19.7266,-13.7969,0.01,0.01425,-0.010375,0.009,0,0,2.56075
5028,-12,96,1,0,-17.8516,-15.5547,-19.6641,-13.8516,-0.007,0.00925,-0.004625,0.010125,0,0,2.56025
5029,-12,97,1,0,-17.8672,-15.5,-19.7109,-13.7266,-0.0135,0.015,-0.0135,0.0095,0,0,2.559375
5030,-12,94,1,0,-17.8594,-15.5469,-19.6797,-13.8125,0.00075,-0.004,-0.010375,0.0015,0,0,2.561
5031,-12,97,1,0,-17.8672,-15.5234,-19.6719,-13.8203,0.003875,-0.0025,0.006625,0.001875,0,0,2.560625
5032,-12,95,1,1,-17.8516,-15.4688,-19.6719,-13.7344,0.001625,-0.012875,0.013625,0.003,0,0,2.559375
5033,-12,96,1,0,-17.8906,-15.5156,-19.6562,-13.7188,0.003125,0.00975,0.001375,0.003875,0,0,2.559875
5034,-12,98,1,0,-17.8359,-15.4766,-19.625,-13.7969,0.0115,-0.0145,-0.007875,0.01125,0,0,2.5605
5035,-12,94,1,0,-17.8672,-15.5312,-19.6641,-13.8125,-0.004125,-0.01225,0.008125,-0.01075,0,0,2.559
5036,-12,98,1,0,-17.9297,-15.5234,-19.6719,-13.7344,-0.004125,0.010375,0.009,0.003375,0,0,2.56025
5037,-12,98,1,0,-17.8672,-15.4922,-19.6172,-13.7266,-0.01275,0.005125,-0.003625,0.000125,0,0,2.560375
5038,-12,95,1,0,-17.9062,-15.4062,-19.6094,-13.7656,0.00175,-0.010875,0.0175,-0.00125,0,0,2.560125
5039,-12,96,1,0,-17.8594,-15.4922,-19.6328,-13.8203,-0.011,-0.002,-0.01375,0.003,0,0,2.56
5040,-12,97,1,1,-17.8594,-15.4219,-19.7188,-13.7422,-0.003,-0.005375,0.0085,0.0,0,0,2.56075
5041,-12,98,1,0,-17.7969,-15.4766,-19.6641,-13.75,-0.014,0.002625,0.000625,0.00725,0,0,2.55975
5042,-12,95,1,0,-17.875,-15.4375,-19.6484,-13.7344,-0.005,-0.012,-0.0175,-0.005625,0,0,2.560625
5043,-12,94,1,0,-17.8594,-15.5156,-19.6328,-13.7031,0.004125,0.01125,-0.0055,0.0085,0,0,2.5595
5044,-12,98,1,0,-17.7891,-15.4688,-19.6797,-13.7422,-0.01325,-0.008125,0.00325,-0.00625,0,0,2.5605
5045,-12,96,1,0,-17.8047,-15.4531,-19.7031,-13.6875,0.01125,-0.014625,-0.00025,-0.01,0,0,2.560625
5046,-12,95,1,0,-17.8125,-15.3828,-19.6328,-13.75,-0.011625,0.014,0.005625,0.00025,0,0,2.5595
5047,-12,96,1,0,-17.7812,-15.4766,-19.6484,-13.7734,0.003375,-0.00175,-0.010125,-0.005125,0,0,2.5605
5048,-12,95,1,1,-17.7812,-15.3906,-19.625,-13.7812,-0.01475,-0.01375,0.013125,-0.003125,1,0,2.559625
5049,-12,97,1,0,-17.875,-15.4219,-19.6641,-13.7031,0.015,-0.010125,0.012875,0.009875,0,0,2.5605
5050,-12,96,1,0,-17.8906,-15.4844,-19.5781,-13.7422,-0.00325,-0.012625,-0.008375,0.00125,0,0,2.560375
5051,-12,98,1,0,-17.8516,-15.4297,-19.6719,-13.6797,-0.00125,0.011875,-0.015,-0.006125,0,0,2.5605
5052,-12,95,1,0,-17.8047,-15.3984,-19.6484,-13.6719,-0.004125,0.013125,0.0005,0.010625,0,0,2.55975
5053,-12,98,1,0,-17.8438,-15.4453,-19.6016,-13.7812,0.005625,0.013125,-0.01725,-0.0025,0,0,2.559625
5054,-12,97,1,0,-17.7578,-15.4219,-19.6797,-13.7656,-0.0005,-0.007,-0.00125,-0.001125,0,0,2.559875
5055,-12,94,1,0,-17.7656,-15.4688,-19.5859,-13.7031,0.010375,0.00475,-0.015,-0.010375,0,0,2.56
5056,-12,95,1,1,-17.8359,-15.3828,-19.6016,-13.7422,0.010375,0.00125,0.0185,0.01025,0,0,2.559625
5057,-12,94,1,0,-17.8672,-15.4219,-19.5781,-13.7266,-0.009375,0.007125,-0.0015,0.007625,0,0,2.56025
5058,-12,95,1,0,-17.7578,-15.4688,-19.5781,-13.7031,0.008,0.014375,0.012375,0.009375,0,0,2.560125
5059,-12,96,1,0,-17.8047,-15.4609,-19.625,-13.7344,-0.0095,-0.005875,-0.015625,-0.0085,0,0,2.559125
5060,-12,94,1,0,-17.7422,-15.4609,-19.6172,-13.6406,0.007375,-0.013875,-0.0055,-0.003125,0,0,2.559125
5061,-12,96,1,0,-17.7578,-15.3984,-19.5703,-13.6797,0.007125,-0.010125,0.00375,-0.011,0,1,2.55925
5062,-12,94,1,0,-17.8047,-15.4531,-19.625,-13.6641,-0.014625,0.0025,-0.008,0.009,0,0,2.55925
5063,-12,97,1,0,-17.7578,-15.4531,-19.5625,-13.6406,0.0075,-0.013875,-0.011875,-0.006125,0,0,2.5605
5064,-12,97,1,1,-17.8281,-15.3438,-19.6094,-13.7266,-0.00025,-0.0055,0.0115,-0.002625,0,0,2.560125
5065,-12,94,1,0,-17.8125,-15.3516,-19.5859,-13.625,0.004625,-0.0125,-0.013125,-0.001875,0,0,2.559625
5066,-12,96,1,0,-17.8125,-15.4375,-19.6172,-13.7188,0.005,-0.010875,-0.00475,-0.0045,0,0,2.561
5067,-12,94,1,0,-17.7969,-15.3672,-19.6094,-13.6641,-0.00375,0.005125,0.007125,0.00775,0,0,2.55925
5068,-12,96,1,0,-17.7969,-15.3906,-19.5234,-13.7031,-0.004,-0.005625,0.00075,0.007375,0,0,2.560375
5069,-12,98,1,0,-17.7188,-15.3281,-19.5781,-13.7188,-0.013875,0.001625,-0.01525,0.00175,0,0,2.559375
5070,-12,94,1,0,-17.7031,-15.3594,-19.6094,-13.6328,0.003125,-0.012625,0.01825,-0.007375,0,0,2.5605
5071,-12,94,1,0,-17.75,-15.3594,-19.5703,-13.6953,-0.0085,-0.0085,0.00775,-0.008875,0,0,2.559125
5072,-12,94,1,1,-17.7891,-15.3125,-19.5859,-13.625,0.00625,0.007875,0.01725,0.001625,0,0,2.56025
5073,-12,96,1,0,-17.8047,-15.3672,-19.5156,-13.6875,0.002875,-0.00975,0.0135,0.007125,0,0,2.560625
5074,-12,97,1,0,-17.75,-15.3047,-19.5312,-13.6016,0.009,-0.0005,-0.002625,-0.004,0,0,2.559875
5075,-12,98,1,0,-17.7891,-15.3906,-19.5547,-13.6016,-0.005875,0.00425,-0.004125,-0.004875,0,0,2.559375
5076,-12,96,1,0,-17.7344,-15.375,-19.4922,-13.6172,0.00225,0.003125,-0.010125,0.01,1,0,2.559125
5077,-12,94,1,0,-17.7578,-15.3281,-19.5312,-13.6328,-0.006875,-0.001125,-0.00725,0.007375,0,0,2.559125
5078,-12,96,1,0,-17.6875,-15.2891,-19.4844,-13.5859,-0.013875,0.00675,0.012625,-0.00125,0,0,2.55975
5079,-12,96,1,0,-17.7266,-15.3516,-19.5,-13.5859,-0.006125,0.000625,0.013625,0.003,0,0,2.55925
5080,-12,95,1,1,-17.7031,-15.2969,-19.5781,-13.6797,0.008375,-0.00275,-0.0105,0.008125,0,0,2.559125
5081,-12,94,1,0,-17.6719,-15.3047,-19.5859,-13.6875,0.014,-0.0095,-0.009875,-0.00175,0,0,2.560125
5082,-12,94,1,0,-17.7578,-15.375,-19.5781,-13.6016,0.0145,-0.01175,0.007375,-0.01125,0,1,2.56025
5083,-12,95,1,0,-17.75,-15.2578,-19.4844,-13.5703,0.006375,-0.007125,-0.0035,-0.00525,0,0,2.561
5084,-12,97,1,0,-17.7656,-15.3125,-19.4844,-13.6719,0.012125,-0.00675,-0.0145,0.005125,0,0,2.55925
5085,-12,95,1,0,-17.7734,-15.3359,-19.5234,-13.5625,-0.009,0.01425,-0.016375,-0.010875,0,0,2.560375
5086,-12,97,1,0,-17.7344,-15.3594,-19.4922,-13.5781,-0.015,-0.010125,0.01875,0.002875,0,0,2.559625
5087,-12,98,1,0,-17.6641,-15.3047,-19.4844,-13.6016,-0.014,-0.011,0.018,0.00525,0,0,2.561
5088,-12,97,1,1,-17.6641,-15.2656,-19.4609,-13.5703,0.012625,-0.013,0.01725,0.002125,0,0,2.559875
5089,-12,94,1,0,-17.7266,-15.3516,-19.4844,-13.6562,-0.0085,-0.003625,-0.0085,0.007,0,0,2.55975
5090,-12,96,1,0,-17.6562,-15.2891,-19.4922,-13.5781,-0.012875,-0.00475,0.0185,-0.002875,0,0,2.559125
5091,-12,97,1,0,-17.7422,-15.2422,-19.5469,-13.5547,0.014125,-0.007875,0.000125,0.01075,0,0,2.559875
5092,-12,97,1,0,-17.7188,-15.25,-19.4922,-13.5391,0.0025,0.010375,-0.00425,0.010375,0,0,2.559
5093,-12,98,1,0,-17.7266,-15.3047,-19.5312,-13.625,0.003125,-0.013375,0.0075,-0.000625,0,0,2.5605
5094,-12,95,1,0,-17.6641,-15.3125,-19.4531,-13.5938,-0.002875,0.0075,0.012875,0.001125,0,0,2.55925
5095,-12,96,1,0,-17.6094,-15.3203,-19.5312,-13.5859,0.0035,-0.00675,0.011875,0.004,0,0,2.56075
5096,-12,97,1,1,-17.6875,-15.2656,-19.4141,-13.5234,-0.00225,-0.00675,0.004875,-0.003,0,0,2.56075
5097,-12,95,1,0,-17.6094,-15.2109,-19.4688,-13.6016,-0.00025,0.007,0.00975,-0.001,0,0,2.559125
5098,-12,96,1,0,-17.6328,-15.2734,-19.4141,-13.5781,0.00575,-0.009625,0.015625,-0.009625,0,0,2.560625
5099,-12,96,1,0,-17.6094,-15.2891,-19.4688,-13.5156,0.00575,-0.014,-0.018,0.009375,0,0,2.55925
5100,-12,98,1,0,-17.625,-15.1875,-19.4609,-13.5391,-0.0115,-0.007,0.00375,-0.007625,1,0,2.559125
5101,-12,98,1,0,-17.5859,-15.2109,-19.4766,-13.6016,0.005625,0.011875,-0.00025,0.00575,0,0,2.559125
5102,-12,96,1,0,-17.6562,-15.1953,-19.4453,-13.5781,0.007625,0.0065,0.018625,-0.004,0,0,2.559625
5103,-12,97,1,0,-17.5781,-15.2812,-19.375,-13.5469,-0.0045,0.01425,-0.01025,0.00975,0,0,2.5605
5104,-12,96,1,1,-17.6406,-15.1875,-19.4219,-13.5,-0.00125,0.004375,0.01825,-0.009875,0,0,2.560625
5105,-12,98,1,0,-17.6719,-15.2344,-19.4453,-13.4922,-0.006375,-0.013125,0.001125,-0.002375,0,0,2.560625
5106,-12,94,1,0,-17.6641,-15.1641,-19.3594,-13.5547,-0.008125,0.002625,-0.0115,0.0055,0,0,2.559875
5107,-12,98,1,0,-17.5703,-15.1641,-19.4375,-13.5078,-0.013875,-0.002375,-0.0075,-0.003625,0,0,2.55975
5108,-12,97,1,0,-17.5547,-15.2031,-19.3594,-13.5547,-0.013875,-0.003,0.009375,0.009375,0,0,2.560125
5109,-12,97,1,0,-17.6562,-15.2656,-19.4453,-13.5469,0.009375,0.008375,0.016625,-0.0005,0,0,2.559875
5110,-12,98,1,0,-17.625,-15.2344,-19.3594,-13.5156,0.00825,0.006125,-0.00725,0.00125,0,0,2.561
5111,-12,95,1,0,-17.5859,-15.1719,-19.3672,-13.5391,-0.00775,-0.001125,0.003125,0.002,0,0,2.56025
5112,-12,95,1,1,-17.5859,-15.25,-19.4531,-13.5,-0.000625,-0.008375,-0.001375,-0.005125,0,0,2.56075
5113,-12,94,1,0,-17.5859,-15.1875,-19.3984,-13.5391,0.013,0.010625,-0.0085,-0.009625,0,0,2.5605
5114,-12,97,1,0,-17.5234,-15.2266,-19.3281,-13.4531,0.000875,-0.001625,0.01225,-0.001375,0,0,2.560625
5115,-12,96,1,0,-17.5234,-15.2422,-19.3594,-13.4219,-0.013375,-0.01475,-0.017375,-0.0055,0,0,2.560125
5116,-12,98,1,0,-17.5312,-15.1641,-19.4219,-13.4922,0.00075,-0.004125,-0.00875,0.002625,0,0,2.55925
5117,-12,97,1,0,-17.5938,-15.1719,-19.3125,-13.4688,-0.01425,-0.01025,0.009125,0.006625,0,0,2.559375
5118,-12,97,1,0,-17.6016,-15.2031,-19.3047,-13.4453,-0.00325,0.009125,0.005,-0.008375,0,0,2.559125
5119,-12,97,1,0,-17.5469,-15.1094,-19.3828,-13.5234,-0.011375,0.0135,-0.013625,0.00475,0,0,2.5605
5120,-12,98,1,1,-17.5781,-15.1484,-19.4141,-13.4219,-0.011375,0.000875,0.007,0.008375,0,0,2.560375
5121,-12,98,1,0,-17.5234,-15.1641,-19.3281,-13.4531,-0.007625,-0.008625,-0.01775,0.003375,0,0,2.560875
5122,-12,96,1,0,-17.4922,-15.1641,-19.3828,-13.4375,-0.014375,-0.01175,-0.015625,-0.01025,0,0,2.559875
5123,-12,94,1,0,-17.5547,-15.1094,-19.3906,-13.3984,0.00175,-0.014,-0.00475,0.003875,0,0,2.559125
5124,-12,98,1,0,-17.5781,-15.0938,-19.3594,-13.4141,-0.00125,-0.009,0.0015,-0.006125,0,1,2.56025
5125,-12,97,1,0,-17.5703,-15.1328,-19.3828,-13.4219,-0.000375,0.01125,0.0125,-0.00825,0,0,2.560125
5126,-12,94,1,0,-17.5469,-15.0625,-19.3672,-13.4141,-0.00425,-0.002875,-0.00775,0.0105,0,0,2.55925
5127,-12,98,1,0,-17.5547,-15.0703,-19.2891,-13.4219,-0.010625,0.0145,0.007,-0.008875,0,0,2.55975
5128,-12,96,1,1,-17.4531,-15.1094,-19.3281,-13.3984,-0.014125,0.00775,0.009,0.000375,0,0,2.5595
5129,-12,98,1,0,-17.5391,-15.0703,-19.3516,-13.3828,-0.0115,0.014375,0.008625,0.007625,0,0,2.56075
5130,-12,94,1,0,-17.5469,-15.125,-19.3359,-13.4453,-0.005625,0.009375,0.00225,0.000125,0,0,2.560125
5131,-12,95,1,0,-17.5312,-15.1016,-19.3125,-13.4297,-0.005875,0.00475,0.004375,-0.008375,0,0,2.55975
5132,-11,95,1,0,-17.5391,-15.1172,-19.2578,-13.4141,0.009375,-0.011,-0.01325,0.006875,0,0,2.560875
5133,-11,96,1,0,-17.4531,-15.1172,-19.25,-13.3906,0.013125,0.00525,-0.012625,0.00025,0,0,2.559875
5134,-11,98,1,0,-17.4375,-15.1172,-19.2734,-13.3438,0.001,0.0045,-0.009125,0.006,0,0,2.560875
5135,-11,95,1,0,-17.4297,-15.0703,-19.3281,-13.4375,0.0105,-0.007625,-0.00225,-0.007125,0,0,2.5605
5136,-11,95,1,1,-17.4375,-15.0156,-19.2344,-13.3516,-0.003375,-0.011375,0.00375,0.009,0,0,2.5605
5137,-11,96,1,0,-17.5078,-15.0312,-19.3203,-13.3594,-0.009,0.0085,0.00975,0.00625,0,0,2.56075
5138,-11,97,1,0,-17.4141,-15.0312,-19.3203,-13.3516,-0.0065,-0.000125,0.007875,-0.00925,0,0,2.56025
5139,-11,97,1,0,-17.5,-15.0859,-19.2812,-13.3594,-0.00725,0.007875,0.0145,0.010625,0,0,2.559125
5140,-11,96,1,0,-17.5156,-15.0547,-19.3047,-13.3828,0.014,0.003625,0.011625,0.001375,1,0,2.559
5141,-11,97,1,0,-17.5,-15.1094,-19.2969,-13.3594,0.004,0.0095,0.018625,0.002,0,0,2.559625
5142,-11,94,1,0,-17.3906,-15.0156,-19.2812,-13.3125,0.0025,-0.01375,-0.004125,-0.006,0,0,2.56025
5143,-11,98,1,0,-17.3828,-15.0703,-19.2031,-13.2734,-0.014625,-0.0105,-0.004125,-0.0075,0,1,2.559375
5144,-11,96,1,1,-17.4922,-15.0938,-19.1719,-13.3594,0.0045,0.00425,-0.0175,-0.009375,0,0,2.560625
5145,-11,95,1,0,-17.4141,-15.0547,-19.1875,-13.3281,0.003625,0.00325,-0.00075,0.003875,0,0,2.55975
5146,-11,94,1,0,-17.4609,-15.0,-19.2734,-13.3516,0.00975,0.00375,-0.0005,-0.00275,0,0,2.561
5147,-11,98,1,0,-17.375,-15.0469,-19.1641,-13.3125,-0.001375,-0.004875,0.012875,-0.00825,0,0,2.56
5148,-11,98,1,0,-17.4375,-14.9922,-19.2578,-13.2969,0.002375,-0.01475,-0.007625,0.0095,0,0,2.560375
5149,-11,97,1,0,-17.3828,-14.9766,-19.2266,-13.3125,0.00425,0.010875,0.0055,0.010125,0,0,2.56025
5150,-11,95,1,0,-17.3359,-14.9609,-19.2188,-13.2812,0.01375,-0.0145,-0.01,0.004,0,0,2.559
5151,-11,95,1,0,-17.4453,-14.9844,-19.1484,-13.2422,0.008875,0.00925,0.0135,0.0075,0,0,2.5595
5152,-11,96,1,1,-17.4297,-14.9844,-19.1797,-13.3047,-0.012625,-0.006875,0.01025,-0.002625,0,0,2.560875
5153,-11,97,1,0,-17.3906,-15.0,-19.1406,-13.3203,-0.007375,0.0035,0.001625,0.007875,0,0,2.55975
5154,-11,95,1,0,-17.3438,-14.9375,-19.1953,-13.2656,-0.004375,-0.00575,-0.011625,-0.00425,0,0,2.559625
5155,-11,96,1,0,-17.3672,-15.0,-19.1797,-13.2969,-0.000625,-0.01475,-0.000875,0.007125,0,0,2.561
5156,-11,97,1,0,-17.375,-14.9062,-19.125,-13.3047,-0.0095,0.009375,0.00425,-0.0005,0,0,2.560625
5157,-11,98,1,0,-17.3281,-15.0,-19.1484,-13.3203,-0.010875,0.003125,-0.00925,-0.0015,0,0,2.559
5158,-11,97,1,0,-17.3203,-14.9531,-19.1641,-13.2188,-0.00225,0.00025,0.003625,-0.000125,0,0,2.559375
5159,-11,98,1,0,-17.3047,-14.9844,-19.1641,-13.2188,-0.009625,-0.003625,0.004875,-0.006375,0,0,2.560625
5160,-11,95,1,1,-17.3359,-14.9062,-19.1484,-13.2734,0.002375,-0.01175,0.01225,0.00475,1,0,2.561
5161,-11,98,1,0,-17.3906,-14.9453,-19.1641,-13.2812,0.002625,-0.012375,0.01225,0.008,0,0,2.559875
5162,-11,95,1,0,-17.2969,-14.9609,-19.1094,-13.2656,-0.00175,0.015,-0.00825,0.00325,0,0,2.559125
5163,-11,97,1,0,-17.3828,-14.9141,-19.1484,-13.1641,0.002875,0.00825,0.014875,-0.0075,0,0,2.560875
5164,-11,94,1,0,-17.2891,-14.9141,-19.0938,-13.2734,0.007,-0.008625,0.005,0.003375,0,0,2.560625
5165,-11,97,1,0,-17.2578,-14.9219,-19.1172,-13.1797,-0.000375,-0.008125,-0.00225,-0.008375,0,0,2.561
5166,-11,94,1,0,-17.2422,-14.9453,-19.1406,-13.1562,0.002,-0.01425,0.01575,-0.002375,0,0,2.560625
5167,-11,97,1,0,-17.2578,-14.9062,-19.0938,-13.25,0.01025,-0.01225,-0.01525,-0.009875,0,0,2.560125
5168,-11,95,1,1,-17.3047,-14.8906,-19.0312,-13.1797,-0.00125,0.01125,-0.012375,0.011125,0,0,2.5595
5169,-11,97,1,0,-17.2734,-14.8672,-19.1484,-13.2266,0.005125,0.013625,0.001375,0.00125,0,0,2.559625
5170,-11,97,1,0,-17.3359,-14.8359,-19.0312,-13.2109,0.0115,-0.008,0.008625,0.0095,0,0,2.5595
5171,-11,97,1,0,-17.2656,-14.9141,-19.1016,-13.2109,0.009125,0.005375,-0.015125,-0.0075,0,0,2.56025
5172,-11,96,1,0,-17.25,-14.8047,-19.0703,-13.1094,0.010875,0.002625,-0.01075,0.002625,0,0,2.5595
5173,-11,98,1,0,-17.25,-14.8906,-19.0,-13.2188,0.007625,0.0125,0.01775,-0.010375,0,0,2.560875
5174,-11,95,1,0,-17.2969,-14.9141,-19.0156,-13.1562,-0.00825,-0.014,-0.005875,-0.005875,0,0,2.559
5175,-11,94,1,0,-17.25,-14.7891,-19.0078,-13.1719,-0.01375,0.01075,-0.003375,-0.0045,0,0,2.5605
5176,-11,98,1,1,-17.3047,-14.8047,-19.0234,-13.1484,0.01025,0.00375,0.010375,0.009375,0,0,2.56
5177,-11,95,1,0,-17.2891,-14.8984,-19.0391,-13.1328,0.013125,-0.010875,0.009375,0.00525,0,0,2.55975
5178,-11,94,1,0,-17.1719,-14.8516,-19.0859,-13.1797,0.008625,0.00875,-0.005875,-0.01,0,0,2.559125
5179,-11,98,1,0,-17.2109,-14.7812,-19.0859,-13.1641,0.00075,-0.004125,0.0065,0.010125,0,1,2.560125
5180,-11,95,1,0,-17.1562,-14.7891,-18.9844,-13.1562,0.002875,-0.01275,-0.0095,-0.009125,0,0,2.560875
5181,-11,96,1,0,-17.2109,-14.8281,-18.9922,-13.1562,0.0015,0.014375,-0.016375,0.002125,0,0,2.55925
5182,-11,97,1,0,-17.1719,-14.7812,-19.0156,-13.0859,-0.00775,-0.0075,-0.0045,-0.00875,0,0,2.56025
5183,-11,98,1,0,-17.2578,-14.75,-18.9766,-13.0469,-0.000125,0.0055,0.011875,0.001125,0,0,2.560875
5184,-11,94,1,1,-17.25,-14.7578,-18.9922,-13.0703,0.0035,0.00125,0.009125,0.00175,0,0,2.56075
5185,-11,96,1,0,-17.125,-14.7969,-18.9609,-13.0703,-0.009125,0.007875,-0.00025,0.007125,0,0,2.559375
5186,-11,96,1,0,-17.1562,-14.7344,-18.9688,-13.0547,-0.008875,0.008125,0.018375,0.006125,0,0,2.560625
5187,-11,94,1,0,-17.1172,-14.7812,-18.9922,-13.0078,0.002375,0.00525,0.002375,-0.008,0,0,2.55975
5188,-11,94,1,0,-17.1641,-14.7656,-19.0156,-13.0859,0.0,-0.013125,0.00825,0.010375,0,0,2.56025
5189,-11,98,1,0,-17.2109,-14.7188,-19.0,-13.1094,0.00075,0.014375,0.01775,-0.001375,0,0,2.560125
5190,-11,98,1,0,-17.1875,-14.7812,-18.9297,-13.1094,-0.01475,-0.001125,-0.009625,0.00275,0,0,2.560625
5191,-11,98,1,0,-17.1875,-14.7656,-18.9531,-13.0234,0.01275,0.010375,0.006125,-0.005,0,0,2.56
5192,-11,94,1,1,-17.125,-14.7031,-18.9531,-13.0547,0.011375,0.011125,-0.00175,0.00475,0,0,2.5595
5193,-11,94,1,0,-17.0938,-14.6797,-18.8828,-12.9688,0.00125,0.00775,-0.017625,0.001625,0,0,2.559125
5194,-11,94,1,0,-17.125,-14.7266,-18.875,-13.0156,0.01125,-0.001,-0.01575,-0.002625,0,0,2.55975
5195,-11,97,1,0,-17.1641,-14.7031,-18.875,-12.9766,0.009125,0.013625,0.01375,-0.003625,0,0,2.5595
5196,-11,98,1,0,-17.1562,-14.7422,-18.9688,-13.0078,0.00725,0.01025,0.014625,0.006125,0,0,2.559
5197,-11,94,1,0,-17.1016,-14.6719,-18.9297,-13.0391,-0.009375,-0.002125,-0.0075,0.00725,0,0,2.561
5198,-11,97,1,0,-17.1562,-14.6875,-18.9531,-12.9531,-0.01175,0.00325,-0.0005,0.007625,0,0,2.559625
5199,-11,97,1,0,-17.0781,-14.6406,-18.8906,-13.0,-0.014125,0.01475,0.0185,-0.007375,0,0,2.55975
5200,-11,98,1,1,-17.1328,-14.6328,-18.8828,-13.0234,0.007375,0.014875,0.004375,-0.004625,0,0,2.559
5201,-11,94,1,0,-17.1172,-14.6562,-18.8438,-12.9531,-0.000875,-0.010875,0.0105,-0.01075,0,0,2.559375
5202,-11,98,1,0,-17.125,-14.6172,-18.8906,-12.9766,-0.0045,0.0085,0.012,0.007625,0,0,2.559625
5203,-11,95,1,0,-17.0078,-14.6641,-18.8438,-12.9844,0.003625,-0.012375,0.008625,-0.002375,0,0,2.56025
5204,-11,96,1,0,-17.0703,-14.7031,-18.8906,-12.9531,-0.00775,-0.012125,-0.003375,0.00725,0,0,2.559125
5205,-11,96,1,0,-17.0156,-14.5859,-18.8672,-12.9766,-0.007,0.003875,0.0065,0.00825,0,0,2.559875
5206,-11,95,1,0,-17.0781,-14.6016,-18.7812,-12.9922,-0.0015,-0.004125,0.01775,-0.006875,0,0,2.560375
5207,-11,96,1,0,-17.0391,-14.6953,-18.8359,-12.9062,0.011375,-0.009125,0.007375,-0.0025,0,0,2.559
5208,-11,97,1,1,-17.0625,-14.6719,-18.8047,-12.8672,-0.0045,0.000375,-0.002875,-0.005625,1,0,2.560125
5209,-11,98,1,0,-17.0078,-14.5781,-18.8672,-12.9453,-0.004375,0.009875,0.01625,-0.002,0,0,2.5605
5210,-11,96,1,0,-16.9688,-14.5625,-18.7734,-12.9531,-0.013125,0.005,-0.0055,0.0035,0,0,2.559375
5211,-11,96,1,0,-17.0,-14.625,-18.8125,-12.8516,0.013875,0.003,0.015375,0.01075,0,1,2.560875
5212,-11,94,1,0,-17.0547,-14.5547,-18.8438,-12.9297,0.012,-0.007625,0.01725,-0.0005,0,0,2.560875
5213,-11,94,1,0,-16.9766,-14.6406,-18.7812,-12.8672,-0.00575,0.00575,0.001,-0.01075,0,0,2.560375
5214,-11,96,1,0,-16.9453,-14.6328,-18.8125,-12.9453,-0.003125,0.004125,-0.0075,0.007375,0,0,2.5605
5215,-11,96,1,0,-17.0234,-14.5859,-18.8047,-12.8359,-0.000125,0.0045,0.00875,0.001125,0,0,2.559875
5216,-11,95,1,1,-16.9297,-14.5938,-18.7812,-12.8438,-0.014,-0.003875,-0.00875,-0.010375,0,0,2.55975
5217,-11,97,1,0,-17.0078,-14.5938,-18.7734,-12.9219,-0.004,-0.014125,0.007625,-0.007375,0,0,2.5605
5218,-11,98,1,0,-17.0156,-14.5547,-18.7188,-12.7891,0.008625,-0.002125,-0.016875,-0.00625,0,0,2.56
5219,-11,97,1,0,-16.9766,-14.5312,-18.7812,-12.8984,0.01,-0.001625,-0.014875,-0.011,0,0,2.55925
5220,-11,94,1,0,-16.9453,-14.5469,-18.7891,-12.8984,0.005125,-0.002,0.01825,0.002,0,0,2.56
5221,-11,95,1,0,-16.9375,-14.4766,-18.7734,-12.8828,-0.006625,-0.01475,-0.010125,0.006625,0,0,2.559375
5222,-11,97,1,0,-16.9609,-14.4609,-18.6797,-12.8828,0.00575,-0.001,-0.01175,0.0045,0,0,2.559875
5223,-11,96,1,0,-16.9375,-14.5234,-18.6953,-12.8672,-0.00825,-0.011625,-0.005,-0.00175,0,0,2.55975
5224,-11,94,1,1,-16.9297,-14.5469,-18.6953,-12.7656,-0.01125,0.00425,-0.001,0.003875,1,0,2.5595
5225,-11,97,1,0,-16.9219,-14.4375,-18.6484,-12.8594,0.00225,-0.010875,0.016375,-0.003,0,0,2.56075
5226,-11,97,1,0,-16.8359,-14.5,-18.7188,-12.8047,-0.007375,0.009625,-0.013375,-0.010625,0,0,2.55975
5227,-11,98,1,0,-16.8828,-14.4531,-18.7109,-12.7266,-0.0085,0.011625,0.01475,0.00425,0,0,2.559625
5228,-11,98,1,0,-16.9297,-14.4844,-18.7188,-12.8359,-0.00975,-0.006375,0.014375,-0.00025,0,0,2.5605
5229,-11,94,1,0,-16.8984,-14.5,-18.7031,-12.7891,-0.012625,-0.011,0.005125,-0.008875,0,0,2.560625
5230,-11,98,1,0,-16.8516,-14.5078,-18.7188,-12.7578,-0.00675,-0.01025,-0.006875,-0.0095,0,0,2.560625
5231,-11,98,1,0,-16.8047,-14.4375,-18.625,-12.7734,-0.004625,0.010875,0.01175,0.00475,0,0,2.559375
5232,-11,97,1,1,-16.9062,-14.5078,-18.5938,-12.7969,-0.0115,-0.009875,0.01025,-0.002625,0,0,2.559625
5233,-11,94,1,0,-16.875,-14.4297,-18.6094,-12.7656,-0.01075,0.00175,-0.0055,-0.009125,0,0,2.561
5234,-11,94,1,0,-16.8672,-14.3906,-18.6641,-12.6719,-0.00225,-0.01475,0.010875,0.002375,0,0,2.560125
5235,-11,97,1,0,-16.7734,-14.375,-18.5625,-12.7422,0.00925,0.010875,0.01775,-0.009625,0,0,2.561
5236,-11,94,1,0,-16.7812,-14.3984,-18.5859,-12.7344,0.009125,0.0065,-0.009875,0.0055,0,0,2.560125
5237,-11,96,1,0,-16.8281,-14.4531,-18.5547,-12.6562,0.00025,-0.003125,0.01825,0.000875,0,1,2.561
5238,-11,94,1,0,-16.8516,-14.3672,-18.5703,-12.6953,-0.0065,0.01025,0.017375,-0.0035,0,0,2.55975
5239,-11,98,1,0,-16.7578,-14.3984,-18.6484,-12.7422,0.005,-0.000375,-0.008625,0.006625,0,0,2.56075
5240,-11,94,1,1,-16.7734,-14.3594,-18.6016,-12.6797,0.01425,0.00275,-0.00875,-0.010125,0,0,2.56075
5241,-11,94,1,0,-16.7188,-14.3281,-18.5938,-12.6562,-0.005625,0.012375,-0.0085,0.001,0,0,2.560375
5242,-11,96,1,0,-16.7578,-14.4062,-18.5234,-12.6875,0.002875,-0.011625,-0.014875,-0.010875,0,0,2.560375
5243,-11,97,1,0,-16.75,-14.4062,-18.5859,-12.6719,-0.010625,0.00675,-0.013,0.0055,0,0,2.5605
5244,-11,98,1,0,-16.8047,-14.3672,-18.5938,-12.6641,-0.004625,-0.014875,-0.010375,-0.0045,0,0,2.56025
5245,-11,95,1,0,-16.7656,-14.3359,-18.5703,-12.5938,-0.01,-0.00275,-0.013125,-0.006125,0,0,2.559375
5246,-11,94,1,0,-16.7266,-14.2969,-18.4922,-12.6953,0.013125,-0.006625,-0.008375,-0.005125,0,0,2.560125
5247,-11,95,1,0,-16.7891,-14.2969,-18.5156,-12.5938,0.00725,0.000375,0.001875,-0.007125,0,0,2.561
5248,-11,95,1,1,-16.6719,-14.2812,-18.5781,-12.625,0.012125,-0.009375,-0.013625,-0.000875,0,0,2.55975
5249,-11,94,1,0,-16.7266,-14.3203,-18.5469,-12.6094,-0.008125,-0.00925,0.006,0.008125,0,0,2.560125
5250,-11,97,1,0,-16.6953,-14.3438,-18.4531,-12.5391,-0.007375,0.004875,-0.011,-0.009625,0,0,2.56025
5251,-11,95,1,0,-16.6562,-14.3359,-18.4922,-12.5547,-0.002875,-0.013625,0.003,-0.00925,0,0,2.56
5252,-11,96,1,0,-16.625,-14.3359,-18.4531,-12.5391,-0.0085,0.015,-0.003125,0.000375,0,0,2.560125
5253,-11,98,1,0,-16.6641,-14.2969,-18.5234,-12.6094,0.0015,0.006375,0.0035,-0.0105,0,0,2.559375
5254,-11,96,1,0,-16.6797,-14.2422,-18.4922,-12.5156,0.00275,-0.011125,-0.013375,0.00825,0,0,2.559875
5255,-11,97,1,0,-16.6094,-14.2188,-18.5234,-12.5469,-0.015,0.00175,-0.011,0.001,0,0,2.561
5256,-11,97,1,1,-16.6797,-14.2812,-18.4297,-12.5547,-0.01075,0.001375,0.008875,0.01,0,0,2.56075
5257,-11,97,1,0,-16.6328,-14.2031,-18.4922,-12.5547,-0.014375,-0.0115,0.008,0.008125,0,0,2.55975
5258,-11,95,1,0,-16.6484,-14.2812,-18.4766,-12.5234,-0.0015,-0.00175,0.014375,-0.0085,0,0,2.559375
5259,-11,96,1,0,-16.6641,-14.2734,-18.375,-12.4688,0.012625,0.013875,0.012875,0.009625,0,0,2.560875
5260,-11,94,1,0,-16.5859,-14.25,-18.4453,-12.5703,-0.009875,0.002875,0.005625,-0.001875,1,0,2.560375
5261,-11,97,1,0,-16.5703,-14.2734,-18.4688,-12.5234,0.009875,-0.014125,-0.00525,-0.00125,0,0,2.560125
5262,-11,94,1,0,-16.6328,-14.2109,-18.3438,-12.4375,0.00975,-0.003625,0.001125,0.00325,0,0,2.559375
5263,-11,97,1,0,-16.6094,-14.1328,-18.4453,-12.4609,0.011,-0.004,-0.01525,-0.000875,0,0,2.560125
5264,-11,96,1,1,-16.6016,-14.1562,-18.4453,-12.5312,-0.00875,-0.003625,-0.001875,-0.01125,0,0,2.560125
5265,-11,98,1,0,-16.6328,-14.125,-18.3281,-12.5156,-0.0005,-0.003875,-0.015375,0.006,0,0,2.56
5266,-11,95,1,0,-16.5781,-14.1562,-18.3359,-12.4844,0.00375,0.014375,0.006375,0.007625,0,0,2.559625
5267,-11,98,1,0,-16.5156,-14.1172,-18.3516,-12.4219,-0.003375,0.0045,0.016625,0.010875,0,0,2.561
5268,-11,98,1,0,-16.6094,-14.0859,-18.3906,-12.4375,-0.006875,0.009375,-0.0125,-0.00425,0,0,2.559
5269,-11,95,1,0,-16.5078,-14.2031,-18.3516,-12.4375,-0.006375,0.003125,0.01375,-0.007875,0,0,2.561
5270,-11,94,1,0,-16.5938,-14.1953,-18.3516,-12.4844,0.006,-0.00375,-0.01825,0.0015,0,0,2.56
5271,-11,96,1,0,-16.5547,-14.0938,-18.3047,-12.3594,0.00975,0.01,-0.003875,-0.003375,0,0,2.5595
5272,-11,95,1,1,-16.5078,-14.1562,-18.375,-12.4219,-0.008125,-0.009875,0.00825,0.007875,0,0,2.559625
5273,-11,94,1,0,-16.5547,-14.1641,-18.2891,-12.4375,-0.004375,-0.000125,0.0115,-0.001,0,0,2.56025
5274,-10,97,1,0,-16.5547,-14.0781,-18.3359,-12.4297,0.004375,-0.006625,0.011,-0.00575,0,1,2.560875
5275,-10,96,1,0,-16.4688,-14.1172,-18.3281,-12.4141,0.009625,-0.013375,0.016,-0.004125,0,0,2.56025
5276,-10,97,1,0,-16.5312,-14.1172,-18.2578,-12.4062,0.01475,-0.0105,-0.01725,-0.008,0,0,2.56075
5277,-10,96,1,0,-16.4688,-14.1016,-18.2812,-12.3516,0.01175,0.01475,0.014125,-0.005,0,0,2.5605
5278,-10,94,1,0,-16.4609,-14.125,-18.2812,-12.3438,-0.0145,-0.003375,-0.011125,0.00375,0,0,2.560625
5279,-10,96,1,0,-16.3906,-14.0625,-18.2109,-12.3828,0.012875,0.002125,-0.006125,0.0025,0,0,2.560875
5280,-10,95,1,1,-16.3828,-14.0859,-18.2656,-12.3906,0.006,0.01,0.01225,-0.005,0,0,2.5605
5281,-10,94,1,0,-16.4922,-14.0312,-18.2422,-12.2812,0.005375,-0.009,0.014625,-0.00825,0,0,2.559875
5282,-10,96,1,0,-16.4531,-13.9766,-18.1641,-12.3438,0.0075,-0.01125,0.008125,0.0105,0,0,2.559875
5283,-10,97,1,0,-16.3594,-13.9531,-18.2578,-12.2969,-0.004875,0.0125,0.01425,0.00225,0,0,2.560875
5284,-10,98,1,0,-16.4375,-14.0391,-18.1797,-12.2891,-0.000125,0.00375,0.0165,-0.00375,0,0,2.559375
5285,-10,97,1,0,-16.3594,-14.0547,-18.1484,-12.2812,-0.01475,-0.001625,0.0035,-0.005125,1,0,2.56
5286,-10,97,1,0,-16.4062,-14.0469,-18.1719,-12.2969,-0.01225,0.011125,0.00875,0.006875,0,0,2.56
5287,-10,97,1,0,-16.4062,-13.9375,-18.1328,-12.3359,0.01025,-0.0075,-0.004,-0.006875,0,0,2.55975
5288,-10,95,1,1,-16.4141,-14.0078,-18.1641,-12.2812,0.00325,0.001,0.016625,0.002125,0,0,2.56025
5289,-10,95,1,0,-16.375,-13.8984,-18.1328,-12.2109,-0.000125,-0.013625,0.01325,-0.00175,0,1,2.55975
5290,-10,98,1,0,-16.375,-13.9297,-18.1328,-12.2422,-0.011625,-0.004,-0.00225,-0.000125,0,0,2.55975
5291,-10,98,1,0,-16.3047,-13.9609,-18.125,-12.1797,-0.01,-0.001125,-0.017,0.008,0,0,2.559125
5292,-10,98,1,0,-16.3672,-13.9609,-18.1953,-12.2266,-0.005875,-0.008875,-0.01875,-0.003125,0,0,2.559625
5293,-10,94,1,0,-16.2734,-13.9219,-18.1641,-12.1953,0.005125,0.0025,-0.00275,0.008875,0,0,2.55975
5294,-10,95,1,0,-16.3047,-13.9141,-18.1562,-12.2109,0.005875,0.012,0.0125,-0.00125,0,0,2.559875
5295,-10,95,1,0,-16.3125,-13.9688,-18.0938,-12.2656,-0.00675,0.006625,-0.017375,0.006375,0,0,2.560375
5296,-10,97,1,1,-16.3125,-13.8359,-18.1484,-12.2344,0.004875,-0.004,-0.013875,0.006125,0,0,2.559875
5297,-10,95,1,0,-16.25,-13.9297,-18.0391,-12.1953,0.00475,0.001375,-0.005125,0.008625,0,0,2.561
5298,-10,98,1,0,-16.2188,-13.9141,-18.0703,-12.125,0.013625,0.009125,-0.0135,-0.0085,0,0,2.561
5299,-10,94,1,0,-16.3047,-13.8047,-18.0156,-12.1562,-0.000375,-0.013625,0.013125,0.004375,0,0,2.559125
5300,-10,95,1,0,-16.25,-13.8984,-18.1016,-12.1484,0.005875,-0.007125,0.012,0.003,0,0,2.56
5301,-10,98,1,0,-16.1953,-13.8984,-18.0,-12.0859,-0.000375,0.0115,-0.011375,0.00875,0,0,2.5595
5302,-10,94,1,0,-16.2891,-13.7812,-17.9922,-12.1328,0.00225,0.004,0.014375,0.002,0,0,2.559
5303,-10,94,1,0,-16.25,-13.8516,-17.9922,-12.1484,0.01325,0.01025,0.00975,0.00975,0,0,2.559
5304,-10,94,1,1,-16.1719,-13.7891,-18.0781,-12.1328,-0.0055,-0.011875,-0.00625,-0.004625,0,0,2.560375
5305,-10,97,1,0,-16.1484,-13.8672,-18.0391,-12.1484,0.00875,-0.01475,0.018125,0.003125,0,0,2.560125
5306,-10,98,1,0,-16.1406,-13.8047,-18.0391,-12.1016,0.0005,0.00075,0.011375,-0.0065,0,0,2.5605
5307,-10,94,1,0,-16.1797,-13.7812,-17.9531,-12.1406,-0.004875,-0.010625,0.015,0.002,0,0,2.559125
5308,-10,94,1,0,-16.1719,-13.7344,-18.0,-12.1328,-0.00025,-0.012125,-0.0085,0.0055,0,0,2.559375
5309,-10,97,1,0,-16.1328,-13.8281,-17.9609,-12.125,-0.0025,-0.0005,0.00675,0.008,0,0,2.560375
5310,-10,97,1,0,-16.1016,-13.7656,-17.9844,-12.0625,-0.008,-0.0035,0.008875,0.00325,0,0,2.559
5311,-10,95,1,0,-16.1797,-13.6953,-17.9219,-12.0391,-0.00675,0.009125,-0.009,0.007375,0,0,2.5605
5312,-10,94,1,1,-16.2031,-13.7188,-17.9453,-12.0625,0.0115,-0.007375,-0.00625,-0.0095,0,0,2.55975
5313,-10,96,1,0,-16.1562,-13.7656,-17.9922,-12.0156,-0.010125,0.012125,-0.00425,-0.004,0,0,2.560875
5314,-10,95,1,0,-16.1641,-13.75,-17.875,-12.0,-0.002125,0.002125,-0.004875,-0.004375,0,0,2.559625
5315,-10,96,1,0,-16.1562,-13.7656,-17.9062,-12.0,0.002625,0.00025,-0.003375,-0.009375,0,0,2.559875
5316,-10,94,1,0,-16.0625,-13.7344,-17.9609,-12.0625,-0.013875,0.0135,0.005,-0.004625,0,0,2.560125
5317,-10,96,1,0,-16.0625,-13.6641,-17.8828,-11.9453,-0.01125,0.00925,-0.017625,0.006,0,0,2.56025
5318,-10,96,1,0,-16.1172,-13.7266,-17.9453,-11.9609,0.0145,0.005125,0.0105,0.0,0,0,2.559375
5319,-10,97,1,0,-16.0938,-13.6797,-17.8359,-11.9141,-0.013875,-0.00375,-0.010125,0.004875,0,0,2.560625
5320,-10,95,1,1,-16.0859,-13.6641,-17.9219,-11.9766,0.001125,-0.012,0.008125,0.00075,0,0,2.561
5321,-10,95,1,0,-16.0469,-13.6016,-17.8438,-11.9609,-0.009375,0.006875,0.01075,0.006875,0,0,2.56075
5322,-10,97,1,0,-15.9922,-13.6016,-17.8516,-11.9219,0.002125,-0.01075,-0.0015,-0.003,0,0,2.560125
5323,-10,95,1,0,-16.0312,-13.6719,-17.7812,-11.8828,0.008125,-0.0005,-0.0095,-0.00325,0,0,2.56025
5324,-10,95,1,0,-16.0469,-13.5859,-17.8125,-11.9766,0.005875,-0.002375,-0.006375,-0.00475,0,0,2.559625
5325,-10,95,1,0,-15.9609,-13.6094,-17.8125,-11.875,0.009,-0.008625,0.005625,-0.0025,1,0,2.559875
5326,-10,97,1,0,-16.0547,-13.5859,-17.8359,-11.9453,0.0045,-0.00075,-0.0145,-0.00225,0,0,2.56
5327,-10,94,1,0,-16.0391,-13.5391,-17.8047,-11.9297,-0.002625,0.0145,0.002125,-0.00075,0,1,2.56025
5328,-10,98,1,1,-15.9531,-13.5391,-17.8125,-11.8594,0.00425,-0.002625,0.004625,-0.00475,0,0,2.55975
5329,-10,97,1,0,-16.0234,-13.5234,-17.7812,-11.8594,-0.00875,-0.007375,-0.011875,-0.008875,0,0,2.559
5330,-10,94,1,0,-15.9219,-13.625,-17.7734,-11.8516,-0.003,0.012,-0.016,-0.002625,0,0,2.56
5331,-10,94,1,0,-15.9219,-13.5781,-17.7812,-11.8438,0.007,-0.0145,-0.015375,0.00725,0,0,2.559
5332,-10,98,1,0,-15.9453,-13.5625,-17.7344,-11.8906,-0.0015,0.0105,0.001125,-0.00175,0,0,2.559875
5333,-10,96,1,0,-15.8906,-13.5547,-17.6797,-11.8047,-0.00025,0.003625,0.01475,-0.002375,0,0,2.559625
5334,-10,97,1,0,-15.8984,-13.4688,-17.7812,-11.7891,0.001875,0.004625,-0.00075,-0.006375,0,0,2.559125
5335,-10,98,1,0,-15.9297,-13.4688,-17.7188,-11.7969,0.012625,-0.0055,-0.018,0.00975,0,0,2.56025
5336,-10,98,1,1,-15.8906,-13.4688,-17.6875,-11.7734,-0.01275,-0.003375,-0.014375,0.008875,0,0,2.56025
5337,-10,98,1,0,-15.8438,-13.4297,-17.7188,-11.7422,-0.00725,-0.0145,-0.018625,0.00625,0,0,2.559375
5338,-10,96,1,0,-15.9297,-13.4219,-17.7031,-11.8359,0.008375,-0.00425,0.001875,0.0045,0,0,2.561
5339,-10,95,1,0,-15.8906,-13.5,-17.6328,-11.7188,-0.011125,0.0005,0.00275,-0.009625,0,0,2.561
5340,-10,94,1,0,-15.8516,-13.4219,-17.6875,-11.7891,0.014375,0.012625,-0.012125,-0.009875,0,0,2.5595
5341,-10,96,1,0,-15.7891,-13.4062,-17.7109,-11.7344,0.005875,0.009125,-0.014125,-0.003875,0,0,2.56
5342,-10,97,1,0,-15.8984,-13.5,-17.6406,-11.6953,0.005375,0.00325,0.00725,0.010625,0,0,2.5605
5343,-10,96,1,0,-15.7891,-13.3906,-17.6172,-11.7188,-0.0025,-0.009625,0.0015,0.006125,0,0,2.560375
5344,-10,98,1,1,-15.875,-13.3984,-17.5547,-11.7734,-0.005125,0.002625,0.007,-0.006375,0,0,2.55975
5345,-10,97,1,0,-15.7656,-13.4062,-17.5859,-11.6953,0.0085,0.0055,0.003875,0.009375,0,0,2.5605
5346,-10,98,1,0,-15.8281,-13.3984,-17.6172,-11.6953,0.010125,0.00075,0.005,0.0025,0,0,2.560125
5347,-10,98,1,0,-15.8359,-13.3828,-17.5312,-11.7344,0.006375,-0.000375,0.0085,0.004875,1,0,2.561
5348,-10,98,1,0,-15.7969,-13.4219,-17.6328,-11.6641,-0.0055,-0.00725,0.005125,-0.009875,0,0,2.561
5349,-10,96,1,0,-15.7656,-13.3125,-17.5312,-11.6016,-0.009,-0.007875,0.00275,0.009125,0,0,2.560125
5350,-10,98,1,0,-15.7109,-13.3906,-17.5312,-11.625,-0.00475,-0.006,-0.007625,0.00975,0,0,2.559
5351,-10,97,1,0,-15.7891,-13.3047,-17.5391,-11.6719,-0.01375,-0.01075,0.014,-0.00275,0,0,2.55925
5352,-10,95,1,1,-15.7188,-13.2812,-17.4844,-11.5703,-0.006875,-0.013875,0.003,0.010625,0,0,2.56
5353,-10,97,1,0,-15.7031,-13.3516,-17.4922,-11.6172,-0.0145,0.010625,0.017875,-0.002125,0,0,2.560125
5354,-10,97,1,0,-15.6797,-13.3203,-17.5469,-11.5859,-0.010375,-0.0145,0.01275,-0.009125,0,0,2.559
5355,-10,97,1,0,-15.7422,-13.3359,-17.4766,-11.5625,0.0065,-0.0135,-0.01875,-0.00125,0,0,2.5605
5356,-10,94,1,0,-15.7266,-13.25,-17.5156,-11.6406,0.00275,-0.0005,-0.00975,-0.005375,0,0,2.55975
5357,-10,98,1,0,-15.7031,-13.3359,-17.5391,-11.5234,-0.005375,-0.004375,-0.005375,-0.003625,0,0,2.560375
5358,-10,95,1,0,-15.7266,-13.2734,-17.5234,-11.5938,-0.010125,0.004125,0.008875,0.009375,0,0,2.55975
5359,-10,96,1,0,-15.7031,-13.3125,-17.4688,-11.5859,0.005625,-0.008,0.00425,0.008625,0,0,2.560875
5360,-10,94,1,1,-15.6016,-13.2266,-17.4219,-11.5312,-0.002,0.013125,0.000125,-0.009625,0,1,2.560375
5361,-10,96,1,0,-15.6953,-13.2812,-17.4609,-11.5234,-0.003,-0.0105,-0.014375,-0.006375,0,0,2.560625
5362,-10,98,1,0,-15.6719,-13.25,-17.4141,-11.5156,-0.011625,0.010125,-0.012,0.007875,0,0,2.56
5363,-10,94,1,0,-15.6719,-13.1875,-17.4219,-11.5234,-0.00975,0.00775,-0.015375,0.003125,0,0,2.56025
5364,-10,95,1,0,-15.5391,-13.1484,-17.4531,-11.5625,-0.01025,0.004875,0.0085,-0.01,0,0,2.56075
5365,-10,96,1,0,-15.6094,-13.25,-17.3828,-11.5312,-0.01275,0.002625,-0.000625,0.0085,0,0,2.559875
5366,-10,94,1,0,-15.6406,-13.2266,-17.3516,-11.4688,0.012375,-0.0135,-0.004375,-0.00875,0,0,2.560875
5367,-10,94,1,0,-15.6172,-13.1953,-17.3047,-11.4141,0.005625,0.003375,0.016125,-0.00475,0,0,2.559
5368,-10,96,1,1,-15.5156,-13.1172,-17.3359,-11.4141,-0.00375,-0.005125,0.002625,0.007875,0,0,2.5595
5369,-10,94,1,0,-15.5156,-13.2031,-17.3281,-11.5078,-0.0005,-0.011,-0.00875,-0.011125,0,0,2.560875
5370,-10,97,1,0,-15.4844,-13.0859,-17.375,-11.4297,0.0095,-0.01325,-0.01225,0.004875,0,0,2.56025
5371,-10,97,1,0,-15.5625,-13.1719,-17.3516,-11.4844,-0.013625,0.01,0.01,0.006,0,0,2.55975
5372,-10,94,1,0,-15.4609,-13.0781,-17.3125,-11.4219,-0.00475,0.0145,0.007875,-0.01,0,0,2.559125
5373,-9,96,1,0,-15.5312,-13.1406,-17.3203,-11.3906,-0.0055,-0.004875,0.011875,0.001125,0,0,2.559375
5374,-9,96,1,0,-15.4453,-13.0312,-17.3281,-11.3281,0.013625,-0.0125,-0.014,0.004875,0,0,2.559125
5375,-9,94,1,0,-15.4688,-13.0391,-17.2266,-11.3672,0.0145,0.015,0.009375,0.008125,0,0,2.55925
5376,-9,95,1,1,-15.4688,-13.0078,-17.2578,-11.3672,0.008125,0.008375,-0.017,-0.004625,0,0,2.56025
5377,-9,97,1,0,-15.4453,-13.0234,-17.2266,-11.4062,0.014125,-0.007625,-0.0135,-0.005375,0,0,2.55975
5378,-9,95,1,0,-15.4609,-13.0625,-17.2109,-11.2812,0.00225,-0.00575,-0.018125,0.007375,0,0,2.560875
5379,-9,96,1,0,-15.3828,-13.0234,-17.2578,-11.3594,-0.014125,0.005,-0.0155,0.00925,0,0,2.559625
5380,-9,97,1,0,-15.4531,-12.9766,-17.1562,-11.2578,0.0085,-0.003875,0.0055,-0.0065,0,0,2.559
5381,-9,96,1,0,-15.4688,-13.0391,-17.2422,-11.3125,0.009375,-0.005875,0.011375,-0.000625,0,0,2.5595
5382,-9,98,1,0,-15.4609,-12.9688,-17.25,-11.3281,-0.00175,0.011125,0.014625,-0.003,0,0,2.5595
5383,-9,94,1,0,-15.4453,-12.9688,-17.1562,-11.2266,-0.000375,-0.007125,-0.01475,0.00675,0,0,2.5595
5384,-9,95,1,1,-15.3125,-12.9141,-17.1641,-11.3047,-0.011875,-0.00425,0.011,-0.00125,0,0,2.559625
5385,-9,98,1,0,-15.3125,-12.9062,-17.2188,-11.25,-0.003,-0.000625,-0.006,0.01,0,0,2.56075
5386,-9,96,1,0,-15.3281,-13.0,-17.1797,-11.3047,-0.010875,-0.00125,-0.012375,-0.00675,0,0,2.560375
5387,-9,97,1,0,-15.3594,-12.9922,-17.1172,-11.2578,-0.007375,-0.000875,0.012875,0.00325,0,0,2.55925
5388,-9,96,1,0,-15.2812,-12.9453,-17.1016,-11.2109,-0.003125,-0.01175,-0.017375,0.00525,0,0,2.560625
5389,-9,95,1,0,-15.3594,-12.9531,-17.0781,-11.2188,0.003625,-0.00425,-0.005375,-0.009875,0,0,2.55975
5390,-9,98,1,0,-15.2656,-12.8906,-17.1641,-11.1406,-0.001375,0.014625,-0.016125,-0.002125,0,0,2.56075
5391,-9,98,1,0,-15.3203,-12.8438,-17.1562,-11.2031,-0.013375,0.00425,0.008875,0.00525,1,0,2.55975
5392,-9,97,1,1,-15.2891,-12.8594,-17.0703,-11.1875,-0.00325,0.00775,-0.01225,0.00025,0,0,2.56025
5393,-9,97,1,0,-15.3125,-12.8516,-17.0156,-11.1875,-0.013375,-0.005,0.0155,-0.00575,0,0,2.561
5394,-9,98,1,0,-15.25,-12.8672,-17.0859,-11.125,-0.000375,-0.002375,0.012375,0.004125,0,1,2.560875
5395,-9,94,1,0,-15.2188,-12.9062,-17.0781,-11.125,-0.004,0.001625,0.012625,-0.005375,0,0,2.561
5396,-9,94,1,0,-15.1875,-12.875,-17.0859,-11.0938,-0.002125,-0.00925,0.002875,-0.002625,0,0,2.55975
5397,-9,98,1,0,-15.1719,-12.8203,-16.9844,-11.0625,-0.006875,-0.014375,0.001375,0.0045,0,0,2.55925
5398,-9,98,1,0,-15.2422,-12.7578,-16.9688,-11.0625,-0.002625,0.004625,0.0185,-0.001875,0,0,2.559
5399,-9,94,1,0,-15.2109,-12.7422,-16.9766,-11.1406,-0.011375,0.008375,0.00475,0.00325,0,0,2.559625
5400,-9,96,1,1,-15.1797,-12.8203,-16.9453,-11.0859,0.009625,0.011125,-0.013125,0.009625,0,0,2.559875
5401,-9,97,1,0,-15.1562,-12.7734,-16.9375,-11.1328,0.006375,-0.000625,-0.008875,-0.0105,0,0,2.561
5402,-9,97,1,0,-15.1406,-12.7891,-16.9844,-11.0938,0.00325,0.0125,0.001875,-0.00775,0,0,2.559
5403,-9,98,1,0,-15.2031,-12.7344,-16.9688,-10.9922,0.000375,-0.004375,-0.005625,0.002625,0,0,2.559125
5404,-9,97,1,0,-15.1797,-12.7578,-16.9609,-11.0,-0.014125,-0.010375,0.01425,-0.0105,0,0,2.559125
5405,-9,97,1,0,-15.1094,-12.6641,-16.9062,-11.0703,-0.01025,-0.00975,0.014875,0.010625,0,0,2.560375
5406,-9,97,1,0,-15.1172,-12.7734,-16.875,-10.9766,0.00375,-0.01175,0.010875,0.0035,0,0,2.560375
5407,-9,95,1,0,-15.1641,-12.7344,-16.9062,-11.0312,0.0095,0.00025,0.0125,-0.000625,0,0,2.560625
5408,-9,94,1,1,-15.1094,-12.6875,-16.8906,-11.0078,0.008125,-0.00625,0.016125,0.00075,0,0,2.560625
5409,-9,96,1,0,-15.1016,-12.625,-16.8906,-10.9375,-0.006375,-0.002375,-0.01525,0.009625,0,0,2.56075
5410,-9,95,1,0,-15.0391,-12.6562,-16.8281,-10.9062,0.01075,-0.0045,-0.016625,0.006125,0,0,2.560125
5411,-9,96,1,0,-15.0938,-12.6953,-16.7969,-10.9766,0.004625,0.0145,-0.01225,0.00625,0,0,2.560625
5412,-9,96,1,0,-15.1016,-12.6328,-16.8516,-10.9688,-0.00525,-0.000375,0.01,0.0045,0,0,2.55975
5413,-9,95,1,0,-15.0391,-12.6484,-16.8594,-10.9219,0.008875,-0.01475,-0.009375,-0.000875,0,0,2.561
5414,-9,96,1,0,-15.0703,-12.6172,-16.8672,-10.9297,0.002,0.002875,-0.000375,-0.0035,0,0,2.560875
5415,-9,96,1,0,-14.9922,-12.5625,-16.7812,-10.9219,-0.010375,0.007,-0.004625,0.00875,0,0,2.55925
5416,-9,95,1,1,-15.0,-12.6016,-16.8359,-10.9141,0.007,0.0015,0.017875,0.006375,0,0,2.560125
5417,-9,96,1,0,-14.9844,-12.5469,-16.75,-10.8594,-0.00775,0.0085,-0.012875,0.003875,0,0,2.56
5418,-9,97,1,0,-15.0312,-12.5781,-16.8203,-10.8516,-0.01125,0.009,-0.012,-0.0045,1,0,2.560875
5419,-9,97,1,0,-14.8984,-12.5781,-16.7969,-10.9062,0.014,0.0,-0.002375,0.003875,0,1,2.560625
5420,-9,96,1,0,-14.9609,-12.5938,-16.7969,-10.8516,0.015,0.014125,0.014625,-0.00775,0,0,2.56
5421,-9,94,1,0,-14.9844,-12.5781,-16.75,-10.8125,0.000375,0.00825,0.001875,-0.009875,0,0,2.560875
5422,-9,98,1,0,-14.8672,-12.5625,-16.6953,-10.7812,-0.007625,-0.000125,0.00225,0.00525,0,0,2.55925
5423,-9,97,1,0,-14.8984,-12.5,-16.75,-10.7891,0.002875,-0.00575,0.00275,-0.004125,0,0,2.5595
5424,-9,98,1,1,-14.9453,-12.4844,-16.7031,-10.8516,0.0115,-0.006625,-0.0145,-0.001875,0,0,2.56075
5425,-9,94,1,0,-14.8516,-12.4844,-16.6641,-10.8438,0.009625,0.010875,0.009,0.00475,0,0,2.559125
5426,-9,96,1,0,-14.9297,-12.4609,-16.7188,-10.7656,-0.0095,-0.010125,-0.0045,-0.010125,0,0,2.55975
5427,-9,95,1,0,-14.8125,-12.4062,-16.6172,-10.8047,-0.003625,0.0025,-0.011,-0.00625,0,0,2.56075
5428,-9,94,1,0,-14.7969,-12.4453,-16.6562,-10.7422,0.00525,0.007875,0.01625,-0.003,0,0,2.5605
5429,-9,95,1,0,-14.8125,-12.3984,-16.5938,-10.7734,0.00725,-0.00425,0.015125,0.00775,0,0,2.560125
5430,-9,98,1,0,-14.8047,-12.3672,-16.5859,-10.7656,-0.008625,-0.00375,0.012125,0.011,0,0,2.559
5431,-9,98,1,0,-14.7422,-12.4531,-16.6562,-10.6484,-0.007375,-0.011,-0.00825,-0.007375,0,0,2.560125
5432,-9,94,1,1,-14.8359,-12.3906,-16.5547,-10.6641,-0.007,0.006125,-0.004,-0.000125,0,0,2.56075
5433,-9,98,1,0,-14.8438,-12.4219,-16.5312,-10.6328,0.00025,-0.014625,0.012125,-0.0005,0,0,2.559625
5434,-9,95,1,0,-14.7812,-12.4297,-16.5703,-10.6094,-0.00625,-0.010625,0.005375,-0.009125,0,0,2.56075
5435,-9,94,1,0,-14.7422,-12.4141,-16.5234,-10.6641,-0.00675,0.01175,-0.016125,0.00525,0,0,2.56075
5436,-9,95,1,0,-14.7891,-12.3828,-16.5703,-10.5859,0.005375,0.005625,-0.004125,0.004125,0,0,2.55975
5437,-9,94,1,0,-14.7891,-12.3594,-16.5312,-10.6797,-0.011375,0.001,0.002,-0.001125,0,0,2.559875
5438,-9,94,1,0,-14.7031,-12.2734,-16.5234,-10.6094,-0.009,-0.010375,0.007375,-0.004,0,0,2.559875
5439,-9,94,1,0,-14.6562,-12.2578,-16.4531,-10.5469,-0.001,-0.003125,0.00225,-0.003875,0,0,2.559375
5440,-9,96,1,1,-14.7344,-12.25,-16.5391,-10.5625,0.011375,0.01075,0.016,-0.0065,0,0,2.55975
5441,-9,96,1,0,-14.625,-12.2188,-16.5312,-10.5703,0.012875,0.00625,0.00475,-0.00575,0,0,2.559625
5442,-9,95,1,0,-14.7266,-12.2578,-16.4141,-10.5078,-0.000125,0.014375,0.01375,0.00925,0,0,2.56075
5443,-9,96,1,0,-14.6797,-12.2734,-16.4297,-10.5625,-0.003125,0.01375,-0.008375,0.009375,0,0,2.559875
5444,-9,96,1,0,-14.6562,-12.25,-16.4766,-10.4766,0.00025,0.005375,-0.0035,-0.00275,0,0,2.560125
5445,-9,98,1,0,-14.6172,-12.2344,-16.3672,-10.5781,0.01275,-0.013875,0.003375,0.008125,0,0,2.5595
5446,-9,95,1,0,-14.6719,-12.2109,-16.3516,-10.4844,-0.000375,0.007,0.012125,-0.009625,0,0,2.559125
5447,-9,94,1,0,-14.5625,-12.2109,-16.4375,-10.4688,-0.00425,-0.003375,0.00775,0.0045,0,0,2.560125
5448,-9,98,1,1,-14.5312,-12.125,-16.4453,-10.5312,0.0105,-0.0005,0.012375,0.007625,0,0,2.5595
5449,-9,96,1,0,-14.5625,-12.1641,-16.3828,-10.4453,0.001,0.00225,-0.009375,-0.0035,1,1,2.5595
5450,-9,94,1,0,-14.5938,-12.2109,-16.3125,-10.5234,-0.001625,0.003,0.014375,0.00675,0,0,2.559
5451,-9,97,1,0,-14.6094,-12.1094,-16.3281,-10.5,0.00525,-0.00625,0.014625,-0.003625,0,0,2.559125
5452,-9,96,1,0,-14.5625,-12.1562,-16.3438,-10.4688,-0.0065,-0.013125,0.006375,0.01025,0,0,2.561
5453,-9,98,1,0,-14.4609,-12.1719,-16.3516,-10.3984,0.010625,0.012125,0.00675,0.007625,0,0,2.5605
5454,-9,97,1,0,-14.4688,-12.0625,-16.2656,-10.4297,-0.002375,0.0,-0.016,-0.009375,0,0,2.559
5455,-8,95,1,0,-14.5469,-12.1328,-16.2344,-10.3359,0.008875,-0.006375,0.000875,0.001375,0,0,2.56075
5456,-8,94,1,1,-14.4844,-12.0234,-16.25,-10.3828,0.00675,-0.01475,-0.002625,0.008625,0,0,2.560625
5457,-8,98,1,0,-14.5234,-12.0391,-16.2734,-10.4219,0.0045,0.00575,-0.017,-0.008875,0,0,2.560375
5458,-8,98,1,0,-14.5,-12.1094,-16.2969,-10.375,-0.0075,-0.00925,-0.00825,0.0085,0,0,2.55925
5459,-8,97,1,0,-14.4844,-12.0938,-16.2812,-10.3516,-0.012875,-0.000625,-0.013625,-0.006125,0,0,2.561
5460,-8,98,1,0,-14.3906,-12.0703,-16.2812,-10.2891,-0.00725,0.002625,0.01,0.0065,0,0,2.5595
5461,-8,98,1,0,-14.3828,-12.0781,-16.2656,-10.2578,-0.0105,-0.012125,-0.011125,0.009375,0,0,2.5605
5462,-8,98,1,0,-14.3438,-11.9844,-16.1641,-10.3359,-0.001625,0.007625,-0.0115,-0.007,0,0,2.55925
5463,-8,95,1,0,-14.3359,-12.0312,-16.1719,-10.2266,-0.010625,-0.003375,-0.0025,-0.007,0,0,2.55925
5464,-8,94,1,1,-14.3359,-11.9141,-16.1875,-10.2266,-0.00725,-0.000625,-0.0045,-0.007375,1,0,2.5595
5465,-8,97,1,0,-14.3203,-11.9141,-16.1641,-10.2656,-0.0075,-0.014125,0.018625,-0.00725,0,0,2.56075
5466,-8,96,1,0,-14.3281,-11.9688,-16.1562,-10.2031,-0.014625,0.0045,0.018125,-0.010875,0,0,2.56075
5467,-8,97,1,0,-14.2969,-11.9531,-16.1328,-10.2891,-0.012125,0.008,0.007875,0.011125,0,0,2.560375
5468,-8,96,1,0,-14.3594,-11.9141,-16.1719,-10.25,-0.010875,-0.000625,-0.01175,0.01,0,0,2.55975
5469,-8,97,1,0,-14.2891,-11.9609,-16.1406,-10.1562,-0.01025,0.005625,0.01625,-0.003375,0,0,2.5595
5470,-8,98,1,0,-14.2578,-11.9062,-16.0781,-10.1328,0.012125,-0.00575,0.018625,-0.000875,0,1,2.560875
5471,-8,97,1,0,-14.2734,-11.8516,-16.0938,-10.2422,-0.00375,0.007125,0.008,0.010625,0,0,2.559125
5472,-8,95,1,1,-14.2969,-11.8203,-16.1016,-10.1094,-0.0035,-0.009,0.0005,0.0065,0,0,2.5595
5473,-8,95,1,0,-14.2188,-11.8516,-16.1172,-10.1875,-0.003625,0.01225,0.0145,0.005125,0,0,2.559375
5474,-8,96,1,0,-14.2812,-11.8828,-16.0703,-10.0781,0.010625,0.0125,0.015875,-0.01075,0,0,2.55975
5475,-8,98,1,0,-14.2188,-11.8203,-16.0859,-10.1562,-0.00375,-0.00675,0.011875,-0.01075,0,0,2.5605
5476,-8,97,1,0,-14.1641,-11.875,-15.9844,-10.0547,0.01125,-0.00375,-0.005875,-0.004625,0,0,2.56
5477,-8,98,1,0,-14.1719,-11.8438,-15.9688,-10.0703,-0.010375,0.006,0.0085,-0.004375,0,0,2.560625
5478,-8,94,1,0,-14.2188,-11.7891,-16.0156,-10.1172,0.008125,-0.002,0.01575,0.003125,0,0,2.5605
5479,-8,97,1,0,-14.1953,-11.7266,-16.0312,-10.0625,0.011,0.008625,0.01525,0.003625,0,0,2.559875
5480,-8,94,1,1,-14.1562,-11.7969,-15.9219,-10.0625,0.003625,0.01375,-0.00775,0.00775,0,0,2.559375
5481,-8,96,1,0,-14.125,-11.8047,-15.9219,-9.9844,-0.00125,0.01475,-0.008125,-0.003125,0,0,2.5595
5482,-8,95,1,0,-14.1484,-11.7031,-15.9141,-10.0156,0.000875,0.00625,0.0045,-0.003625,0,0,2.56025
5483,-8,96,1,0,-14.1562,-11.7266,-15.9297,-10.0312,0.001625,0.01275,0.0165,-0.008625,0,0,2.560625
5484,-8,96,1,0,-14.1406,-11.7031,-15.8672,-10.0078,-0.002125,-0.010625,-0.0105,0.010875,0,0,2.559625
5485,-8,96,1,0,-14.1094,-11.6719,-15.8828,-9.9922,0.002625,-0.00675,-0.012125,0.00825,0,0,2.559125
5486,-8,94,1,0,-14.1328,-11.625,-15.8359,-10.0,-0.013875,-0.00575,-0.00575,0.01075,0,0,2.559875
5487,-8,94,1,0,-14.1016,-11.6016,-15.8125,-9.9219,0.004375,0.006375,0.01725,0.005125,0,0,2.559875
5488,-8,98,1,1,-14.0469,-11.625,-15.8906,-9.9062,0.004375,0.01075,0.00375,-0.007625,0,0,2.559875
5489,-8,95,1,0,-14.0312,-11.6641,-15.8125,-9.9062,0.003125,0.013,0.00175,0.005,0,0,2.5595
5490,-8,98,1,0,-14.0078,-11.6797,-15.7578,-9.9219,-0.00075,0.005125,0.009,0.010875,0,0,2.559375
5491,-8,95,1,0,-14.0547,-11.5859,-15.8359,-9.9062,0.003125,-0.004625,0.001875,0.011125,0,0,2.559625
5492,-8,95,1,0,-13.9297,-11.5625,-15.8125,-9.9141,0.00125,0.0105,-0.000625,0.009,0,0,2.559125
5493,-8,98,1,0,-13.9297,-11.5859,-15.8203,-9.875,0.006875,0.013875,0.01775,-0.011,0,0,2.56
5494,-8,96,1,0,-13.9766,-11.5938,-15.7734,-9.8359,-0.001,-0.00475,0.0005,-0.00525,0,0,2.559375
5495,-8,94,1,0,-13.9922,-11.5312,-15.7031,-9.8672,0.0035,-0.004375,0.014,-0.006875,0,0,2.56075
5496,-8,94,1,1,-13.9375,-11.4766,-15.7969,-9.8203,-0.004125,0.01025,-0.01275,-0.005125,0,0,2.5605
5497,-8,95,1,0,-13.9531,-11.5859,-15.7344,-9.8125,0.006,-0.012375,0.013875,0.008125,0,0,2.560125
5498,-8,95,1,0,-13.9375,-11.5156,-15.7656,-9.8359,-0.011125,-0.002625,-0.0045,0.009875,0,0,2.56075
5499,-8,97,1,0,-13.8438,-11.4844,-15.6562,-9.8516,0.001625,-0.003625,0.000875,0.0105,0,0,2.559125
5500,-8,95,1,0,-13.9297,-11.5078,-15.6172,-9.8125,0.011125,-0.004625,0.01025,-0.00725,0,0,2.559625
5501,-8,95,1,0,-13.9219,-11.4844,-15.6641,-9.7734,0.00625,-0.013,0.010625,-0.007875,0,0,2.559
5502,-8,95,1,0,-13.8203,-11.4922,-15.7109,-9.7891,-0.011625,0.00075,0.018375,0.00725,0,0,2.56025
5503,-8,97,1,0,-13.8438,-11.4297,-15.6172,-9.7188,-0.007125,-0.0015,-0.009625,-0.008375,0,0,2.559875
5504,-8,96,1,1,-13.8594,-11.4219,-15.6562,-9.7109,0.00825,0.010375,-0.0105,-0.01075,1,0,2.560125
5505,-8,96,1,0,-13.75,-11.4688,-15.625,-9.7109,-0.01075,-0.00775,0.017375,-0.006,0,0,2.559125
5506,-8,95,1,0,-13.7734,-11.375,-15.5312,-9.6719,-0.011125,0.007625,0.006,-0.008,0,0,2.560375
5507,-8,95,1,0,-13.8125,-11.3594,-15.5781,-9.6484,0.008875,0.0075,0.013375,-0.01,0,0,2.56025
5508,-8,94,1,0,-13.8281,-11.375,-15.625,-9.6328,-0.007125,-0.0125,-0.010125,0.00525,0,0,2.559125
5509,-8,96,1,0,-13.8125,-11.375,-15.5781,-9.6094,0.003125,-0.00425,-0.014625,-0.009,0,0,2.55925
5510,-8,98,1,0,-13.6875,-11.2891,-15.5391,-9.6953,-0.003375,-0.00225,0.0,-0.004875,0,0,2.559125
5511,-8,94,1,0,-13.7656,-11.375,-15.4844,-9.6641,-0.004125,0.004875,0.004,-0.003375,0,0,2.55975
5512,-8,94,1,1,-13.6719,-11.3047,-15.4844,-9.6016,-0.010375,-0.01325,-0.011,0.006875,0,0,2.560125
5513,-8,94,1,0,-13.6953,-11.3203,-15.4844,-9.625,0.001375,0.00625,-0.004375,0.00725,0,0,2.559125
5514,-8,94,1,0,-13.7422,-11.3281,-15.5391,-9.5312,0.011,0.005125,0.013375,0.0,0,0,2.55975
5515,-8,96,1,0,-13.6562,-11.2656,-15.4062,-9.5469,0.01375,0.00375,-0.00975,-0.00475,0,0,2.56025
5516,-8,97,1,0,-13.5938,-11.2812,-15.4609,-9.5078,-0.006375,-0.008375,-0.011,0.00325,0,0,2.5595
5517,-8,98,1,0,-13.6562,-11.2734,-15.4375,-9.5547,0.010375,-0.009,-0.000375,-0.010375,0,0,2.560875
5518,-8,98,1,0,-13.6016,-11.2031,-15.4844,-9.5234,-0.003875,-0.014375,-0.01625,-0.00575,0,1,2.560625
5519,-8,95,1,0,-13.5625,-11.2188,-15.4453,-9.5078,0.0,0.005625,0.0145,0.01075,0,0,2.55925
5520,-8,97,1,1,-13.6406,-11.2422,-15.4297,-9.4609,0.00175,0.007875,-0.00575,0.005125,0,0,2.560375
5521,-8,97,1,0,-13.5391,-11.125,-15.3594,-9.4688,0.01325,-0.01025,-0.0045,-0.0005,0,0,2.56025
5522,-8,98,1,0,-13.5234,-11.1953,-15.4219,-9.5234,0.008125,-0.00675,-0.013625,0.008,1,0,2.560875
5523,-8,98,1,0,-13.6094,-11.1484,-15.4062,-9.4609,0.002625,0.003125,-0.006375,-0.004625,0,0,2.559625
5524,-8,97,1,0,-13.5312,-11.0938,-15.3125,-9.3828,0.007625,0.003625,-0.0185,0.005875,0,0,2.559625
5525,-8,94,1,0,-13.5391,-11.1484,-15.3672,-9.375,0.011125,0.00875,0.00075,-0.006,0,0,2.560625
5526,-8,96,1,0,-13.4922,-11.1328,-15.3203,-9.4375,0.013375,0.015,0.01125,-0.00575,0,0,2.55925
5527,-7,97,1,0,-13.5,-11.1094,-15.3281,-9.4375,-0.0045,-0.0095,0.017875,-0.004,0,0,2.56025
5528,-7,97,1,1,-13.5312,-11.0703,-15.2734,-9.3906,0.015,-0.0045,-0.01775,-0.004375,0,0,2.560625
5529,-7,95,1,0,-13.5156,-11.0859,-15.2891,-9.3594,-0.009625,-0.0115,0.008375,-0.00275,0,0,2.55925
5530,-7,95,1,0,-13.4141,-11.1016,-15.2812,-9.3359,0.014125,-0.012625,0.011125,0.003,0,0,2.5605
5531,-7,98,1,0,-13.4688,-11.0703,-15.1875,-9.2812,0.0095,-0.01375,0.01125,0.005375,0,0,2.560875
5532,-7,94,1,0,-13.375,-10.9609,-15.2656,-9.2969,-0.013375,-0.00175,0.00525,0.0015,0,0,2.5595
5533,-7,97,1,0,-13.3984,-10.9922,-15.1484,-9.2891,-0.003125,0.013625,0.0055,0.011,0,0,2.56075
5534,-7,94,1,0,-13.3672,-11.0469,-15.2344,-9.2422,0.00575,0.01275,0.0075,-0.00025,0,0,2.559625
5535,-7,98,1,0,-13.3438,-10.9219,-15.1719,-9.25,-0.012375,-0.00525,-0.0155,0.01125,0,0,2.5595
5536,-7,98,1,1,-13.3281,-10.9062,-15.1719,-9.2188,-0.001,-0.01425,0.008125,0.001625,0,0,2.56025
5537,-7,95,1,0,-13.3594,-10.9375,-15.1484,-9.2188,-0.01475,-0.014375,-0.016,0.00075,0,0,2.56
5538,-7,96,1,0,-13.2812,-10.9062,-15.1484,-9.1875,0.013875,-0.00275,0.016,-0.003375,0,0,2.560625
5539,-7,97,1,0,-13.2969,-10.8594,-15.1562,-9.2188,-0.0015,-0.002125,-0.018125,0.00125,0,0,2.56075
5540,-7,95,1,0,-13.2969,-10.8438,-15.0859,-9.1562,-0.0025,-0.011625,-0.015125,-0.003,0,0,2.55925
5541,-7,97,1,0,-13.2891,-10.8281,-15.0781,-9.2109,-0.0055,0.004,0.01325,0.00675,0,0,2.559375
5542,-7,94,1,0,-13.2109,-10.9062,-15.0156,-9.1484,0.0125,-0.005625,0.004,-0.00625,0,0,2.560625
5543,-7,94,1,0,-13.2578,-10.8672,-15.1016,-9.0859,-0.010875,0.004875,0.007625,-0.00975,0,0,2.5605
5544,-7,94,1,1,-13.2969,-10.8516,-14.9766,-9.1172,-0.004375,-0.011625,0.0005,-0.008875,0,0,2.559875
5545,-7,96,1,0,-13.2188,-10.7812,-15.0,-9.1484,-0.014875,0.00675,-0.018,0.007,0,0,2.559375
5546,-7,95,1,0,-13.2422,-10.8438,-14.9766,-9.0469,-0.004875,-0.00775,-0.001125,0.005375,0,0,2.55925
5547,-7,96,1,0,-13.1719,-10.8359,-15.0312,-9.0391,0.001875,-0.01125,-0.018625,-0.004,0,0,2.560625
5548,-7,97,1,0,-13.1875,-10.75,-15.0156,-9.125,0.01375,0.0065,-0.018625,-0.004875,0,1,2.560625
5549,-7,97,1,0,-13.1797,-10.7109,-14.8984,-9.0,-0.0135,0.001125,-0.0035,0.004375,0,0,2.559875
5550,-7,97,1,0,-13.1719,-10.7969,-14.9219,-9.0234,-0.0105,0.002875,-0.0105,-0.006875,0,0,2.560125
5551,-7,96,1,0,-13.1172,-10.6875,-14.8984,-9.0781,0.01125,-0.012375,-0.01,-0.008375,0,0,2.56075
5552,-7,96,1,1,-13.0625,-10.7031,-14.9219,-8.9922,-0.010875,-0.003125,0.004125,-0.00375,0,0,2.56
5553,-7,98,1,0,-13.125,-10.6875,-14.9297,-9.0469,-0.00075,0.00525,0.015875,0.0055,0,1,2.560625
5554,-7,96,1,0,-13.1328,-10.7344,-14.8594,-8.9219,-0.005875,-0.00875,-0.017375,0.002125,0,0,2.55925
5555,-7,95,1,0,-13.1172,-10.7188,-14.8438,-8.9766,0.0075,0.014875,0.008625,0.003,0,0,2.5605
5556,-7,94,1,0,-13.0938,-10.6016,-14.9141,-9.0,-0.014875,-0.014,0.007875,-0.004,0,0,2.55975
5557,-7,96,1,0,-13.0391,-10.6484,-14.8594,-8.9766,0.014375,-0.009,0.009875,0.0065,0,0,2.55925
5558,-7,96,1,0,-13.0703,-10.6328,-14.7969,-8.9844,-0.0055,-0.008375,0.01375,-0.011125,0,0,2.559625
5559,-7,97,1,0,-13.0234,-10.6484,-14.8672,-8.9375,0.008,-0.01175,-0.00625,0.001,0,0,2.559875
5560,-7,94,1,1,-12.9531,-10.5625,-14.7578,-8.8359,0.000125,0.0145,-0.017875,0.007875,0,0,2.559
5561,-7,96,1,0,-12.9922,-10.5156,-14.7812,-8.875,-0.007875,-0.00525,-0.0105,0.0045,0,0,2.56025
5562,-7,97,1,0,-12.8984,-10.6094,-14.8125,-8.8672,0.013125,-0.00875,-0.018,-0.010125,0,0,2.5595
5563,-7,94,1,0,-12.9609,-10.5,-14.7344,-8.8203,0.011875,-0.004,0.013625,0.008125,0,0,2.559625
5564,-7,98,1,0,-12.9375,-10.5547,-14.75,-8.8047,0.005375,-0.003625,-0.005875,-0.003,0,0,2.559625
5565,-7,98,1,0,-12.9141,-10.4609,-14.7188,-8.8359,0.00125,-0.011375,-0.00225,0.000375,0,0,2.560625
5566,-7,98,1,0,-12.875,-10.4453,-14.7266,-8.7656,0.010375,0.003875,-0.004625,-0.011,0,0,2.56
5567,-7,97,1,0,-12.8203,-10.5234,-14.6406,-8.8047,0.006125,0.013625,0.005375,-0.001,0,0,2.559125
5568,-7,98,1,1,-12.8438,-10.4844,-14.6641,-8.7891,0.007625,0.004625,0.005,-0.00975,0,0,2.5595
5569,-7,95,1,0,-12.7891,-10.4062,-14.6016,-8.7891,0.00625,-0.00675,-0.015875,0.001,0,0,2.561
5570,-7,98,1,0,-12.8516,-10.4453,-14.6562,-8.7969,0.010875,-0.01075,0.0035,0.00225,0,0,2.559125
5571,-7,97,1,0,-12.8359,-10.4766,-14.5547,-8.6797,0.004625,-0.014375,-0.015625,-0.002375,0,0,2.559625
5572,-7,97,1,0,-12.8594,-10.4219,-14.6406,-8.6719,0.00675,-0.000875,0.010625,0.00425,0,0,2.559125
5573,-7,97,1,0,-12.8047,-10.3438,-14.5547,-8.6484,-0.000125,0.0115,0.0035,0.004875,0,0,2.56075
5574,-7,98,1,0,-12.7891,-10.4219,-14.5391,-8.7109,-0.0005,0.001875,0.014625,-0.007625,1,0,2.56025
5575,-7,95,1,0,-12.7656,-10.3984,-14.5078,-8.6562,-0.001875,0.01475,0.01225,0.00675,0,0,2.56025
5576,-7,96,1,1,-12.7188,-10.3359,-14.5156,-8.6484,-0.015,-0.004125,-0.002625,-0.003125,0,0,2.561
5577,-7,96,1,0,-12.7109,-10.3047,-14.4844,-8.5703,-0.014875,0.003125,-0.01325,0.010875,0,0,2.559625
5578,-7,95,1,0,-12.7578,-10.2891,-14.5703,-8.6484,0.009,0.002875,-0.0155,0.003875,0,0,2.559625
5579,-7,94,1,0,-12.7031,-10.2422,-14.5391,-8.5312,0.01425,0.00975,-0.01525,0.0025,0,0,2.5605
5580,-7,98,1,0,-12.625,-10.2266,-14.4766,-8.5156,-0.0035,0.01025,0.0055,0.002875,0,0,2.56075
5581,-7,98,1,0,-12.6484,-10.2734,-14.5078,-8.6172,0.002375,-0.00525,-0.00175,0.003125,0,0,2.5605
5582,-7,94,1,0,-12.5859,-10.2734,-14.4609,-8.5234,-0.00425,-0.010625,0.01475,0.007375,0,0,2.5595
5583,-7,95,1,0,-12.6094,-10.25,-14.4688,-8.5,0.004375,-0.002375,-0.014125,0.004375,0,0,2.5595
5584,-7,97,1,1,-12.6562,-10.2656,-14.4453,-8.5312,0.01025,-0.008375,0.006875,-0.004,0,0,2.559875
5585,-7,98,1,0,-12.625,-10.1562,-14.3828,-8.4688,0.005375,0.010375,0.004125,0.004625,0,0,2.559125
5586,-7,95,1,0,-12.5625,-10.1719,-14.3984,-8.4688,-0.01325,-0.012125,-0.00225,-0.003125,0,0,2.561
5587,-7,95,1,0,-12.5469,-10.1953,-14.4141,-8.4531,0.007625,-0.01025,-0.01325,-0.004625,0,0,2.559
5588,-7,97,1,0,-12.5859,-10.1719,-14.3906,-8.5,-0.012875,-0.00425,0.0175,-0.005875,0,0,2.56075
5589,-7,97,1,0,-12.4844,-10.1797,-14.3828,-8.4922,-0.01325,-0.01475,0.007625,0.00525,1,1,2.5605
5590,-7,98,1,0,-12.4766,-10.0781,-14.2969,-8.4062,0.013625,-0.00525,0.00425,0.01025,0,0,2.560375
5591,-7,96,1,0,-12.4531,-10.1094,-14.3594,-8.3438,-0.008,-0.011625,0.008125,0.00575,0,0,2.5605
5592,-6,98,1,1,-12.4453,-10.1172,-14.2578,-8.3828,-0.002875,-0.00475,0.001,-0.010375,0,0,2.561
5593,-6,98,1,0,-12.4766,-10.0547,-14.2656,-8.3203,0.006625,0.010375,0.00175,-0.00625,0,0,2.560875
5594,-6,96,1,0,-12.4922,-10.0312,-14.2812,-8.3125,-0.000875,-0.014125,-0.01825,-0.00825,0,0,2.561
5595,-6,97,1,0,-12.4062,-10.0625,-14.1875,-8.2734,0.0045,-0.01375,-0.000625,-0.008125,0,0,2.5605
5596,-6,96,1,0,-12.3984,-10.0078,-14.1562,-8.3359,0.00725,0.0,-0.014375,-0.004875,0,0,2.560375
5597,-6,98,1,0,-12.3438,-10.0,-14.2031,-8.3203,0.013,0.013625,0.003,-0.005,0,0,2.559125
5598,-6,95,1,0,-12.3594,-9.9766,-14.1641,-8.2734,-0.012,-0.000125,0.0095,0.002875,0,0,2.559375
5599,-6,95,1,0,-12.3672,-9.9297,-14.1719,-8.2578,0.013625,-0.009125,0.009125,0.00175,0,0,2.56
5600,-6,95,1,1,-12.4062,-9.9844,-14.125,-8.2344,0.005375,0.004,0.0025,-0.00525,0,0,2.5605
5601,-6,98,1,0,-12.375,-9.8984,-14.1094,-8.1797,-0.014375,0.005875,-0.00525,0.01125,0,0,2.5595
5602,-6,94,1,0,-12.3516,-9.9531,-14.0625,-8.2812,-0.001375,-0.004625,0.0055,-0.01125,0,0,2.560125
5603,-6,95,1,0,-12.3359,-9.9453,-14.0781,-8.2031,-0.0115,-0.003,-0.013875,-0.002625,0,0,2.5595
5604,-6,98,1,0,-12.3516,-9.9453,-14.1094,-8.1484,0.013125,-0.003125,-0.016,0.00975,0,0,2.55925
5605,-6,97,1,0,-12.2812,-9.8125,-14.0156,-8.1328,0.013125,0.0075,0.0085,0.005625,0,0,2.559875
5606,-6,97,1,0,-12.2969,-9.8281,-14.1094,-8.1953,0.003375,0.00625,-0.005125,-0.003125,0,0,2.560625
5607,-6,96,1,0,-12.2969,-9.8828,-14.0469,-8.1328,0.005,0.001125,0.016,0.006125,0,0,2.56
5608,-6,94,1,1,-12.2422,-9.8516,-14.0234,-8.1172,0.01425,-0.001125,0.0025,-0.009875,0,0,2.559875
5609,-6,94,1,0,-12.2344,-9.75,-13.9531,-8.0703,0.012625,0.002875,0.00575,0.007375,0,0,2.55925
5610,-6,95,1,0,-12.1875,-9.7891,-14.0312,-8.1406,0.002875,0.013875,0.009,-0.0015,0,0,2.559375
5611,-6,96,1,0,-12.1719,-9.8359,-13.9609,-8.0703,0.010875,-0.008625,0.00325,0.011125,0,0,2.559375
5612,-6,95,1,0,-12.1953,-9.7188,-13.9609,-8.0859,0.00925,0.01275,-0.009125,0.006875,0,0,2.560375
5613,-6,94,1,0,-12.1641,-9.6875,-13.9688,-8.0,0.01025,0.00575,-0.0035,-0.0085,0,0,2.56
5614,-6,95,1,0,-12.1328,-9.7578,-13.875,-8.0547,-0.00875,-0.01425,-0.015375,0.0005,0,0,2.55925
5615,-6,95,1,0,-12.0781,-9.7109,-13.875,-8.0469,0.014125,-0.012625,-0.007125,-0.00425,0,0,2.5595
5616,-6,94,1,1,-12.125,-9.7109,-13.8984,-8.0,0.008875,-0.003375,-0.010375,0.00575,1,0,2.560375
5617,-6,98,1,0,-12.1172,-9.6484,-13.9141,-7.9609,-0.01,-0.005125,0.013625,-0.00675,0,0,2.559125
5618,-6,95,1,0,-12.0547,-9.6875,-13.8984,-8.0078,0.008125,0.01125,-0.006125,0.004375,0,0,2.560125
5619,-6,97,1,0,-12.0312,-9.5781,-13.8438,-7.9219,0.00425,0.010375,0.008,-0.004375,0,0,2.559875
5620,-6,96,1,0,-11.9766,-9.6719,-13.8672,-7.9062,0.012875,0.0085,0.006125,0.004875,0,1,2.55925
5621,-6,97,1,0,-11.9766,-9.6641,-13.7578,-7.8672,0.009,-0.000125,0.011375,0.00975,0,0,2.55925
5622,-6,97,1,0,-11.9297,-9.5625,-13.8125,-7.8516,-0.004,0.013,0.015125,-0.00925,0,0,2.559
5623,-6,94,1,0,-12.0234,-9.5625,-13.7812,-7.9219,0.01475,-0.00125,-0.013875,0.005125,0,0,2.5605
5624,-6,97,1,1,-11.9609,-9.5547,-13.7578,-7.8359,-0.005625,0.01175,-0.003125,-0.007625,0,0,2.559125
5625,-6,95,1,0,-11.9531,-9.5312,-13.7734,-7.8516,-0.01275,0.014375,-0.01875,0.008125,0,0,2.560375
5626,-6,98,1,0,-11.8672,-9.5859,-13.6641,-7.8047,-0.00425,-0.012625,0.0145,0.0065,0,0,2.5595
5627,-6,95,1,0,-11.9453,-9.4453,-13.6641,-7.8438,0.012625,-0.009375,0.002,0.00575,0,0,2.55975
5628,-6,96,1,0,-11.8828,-9.5,-13.7109,-7.7578,0.001625,0.005375,0.0175,-0.009,0,0,2.559625
5629,-6,94,1,0,-11.8906,-9.5156,-13.6875,-7.7344,0.0115,-0.0105,-0.01075,-0.007125,0,0,2.56025
5630,-6,94,1,0,-11.8594,-9.4062,-13.6797,-7.7891,-0.006375,-0.005625,-0.003125,-0.007375,0,0,2.55975
5631,-6,95,1,0,-11.8516,-9.4766,-13.6328,-7.7734,0.007125,-0.006625,-0.015375,0.0015,0,0,2.561
5632,-6,96,1,1,-11.8828,-9.3828,-13.6641,-7.7109,-0.003125,0.00325,0.006875,-0.005875,0,0,2.56075
5633,-6,94,1,0,-11.7578,-9.4375,-13.5781,-7.6797,-0.007375,-0.009125,-0.01425,-0.004,0,0,2.56
5634,-6,94,1,0,-11.8203,-9.3594,-13.6406,-7.6797,-0.002,0.014875,-0.018125,0.00825,0,0,2.56025
5635,-6,97,1,0,-11.7422,-9.3203,-13.5859,-7.6719,0.007875,0.002375,-0.004375,-0.00325,0,0,2.560375
5636,-6,96,1,0,-11.7031,-9.3516,-13.5156,-7.625,0.011625,-0.010875,-0.003875,-0.010625,0,0,2.560625
5637,-6,98,1,0,-11.7891,-9.2969,-13.5391,-7.6094,0.010125,-0.00025,0.01775,0.003625,0,0,2.56025
5638,-6,98,1,0,-11.6797,-9.3203,-13.5625,-7.6328,-0.01275,-0.010375,0.002125,0.006125,0,0,2.5605
5639,-6,96,1,0,-11.6719,-9.2734,-13.4531,-7.6562,-0.004125,0.001875,-0.0035,0.000625,0,0,2.55925
5640,-6,98,1,1,-11.6484,-9.2734,-13.5078,-7.5234,0.005875,-0.006625,-0.018625,-0.0095,0,0,2.560375
5641,-6,94,1,0,-11.7031,-9.2969,-13.4531,-7.6016,-0.00275,0.005875,-0.009125,-0.00925,0,0,2.55975
5642,-6,97,1,0,-11.5938,-9.3125,-13.4844,-7.5625,-0.007625,-0.006625,-0.00275,-0.00975,0,0,2.559125
5643,-6,97,1,0,-11.6172,-9.2266,-13.4922,-7.5781,0.002375,0.014375,0.00125,0.011,0,0,2.55925
5644,-6,97,1,0,-11.625,-9.1719,-13.375,-7.5391,-0.00375,-0.0085,-0.001625,0.0015,0,0,2.560125
5645,-6,97,1,0,-11.6641,-9.2109,-13.4531,-7.5625,0.004375,0.010625,-0.016875,0.001125,0,0,2.559375
5646,-6,95,1,0,-11.5781,-9.2422,-13.4141,-7.4531,0.00725,-0.010375,-0.017,0.0105,0,0,2.559625
5647,-6,95,1,0,-11.5469,-9.125,-13.4297,-7.4844,-0.00325,-0.011125,0.006,0.000625,0,0,2.560125
5648,-6,96,1,1,-11.5625,-9.1016,-13.3203,-7.5078,0.013875,-0.004625,0.01425,0.01025,0,0,2.561
5649,-6,97,1,0,-11.5312,-9.1641,-13.2891,-7.4141,0.014125,0.006125,-0.01025,0.008875,0,0,2.5595
5650,-6,95,1,0,-11.4766,-9.1016,-13.2656,-7.4453,0.014875,-0.003375,-0.017875,-0.009,0,0,2.56025
5651,-5,97,1,0,-11.5391,-9.1406,-13.2344,-7.3906,0.012125,-0.008125,-0.00175,-0.00025,0,0,2.56025
5652,-5,95,1,0,-11.4922,-9.0625,-13.2344,-7.3984,0.014375,0.005375,-0.003875,0.009,0,0,2.559
5653,-5,94,1,0,-11.5234,-9.0312,-13.2734,-7.3125,-0.01125,-0.014125,0.016125,-0.00075,0,0,2.5605
5654,-5,95,1,0,-11.4766,-9.0391,-13.2969,-7.3672,-0.0125,0.00475,0.01775,-0.00225,0,0,2.559375
5655,-5,97,1,0,-11.3984,-9.0078,-13.2188,-7.3594,-0.014125,0.005,-0.003125,0.008,0,0,2.56075
5656,-5,96,1,1,-11.3828,-9.0625,-13.25,-7.3203,0.01375,-0.00075,0.00825,0.00425,0,0,2.559125
5657,-5,94,1,0,-11.3906,-8.9922,-13.1641,-7.3516,-0.002125,0.003875,0.00975,0.005375,0,0,2.559875
5658,-5,98,1,0,-11.3438,-9.0,-13.1953,-7.2969,0.00475,-0.0105,-0.00825,0.002,0,0,2.560125
5659,-5,97,1,0,-11.3984,-9.0078,-13.1484,-7.2656,-0.002125,-0.005875,0.001375,0.000875,0,1,2.561
5660,-5,95,1,0,-11.3438,-8.9453,-13.0938,-7.3047,0.009375,0.006375,0.017,0.003,0,0,2.560875
5661,-5,96,1,0,-11.3438,-8.9531,-13.0625,-7.2422,-0.014625,0.00425,0.005375,-0.002375,0,0,2.5605
5662,-5,95,1,0,-11.2734,-8.8594,-13.0703,-7.2188,0.00625,-0.01425,0.006,-0.010625,1,0,2.560625
5663,-5,95,1,0,-11.3359,-8.8672,-13.0391,-7.1406,-0.006375,-0.011375,0.0125,-0.00875,0,0,2.5605
5664,-5,98,1,1,-11.2734,-8.8203,-13.0156,-7.2188,0.000625,-0.002125,0.00325,0.010625,0,0,2.5605
5665,-5,96,1,0,-11.2734,-8.8828,-12.9922,-7.1719,-0.001625,-0.012625,0.016375,-0.007125,0,0,2.55925
5666,-5,97,1,0,-11.1875,-8.8594,-13.0391,-7.1094,0.004375,-0.009625,0.00475,0.000375,0,0,2.559875
5667,-5,97,1,0,-11.1719,-8.7969,-13.0391,-7.1016,-0.00225,-0.001,-0.002,-0.006375,0,0,2.559
5668,-5,98,1,0,-11.1953,-8.8047,-12.9688,-7.1406,-0.0145,0.000875,0.00475,0.002375,0,0,2.561
5669,-5,96,1,0,-11.1406,-8.7812,-12.9844,-7.0234,0.006125,-0.000375,0.005375,0.001375,0,0,2.56075
5670,-5,95,1,0,-11.1328,-8.7031,-12.9844,-7.0391,0.006125,-0.012875,-0.0155,-0.00625,0,0,2.559875
5671,-5,94,1,0,-11.1484,-8.7812,-12.8984,-7.0703,0.01375,0.006,-0.00225,-0.00075,0,0,2.560625
5672,-5,97,1,1,-11.1172,-8.75,-12.9688,-7.0625,0.01325,0.002875,0.00425,-0.001625,0,0,2.55975
5673,-5,94,1,0,-11.0547,-8.7109,-12.8828,-7.0234,0.00025,0.00375,0.014625,-0.00075,0,0,2.559125
5674,-5,95,1,0,-11.0938,-8.7266,-12.9375,-7.0547,0.006125,0.01,0.007375,-0.000375,0,0,2.561
5675,-5,95,1,0,-11.0391,-8.6484,-12.8516,-7.0391,-0.00625,-0.00825,0.01525,0.011,0,0,2.559625
5676,-5,97,1,0,-11.1016,-8.6094,-12.8438,-7.0,-0.004375,-0.009625,0.00825,0.00125,0,0,2.560625
5677,-5,98,1,0,-11.0,-8.5859,-12.8359,-6.9844,-0.0075,0.01425,-0.016125,0.011125,0,0,2.559875
5678,-5,96,1,0,-10.9766,-8.5938,-12.7812,-6.8672,0.01675,0.016875,0.00975,-0.001375,0,0,2.559375
5679,-5,95,1,0,-11.0156,-8.6094,-12.7578,-6.8984,0.00175,0.0055,0.008375,0.0165,0,0,2.559125
5680,-5,98,1,1,-10.9453,-8.5469,-12.7656,-6.8906,0.010375,0.013125,0.019375,-0.00325,0,0,2.559
5681,-5,96,1,0,-10.9141,-8.6094,-12.8125,-6.9219,0.0015,0.01675,0.0105,0.018125,0,0,2.560125
5682,-5,96,1,0,-10.9766,-8.5547,-12.7422,-6.875,0.020875,0.0275,-0.002,0.00675,1,0,2.55975
5683,-5,94,1,0,-10.8984,-8.5938,-12.7422,-6.875,0.0155,0.005375,-0.004125,0.0105,0,1,2.55975
5684,-5,98,1,0,-10.9062,-8.5,-12.75,-6.8594,0.029875,0.031375,0.012875,0.017875,0,0,2.559625
5685,-5,97,1,0,-10.9609,-8.5156,-12.6562,-6.8516,0.024375,0.035375,0.034875,0.007625,0,0,2.559375
5686,-5,95,1,0,-10.875,-8.4297,-12.7031,-6.8281,0.034375,0.027,0.0055,0.01875,0,0,2.559
5687,-5,97,1,0,-10.8516,-8.5,-12.7031,-6.8125,0.04,0.030375,0.0395,0.01175,0,0,2.56075
5688,-5,96,1,1,-10.8125,-8.4141,-12.6172,-6.7422,0.033,0.0245,0.030375,0.0315,0,0,2.55925
5689,-5,95,1,0,-10.7656,-8.375,-12.6094,-6.7891,0.04125,0.043,0.030875,0.032875,0,0,2.561
5690,-5,94,1,0,-10.8672,-8.3828,-12.5703,-6.7266,0.02675,0.03,0.03525,0.0285,0,0,2.559125
5691,-5,95,1,0,-10.8047,-8.4219,-12.6328,-6.75,0.03375,0.035375,0.028375,0.0325,0,0,2.55925
5692,-5,96,1,0,-10.8203,-8.3828,-12.5156,-6.6172,0.045125,0.030875,0.0405,0.035875,0,0,2.56075
5693,-5,94,1,0,-10.7891,-8.2969,-12.5625,-6.6719,0.034125,0.038,0.041375,0.03075,0,0,2.55975
5694,-5,98,1,0,-10.7109,-8.3281,-12.5547,-6.5781,0.049125,0.028875,0.041625,0.034875,0,0,2.560125
5695,-5,98,1,0,-10.7266,-8.3828,-12.4922,-6.5703,0.034,0.05775,0.04375,0.032875,0,0,2.560625
5696,-5,98,1,1,-10.7578,-8.3047,-12.5625,-6.5625,0.039625,0.035,0.046875,0.040875,0,0,2.56
5697,-5,97,1,0,-10.625,-8.2812,-12.4297,-6.6016,0.035375,0.042375,0.050625,0.03275,0,0,2.559
5698,-5,98,1,0,-10.6562,-8.2969,-12.4844,-6.5625,0.03775,0.04825,0.028875,0.05,0,0,2.559125
5699,-5,97,1,0,-10.6797,-8.2578,-12.4141,-6.5234,0.056,0.053,0.037,0.047375,0,0,2.56025
5700,-5,97,1,0,-10.6484,-8.25,-12.4297,-6.5312,0.051125,0.053625,0.0345,0.045625,0,0,2.559
5701,-5,96,1,0,-10.6094,-8.1484,-12.4219,-6.4531,0.054875,0.06825,0.0355,0.053,0,0,2.559375
5702,-5,96,1,0,-10.5625,-8.2031,-12.375,-6.4609,0.0565,0.060625,0.049875,0.04125,0,0,2.559875
5703,-5,95,1,0,-10.5156,-8.1172,-12.3672,-6.4922,0.06925,0.059875,0.034875,0.05025,0,0,2.559875
5704,-5,97,1,1,-10.5391,-8.1641,-12.3047,-6.4297,0.078,0.0755,0.04575,0.04325,0,0,2.5605
5705,-5,95,1,0,-10.5078,-8.1172,-12.3281,-6.3906,0.066625,0.0545,0.046875,0.054625,0,0,2.56
5706,-5,95,1,0,-10.4609,-8.1797,-12.3281,-6.4219,0.07175,0.080125,0.0605,0.064875,0,0,2.55925
5707,-5,97,1,0,-10.5625,-8.1172,-12.3438,-6.3594,0.058375,0.067375,0.0455,0.0645,0,0,2.5595
5708,-4,95,1,0,-10.4531,-8.1094,-12.3359,-6.3516,0.07425,0.062625,0.05275,0.051125,0,0,2.559
5709,-4,97,1,0,-10.5078,-8.1172,-12.3047,-6.4062,0.066875,0.06625,0.078625,0.056625,1,0,2.560375
5710,-4,96,1,0,-10.3984,-8.0391,-12.2031,-6.3828,0.081,0.08325,0.076875,0.063875,0,0,2.559375
5711,-4,98,1,0,-10.4766,-8.0547,-12.1875,-6.3281,0.0845,0.0855,0.07025,0.0645,0,0,2.561
5712,-4,94,1,1,-10.4609,-8.0469,-12.2109,-6.3125,0.086625,0.093,0.08375,0.0795,0,0,2.559875
5713,-4,95,1,0,-10.3516,-8.0,-12.2422,-6.2891,0.081,0.071875,0.06775,0.060625,0,0,2.560625
5714,-4,98,1,0,-10.4141,-7.9297,-12.1797,-6.3359,0.08375,0.09325,0.08325,0.07225,0,0,2.560375
5715,-4,97,1,0,-10.3047,-7.9766,-12.125,-6.3047,0.102,0.0775,0.0825,0.06675,0,0,2.559375
5716,-4,97,1,0,-10.2891,-7.875,-12.1328,-6.2422,0.104625,0.10325,0.0795,0.070375,0,0,2.5605
5717,-4,98,1,0,-10.375,-7.8906,-12.1641,-6.2656,0.084875,0.09775,0.08925,0.0725,0,0,2.560625
5718,-4,96,1,0,-10.3594,-7.8594,-12.1484,-6.1406,0.0865,0.08575,0.068375,0.084625,0,0,2.55975
5719,-4,98,1,0,-10.25,-7.8906,-12.1094,-6.1172,0.08625,0.1115,0.07675,0.076,0,0,2.56025
5720,-4,98,1,1,-10.2031,-7.8281,-12.0391,-6.1094,0.101875,0.085625,0.090125,0.07425,0,0,2.560875
5721,-4,97,1,0,-10.2891,-7.8594,-12.0,-6.1641,0.11775,0.089625,0.088,0.0905,0,0,2.56075
5722,-4,97,1,0,-10.1719,-7.7656,-11.9766,-6.0781,0.113875,0.1075,0.10125,0.092375,0,0,2.56025
5723,-4,95,1,0,-10.1562,-7.8438,-12.0234,-6.0938,0.117125,0.12175,0.103375,0.093,0,0,2.56075
5724,-4,95,1,0,-10.2266,-7.7266,-12.0234,-6.0938,0.10225,0.103125,0.101875,0.10325,0,1,2.560125
5725,-4,94,1,0,-10.1094,-7.7266,-12.0156,-6.0156,0.106875,0.11975,0.078625,0.092625,0,0,2.55925
5726,-4,97,1,0,-10.1562,-7.8125,-11.8984,-6.0859,0.1065,0.122625,0.11325,0.09925,0,0,2.559125
5727,-4,97,1,0,-10.1016,-7.7734,-11.9922,-6.0703,0.131,0.102625,0.087625,0.104125,0,0,2.5605
5728,-4,94,1,1,-10.0703,-7.7734,-11.8516,-5.9922,0.121125,0.12975,0.110125,0.11075,0,0,2.56
5729,-4,97,1,0,-10.1562,-7.7109,-11.8359,-6.0,0.119375,0.13525,0.08675,0.09675,0,0,2.561
5730,-4,95,1,0,-10.0312,-7.6328,-11.8438,-5.9688,0.1215,0.126125,0.099125,0.104125,0,0,2.560125
5731,-4,96,1,0,-10.1172,-7.6484,-11.9062,-5.9062,0.116375,0.1375,0.118875,0.11,0,0,2.5595
5732,-4,94,1,0,-10.0391,-7.6406,-11.8281,-5.9844,0.142625,0.1205,0.122375,0.104125,0,1,2.55975
5733,-4,96,1,0,-10.0312,-7.6562,-11.8125,-5.8984,0.133125,0.12425,0.116875,0.106375,0,0,2.559625
5734,-4,97,1,0,-10.0078,-7.5391,-11.7891,-5.9062,0.146,0.117375,0.114,0.115375,1,0,2.559375
5735,-4,96,1,0,-9.9688,-7.6016,-11.8203,-5.8281,0.130125,0.1395,0.1065,0.123625,0,0,2.559375
5736,-4,95,1,1,-9.9453,-7.5703,-11.7188,-5.8125,0.126125,0.145875,0.131125,0.11475,0,0,2.559625
5737,-4,98,1,0,-9.9922,-7.6016,-11.7422,-5.8047,0.141,0.152625,0.124375,0.116625,0,0,2.55925
5738,-4,94,1,0,-9.9766,-7.5078,-11.7266,-5.8125,0.151125,0.137125,0.1105,0.120375,0,0,2.560375
5739,-4,97,1,0,-9.8672,-7.5234,-11.6562,-5.8047,0.1325,0.13825,0.12,0.117625,0,0,2.55925
5740,-4,96,1,0,-9.8438,-7.4844,-11.7188,-5.75,0.162,0.159625,0.1395,0.126625,0,0,2.559625
5741,-4,98,1,0,-9.8359,-7.4609,-11.6719,-5.7109,0.1515,0.1425,0.117125,0.13225,0,0,2.559125
5742,-4,97,1,0,-9.8125,-7.4219,-11.6328,-5.7109,0.143375,0.1515,0.113125,0.11775,0,0,2.55975
5743,-4,94,1,0,-9.7734,-7.4297,-11.6484,-5.7734,0.163125,0.145,0.135375,0.13175,0,0,2.5595
5744,-4,98,1,1,-9.7734,-7.4688,-11.6406,-5.7734,0.170375,0.163625,0.149875,0.142625,0,0,2.559625
5745,-4,98,1,0,-9.7734,-7.4453,-11.6328,-5.6328,0.1495,0.142875,0.118375,0.14375,0,0,2.559625
5746,-4,97,1,0,-9.7812,-7.375,-11.625,-5.6797,0.176125,0.1545,0.133875,0.142375,0,0,2.55975
5747,-4,94,1,0,-9.6953,-7.3359,-11.5547,-5.6172,0.178875,0.171125,0.13375,0.12775,0,0,2.560125
5748,-4,98,1,0,-9.7969,-7.2891,-11.5234,-5.5859,0.17925,0.16875,0.14875,0.1445,0,0,2.55925
5749,-4,98,1,0,-9.7578,-7.3438,-11.5547,-5.6641,0.167375,0.1755,0.157375,0.1325,0,0,2.559
5750,-4,95,1,0,-9.7266,-7.2344,-11.5547,-5.6094,0.175875,0.15775,0.1375,0.141,0,0,2.55925
5751,-4,96,1,0,-9.6172,-7.2656,-11.5312,-5.6172,0.173375,0.162625,0.149375,0.135125,0,0,2.559125
5752,-4,94,1,1,-9.7188,-7.2578,-11.5,-5.5703,0.1825,0.16725,0.168,0.1365,0,0,2.560625
5753,-4,96,1,0,-9.6406,-7.2734,-11.4297,-5.5938,0.1905,0.165,0.134125,0.149125,0,0,2.56075
5754,-4,95,1,0,-9.6172,-7.1641,-11.3594,-5.5625,0.182375,0.166875,0.15575,0.146375,0,0,2.559
5755,-4,98,1,0,-9.5625,-7.2188,-11.4609,-5.4609,0.188,0.170875,0.151375,0.16175,0,0,2.560125
5756,-4,98,1,0,-9.6016,-7.2188,-11.3516,-5.5156,0.185875,0.181125,0.174125,0.152875,0,0,2.560125
5757,-4,94,1,0,-9.5625,-7.1406,-11.4062,-5.4062,0.186625,0.174375,0.156125,0.16525,0,0,2.5605
5758,-4,95,1,0,-9.6016,-7.1875,-11.3516,-5.4609,0.18375,0.184,0.15425,0.160625,0,0,2.559375
5759,-4,96,1,0,-9.5781,-7.1484,-11.3438,-5.375,0.183625,0.19275,0.17275,0.167125,0,0,2.560625
5760,-4,97,1,1,-9.5234,-7.0938,-11.3594,-5.4688,0.182875,0.203875,0.174,0.158375,0,0,2.561
5761,-3,98,1,0,-9.4297,-7.0781,-11.2891,-5.4297,0.209625,0.180875,0.15225,0.1675,0,0,2.55975
5762,-3,94,1,0,-9.4453,-7.0156,-11.2344,-5.3047,0.204125,0.18475,0.169875,0.17375,0,0,2.560375
5763,-3,95,1,0,-9.5,-7.0391,-11.2188,-5.3906,0.207875,0.19575,0.171625,0.172125,0,0,2.56025
5764,-3,95,1,0,-9.3906,-7.0469,-11.1875,-5.2812,0.207,0.210875,0.187625,0.175875,0,0,2.5595
5765,-3,95,1,0,-9.3516,-7.0625,-11.2578,-5.3281,0.220125,0.194375,0.1795,0.18325,1,0,2.559875
5766,-3,96,1,0,-9.3438,-7.0469,-11.1875,-5.25,0.213,0.2005,0.190375,0.170875,0,0,2.559125
5767,-3,95,1,0,-9.3438,-6.9219,-11.1172,-5.3047,0.213,0.218375,0.169,0.176625,0,0,2.560625
5768,-3,97,1,1,-9.3594,-7.0,-11.1484,-5.1953,0.217375,0.2105,0.175375,0.1775,0,0,2.5595
5769,-3,95,1,0,-9.2891,-6.8906,-11.125,-5.1719,0.21525,0.1985,0.186875,0.1855,0,0,2.560125
5770,-3,95,1,0,-9.3438,-6.8906,-11.1016,-5.1719,0.209,0.203125,0.19325,0.184875,0,0,2.5605
5771,-3,96,1,0,-9.2422,-6.9297,-11.0625,-5.2109,0.23575,0.207875,0.176875,0.18225,0,0,2.5605
5772,-3,97,1,0,-9.2422,-6.8125,-11.0156,-5.2266,0.215375,0.212375,0.181875,0.177875,0,0,2.559375
5773,-3,95,1,0,-9.2578,-6.9141,-11.0547,-5.1719,0.225125,0.231875,0.1795,0.185875,0,0,2.56075
5774,-3,96,1,0,-9.2031,-6.7969,-11.0625,-5.1328,0.217375,0.2305,0.19575,0.18825,0,0,2.560375
5775,-3,96,1,0,-9.2031,-6.7891,-10.9766,-5.0547,0.220625,0.210625,0.2115,0.183875,0,0,2.560875
5776,-3,94,1,1,-9.1797,-6.7734,-11.0391,-5.1094,0.23525,0.226375,0.1885,0.203125,0,0,2.559625
5777,-3,96,1,0,-9.1484,-6.7344,-11.0,-5.0703,0.2405,0.236125,0.185,0.1945,0,0,2.560875
5778,-3,95,1,0,-9.1797,-6.7266,-10.9141,-5.1094,0.231,0.21875,0.210375,0.204375,0,0,2.560125
5779,-3,96,1,0,-9.1016,-6.7891,-10.9297,-5.1016,0.247125,0.247625,0.194,0.1925,0,0,2.559125
5780,-3,94,1,0,-9.1797,-6.7812,-10.9609,-5.0391,0.256,0.23625,0.222125,0.199625,0,0,2.559125
5781,-3,96,1,0,-9.0781,-6.75,-10.8672,-5.0078,0.237875,0.228375,0.198375,0.202125,0,0,2.560625
5782,-3,94,1,0,-9.1094,-6.7188,-10.9297,-5.0312,0.242125,0.231,0.196,0.205125,0,0,2.559125
5783,-3,94,1,0,-9.0,-6.6719,-10.8672,-4.9609,0.247,0.248375,0.19775,0.205125,0,0,2.5605
5784,-3,98,1,1,-9.0234,-6.5859,-10.8828,-4.9609,0.253375,0.247125,0.201,0.21025,0,0,2.55925
5785,-3,94,1,0,-8.9609,-6.5625,-10.8594,-4.9766,0.24725,0.247,0.207625,0.207125,0,1,2.560625
5786,-3,95,1,0,-8.9844,-6.6016,-10.8203,-4.8828,0.252125,0.2595,0.225,0.2215,0,0,2.56075
5787,-3,94,1,0,-9.0078,-6.5625,-10.8203,-4.8828,0.273,0.2525,0.234,0.2075,0,0,2.55925
5788,-3,96,1,0,-8.9141,-6.5938,-10.7109,-4.8438,0.275375,0.240125,0.227125,0.2235,0,0,2.56
5789,-3,98,1,0,-8.9141,-6.5078,-10.7578,-4.7891,0.27225,0.263,0.203875,0.207375,0,0,2.56075
5790,-3,95,1,0,-8.8984,-6.5547,-10.75,-4.7812,0.274375,0.24875,0.208625,0.218625,0,0,2.560375
5791,-3,95,1,0,-8.9609,-6.4453,-10.6953,-4.8594,0.269125,0.265125,0.219125,0.226375,0,0,2.560375
5792,-3,98,1,1,-8.8906,-6.4922,-10.6328,-4.7422,0.25775,0.271625,0.2385,0.226125,0,0,2.559
5793,-3,96,1,0,-8.8438,-6.4609,-10.6719,-4.75,0.260375,0.2545,0.23975,0.224875,0,0,2.560625
5794,-3,94,1,0,-8.9062,-6.3828,-10.625,-4.7266,0.27125,0.261,0.24875,0.23475,0,0,2.560875
5795,-3,96,1,0,-8.875,-6.3828,-10.6719,-4.6641,0.277875,0.2715,0.2485,0.240625,0,0,2.560125
5796,-3,98,1,0,-8.8125,-6.375,-10.6016,-4.7422,0.268625,0.267,0.249875,0.23375,0,0,2.559875
5797,-3,96,1,0,-8.7266,-6.4453,-10.5703,-4.6328,0.270875,0.26175,0.2225,0.231375,0,0,2.56
5798,-3,95,1,0,-8.8125,-6.3359,-10.5469,-4.7031,0.271625,0.264,0.25225,0.231375,0,0,2.559375
5799,-3,94,1,0,-8.7422,-6.3359,-10.5312,-4.5938,0.29625,0.264875,0.225,0.23625,0,0,2.56
5800,-3,98,1,1,-8.7109,-6.3203,-10.4922,-4.5703,0.296625,0.290125,0.229375,0.228625,0,0,2.56025
5801,-3,94,1,0,-8.7344,-6.2422,-10.5547,-4.5703,0.29125,0.29225,0.239125,0.23175,0,0,2.561
5802,-3,94,1,0,-8.6953,-6.2812,-10.5469,-4.5625,0.28825,0.284875,0.24125,0.2525,0,0,2.560375
5803,-3,98,1,0,-8.625,-6.2422,-10.5234,-4.5859,0.287,0.277375,0.244125,0.24925,0,0,2.559375
5804,-3,97,1,0,-8.6016,-6.2656,-10.4453,-4.5078,0.293875,0.301625,0.236,0.2365,1,0,2.55925
5805,-3,98,1,0,-8.6562,-6.2344,-10.4766,-4.5469,0.307625,0.285125,0.26825,0.245625,0,0,2.55925
5806,-3,95,1,0,-8.6641,-6.1406,-10.3516,-4.5312,0.30075,0.2915,0.25575,0.244125,0,0,2.559625
5807,-3,98,1,0,-8.6328,-6.1406,-10.4141,-4.4766,0.31825,0.29375,0.248875,0.24475,0,0,2.560375
5808,-3,94,1,1,-8.5859,-6.2031,-10.3906,-4.4375,0.3075,0.305,0.240875,0.248375,0,0,2.55975
5809,-3,94,1,0,-8.4922,-6.1641,-10.3516,-4.4453,0.30425,0.292125,0.2745,0.260125,0,0,2.559125
5810,-3,94,1,0,-8.5781,-6.0859,-10.2656,-4.4375,0.318125,0.31075,0.25675,0.261875,0,0,2.56
5811,-3,98,1,0,-8.5156,-6.0938,-10.2969,-4.3438,0.3265,0.295375,0.2525,0.257375,0,0,2.56
5812,-2,97,1,0,-8.4375,-6.0312,-10.2812,-4.3438,0.316375,0.301,0.273125,0.266375,0,0,2.559875
5813,-2,98,1,0,-8.4766,-6.0859,-10.2109,-4.4062,0.31125,0.30975,0.26625,0.2645,0,0,2.56075
5814,-2,96,1,0,-8.4766,-6.0469,-10.2734,-4.3125,0.3315,0.308625,0.264375,0.2675,0,0,2.559875
5815,-2,97,1,0,-8.3672,-5.9766,-10.2266,-4.2734,0.32875,0.3175,0.2625,0.267,0,1,2.560625
5816,-2,98,1,1,-8.4375,-5.9531,-10.1953,-4.3047,0.316125,0.304375,0.284875,0.263875,0,0,2.559875
5817,-2,94,1,0,-8.3203,-6.0312,-10.1562,-4.2656,0.333,0.3135,0.26525,0.279,0,0,2.559
5818,-2,94,1,0,-8.3047,-5.9062,-10.1562,-4.2422,0.341125,0.326,0.284625,0.271125,0,0,2.559
5819,-2,94,1,0,-8.3672,-5.9531,-10.1875,-4.2969,0.33675,0.31725,0.28975,0.27475,0,0,2.55975
5820,-2,97,1,0,-8.2969,-5.9844,-10.1562,-4.1953,0.333,0.32525,0.272625,0.268,0,0,2.561
5821,-2,95,1,0,-8.3359,-5.875,-10.1562,-4.1562,0.35275,0.3245,0.296,0.290875,0,0,2.559
5822,-2,96,1,0,-8.3438,-5.8828,-10.0938,-4.2344,0.3265,0.323125,0.271875,0.279875,0,0,2.559125
5823,-2,95,1,0,-8.3203,-5.8828,-10.0234,-4.1953,0.33575,0.32,0.298375,0.27775,0,0,2.55975
5824,-2,95,1,1,-8.25,-5.8516,-10.0938,-4.1797,0.349,0.3375,0.303875,0.28375,0,0,2.55975
5825,-2,94,1,0,-8.2734,-5.8828,-10.0234,-4.1562,0.33525,0.34175,0.284,0.297,0,0,2.560625
5826,-2,98,1,0,-8.2109,-5.7656,-10.0156,-4.0859,0.3385,0.336,0.302875,0.294375,0,0,2.56075
5827,-2,96,1,0,-8.125,-5.7734,-9.9453,-4.1016,0.34825,0.3305,0.307625,0.2845,0,0,2.56075
5828,-2,97,1,0,-8.1953,-5.7734,-9.9453,-4.0781,0.346125,0.3365,0.305875,0.2875,1,0,2.559
5829,-2,95,1,0,-8.1797,-5.7891,-9.9688,-4.0,0.365,0.34325,0.3115,0.285,0,0,2.56075
5830,-2,96,1,0,-8.1719,-5.6641,-9.9609,-3.9688,0.3575,0.364375,0.304125,0.30325,0,0,2.56025
5831,-2,97,1,0,-8.1094,-5.7422,-9.8828,-4.0625,0.36475,0.353,0.321125,0.2895,0,0,2.55975
5832,-2,94,1,1,-8.0312,-5.6484,-9.8906,-3.9219,0.350625,0.350125,0.32325,0.290875,0,0,2.559
5833,-2,94,1,0,-8.0,-5.6719,-9.9219,-3.9766,0.374875,0.353125,0.3155,0.304625,0,0,2.560375
5834,-2,96,1,0,-8.0234,-5.6797,-9.8203,-4.0,0.377875,0.345125,0.300125,0.3055,0,0,2.5595
5835,-2,98,1,0,-8.0078,-5.6094,-9.7891,-3.9219,0.384375,0.348625,0.301125,0.296875,0,0,2.559125
5836,-2,98,1,0,-7.9609,-5.6172,-9.7422,-3.8984,0.37175,0.36825,0.332375,0.308125,0,0,2.559
5837,-2,98,1,0,-7.9609,-5.5469,-9.7578,-3.9062,0.37875,0.37225,0.310625,0.303875,0,0,2.56025
5838,-2,96,1,0,-7.8984,-5.5859,-9.7969,-3.8281,0.371625,0.369125,0.307,0.31675,0,0,2.561
5839,-2,98,1,0,-7.9062,-5.5703,-9.6875,-3.8594,0.3665,0.355125,0.333375,0.316,0,0,2.5595
5840,-2,94,1,1,-7.9062,-5.5,-9.75,-3.7734,0.386,0.358125,0.330875,0.32025,0,0,2.560625
5841,-2,94,1,0,-7.875,-5.4453,-9.7344,-3.8047,0.395875,0.3795,0.3085,0.31475,0,0,2.55975
5842,-2,94,1,0,-7.8828,-5.5391,-9.6328,-3.7422,0.400125,0.36375,0.314625,0.324375,0,0,2.55925
5843,-2,96,1,0,-7.8281,-5.4688,-9.6875,-3.7188,0.398125,0.386,0.327125,0.316625,0,0,2.56075
5844,-2,98,1,0,-7.875,-5.3984,-9.625,-3.7188,0.40575,0.375875,0.338625,0.317625,0,0,2.55925
5845,-2,96,1,0,-7.875,-5.4531,-9.6328,-3.7422,0.4055,0.39525,0.3375,0.320125,0,0,2.559625
5846,-2,98,1,0,-7.7578,-5.4531,-9.6562,-3.6875,0.394625,0.399375,0.325125,0.325625,0,1,2.560125
5847,-2,98,1,0,-7.7969,-5.4141,-9.5156,-3.6953,0.404875,0.37725,0.32525,0.337625,0,0,2.560375
5848,-2,95,1,1,-7.8125,-5.3047,-9.5312,-3.6562,0.39075,0.37725,0.345625,0.3385,0,0,2.560875
5849,-2,94,1,0,-7.7109,-5.3047,-9.5156,-3.6641,0.4185,0.38275,0.33175,0.3445,0,0,2.559875
5850,-2,96,1,0,-7.75,-5.25,-9.5312,-3.6328,0.41,0.380375,0.348125,0.333375,0,0,2.56
5851,-2,95,1,0,-7.7422,-5.3047,-9.4844,-3.5938,0.414125,0.40575,0.339125,0.34625,0,0,2.5595
5852,-2,95,1,0,-7.6875,-5.2266,-9.4688,-3.5469,0.4165,0.407625,0.34875,0.343375,0,0,2.559875
5853,-2,95,1,0,-7.6484,-5.2969,-9.4297,-3.6016,0.400625,0.3995,0.345375,0.341625,0,0,2.55975
5854,-2,96,1,0,-7.5781,-5.2188,-9.4453,-3.4922,0.406625,0.399,0.357875,0.3485,0,0,2.560125
5855,-2,94,1,0,-7.6484,-5.2188,-9.3906,-3.4922,0.415625,0.406,0.35525,0.351875,0,0,2.561
5856,-2,98,1,1,-7.6094,-5.1406,-9.375,-3.4297,0.419375,0.401375,0.3495,0.347875,0,0,2.559
5857,-2,96,1,0,-7.5156,-5.1797,-9.3984,-3.5,0.436625,0.4185,0.372625,0.356375,0,0,2.55975
5858,-2,98,1,0,-7.5156,-5.1641,-9.375,-3.4844,0.432125,0.426625,0.366375,0.360625,0,0,2.56025
5859,-2,95,1,0,-7.5234,-5.1562,-9.375,-3.4453,0.41425,0.405125,0.34175,0.35475,0,0,2.559875
5860,-2,98,1,0,-7.5156,-5.1016,-9.2812,-3.4062,0.414875,0.426875,0.368875,0.352625,0,0,2.5595
5861,-1,96,1,0,-7.4766,-5.0547,-9.2578,-3.3359,0.42075,0.42075,0.348125,0.35325,0,0,2.559125
5862,-1,98,1,0,-7.4766,-5.0,-9.3047,-3.3125,0.422875,0.4145,0.383375,0.362625,0,0,2.56
5863,-1,95,1,0,-7.4844,-5.0938,-9.2891,-3.4062,0.42175,0.429625,0.377375,0.3605,0,0,2.559875
5864,-1,95,1,1,-7.3828,-4.9922,-9.1719,-3.2812,0.426625,0.437625,0.36025,0.357125,0,0,2.560875
5865,-1,98,1,0,-7.4219,-5.0625,-9.1875,-3.3125,0.454875,0.42075,0.356875,0.365125,0,0,2.55925
5866,-1,97,1,0,-7.4297,-5.0312,-9.2266,-3.2812,0.4405,0.445625,0.383125,0.362375,0,0,2.5595
5867,-1,95,1,0,-7.3516,-4.9766,-9.2188,-3.3125,0.433875,0.438375,0.37575,0.36725,0,0,2.560125
5868,-1,98,1,0,-7.2891,-4.8984,-9.1719,-3.1797,0.447375,0.42525,0.372125,0.377875,0,0,2.560875
5869,-1,98,1,0,-7.2734,-4.8594,-9.1484,-3.2188,0.453,0.432375,0.36325,0.38125,0,1,2.55925
5870,-1,95,1,0,-7.3281,-4.8672,-9.0391,-3.1953,0.44975,0.42625,0.388375,0.36925,0,0,2.560125
5871,-1,96,1,0,-7.2188,-4.9375,-9.0859,-3.125,0.46275,0.45025,0.365875,0.374625,0,0,2.560875
5872,-1,94,1,1,-7.3047,-4.8047,-9.0469,-3.1328,0.451,0.446875,0.382625,0.381375,1,0,2.55975
5873,-1,96,1,0,-7.1875,-4.8047,-8.9766,-3.1953,0.446625,0.44425,0.39125,0.38025,0,0,2.560375
5874,-1,98,1,0,-7.2109,-4.7812,-8.9609,-3.0938,0.46325,0.445,0.385375,0.375625,0,0,2.560875
5875,-1,97,1,0,-7.25,-4.8203,-9.0156,-3.0391,0.457,0.44525,0.387125,0.385625,0,0,2.56
5876,-1,96,1,0,-7.2344,-4.7109,-8.9219,-3.1016,0.45575,0.464625,0.3755,0.378875,0,0,2.56075
5877,-1,97,1,0,-7.1562,-4.7969,-8.8984,-3.1094,0.471375,0.453125,0.386,0.384125,0,0,2.560625
5878,-1,96,1,0,-7.1094,-4.7812,-8.9375,-3.0,0.478125,0.455875,0.4135,0.38575,0,0,2.559125
5879,-1,97,1,0,-7.1641,-4.7578,-8.9375,-3.0312,0.45825,0.46725,0.395375,0.3805,0,0,2.560625
5880,-1,96,1,1,-7.125,-4.6484,-8.9375,-2.9453,0.46025,0.473375,0.38575,0.391625,0,0,2.56
5881,-1,98,1,0,-7.0469,-4.6875,-8.8125,-3.0078,0.490625,0.451125,0.410125,0.392875,0,0,2.559
5882,-1,97,1,0,-7.0078,-4.6016,-8.8438,-3.0078,0.485,0.474375,0.39675,0.39925,0,0,2.560375
5883,-1,95,1,0,-7.0234,-4.6328,-8.7812,-2.9531,0.4745,0.454,0.39075,0.4085,0,0,2.560875
5884,-1,96,1,0,-6.9844,-4.5625,-8.8047,-2.8594,0.473125,0.484875,0.38925,0.39275,0,0,2.559875
5885,-1,96,1,0,-7.0234,-4.6328,-8.8203,-2.9219,0.475625,0.462625,0.408625,0.411125,0,0,2.559
5886,-1,97,1,0,-6.9219,-4.5234,-8.7188,-2.7969,0.50225,0.478875,0.415,0.3965,0,0,2.559
5887,-1,98,1,0,-6.9062,-4.5078,-8.7891,-2.8516,0.493375,0.478875,0.4175,0.401125,0,0,2.5595
5888,-1,94,1,1,-6.9609,-4.5781,-8.6719,-2.7656,0.480875,0.4845,0.40675,0.4,1,0,2.559875
5889,-1,95,1,0,-6.9297,-4.4766,-8.6953,-2.8594,0.508125,0.474625,0.42625,0.401,0,0,2.56
5890,-1,95,1,0,-6.8594,-4.4219,-8.6562,-2.7266,0.504,0.491,0.41975,0.41325,0,0,2.561
5891,-1,94,1,0,-6.8125,-4.4219,-8.7109,-2.7109,0.5055,0.47225,0.429125,0.422625,0,0,2.559125
5892,-1,98,1,0,-6.8672,-4.4453,-8.5938,-2.7812,0.51025,0.479375,0.416875,0.419,0,0,2.5605
5893,-1,96,1,0,-6.7656,-4.3516,-8.625,-2.6953,0.50675,0.486125,0.41025,0.420375,0,0,2.560125
5894,-1,97,1,0,-6.75,-4.3672,-8.6016,-2.7031,0.51775,0.4925,0.4215,0.415,0,0,2.561
5895,-1,94,1,0,-6.7891,-4.4297,-8.5391,-2.7188,0.510375,0.501375,0.423,0.4275,0,0,2.559375
5896,-1,95,1,1,-6.7969,-4.2969,-8.5078,-2.6719,0.517,0.486875,0.443625,0.4285,0,0,2.559125
5897,-1,96,1,0,-6.6875,-4.2969,-8.5156,-2.6641,0.5255,0.504625,0.424625,0.434625,0,0,2.55925
5898,-1,97,1,0,-6.7344,-4.2578,-8.5547,-2.5469,0.52625,0.516625,0.44775,0.43875,0,0,2.559625
5899,-1,95,1,0,-6.7422,-4.3047,-8.4844,-2.5234,0.51275,0.491625,0.426,0.42425,0,0,2.5605
5900,-1,97,1,0,-6.6562,-4.3203,-8.5234,-2.5469,0.53275,0.495375,0.422875,0.43675,0,1,2.560125
5901,-1,98,1,0,-6.6484,-4.2109,-8.5,-2.5156,0.537125,0.5235,0.456625,0.44375,0,0,2.56
5902,-1,95,1,0,-6.5938,-4.25,-8.3828,-2.5391,0.5385,0.5155,0.4425,0.42725,0,0,2.559375
5903,-1,96,1,0,-6.5469,-4.1719,-8.3359,-2.4688,0.513625,0.50525,0.445625,0.430125,0,0,2.56
5904,-1,94,1,1,-6.5469,-4.1719,-8.3984,-2.4609,0.539375,0.522625,0.45475,0.444,0,0,2.560375
5905,-1,95,1,0,-6.5156,-4.125,-8.3672,-2.5156,0.52425,0.521375,0.46025,0.452,0,0,2.55925
5906,-1,94,1,0,-6.5156,-4.0938,-8.3281,-2.3828,0.539375,0.518875,0.453875,0.43475,0,0,2.56025
5907,-1,95,1,0,-6.5234,-4.0703,-8.3516,-2.3516,0.542125,0.5255,0.46775,0.446,0,0,2.560875
5908,0,98,1,0,-6.4922,-4.0312,-8.3359,-2.4531,0.53225,0.52125,0.45425,0.4495,0,0,2.560125
5909,0,95,1,0,-6.5234,-4.1328,-8.3281,-2.3828,0.538375,0.537125,0.469375,0.44425,0,0,2.5605
5910,0,95,1,0,-6.5078,-4.0703,-8.3125,-2.3984,0.536875,0.541875,0.454125,0.445625,0,1,2.5605
5911,0,97,1,0,-6.3906,-4.0547,-8.2422,-2.3047,0.546875,0.538125,0.468625,0.450625,0,0,2.559875
5912,0,94,1,1,-6.3438,-3.9766,-8.1797,-2.2656,0.549125,0.530125,0.461125,0.46325,0,0,2.559625
5913,0,94,1,0,-6.3359,-3.9219,-8.1875,-2.2734,0.56325,0.5485,0.454625,0.45975,0,0,2.560875
5914,0,97,1,0,-6.3516,-3.9141,-8.2031,-2.2734,0.549125,0.546625,0.461625,0.454625,0,0,2.5595
5915,0,96,1,0,-6.3828,-3.9219,-8.0859,-2.25,0.566625,0.55,0.465,0.45675,0,0,2.560375
5916,0,96,1,0,-6.3125,-3.8984,-8.1094,-2.2734,0.563375,0.548875,0.48575,0.450375,0,0,2.5595
5917,0,95,1,0,-6.2812,-3.9219,-8.0781,-2.1797,0.557375,0.541,0.47325,0.46775,0,0,2.559875
5918,0,96,1,0,-6.2188,-3.9141,-8.0703,-2.125,0.5755,0.544625,0.455,0.45425,0,0,2.560625
5919,0,94,1,0,-6.2266,-3.8125,-8.0625,-2.2031,0.550625,0.54775,0.4635,0.4785,0,0,2.560125
5920,0,94,1,1,-6.2734,-3.875,-7.9844,-2.1016,0.561875,0.55925,0.476125,0.47175,0,0,2.55975
5921,0,95,1,0,-6.2031,-3.7656,-8.0156,-2.0859,0.55675,0.553375,0.46425,0.476,0,0,2.56025
5922,0,97,1,0,-6.2422,-3.7422,-8.0,-2.1406,0.561125,0.550875,0.488,0.475125,0,0,2.56
5923,0,97,1,0,-6.2031,-3.7188,-8.0078,-2.0078,0.58875,0.55375,0.493125,0.485875,0,0,2.559
5924,0,97,1,0,-6.1406,-3.7109,-7.9219,-2.0781,0.567625,0.566375,0.4835,0.479375,0,0,2.559625
5925,0,94,1,0,-6.1484,-3.7344,-7.9375,-2.0703,0.56575,0.565875,0.484375,0.468125,0,0,2.56
5926,0,96,1,0,-6.0938,-3.6875,-7.9219,-2.0625,0.5685,0.5695,0.476875,0.479125,0,0,2.560125
5927,0,97,1,0,-6.0625,-3.6562,-7.9453,-1.9453,0.5835,0.572875,0.4775,0.4845,0,0,2.55925
5928,0,96,1,1,-6.1016,-3.7109,-7.8438,-1.9453,0.58675,0.571625,0.484125,0.484625,0,0,2.560375
5929,0,94,1,0,-6.0391,-3.5938,-7.8984,-1.9219,0.573125,0.5695,0.477375,0.485,0,0,2.559875
5930,0,95,1,0,-5.9609,-3.5703,-7.8359,-1.9453,0.604625,0.58425,0.488625,0.49875,0,0,2.559375
5931,0,97,1,0,-6.0469,-3.5859,-7.8047,-1.9531,0.597375,0.57675,0.49825,0.48275,0,0,2.56075
5932,0,98,1,0,-5.9375,-3.5938,-7.7969,-1.8281,0.585,0.584625,0.485375,0.500875,0,0,2.5595
5933,0,94,1,0,-5.9922,-3.5703,-7.75,-1.9062,0.599,0.580125,0.50425,0.497875,0,0,2.5605
5934,0,95,1,0,-5.9688,-3.5312,-7.7422,-1.8438,0.5975,0.5875,0.5165,0.499,0,0,2.560125
5935,0,94,1,0,-5.8672,-3.5234,-7.7422,-1.7578,0.595125,0.582125,0.49675,0.502,0,0,2.56025
5936,0,95,1,1,-5.8594,-3.5,-7.6875,-1.7266,0.6005,0.592875,0.489,0.509625,0,0,2.55975
5937,0,96,1,0,-5.8984,-3.5234,-7.7031,-1.7266,0.61675,0.57725,0.506125,0.512,1,0,2.56075
5938,0,96,1,0,-5.8125,-3.4141,-7.5859,-1.7812,0.61425,0.59275,0.499375,0.507375,0,0,2.55975
5939,0,94,1,0,-5.8359,-3.4219,-7.6016,-1.6719,0.607,0.583875,0.522875,0.501375,0,0,2.560625
5940,0,95,1,0,-5.7578,-3.4219,-7.6641,-1.6875,0.625375,0.60975,0.50575,0.504125,0,0,2.559875
5941,0,94,1,0,-5.8281,-3.3906,-7.5625,-1.6562,0.627,0.606375,0.52975,0.500375,0,0,2.559
5942,0,94,1,0,-5.7188,-3.3047,-7.6172,-1.6641,0.626125,0.60175,0.514125,0.514125,0,0,2.561
5943,0,97,1,0,-5.7422,-3.375,-7.4766,-1.5781,0.63225,0.602,0.522125,0.50825,0,0,2.56025
5944,0,98,1,1,-5.6641,-3.25,-7.5703,-1.625,0.622625,0.60975,0.526625,0.50475,0,0,2.5595
5945,0,98,1,0,-5.6484,-3.3516,-7.5312,-1.6406,0.627125,0.61625,0.51825,0.52175,0,0,2.560125
5946,0,98,1,0,-5.6797,-3.3203,-7.4375,-1.6328,0.616,0.60775,0.519125,0.529625,0,0,2.560625
5947,0,97,1,0,-5.6406,-3.25,-7.4375,-1.5547,0.61525,0.606875,0.543,0.52125,0,0,2.55925
5948,0,94,1,0,-5.6484,-3.2734,-7.4844,-1.5547,0.644625,0.607375,0.518375,0.5145,0,1,2.56025
5949,0,96,1,0,-5.5781,-3.2031,-7.4375,-1.4609,0.630375,0.609375,0.51525,0.53025,0,0,2.55925
5950,0,95,1,0,-5.5547,-3.1562,-7.3516,-1.5312,0.634125,0.604375,0.54825,0.529875,0,0,2.559125
5951,0,94,1,0,-5.6172,-3.2109,-7.3672,-1.5,0.647875,0.61825,0.535375,0.531125,0,0,2.559
5952,0,95,1,1,-5.5078,-3.1875,-7.3516,-1.3906,0.638875,0.6215,0.5415,0.535,0,0,2.560625
5953,0,96,1,0,-5.4688,-3.0547,-7.2656,-1.4375,0.639125,0.619125,0.528875,0.5385,0,0,2.56
5954,1,96,1,0,-5.5078,-3.0312,-7.3359,-1.4219,0.63575,0.632625,0.54675,0.523875,0,0,2.559375
5955,1,95,1,0,-5.5234,-3.1016,-7.25,-1.3125,0.652125,0.6315,0.559125,0.52725,0,0,2.55975
5956,1,94,1,0,-5.4297,-3.0,-7.2578,-1.3672,0.646,0.63675,0.5575,0.544375,1,0,2.5605
5957,1,96,1,0,-5.4453,-3.0703,-7.1797,-1.2891,0.638,0.64425,0.543375,0.53275,0,0,2.56
5958,1,95,1,0,-5.4453,-2.9453,-7.2266,-1.2734,0.65675,0.64675,0.535875,0.545625,0,0,2.5605
5959,1,98,1,0,-5.375,-3.0469,-7.1484,-1.3047,0.64125,0.653125,0.553,0.552875,0,0,2.561
5960,1,96,1,1,-5.3047,-3.0,-7.1406,-1.2031,0.668375,0.628375,0.5685,0.540875,0,0,2.560625
5961,1,98,1,0,-5.2969,-2.8906,-7.1719,-1.2578,0.667875,0.639125,0.544125,0.539125,0,0,2.56075
5962,1,94,1,0,-5.3594,-2.8672,-7.1172,-1.2266,0.659125,0.639125,0.557625,0.54175,0,0,2.559375
5963,1,95,1,0,-5.3281,-2.8594,-7.1562,-1.1875,0.673,0.658375,0.55075,0.54375,0,0,2.560875
5964,1,96,1,0,-5.2734,-2.8516,-7.1172,-1.1328,0.660125,0.648,0.56175,0.55925,0,0,2.559125
5965,1,97,1,0,-5.2109,-2.7891,-7.0156,-1.1406,0.671875,0.641625,0.555625,0.54775,0,0,2.5595
5966,1,96,1,0,-5.25,-2.8906,-7.0625,-1.1797,0.664,0.655375,0.580875,0.560125,0,0,2.55925
5967,1,95,1,0,-5.1797,-2.8359,-7.0547,-1.1094,0.686,0.660625,0.56225,0.562125,0,0,2.559125
5968,1,98,1,1,-5.1797,-2.8438,-7.0391,-1.0625,0.681375,0.66775,0.55425,0.556125,0,0,2.55925
5969,1,97,1,0,-5.1406,-2.7031,-6.9219,-1.0859,0.671625,0.656,0.5785,0.55175,0,0,2.55925
5970,1,98,1,0,-5.0781,-2.8047,-6.9219,-1.0547,0.67675,0.66575,0.5805,0.569875,0,0,2.559375
5971,1,98,1,0,-5.0859,-2.7812,-6.8594,-1.0312,0.68875,0.661125,0.589625,0.5625,0,0,2.559375
5972,1,95,1,0,-5.125,-2.7344,-6.8359,-0.9844,0.678,0.65325,0.59025,0.55725,0,0,2.559
5973,1,94,1,0,-5.0469,-2.7266,-6.8281,-0.9453,0.6865,0.6735,0.589625,0.575,0,0,2.5605
5974,1,98,1,0,-5.0,-2.6641,-6.8906,-0.9922,0.68275,0.66575,0.581875,0.567625,0,0,2.560875
5975,1,94,1,0,-4.9922,-2.6094,-6.8828,-0.9141,0.70325,0.663,0.578,0.567625,0,0,2.56025
5976,1,97,1,1,-4.9922,-2.5625,-6.7578,-0.9688,0.69475,0.661875,0.592125,0.573875,0,0,2.560375
5977,1,97,1,0,-5.0156,-2.6094,-6.7891,-0.9375,0.682125,0.66825,0.586375,0.579125,0,0,2.56025
5978,1,95,1,0,-4.9375,-2.5938,-6.8047,-0.8281,0.711125,0.6935,0.60175,0.569375,0,0,2.559125
5979,1,94,1,0,-5.0,-2.5,-6.7188,-0.875,0.6875,0.668625,0.583625,0.590875,0,0,2.55975
5980,1,94,1,0,-4.8672,-2.4688,-6.7578,-0.8359,0.699125,0.688625,0.601375,0.582625,0,0,2.55975
5981,1,96,1,0,-4.8359,-2.5156,-6.6406,-0.8203,0.69975,0.680625,0.610625,0.578,0,0,2.560125
5982,1,96,1,0,-4.9375,-2.4219,-6.7344,-0.7969,0.720125,0.692,0.595125,0.592875,0,0,2.560125
5983,1,95,1,0,-4.8125,-2.5,-6.6719,-0.7734,0.717875,0.67925,0.614625,0.59325,0,0,2.559
5984,1,97,1,1,-4.7891,-2.4297,-6.6875,-0.7344,0.725875,0.691875,0.59225,0.591125,0,0,2.561
5985,1,96,1,0,-4.8359,-2.3594,-6.6484,-0.7109,0.73025,0.709125,0.598375,0.5875,0,0,2.560625
5986,1,96,1,0,-4.7422,-2.3281,-6.6484,-0.6797,0.705875,0.711875,0.610875,0.601875,0,0,2.559125
5987,1,97,1,0,-4.7812,-2.3047,-6.5469,-0.6172,0.706625,0.713875,0.586875,0.59675,0,0,2.559625
5988,1,95,1,0,-4.7422,-2.3438,-6.4922,-0.6797,0.710625,0.692625,0.621125,0.606375,0,0,2.561
5989,1,98,1,0,-4.6562,-2.3828,-6.5,-0.6328,0.731375,0.718625,0.615,0.59525,0,0,2.560625
5990,1,97,1,0,-4.6797,-2.3438,-6.4766,-0.6172,0.7195,0.691625,0.616875,0.5975,0,0,2.559625
5991,1,95,1,0,-4.6172,-2.2578,-6.4844,-0.5703,0.735625,0.722,0.608875,0.604375,0,0,2.560125
5992,1,95,1,1,-4.7031,-2.2031,-6.3906,-0.5781,0.742375,0.71725,0.61875,0.60225,0,0,2.559875
5993,1,98,1,0,-4.5703,-2.2188,-6.3984,-0.5781,0.7315,0.721375,0.621625,0.596625,0,0,2.559875
5994,1,95,1,0,-4.6484,-2.1953,-6.4375,-0.5547,0.720625,0.724125,0.606375,0.597875,0,0,2.560125
5995,1,95,1,0,-4.5312,-2.1641,-6.3281,-0.5469,0.7435,0.719,0.631,0.608875,0,0,2.561
5996,1,94,1,0,-4.5,-2.1641,-6.375,-0.3984,0.746875,0.7315,0.619125,0.619625,0,0,2.56075
5997,1,94,1,0,-4.6016,-2.1094,-6.2891,-0.4688,0.753,0.725875,0.627125,0.61375,1,1,2.559875
5998,1,97,1,0,-4.5234,-2.1406,-6.3594,-0.4766,0.743875,0.733125,0.635625,0.62375,0,0,2.560125
5999,2,96,1,0,-4.4453,-2.0312,-6.2656,-0.4531,0.74625,0.737125,0.612,0.62775,0,0,2.559875
6000,2,95,1,1,-4.5156,-2.0391,-6.2344,-0.3594,0.7605,0.73325,0.61975,0.621,0,0,2.55975
6001,2,98,1,0,-4.4531,-1.9922,-6.2969,-0.3438,0.75825,0.741375,0.648125,0.618875,0,0,2.559125
6002,2,98,1,0,-4.3906,-2.0,-6.1641,-0.3281,0.761125,0.732375,0.638625,0.613375,0,0,2.56025
6003,2,94,1,0,-4.375,-2.0625,-6.2031,-0.2812,0.766375,0.732625,0.636375,0.62125,0,0,2.56025
6004,2,94,1,0,-4.4219,-1.9688,-6.1797,-0.3359,0.749625,0.73225,0.639,0.636125,0,0,2.560125
6005,2,97,1,0,-4.3516,-1.9297,-6.1719,-0.2891,0.775,0.742625,0.6305,0.61825,0,0,2.560125
6006,2,98,1,0,-4.2969,-2.0,-6.1562,-0.1953,0.774375,0.741125,0.642875,0.636625,0,0,2.56075
6007,2,95,1,0,-4.2656,-1.8984,-6.0938,-0.1719,0.74975,0.74525,0.656625,0.6405,0,0,2.559
6008,2,95,1,1,-4.2891,-1.8359,-6.0391,-0.1797,0.762625,0.738375,0.6595,0.62325,0,0,2.56
6009,2,95,1,0,-4.2734,-1.8594,-6.0781,-0.2031,0.772875,0.73725,0.647625,0.6405,0,0,2.560125
6010,2,97,1,0,-4.2188,-1.8906,-6.0938,-0.1875,0.765375,0.758625,0.64675,0.6415,0,0,2.56
6011,2,96,1,0,-4.2734,-1.8438,-6.0234,-0.0938,0.780125,0.74275,0.646625,0.642375,0,0,2.56075
6012,2,98,1,0,-4.1797,-1.8594,-6.0,-0.0391,0.789875,0.74725,0.652125,0.64025,0,0,2.560375
6013,2,96,1,0,-4.1797,-1.8125,-5.9922,-0.0312,0.7865,0.77175,0.649875,0.63375,0,0,2.5595
6014,2,94,1,0,-4.1094,-1.7188,-5.9375,-0.0469,0.795,0.7455,0.666875,0.639625,0,0,2.560625
6015,2,98,1,0,-4.0938,-1.6953,-5.9766,-0.0312,0.7815,0.7495,0.6555,0.6565,0,0,2.560625
6016,2,94,1,1,-4.0703,-1.7109,-5.9609,-0.0234,0.792,0.759625,0.675125,0.63875,0,0,2.56
6017,2,98,1,0,-4.1406,-1.7109,-5.9375,0.0625,0.797625,0.7525,0.67325,0.652375,0,0,2.559375
6018,2,97,1,0,-4.0625,-1.6953,-5.8438,0.0547,0.7755,0.778875,0.669125,0.651125,0,0,2.559875
6019,2,98,1,0,-4.0547,-1.6953,-5.8672,0.0469,0.785875,0.77375,0.657,0.644375,0,0,2.559375
6020,2,98,1,0,-3.9844,-1.6094,-5.8281,0.1172,0.786875,0.779625,0.65,0.650125,1,0,2.560375
6021,2,98,1,0,-4.0547,-1.6406,-5.7344,0.0391,0.79275,0.7785,0.680625,0.6655,0,0,2.559625
6022,2,97,1,0,-3.9219,-1.625,-5.7422,0.1875,0.80775,0.781875,0.6695,0.656375,0,0,2.560625
6023,2,95,1,0,-3.9531,-1.5312,-5.7109,0.2109,0.788875,0.789,0.68925,0.66125,0,0,2.56025
6024,2,96,1,1,-3.9609,-1.5,-5.7109,0.2031,0.80175,0.787875,0.663,0.661625,0,1,2.560375
6025,2,96,1,0,-3.8906,-1.5,-5.6641,0.2422,0.808375,0.795,0.661625,0.675625,0,0,2.560375
6026,2,94,1,0,-3.8438,-1.4609,-5.7031,0.2656,0.7985,0.775875,0.683875,0.671125,0,0,2.56
6027,2,96,1,0,-3.9219,-1.4453,-5.6719,0.2969,0.800875,0.787625,0.674625,0.661875,0,0,2.561
6028,2,97,1,0,-3.8516,-1.4609,-5.6172,0.2734,0.81,0.796,0.68575,0.676125,0,0,2.56075
6029,2,95,1,0,-3.8047,-1.4062,-5.6797,0.2734,0.807625,0.801625,0.703125,0.671375,0,0,2.5605
6030,2,97,1,0,-3.7344,-1.4297,-5.6562,0.25,0.81725,0.79925,0.698125,0.665375,0,0,2.560125
6031,2,96,1,0,-3.8203,-1.3906,-5.5703,0.3906,0.829625,0.784375,0.69075,0.6885,0,0,2.559
6032,2,94,1,1,-3.7812,-1.2969,-5.5078,0.4141,0.809375,0.81025,0.685,0.688125,0,0,2.560375
6033,2,96,1,0,-3.7188,-1.375,-5.4766,0.3672,0.809875,0.801875,0.70425,0.679,0,0,2.56025
6034,2,96,1,0,-3.7656,-1.2422,-5.4453,0.4062,0.81925,0.79825,0.688875,0.685625,0,0,2.56
6035,2,95,1,0,-3.6172,-1.2891,-5.4219,0.3672,0.821625,0.815,0.7075,0.678875,0,1,2.55975
6036,2,96,1,0,-3.7188,-1.3203,-5.4062,0.4922,0.8425,0.79625,0.71275,0.693,0,0,2.560875
6037,2,96,1,0,-3.6016,-1.2422,-5.3906,0.4141,0.844125,0.810375,0.701125,0.691375,0,0,2.560375
6038,2,97,1,0,-3.6094,-1.1484,-5.4531,0.4297,0.833125,0.80575,0.7125,0.69775,0,0,2.560875
6039,2,98,1,0,-3.6172,-1.1719,-5.3672,0.4844,0.84575,0.81275,0.719875,0.6945,0,0,2.560375
6040,2,97,1,1,-3.5078,-1.1719,-5.3281,0.5234,0.838,0.819,0.7205,0.7015,0,0,2.56025
6041,2,94,1,0,-3.5625,-1.1562,-5.3438,0.5078,0.840875,0.8215,0.702,0.70125,1,0,2.560625
6042,2,97,1,0,-3.5469,-1.1328,-5.3516,0.6094,0.854625,0.833,0.690375,0.696375,0,0,2.559625
6043,3,98,1,0,-3.5234,-1.1328,-5.3203,0.6172,0.8435,0.808625,0.708375,0.69325,0,0,2.561
6044,3,97,1,0,-3.4141,-1.125,-5.2266,0.6484,0.85175,0.81275,0.726375,0.69725,0,0,2.560875
6045,3,95,1,0,-3.4297,-1.0625,-5.25,0.6484,0.853125,0.81325,0.70475,0.6985,0,0,2.559375
6046,3,95,1,0,-3.4609,-0.9688,-5.1953,0.7109,0.8655,0.834375,0.73075,0.69875,0,0,2.559125
6047,3,94,1,0,-3.4688,-1.0312,-5.1719,0.6328,0.862125,0.84325,0.714125,0.70075,0,0,2.56025
6048,3,97,1,1,-3.375,-0.9844,-5.1719,0.7109,0.851,0.8355,0.705125,0.704,0,0,2.560875
6049,3,95,1,0,-3.3828,-0.8984,-5.1797,0.75,0.87175,0.83575,0.7335,0.70975,0,0,2.56075
6050,3,97,1,0,-3.3672,-0.8984,-5.1641,0.7344,0.876,0.826125,0.742375,0.70925,0,0,2.560375
6051,3,98,1,0,-3.375,-0.9141,-5.0938,0.8359,0.87625,0.846125,0.74275,0.71275,0,0,2.560125
6052,3,96,1,0,-3.3125,-0.9531,-5.1328,0.8125,0.856375,0.8515,0.740375,0.72125,0,0,2.561
6053,3,95,1,0,-3.2578,-0.8672,-5.1094,0.7891,0.871875,0.849875,0.74775,0.709375,0,0,2.559
6054,3,97,1,0,-3.1875,-0.8281,-5.0859,0.8984,0.883,0.83475,0.713875,0.7105,0,0,2.559375
6055,3,94,1,0,-3.2188,-0.8828,-5.0391,0.8594,0.8745,0.85125,0.716375,0.71975,0,0,2.56025
6056,3,95,1,1,-3.1406,-0.8281,-5.0156,0.9531,0.8605,0.849125,0.75075,0.71975,0,0,2.560625
6057,3,97,1,0,-3.1641,-0.7578,-5.0234,0.9531,0.869125,0.861625,0.726625,0.7335,0,0,2.559625
6058,3,95,1,0,-3.1953,-0.7109,-4.9453,0.8984,0.864875,0.869375,0.7465,0.7195,0,0,2.56
6059,3,98,1,0,-3.1328,-0.6719,-4.8906,0.9688,0.890875,0.850375,0.731125,0.71825,0,0,2.559125
6060,3,95,1,0,-3.1562,-0.6641,-4.8438,0.9922,0.876125,0.87075,0.725,0.72375,0,0,2.560125
6061,3,97,1,0,-3.0547,-0.6719,-4.9219,0.9531,0.8725,0.868,0.734375,0.735,0,0,2.56
6062,3,96,1,0,-3.0,-0.6094,-4.7969,1.0703,0.879375,0.87125,0.75775,0.72425,0,0,2.559125
6063,3,96,1,0,-3.0938,-0.5859,-4.7969,1.1094,0.885375,0.855,0.73225,0.7355,0,0,2.55975
6064,3,94,1,1,-2.9922,-0.6328,-4.875,1.1328,0.887375,0.8585,0.753125,0.747625,0,0,2.56075
6065,3,98,1,0,-3.0312,-0.5938,-4.8047,1.1328,0.881,0.870125,0.747625,0.729125,0,0,2.559875
6066,3,97,1,0,-2.9141,-0.5078,-4.7969,1.1719,0.894875,0.8715,0.759875,0.7395,0,0,2.560625
6067,3,97,1,0,-3.0078,-0.5547,-4.7422,1.0938,0.89575,0.86525,0.768,0.7365,0,0,2.559625
6068,3,97,1,0,-2.9219,-0.5391,-4.6797,1.2266,0.9105,0.887625,0.775125,0.756125,0,0,2.560875
6069,3,98,1,0,-2.8516,-0.5,-4.6953,1.2031,0.897375,0.878125,0.7595,0.74875,0,0,2.561
6070,3,97,1,0,-2.8828,-0.5078,-4.7266,1.1875,0.90225,0.872875,0.747125,0.743875,1,0,2.560125
6071,3,96,1,0,-2.9141,-0.3906,-4.6484,1.1875,0.912,0.8815,0.76125,0.746375,0,0,2.560625
6072,3,97,1,1,-2.8828,-0.3672,-4.6797,1.2734,0.903,0.892375,0.769875,0.755,0,0,2.561
6073,3,98,1,0,-2.8594,-0.375,-4.5781,1.3203,0.91025,0.877,0.75425,0.762125,0,0,2.560125
6074,3,96,1,0,-2.75,-0.3203,-4.6406,1.2812,0.920125,0.900125,0.763875,0.7635,0,0,2.55925
6075,3,94,1,0,-2.7031,-0.3828,-4.5703,1.3984,0.91625,0.876375,0.76375,0.754625,0,0,2.560625
6076,3,97,1,0,-2.7344,-0.3281,-4.5156,1.3672,0.933625,0.89575,0.756,0.764625,0,0,2.5595
6077,3,96,1,0,-2.6719,-0.2734,-4.5625,1.3359,0.9225,0.905875,0.7595,0.7725,0,0,2.560625
6078,3,95,1,0,-2.6406,-0.2969,-4.5391,1.3828,0.914625,0.886125,0.75875,0.762625,0,0,2.560375
6079,3,98,1,0,-2.6953,-0.2891,-4.5,1.4062,0.9245,0.8955,0.787875,0.754375,0,0,2.56075
6080,3,95,1,1,-2.5938,-0.2656,-4.4766,1.4141,0.935375,0.894,0.76125,0.757125,0,0,2.55975
6081,3,95,1,0,-2.6172,-0.2188,-4.4219,1.5078,0.943625,0.9165,0.78675,0.78025,0,0,2.5605
6082,3,97,1,0,-2.6562,-0.25,-4.3438,1.5312,0.940125,0.896625,0.77375,0.763375,0,0,2.559
6083,3,95,1,0,-2.5859,-0.2109,-4.3516,1.5625,0.921375,0.914375,0.7935,0.76775,0,0,2.5595
6084,3,96,1,0,-2.5703,-0.1484,-4.3125,1.5156,0.927375,0.924625,0.806,0.766375,0,0,2.559125
6085,3,98,1,0,-2.4688,-0.0938,-4.2734,1.6016,0.944625,0.91775,0.789875,0.7705,0,1,2.56
6086,3,98,1,0,-2.4922,-0.1641,-4.3516,1.6562,0.93625,0.9115,0.7845,0.767875,0,0,2.56025
6087,4,96,1,0,-2.4922,-0.0703,-4.2812,1.6484,0.94,0.930375,0.776125,0.782125,0,0,2.561
6088,4,96,1,1,-2.4297,-0.0859,-4.25,1.6797,0.942125,0.92575,0.783375,0.775125,0,0,2.560375
6089,4,96,1,0,-2.4375,-0.0703,-4.1953,1.6094,0.937875,0.9345,0.796375,0.775875,0,0,2.561
6090,4,95,1,0,-2.4609,-0.0703,-4.25,1.6719,0.96225,0.92875,0.81425,0.786875,0,0,2.55975
6091,4,94,1,0,-2.3984,0.0703,-4.1797,1.7422,0.96025,0.932625,0.795,0.797375,0,0,2.559625
6092,4,97,1,0,-2.3125,-0.0078,-4.1328,1.6719,0.968375,0.928875,0.816125,0.7815,0,0,2.560625
6093,4,96,1,0,-2.3828,0.0312,-4.1094,1.7188,0.946875,0.926875,0.816,0.7805,0,0,2.559875
6094,4,96,1,0,-2.2578,0.0938,-4.1406,1.8438,0.961125,0.9295,0.82075,0.7955,0,0,2.559375
6095,4,94,1,0,-2.2734,0.0938,-4.125,1.8672,0.974125,0.9205,0.794,0.793875,0,0,2.560875
6096,4,97,1,1,-2.2578,0.1406,-4.0703,1.8203,0.96375,0.922875,0.810375,0.798125,1,0,2.56025
6097,4,95,1,0,-2.1953,0.1094,-4.0703,1.8906,0.963125,0.951125,0.81375,0.7905,0,0,2.559
6098,4,94,1,0,-2.1953,0.2031,-4.0625,1.8125,0.9645,0.937125,0.8255,0.808125,0,0,2.56075
6099,4,94,1,0,-2.1719,0.2109,-3.9844,1.9297,0.9745,0.95275,0.807875,0.804,0,1,2.560125
6100,4,96,1,0,-2.1953,0.1719,-3.9297,1.9609,0.9605,0.951625,0.808625,0.814,0,0,2.560375
6101,4,95,1,0,-2.2109,0.2266,-4.0156,1.9297,0.96725,0.962,0.833875,0.802375,0,0,2.55975
6102,4,97,1,0,-2.1875,0.2812,-3.9688,2.0156,0.983875,0.935125,0.831625,0.812625,0,0,2.56075
6103,4,98,1,0,-2.1406,0.2734,-3.8672,1.9922,0.984625,0.943875,0.814,0.804625,0,0,2.560875
6104,4,94,1,1,-2.0234,0.2734,-3.8359,1.9688,0.971375,0.953375,0.827875,0.8155,0,0,2.56
6105,4,97,1,0,-2.1016,0.3203,-3.8672,1.9766,0.98925,0.949375,0.81125,0.814375,0,0,2.559875
6106,4,94,1,0,-2.0469,0.3203,-3.7734,2.0391,0.97525,0.943625,0.840625,0.804375,0,0,2.559875
6107,4,97,1,0,-1.9922,0.3281,-3.75,2.1328,0.975125,0.9475,0.847875,0.809375,0,0,2.560625
6108,4,95,1,0,-1.9297,0.3984,-3.75,2.1172,0.977,0.9595,0.846375,0.826375,0,0,2.5595
6109,4,98,1,0,-1.9141,0.4844,-3.7031,2.1406,0.977625,0.969875,0.840375,0.82625,0,0,2.56075
6110,4,96,1,0,-1.9609,0.4297,-3.7656,2.1797,0.9935,0.971625,0.84075,0.813875,0,0,2.559875
6111,4,94,1,0,-1.9531,0.4531,-3.6719,2.1719,1.000125,0.960125,0.839625,0.818125,0,0,2.559
6112,4,98,1,1,-1.875,0.5156,-3.6797,2.1953,0.989625,0.97425,0.845625,0.83275,0,0,2.559
6113,4,97,1,0,-1.8125,0.5156,-3.6719,2.2031,0.99225,0.9795,0.852,0.82475,0,0,2.5595
6114,4,96,1,0,-1.8203,0.5938,-3.6875,2.2031,1.003875,0.97525,0.831625,0.8195,0,0,2.559125
6115,4,96,1,0,-1.7656,0.5156,-3.6484,2.2734,1.001875,0.9715,0.838875,0.821625,0,0,2.559
6116,4,95,1,0,-1.7812,0.6094,-3.6562,2.3438,1.016875,0.976375,0.84125,0.830625,0,0,2.560375
6117,4,94,1,0,-1.75,0.6172,-3.6094,2.2891,1.00125,0.969,0.848375,0.843375,0,0,2.5605
6118,4,98,1,0,-1.6953,0.6875,-3.4922,2.3281,1.0025,0.993625,0.847125,0.829125,0,0,2.559875
6119,4,94,1,0,-1.6719,0.6953,-3.4688,2.3359,1.017875,0.981625,0.838125,0.832,0,0,2.559625
6120,4,95,1,1,-1.7578,0.7109,-3.5625,2.4141,1.0225,1.00225,0.84275,0.840375,0,0,2.559875
6121,4,95,1,0,-1.7188,0.7266,-3.5312,2.4219,1.013125,0.990125,0.8485,0.834875,0,0,2.5595
6122,4,98,1,0,-1.7031,0.6797,-3.4219,2.375,1.025375,0.997375,0.84825,0.841125,0,0,2.5605
6123,4,96,1,0,-1.6484,0.7188,-3.4766,2.4844,1.0185,1.000125,0.86125,0.846,0,0,2.56025
6124,4,94,1,0,-1.5938,0.7891,-3.4531,2.4219,1.03575,0.99425,0.865375,0.837125,0,0,2.561
6125,4,94,1,0,-1.5938,0.7969,-3.3438,2.5156,1.03525,0.986,0.871875,0.8515,0,0,2.55975
6126,4,97,1,0,-1.5781,0.7891,-3.3906,2.5703,1.038875,1.005,0.874,0.842375,0,0,2.560625
6127,4,97,1,0,-1.5703,0.8594,-3.3828,2.6094,1.035,1.0055,0.875875,0.859625,0,0,2.559375
6128,4,94,1,1,-1.5391,0.9062,-3.2969,2.5234,1.029125,1.0025,0.861875,0.85825,0,0,2.56025
6129,5,96,1,0,-1.5469,0.9297,-3.2578,2.5547,1.0205,1.009875,0.865375,0.865875,0,0,2.559375
6130,5,95,1,0,-1.4844,0.9141,-3.2344,2.6172,1.051625,1.015875,0.861875,0.8605,0,0,2.56025
6131,5,95,1,0,-1.4531,0.9297,-3.2656,2.6719,1.024,1.0205,0.869,0.8635,0,0,2.560875
6132,5,95,1,0,-1.4844,1.0312,-3.2422,2.6719,1.028625,1.00375,0.87025,0.8705,0,0,2.560625
6133,5,96,1,0,-1.4453,1.0312,-3.1641,2.7578,1.05225,1.005125,0.88425,0.852375,0,0,2.560375
6134,5,98,1,0,-1.3672,0.9844,-3.1484,2.6797,1.035875,1.0165,0.876625,0.874,0,0,2.560375
6135,5,95,1,0,-1.3047,1.0859,-3.1328,2.7578,1.041625,1.026,0.88425,0.8705,0,0,2.560375
6136,5,97,1,1,-1.3594,1.0469,-3.0781,2.7188,1.06025,1.025375,0.86425,0.8695,0,0,2.559
6137,5,98,1,0,-1.3516,1.1016,-3.1172,2.8438,1.043125,1.034875,0.879125,0.863875,0,0,2.56
6138,5,95,1,0,-1.2422,1.1797,-3.0547,2.8594,1.044,1.022375,0.89225,0.8755,0,0,2.560875
6139,5,95,1,0,-1.3203,1.0859,-3.0391,2.8828,1.070375,1.01325,0.905125,0.881375,0,0,2.559
6140,5,94,1,0,-1.2188,1.2266,-3.0,2.9219,1.071625,1.035625,0.9075,0.873875,0,0,2.559125
6141,5,94,1,0,-1.1562,1.1953,-3.0625,2.9375,1.04675,1.026,0.898,0.880625,0,0,2.56
6142,5,97,1,0,-1.1719,1.1875,-2.9922,2.9609,1.0625,1.0285,0.9085,0.882875,0,0,2.559625
6143,5,98,1,0,-1.1797,1.2031,-3.0078,2.9609,1.0645,1.046,0.8915,0.891875,0,0,2.55925
6144,5,98,1,1,-1.1719,1.2656,-2.8906,3.0156,1.05575,1.03275,0.893875,0.89175,0,0,2.560375
6145,5,96,1,0,-1.0703,1.2812,-2.9766,3.0078,1.05525,1.02925,0.897375,0.874125,0,0,2.5605
6146,5,95,1,0,-1.0859,1.3438,-2.875,3.0547,1.0575,1.049875,0.906,0.88125,0,0,2.559375
6147,5,98,1,0,-1.0234,1.2891,-2.9219,3.0469,1.08525,1.0425,0.9135,0.878,0,0,2.561
6148,5,96,1,0,-1.0156,1.375,-2.8984,3.0938,1.084,1.044375,0.887,0.89825,1,0,2.55975
6149,5,95,1,0,-1.0625,1.4062,-2.8203,3.1172,1.092125,1.049125,0.907875,0.892125,0,1,2.559125
6150,5,94,1,0,-1.0234,1.4062,-2.8594,3.1172,1.08475,1.051,0.92425,0.888125,0,0,2.559875
6151,5,97,1,0,-1.0156,1.3672,-2.8281,3.1562,1.080625,1.061375,0.90225,0.885375,0,0,2.559375
6152,5,94,1,1,-0.9609,1.5,-2.8047,3.0859,1.0935,1.061,0.90325,0.886125,0,0,2.56075
6153,5,98,1,0,-0.9922,1.5,-2.75,3.2109,1.0725,1.042375,0.9025,0.89925,0,0,2.56075
6154,5,96,1,0,-0.8672,1.5469,-2.6875,3.2578,1.099875,1.073875,0.922875,0.90025,0,0,2.561
6155,5,95,1,0,-0.875,1.5078,-2.7031,3.2656,1.08175,1.060625,0.90225,0.895,0,0,2.560375
6156,5,97,1,0,-0.875,1.5625,-2.6094,3.1797,1.091375,1.05975,0.906625,0.909875,0,0,2.559125
6157,5,95,1,0,-0.7734,1.5547,-2.6953,3.2344,1.10225,1.079875,0.927125,0.90375,0,0,2.559
6158,5,96,1,0,-0.7734,1.5469,-2.6172,3.3281,1.091,1.06025,0.91775,0.918375,0,1,2.561
6159,5,96,1,0,-0.7344,1.6562,-2.5547,3.2812,1.0985,1.062875,0.93975,0.91125,0,0,2.560625
6160,5,95,1,1,-0.7422,1.6875,-2.5625,3.3281,1.0985,1.06325,0.920875,0.91875,0,0,2.55925
6161,5,98,1,0,-0.7109,1.7109,-2.5625,3.3516,1.0965,1.071625,0.91075,0.91575,0,0,2.560625
6162,5,96,1,0,-0.7344,1.7422,-2.5156,3.3984,1.119625,1.078875,0.919375,0.912875,0,0,2.559875
6163,5,96,1,0,-0.6641,1.7188,-2.5312,3.3906,1.098375,1.07575,0.9305,0.90575,0,0,2.560125
6164,5,96,1,0,-0.6172,1.7656,-2.5312,3.4922,1.09825,1.06975,0.919875,0.9165,0,0,2.5605
6165,5,95,1,0,-0.625,1.7188,-2.4922,3.4531,1.1225,1.094,0.926625,0.910125,0,0,2.559125
6166,5,94,1,0,-0.6094,1.7734,-2.4219,3.5234,1.120875,1.0765,0.9545,0.928875,0,0,2.559
6167,5,98,1,0,-0.5938,1.7578,-2.3359,3.5625,1.121375,1.090125,0.933875,0.925,0,0,2.559125
6168,5,96,1,1,-0.625,1.8516,-2.3516,3.4766,1.127,1.094875,0.9325,0.930875,0,0,2.5595
6169,5,95,1,0,-0.6016,1.8984,-2.3047,3.5938,1.109375,1.086875,0.9325,0.923,0,0,2.559875
6170,5,95,1,0,-0.4844,1.8828,-2.3828,3.5156,1.127375,1.1025,0.94575,0.9365,0,0,2.559125
6171,5,97,1,0,-0.4609,1.9375,-2.3516,3.5703,1.1165,1.080625,0.93375,0.920375,0,0,2.56025
6172,6,94,1,0,-0.4297,1.9609,-2.2578,3.6328,1.138875,1.1065,0.95325,0.937625,0,0,2.5605
6173,6,96,1,0,-0.5156,1.9141,-2.2422,3.5938,1.138,1.0995,0.967,0.935375,0,0,2.5605
6174,6,96,1,0,-0.3906,1.9531,-2.1719,3.6719,1.13125,1.10775,0.941375,0.926875,1,0,2.559
6175,6,97,1,0,-0.4219,1.9453,-2.2266,3.7031,1.13875,1.0955,0.94975,0.942125,0,0,2.56025
6176,6,94,1,1,-0.4219,1.9766,-2.1641,3.7188,1.121125,1.09675,0.93975,0.945375,0,0,2.559375
6177,6,94,1,0,-0.3984,2.0391,-2.1641,3.7031,1.131375,1.116625,0.969625,0.930375,0,0,2.561
6178,6,98,1,0,-0.2812,2.0234,-2.125,3.7969,1.148125,1.123875,0.95025,0.937625,0,0,2.559375
6179,6,97,1,0,-0.2812,2.0391,-2.1016,3.7266,1.128625,1.102375,0.947,0.937125,0,0,2.560375
6180,6,94,1,0,-0.2578,2.0547,-2.1094,3.7578,1.15075,1.1235,0.970125,0.9375,0,0,2.5595
6181,6,98,1,0,-0.3125,2.0781,-2.1016,3.8906,1.133125,1.11375,0.966125,0.954375,0,0,2.5595
6182,6,97,1,0,-0.1797,2.1406,-2.0391,3.8281,1.133875,1.125,0.971625,0.948875,0,0,2.56025
6183,6,95,1,0,-0.1719,2.2266,-2.0469,3.8359,1.1365,1.10975,0.971875,0.940875,0,0,2.559
6184,6,95,1,1,-0.1875,2.25,-2.0,3.9062,1.1435,1.11475,0.96275,0.9545,0,0,2.560125
6185,6,95,1,0,-0.1641,2.1875,-2.0078,3.9219,1.16725,1.13375,0.952625,0.95875,0,0,2.561
6186,6,95,1,0,-0.2031,2.3047,-1.8828,4.0156,1.14325,1.119,0.980875,0.948875,0,0,2.560875
6187,6,97,1,0,-0.125,2.2812,-1.8672,3.9688,1.163625,1.131625,0.96075,0.967875,0,0,2.561
6188,6,97,1,0,-0.1484,2.3047,-1.8438,3.9922,1.167375,1.123875,0.96125,0.960625,0,0,2.559125
6189,6,97,1,0,-0.1328,2.3125,-1.8828,3.9922,1.163125,1.121,0.985625,0.9615,0,0,2.560125
6190,6,95,1,0,-0.0859,2.3203,-1.8047,4.0156,1.17275,1.134625,0.97375,0.95525,0,0,2.56075
6191,6,96,1,0,-0.0312,2.3594,-1.875,4.0234,1.171375,1.1365,0.97475,0.974125,0,0,2.561
6192,6,96,1,1,0.0234,2.3594,-1.7578,4.0391,1.156875,1.151,0.969875,0.965375,0,0,2.56025
6193,6,96,1,0,0.0312,2.4141,-1.7266,4.1562,1.174,1.1535,0.983625,0.980125,0,0,2.559375
6194,6,98,1,0,0.0391,2.3984,-1.7344,4.0859,1.1795,1.149125,0.997125,0.960875,0,0,2.559875
6195,6,97,1,0,0.0234,2.5156,-1.7656,4.1562,1.18575,1.14875,0.98,0.968625,0,0,2.5595
6196,6,97,1,0,0.1094,2.4453,-1.7031,4.2188,1.17175,1.142,1.00425,0.984625,0,0,2.559875
6197,6,95,1,0,0.1094,2.5781,-1.7188,4.2578,1.195375,1.15625,0.979625,0.97675,0,0,2.559875
6198,6,95,1,0,0.1719,2.5312,-1.6875,4.2266,1.197125,1.141,0.980125,0.98275,0,0,2.55925
6199,6,95,1,0,0.1875,2.6172,-1.6094,4.2812,1.186625,1.143875,0.983125,0.9765,1,0,2.560125
6200,6,98,1,1,0.2031,2.5703,-1.6562,4.3203,1.178375,1.16875,1.014875,0.97625,0,0,2.55925
6201,6,95,1,0,0.2656,2.5547,-1.5859,4.3203,1.20025,1.168375,0.997,0.978375,0,0,2.560625
6202,6,96,1,0,0.3047,2.6719,-1.6016,4.3047,1.19275,1.157875,1.01925,0.98075,0,0,2.55975
6203,6,97,1,0,0.2969,2.7031,-1.5234,4.4219,1.188875,1.167625,1.001375,0.99025,0,0,2.559375
6204,6,95,1,0,0.2891,2.6875,-1.5,4.4219,1.208625,1.1635,1.018,0.996625,0,0,2.55925
6205,6,94,1,0,0.3516,2.7656,-1.5469,4.3594,1.190625,1.17275,0.99675,0.983125,0,0,2.559375
6206,6,95,1,0,0.3906,2.7266,-1.4766,4.4062,1.21075,1.156625,0.995125,1.003125,0,0,2.559875
6207,6,98,1,0,0.3594,2.7578,-1.4453,4.5234,1.206625,1.177625,1.011375,1.00025,0,0,2.559375
6208,6,97,1,1,0.3984,2.7578,-1.3828,4.5234,1.19875,1.162125,0.999375,0.99775,0,0,2.559125
6209,6,94,1,0,0.3672,2.7969,-1.3516,4.5469,1.21725,1.178125,1.0215,0.993875,0,1,2.560375
6210,6,94,1,0,0.4609,2.8828,-1.3438,4.5312,1.208,1.16425,1.003375,1.00725,0,0,2.55975
6211,6,95,1,0,0.4688,2.8984,-1.3438,4.5469,1.219625,1.16825,1.005375,1.012125,0,0,2.559
6212,6,98,1,0,0.4844,2.8438,-1.3594,4.6016,1.2045,1.193375,1.032125,0.9955,0,0,2.559625
6213,7,94,1,0,0.5469,2.8672,-1.2812,4.6328,1.21825,1.19475,1.014625,0.99475,0,0,2.559875
6214,7,98,1,0,0.5391,2.8906,-1.25,4.6484,1.230875,1.180875,1.0195,1.00725,0,0,2.55925
6215,7,95,1,0,0.5234,2.9062,-1.2266,4.6562,1.223,1.192875,1.02475,1.01075,0,0,2.559125
6216,7,97,1,1,0.5469,2.9297,-1.2031,4.7188,1.23525,1.176,1.0235,1.005125,0,0,2.55925
6217,7,98,1,0,0.5703,3.0234,-1.1719,4.7578,1.22775,1.199,1.020375,1.006125,0,0,2.559
6218,7,98,1,0,0.6172,3.0625,-1.2109,4.7656,1.211875,1.183,1.031875,1.020375,0,0,2.560375
6219,7,96,1,0,0.7031,3.1094,-1.1328,4.7422,1.237625,1.203,1.04225,1.007375,0,0,2.560125
6220,7,95,1,0,0.625,3.0469,-1.1328,4.8047,1.2335,1.208125,1.037375,1.01875,0,0,2.56
6221,7,94,1,0,0.6641,3.0859,-1.1094,4.8047,1.22775,1.18425,1.0435,1.01125,0,1,2.559625
6222,7,95,1,0,0.6797,3.1016,-1.0156,4.8828,1.24775,1.197,1.024125,1.020375,0,0,2.5605
6223,7,97,1,0,0.7734,3.0859,-1.0312,4.8594,1.245125,1.2035,1.041625,1.012875,1,0,2.559625
6224,7,97,1,1,0.8281,3.1406,-1.0,4.9297,1.22375,1.193125,1.02725,1.024625,0,0,2.560375
6225,7,96,1,0,0.8203,3.1406,-0.9453,4.9219,1.2455,1.20375,1.057375,1.03025,0,0,2.5605
6226,7,94,1,0,0.7891,3.2266,-0.9531,4.9453,1.255875,1.193,1.028125,1.024375,0,0,2.559625
6227,7,96,1,0,0.8125,3.2734,-0.9766,5.0,1.233,1.207375,1.059875,1.027875,0,0,2.560125
6228,7,95,1,0,0.9062,3.3047,-0.8828,4.9688,1.2315,1.2025,1.049875,1.028,0,0,2.559125
6229,7,94,1,0,0.8672,3.3438,-0.8984,4.9922,1.242,1.202,1.0535,1.024375,0,0,2.560875
6230,7,97,1,0,0.9531,3.3125,-0.9453,5.0156,1.240125,1.22025,1.049625,1.028125,0,0,2.55925
6231,7,97,1,0,0.9688,3.375,-0.8906,5.0078,1.259125,1.224375,1.07125,1.02875,0,0,2.560875
6232,7,96,1,1,0.9844,3.3047,-0.8281,5.0312,1.239375,1.228875,1.050375,1.028375,0,0,2.5595
6233,7,97,1,0,0.9766,3.3906,-0.875,5.1484,1.266,1.219375,1.047625,1.0435,0,0,2.560625
6234,7,95,1,0,0.9844,3.3906,-0.7578,5.1484,1.261875,1.216,1.0455,1.04575,0,0,2.5605
6235,7,97,1,0,1.0234,3.4922,-0.7969,5.1484,1.246625,1.232125,1.052,1.046375,0,0,2.5595
6236,7,96,1,0,1.0391,3.4219,-0.6875,5.1172,1.26725,1.230125,1.069625,1.03775,0,0,2.560875
6237,7,97,1,0,1.0234,3.5156,-0.6797,5.1719,1.254,1.218625,1.065375,1.056,0,0,2.561
6238,7,96,1,0,1.0469,3.4766,-0.6562,5.2188,1.280125,1.2385,1.076875,1.04975,0,0,2.56
6239,7,94,1,0,1.0938,3.5312,-0.6719,5.2109,1.253375,1.22675,1.071625,1.044875,0,0,2.559625
6240,7,98,1,1,1.1641,3.5547,-0.6562,5.3047,1.259125,1.2265,1.086375,1.045125,0,1,2.559375
6241,7,96,1,0,1.2422,3.5781,-0.5625,5.3281,1.264625,1.227875,1.065125,1.06125,0,0,2.560375
6242,7,96,1,0,1.1875,3.5703,-0.5625,5.3672,1.27825,1.24725,1.0705,1.050625,0,0,2.5595
6243,7,97,1,0,1.2891,3.6875,-0.6328,5.3359,1.284125,1.253875,1.07225,1.06275,0,0,2.56075
6244,7,94,1,0,1.2031,3.6016,-0.4844,5.3359,1.26475,1.25375,1.090125,1.05775,0,0,2.560625
6245,7,94,1,0,1.2344,3.7266,-0.5469,5.3438,1.28725,1.256625,1.05825,1.05875,0,0,2.56075
6246,7,95,1,0,1.3594,3.6406,-0.5391,5.3516,1.285625,1.233375,1.069125,1.06675,0,0,2.56025
6247,7,94,1,0,1.3281,3.7422,-0.4922,5.4766,1.28175,1.257875,1.0685,1.0625,0,0,2.5605
6248,7,94,1,1,1.3203,3.75,-0.5078,5.4766,1.2995,1.261375,1.097375,1.05375,0,0,2.5605
6249,7,97,1,0,1.3203,3.7969,-0.375,5.4844,1.30325,1.240625,1.073,1.074375,0,0,2.55925
6250,7,96,1,0,1.3594,3.75,-0.4062,5.4453,1.30125,1.257125,1.085375,1.077625,0,0,2.560125
6251,7,95,1,0,1.3594,3.8516,-0.3281,5.5234,1.281125,1.26175,1.07625,1.0775,0,0,2.560375
6252,7,97,1,0,1.3828,3.7969,-0.3359,5.5938,1.307125,1.261125,1.102125,1.070625,1,0,2.559
6253,7,95,1,0,1.5312,3.9297,-0.3281,5.5312,1.294125,1.270875,1.109,1.065125,0,0,2.55975
6254,7,95,1,0,1.4922,3.9141,-0.2969,5.5938,1.295375,1.263875,1.08375,1.078375,0,0,2.560375
6255,8,96,1,0,1.5547,3.8672,-0.2188,5.6484,1.30025,1.25725,1.098375,1.074625,0,0,2.5605
6256,8,95,1,1,1.5938,3.9062,-0.2266,5.6406,1.3105,1.27925,1.094875,1.083625,0,0,2.560125
6257,8,96,1,0,1.5234,3.9688,-0.2109,5.7266,1.2985,1.283125,1.11025,1.07125,0,0,2.559
6258,8,96,1,0,1.5391,4.0234,-0.2188,5.7188,1.295375,1.262,1.113,1.082125,0,0,2.55925
6259,8,95,1,0,1.6719,4.0312,-0.2344,5.7344,1.302125,1.26775,1.093125,1.084,0,0,2.56025
6260,8,97,1,0,1.6875,4.0156,-0.1875,5.7812,1.321875,1.261125,1.104625,1.084375,0,0,2.56025
6261,8,98,1,0,1.6562,4.0312,-0.1875,5.8203,1.315625,1.27675,1.119,1.081,0,0,2.5605
6262,8,94,1,0,1.75,4.0469,-0.0547,5.75,1.3085,1.27375,1.121,1.0975,0,0,2.559125
6263,8,96,1,0,1.7656,4.1406,-0.1094,5.8516,1.326375,1.292125,1.10075,1.0875,0,0,2.559875
6264,8,96,1,1,1.7578,4.1172,-0.0938,5.8828,1.320875,1.294375,1.114375,1.08625,0,0,2.560625
6265,8,94,1,0,1.8125,4.1328,-0.0391,5.8828,1.317125,1.282,1.104,1.096,0,0,2.560625
6266,8,95,1,0,1.8438,4.2109,0.0469,5.8359,1.324,1.283125,1.129125,1.092375,0,0,2.559
6267,8,95,1,0,1.8281,4.2422,0.0703,5.9609,1.324375,1.295875,1.119625,1.08725,0,0,2.559875
6268,8,94,1,0,1.8594,4.2812,-0.0078,5.9531,1.31675,1.277,1.1215,1.093625,0,0,2.55975
6269,8,98,1,0,1.9141,4.2656,0.0391,5.9609,1.316375,1.27975,1.137,1.089625,0,0,2.560875
6270,8,96,1,0,1.9297,4.2812,0.1016,5.9297,1.317875,1.287375,1.110125,1.09325,0,0,2.560625
6271,8,96,1,0,1.9375,4.3281,0.0781,6.0234,1.347375,1.305625,1.1155,1.096875,0,0,2.5605
6272,8,98,1,1,1.9297,4.3828,0.1406,6.0781,1.3305,1.28675,1.13475,1.09475,1,0,2.56075
6273,8,96,1,0,2.0156,4.375,0.1406,6.1172,1.335375,1.293375,1.117625,1.11225,0,0,2.559625
6274,8,95,1,0,2.0156,4.4297,0.2188,6.0703,1.3515,1.31525,1.13775,1.104375,0,0,2.5595
6275,8,97,1,0,1.9922,4.3828,0.1406,6.125,1.3495,1.296125,1.136625,1.118625,0,0,2.559875
6276,8,96,1,0,2.0781,4.4844,0.2891,6.1172,1.331875,1.298125,1.123,1.10575,0,0,2.560625
6277,8,96,1,0,2.0,4.4609,0.1875,6.1797,1.345125,1.318,1.1475,1.106125,0,0,2.5605
6278,8,96,1,0,2.0156,4.4219,0.2656,6.1562,1.338625,1.32075,1.147,1.105625,0,0,2.55975
6279,8,97,1,0,2.0703,4.5312,0.3281,6.2578,1.35175,1.32875,1.12825,1.125875,0,0,2.560125
6280,8,95,1,1,2.0938,4.5625,0.3125,6.2734,1.361,1.325125,1.14275,1.11975,0,0,2.560375
6281,8,95,1,0,2.1797,4.5312,0.2891,6.2891,1.3495,1.316625,1.139375,1.11175,0,0,2.559
6282,8,94,1,0,2.2344,4.5312,0.4297,6.2656,1.3525,1.3265,1.150625,1.11525,0,0,2.5595
6283,8,95,1,0,2.1953,4.5469,0.3438,6.2891,1.347875,1.332625,1.145,1.12475,0,0,2.56075
6284,8,95,1,0,2.1641,4.6016,0.4531,6.3203,1.36175,1.311875,1.131,1.120875,0,0,2.5595
6285,8,98,1,0,2.1953,4.6094,0.4219,6.3047,1.37575,1.334875,1.133,1.12975,0,0,2.559
6286,8,97,1,0,2.2109,4.6094,0.5234,6.3125,1.362,1.332375,1.15725,1.119125,0,0,2.561
6287,8,95,1,0,2.3047,4.7266,0.5156,6.3828,1.3575,1.34325,1.1675,1.11975,0,0,2.559125
6288,8,95,1,1,2.3047,4.6875,0.5156,6.4375,1.357375,1.32925,1.15025,1.126125,0,0,2.560875
6289,8,97,1,0,2.3359,4.7422,0.5547,6.4531,1.364625,1.331625,1.155875,1.140625,0,0,2.55975
6290,8,95,1,0,2.3047,4.7031,0.6172,6.4141,1.364875,1.3275,1.151625,1.1395,0,1,2.559
6291,8,94,1,0,2.3906,4.75,0.5391,6.4297,1.3755,1.338375,1.141625,1.145875,0,0,2.559125
6292,8,94,1,0,2.3594,4.8359,0.6328,6.5469,1.372375,1.328125,1.161625,1.133625,0,0,2.559125
6293,8,94,1,0,2.3828,4.8906,0.6094,6.5781,1.367625,1.33175,1.176125,1.144625,0,0,2.560625
6294,8,95,1,0,2.4531,4.9062,0.625,6.5547,1.3835,1.335875,1.151875,1.131875,0,0,2.559625
6295,8,95,1,0,2.4375,4.8359,0.6484,6.6406,1.379375,1.353125,1.154375,1.13825,0,0,2.560125
6296,9,94,1,1,2.5391,4.9219,0.7188,6.6328,1.389625,1.341375,1.155625,1.149375,0,0,2.560125
6297,9,96,1,0,2.5078,4.9375,0.6953,6.5938,1.392,1.345625,1.178,1.154125,0,0,2.56
6298,9,98,1,0,2.5078,4.9844,0.7188,6.6484,1.37625,1.3525,1.152375,1.157125,0,0,2.5605
6299,9,97,1,0,2.6328,5.0234,0.8359,6.7344,1.3935,1.36075,1.15575,1.1475,0,0,2.559125
6300,9,97,1,0,2.6484,5.0312,0.7891,6.6562,1.406625,1.360875,1.18075,1.147,0,0,2.56025
6301,9,98,1,0,2.6641,5.0625,0.7812,6.7109,1.39375,1.35025,1.188375,1.1565,1,0,2.560875
6302,9,97,1,0,2.6562,5.1172,0.875,6.75,1.40425,1.362,1.162625,1.15925,0,0,2.559625
6303,9,94,1,0,2.7109,5.0312,0.9141,6.7344,1.40875,1.369125,1.175375,1.152,0,0,2.560125
6304,9,94,1,1,2.6875,5.1484,0.9453,6.8672,1.416375,1.369375,1.188,1.156875,0,0,2.559375
6305,9,96,1,0,2.7734,5.1484,0.8828,6.7812,1.417125,1.3635,1.174375,1.157,0,0,2.561
6306,9,94,1,0,2.7344,5.1875,0.9141,6.8984,1.41675,1.365875,1.186875,1.161,0,0,2.559
6307,9,95,1,0,2.7891,5.1172,0.9219,6.8516,1.40825,1.366125,1.166875,1.16725,0,0,2.559
6308,9,94,1,0,2.8359,5.2109,1.0312,6.8438,1.409375,1.359,1.185125,1.160625,0,0,2.561
6309,9,95,1,0,2.8672,5.1797,1.0156,6.9062,1.404375,1.386875,1.17225,1.168375,0,0,2.559
6310,9,96,1,0,2.8906,5.2656,1.1016,6.9531,1.415875,1.36175,1.205875,1.16925,0,0,2.559875
6311,9,96,1,0,2.8203,5.25,1.0703,6.9844,1.412125,1.384875,1.18875,1.17025,0,0,2.559125
6312,9,96,1,1,2.8516,5.3438,1.1406,7.0,1.41625,1.377375,1.1785,1.16525,0,0,2.560625
6313,9,98,1,0,2.9453,5.3828,1.0938,6.9922,1.41,1.37075,1.1995,1.172625,0,0,2.561
6314,9,96,1,0,2.9297,5.4141,1.1797,7.1016,1.42125,1.380375,1.200625,1.17475,0,0,2.561
6315,9,97,1,0,2.9531,5.3438,1.1641,7.1172,1.434125,1.393625,1.190875,1.174875,0,0,2.55925
6316,9,96,1,0,2.9766,5.3672,1.1875,7.0703,1.437875,1.37675,1.2115,1.183375,0,0,2.560125
6317,9,97,1,0,2.9766,5.3828,1.2031,7.0938,1.437375,1.402625,1.206875,1.176375,0,0,2.560625
6318,9,97,1,0,3.1094,5.3906,1.2578,7.0859,1.434,1.397625,1.208625,1.187625,0,0,2.559125
6319,9,96,1,0,3.0391,5.4297,1.2656,7.1484,1.4405,1.388125,1.2155,1.185,0,0,2.56
6320,9,95,1,1,3.0391,5.5,1.2656,7.1484,1.431625,1.403875,1.20325,1.1915,0,0,2.56
6321,9,94,1,0,3.0938,5.5391,1.2578,7.1875,1.431,1.410625,1.221875,1.18025,0,0,2.56
6322,9,94,1,0,3.1172,5.4844,1.3438,7.2188,1.437125,1.397375,1.193125,1.18325,0,0,2.561
6323,9,98,1,0,3.1562,5.5156,1.3984,7.2812,1.4405,1.396375,1.195875,1.190875,0,0,2.56025
6324,9,97,1,0,3.2344,5.625,1.4219,7.3359,1.426875,1.41025,1.2145,1.188375,0,0,2.55925
6325,9,97,1,0,3.2266,5.5781,1.3984,7.3672,1.43575,1.413375,1.216375,1.196125,0,0,2.559875
6326,9,94,1,0,3.1797,5.6328,1.5,7.2891,1.445875,1.395,1.23425,1.20275,0,1,2.559875
6327,9,94,1,0,3.2891,5.6484,1.4531,7.3203,1.448875,1.4005,1.2275,1.188125,0,0,2.5595
6328,9,98,1,1,3.2344,5.7109,1.5,7.4297,1.459875,1.419125,1.204625,1.19275,0,0,2.56025
6329,9,94,1,0,3.3672,5.6641,1.5156,7.4219,1.4555,1.402125,1.215375,1.211,0,0,2.559
6330,9,95,1,0,3.3594,5.6875,1.5,7.4688,1.454625,1.408875,1.22175,1.200125,0,0,2.560375
6331,9,94,1,0,3.3906,5.7266,1.5547,7.4766,1.452,1.419625,1.217625,1.214875,0,0,2.55925
6332,9,98,1,0,3.3672,5.8281,1.5312,7.4297,1.468125,1.406125,1.2285,1.2135,0,0,2.559
6333,9,94,1,0,3.3594,5.7656,1.6406,7.4766,1.4505,1.41825,1.236625,1.207875,0,0,2.5605
6334,9,96,1,0,3.5,5.8984,1.5938,7.5781,1.457375,1.40775,1.241625,1.213375,0,0,2.559875
6335,9,94,1,0,3.5078,5.8906,1.6719,7.5234,1.47075,1.410625,1.228125,1.216625,0,0,2.56075
6336,9,97,1,1,3.5391,5.8828,1.7188,7.5234,1.4785,1.413375,1.228875,1.2215,0,0,2.55925
6337,10,94,1,0,3.5078,5.8906,1.7188,7.6406,1.46575,1.426375,1.22125,1.20875,0,0,2.560625
6338,10,96,1,0,3.5547,5.875,1.7578,7.6953,1.483125,1.444125,1.223375,1.224375,0,0,2.559625
6339,10,98,1,0,3.5859,6.0156,1.7266,7.6719,1.4595,1.43725,1.255375,1.225625,0,0,2.56025
6340,10,94,1,0,3.5938,5.9609,1.8203,7.6562,1.46675,1.437375,1.2325,1.221125,0,0,2.559625
6341,10,98,1,0,3.6172,5.9609,1.7578,7.7578,1.48875,1.449375,1.24325,1.2135,0,0,2.559
6342,10,94,1,0,3.625,6.0703,1.8828,7.7031,1.466625,1.45125,1.23525,1.226625,0,0,2.55925
6343,10,97,1,0,3.6484,6.0156,1.8984,7.7969,1.4725,1.427875,1.244125,1.222625,0,0,2.55975
6344,10,95,1,1,3.6875,6.1016,1.8672,7.8203,1.479375,1.435875,1.262875,1.231875,1,0,2.559375
6345,10,97,1,0,3.7422,6.1484,1.9453,7.7656,1.477875,1.44425,1.249625,1.22225,0,0,2.56075
6346,10,94,1,0,3.7656,6.1875,1.9219,7.8281,1.49025,1.45575,1.255625,1.223,0,0,2.559125
6347,10,96,1,0,3.8125,6.1719,1.9141,7.8828,1.47275,1.450875,1.266375,1.2405,0,0,2.559125
6348,10,97,1,0,3.8203,6.1172,1.9375,7.8672,1.4985,1.456875,1.26,1.23375,0,0,2.559125
6349,10,94,1,0,3.7812,6.1406,2.0234,7.8828,1.488625,1.450625,1.240125,1.229125,0,0,2.559875
6350,10,94,1,0,3.8828,6.1797,2.0703,7.9766,1.47925,1.449625,1.248125,1.23075,0,0,2.5605
6351,10,98,1,0,3.8047,6.2891,2.0078,7.9531,1.492375,1.44775,1.26175,1.236375,0,0,2.560625
6352,10,98,1,1,3.8359,6.3047,2.1172,7.9219,1.484625,1.46,1.2415,1.246375,0,0,2.559875
6353,10,94,1,0,3.8516,6.2812,2.1016,7.9531,1.4925,1.453375,1.252625,1.240375,0,0,2.560125
6354,10,95,1,0,3.9609,6.3516,2.1641,8.0547,1.503,1.446,1.274125,1.2475,0,0,2.56075
6355,10,96,1,0,3.9297,6.3047,2.1562,8.0703,1.51625,1.45975,1.265375,1.24975,0,0,2.55975
6356,10,95,1,0,3.9922,6.375,2.1953,8.0312,1.51925,1.453375,1.261,1.241125,0,0,2.560625
6357,10,96,1,0,4.0,6.3438,2.1406,8.0938,1.517875,1.451375,1.284125,1.2505,0,0,2.55925
6358,10,98,1,0,4.0703,6.4531,2.2422,8.1641,1.505875,1.471875,1.265125,1.247875,0,0,2.559375
6359,10,97,1,0,3.9844,6.4141,2.2891,8.1641,1.524375,1.465875,1.283875,1.2585,0,1,2.559875
6360,10,94,1,1,4.0234,6.4766,2.2188,8.1406,1.5165,1.4825,1.262625,1.257375,0,0,2.559125
6361,10,94,1,0,4.0938,6.4453,2.2422,8.1406,1.5195,1.483,1.278625,1.245,0,0,2.56075
6362,10,96,1,0,4.1016,6.5,2.2812,8.2266,1.504875,1.46475,1.269875,1.243625,0,0,2.559375
6363,10,97,1,0,4.1562,6.5547,2.3359,8.1953,1.523375,1.466,1.293625,1.265,0,0,2.559
6364,10,95,1,0,4.1172,6.5391,2.4062,8.2188,1.5285,1.481,1.26425,1.248375,0,0,2.5595
6365,10,94,1,0,4.1719,6.5938,2.4453,8.3516,1.53,1.483375,1.278125,1.26875,0,0,2.561
6366,10,98,1,0,4.1562,6.5938,2.4453,8.3672,1.52325,1.480625,1.29225,1.252625,0,1,2.559625
6367,10,98,1,0,4.25,6.5781,2.4219,8.3203,1.53225,1.481125,1.28925,1.2665,0,0,2.55975
6368,10,98,1,1,4.3125,6.7266,2.4688,8.3438,1.532375,1.49175,1.276625,1.255,0,0,2.560375
6369,10,97,1,0,4.2656,6.6328,2.5391,8.3828,1.51675,1.491875,1.277625,1.2685,0,0,2.56025
6370,10,96,1,0,4.2734,6.7109,2.4766,8.4141,1.539625,1.498375,1.276875,1.26925,1,0,2.559125
6371,10,94,1,0,4.3203,6.75,2.4844,8.4297,1.531125,1.478375,1.278625,1.265,0,0,2.560625
6372,10,94,1,0,4.3828,6.7109,2.5938,8.4062,1.521875,1.506625,1.2805,1.27025,0,0,2.56075
6373,10,96,1,0,4.4375,6.8281,2.5547,8.5469,1.548875,1.50675,1.297875,1.267,0,0,2.560375
6374,10,96,1,0,4.3516,6.7734,2.6484,8.4844,1.54675,1.500625,1.280875,1.269625,0,0,2.55925
6375,10,94,1,0,4.4531,6.8281,2.625,8.5625,1.528125,1.504375,1.29875,1.268875,0,0,2.560375
6376,10,98,1,1,4.4609,6.8359,2.6094,8.5703,1.554125,1.51625,1.282625,1.284625,0,0,2.55975
6377,10,94,1,0,4.4766,6.9062,2.625,8.625,1.541,1.500125,1.304125,1.281,0,0,2.559
6378,11,97,1,0,4.4453,6.8984,2.7266,8.5547,1.55475,1.4965,1.31875,1.27175,0,0,2.561
6379,11,98,1,0,4.5156,6.9141,2.7891,8.6953,1.55075,1.5015,1.306375,1.274125,0,0,2.560875
6380,11,98,1,0,4.5781,6.9297,2.8203,8.6875,1.548125,1.5175,1.310875,1.29375,0,0,2.560625
6381,11,95,1,0,4.5234,6.9531,2.8125,8.625,1.5435,1.51175,1.310375,1.2875,0,0,2.560625
6382,11,94,1,0,4.5625,7.0078,2.8125,8.7578,1.548375,1.505875,1.3265,1.286,0,0,2.56025
6383,11,96,1,0,4.6172,7.0703,2.7891,8.7891,1.5445,1.51775,1.321625,1.2835,0,0,2.55975
6384,11,95,1,1,4.6641,7.0781,2.8828,8.7344,1.573125,1.519875,1.31175,1.287125,0,0,2.559875
6385,11,95,1,0,4.6953,7.0156,2.9375,8.8359,1.562875,1.516875,1.3255,1.286375,0,0,2.559625
6386,11,96,1,0,4.7031,7.1406,2.875,8.7812,1.567375,1.52725,1.325375,1.293875,0,0,2.560375
6387,11,94,1,0,4.6875,7.0938,2.875,8.8047,1.55125,1.515375,1.332625,1.291875,0,0,2.559
6388,11,94,1,0,4.75,7.2031,2.9531,8.875,1.55675,1.53375,1.31625,1.30075,0,0,2.561
6389,11,96,1,0,4.7266,7.1641,3.0156,8.8828,1.566625,1.529375,1.3255,1.306875,0,0,2.559875
6390,11,96,1,0,4.8516,7.2422,3.0,8.8906,1.561625,1.528625,1.32425,1.30925,0,0,2.559
6391,11,97,1,0,4.7969,7.1719,3.0078,8.9688,1.587625,1.5305,1.306,1.299375,0,0,2.561
6392,11,96,1,1,4.8906,7.2656,3.1094,8.8906,1.560875,1.544875,1.32325,1.302375,1,0,2.561
6393,11,95,1,0,4.8203,7.2422,3.1328,9.0312,1.576875,1.52,1.3295,1.297375,0,0,2.560375
6394,11,98,1,0,4.9375,7.2344,3.125,9.0469,1.568625,1.545375,1.332,1.29675,0,0,2.561
6395,11,95,1,0,4.8828,7.3359,3.1719,9.0859,1.592125,1.541375,1.32175,1.30525,0,0,2.560875
6396,11,94,1,0,4.9844,7.3047,3.0859,9.0547,1.580125,1.544375,1.3175,1.311,0,0,2.560125
6397,11,95,1,0,5.0234,7.3906,3.1797,9.1094,1.596125,1.536625,1.34775,1.311875,0,0,2.559
6398,11,97,1,0,5.0547,7.4375,3.2031,9.0469,1.574,1.534125,1.316875,1.31075,0,0,2.5605
6399,11,95,1,0,5.0,7.4219,3.2109,9.1016,1.590125,1.53975,1.333375,1.3045,0,0,2.561
6400,11,97,1,1,5.1016,7.4844,3.2812,9.2031,1.578625,1.55775,1.319625,1.319375,0,0,2.559
6401,11,94,1,0,5.0469,7.4375,3.25,9.1094,1.577375,1.5485,1.324625,1.31725,0,0,2.561
6402,11,96,1,0,5.0703,7.5547,3.2656,9.1953,1.584125,1.5515,1.332125,1.31975,0,0,2.559875
6403,11,96,1,0,5.0938,7.5469,3.3672,9.1797,1.602,1.539,1.34325,1.311875,0,0,2.5595
6404,11,94,1,0,5.2031,7.5078,3.3984,9.2188,1.610875,1.562625,1.350625,1.319875,0,0,2.559375
6405,11,96,1,0,5.1641,7.5469,3.3125,9.2422,1.606625,1.55275,1.327,1.32525,0,0,2.560625
6406,11,96,1,0,5.2422,7.6172,3.3594,9.25,1.609,1.5585,1.358375,1.315125,0,0,2.561
6407,11,97,1,0,5.2578,7.6406,3.3516,9.2734,1.600875,1.550625,1.34,1.327625,0,0,2.5605
6408,11,96,1,1,5.2969,7.6016,3.375,9.3047,1.60175,1.548375,1.352875,1.336,0,0,2.559625
6409,11,98,1,0,5.2266,7.6641,3.5156,9.3438,1.602125,1.5545,1.358375,1.339625,0,1,2.5605
6410,11,94,1,0,5.3203,7.7266,3.5234,9.375,1.618125,1.562125,1.346375,1.33675,0,0,2.5595
6411,11,94,1,0,5.25,7.7109,3.5312,9.4688,1.6,1.570875,1.354125,1.334625,0,0,2.55975
6412,11,98,1,0,5.3359,7.7578,3.4922,9.4375,1.612875,1.57525,1.373625,1.3405,0,0,2.55975
6413,11,98,1,0,5.2969,7.7031,3.5781,9.5234,1.6255,1.563625,1.35575,1.345625,0,0,2.56025
6414,11,98,1,0,5.4219,7.8047,3.5938,9.4922,1.630875,1.564875,1.376375,1.34525,0,0,2.559125
6415,11,95,1,0,5.3906,7.8281,3.5703,9.5469,1.621875,1.569,1.375625,1.344375,0,0,2.560125
6416,11,96,1,1,5.4141,7.7891,3.6641,9.5625,1.608,1.575375,1.34475,1.346625,0,0,2.5595
6417,11,95,1,0,5.5078,7.8203,3.7188,9.5156,1.611,1.59225,1.355125,1.346375,0,0,2.559
6418,11,98,1,0,5.5234,7.9453,3.7031,9.625,1.629625,1.56675,1.352875,1.352625,0,0,2.559625
6419,12,96,1,0,5.4922,7.8594,3.6562,9.6172,1.615375,1.59225,1.36675,1.345125,0,0,2.55925
6420,12,98,1,0,5.5,7.9766,3.7266,9.6562,1.6405,1.5855,1.364375,1.343125,0,0,2.55925
6421,12,98,1,0,5.6016,7.9375,3.7656,9.6719,1.618875,1.573625,1.384375,1.352375,0,0,2.56075
6422,12,96,1,0,5.6406,7.9453,3.7422,9.6484,1.635625,1.585375,1.388125,1.348125,0,0,2.560875
6423,12,94,1,0,5.6562,7.9531,3.7812,9.6406,1.639,1.584,1.3815,1.355625,0,0,2.559
6424,12,95,1,1,5.5703,8.0859,3.8281,9.7188,1.6435,1.588875,1.380875,1.350375,0,0,2.560125
6425,12,95,1,0,5.6484,8.0703,3.8984,9.7891,1.6275,1.598125,1.37725,1.360625,0,0,2.561
6426,12,95,1,0,5.6484,8.0391,3.9141,9.8281,1.648125,1.58825,1.376375,1.347875,1,1,2.559375
6427,12,97,1,0,5.75,8.1172,3.9375,9.8438,1.6555,1.592,1.391625,1.36425,0,0,2.559
6428,12,95,1,0,5.7031,8.1875,3.9766,9.7969,1.63875,1.605625,1.38875,1.354,0,0,2.560125
6429,12,96,1,0,5.7891,8.1172,3.9609,9.8672,1.65775,1.607625,1.378125,1.363625,0,0,2.560625
6430,12,98,1,0,5.7344,8.1328,3.9609,9.9219,1.6515,1.60875,1.375,1.36725,0,0,2.559875
6431,12,94,1,0,5.8438,8.1953,3.9844,9.8906,1.656625,1.60675,1.373125,1.363125,0,0,2.559625
6432,12,94,1,1,5.7578,8.1953,4.0312,9.8594,1.66225,1.591875,1.37675,1.374125,0,0,2.560625
6433,12,98,1,0,5.8828,8.2578,4.0156,9.8984,1.652125,1.6205,1.408,1.36925,0,0,2.55925
6434,12,94,1,0,5.9062,8.2578,4.0938,9.9062,1.666375,1.596,1.4015,1.37475,0,0,2.559
6435,12,94,1,0,5.9219,8.3281,4.1328,10.0234,1.660375,1.621625,1.40875,1.36275,0,0,2.56075
6436,12,98,1,0,5.9219,8.2969,4.125,10.0078,1.66225,1.60975,1.40175,1.375875,0,0,2.560625
6437,12,96,1,0,5.9453,8.3438,4.2031,10.0234,1.645375,1.616625,1.3845,1.365625,0,0,2.55975
6438,12,97,1,0,6.0234,8.3594,4.2109,10.125,1.653625,1.612375,1.41425,1.37575,0,0,2.56025
6439,12,95,1,0,6.0391,8.3828,4.1641,10.0703,1.6775,1.62725,1.391375,1.383375,0,0,2.560875
6440,12,97,1,1,5.9844,8.4219,4.2266,10.0781,1.67325,1.616625,1.3965,1.372875,0,0,2.5595
6441,12,98,1,0,6.0781,8.3906,4.2031,10.0859,1.66025,1.610625,1.419625,1.386875,0,0,2.560625
6442,12,98,1,0,6.0547,8.4062,4.2734,10.1016,1.66875,1.615125,1.419625,1.383,0,0,2.55975
6443,12,97,1,0,6.1484,8.4297,4.3047,10.1875,1.67975,1.622125,1.417375,1.374875,0,0,2.559125
6444,12,94,1,0,6.0625,8.4922,4.3203,10.2031,1.66425,1.634625,1.38975,1.387,0,0,2.559
6445,12,94,1,0,6.0938,8.5859,4.3438,10.25,1.66,1.64375,1.409125,1.394125,0,0,2.56075
6446,12,97,1,0,6.1484,8.5781,4.3438,10.2031,1.678875,1.627875,1.41075,1.3885,0,0,2.561
6447,12,94,1,0,6.2031,8.6484,4.3359,10.3047,1.67725,1.629375,1.4165,1.382,0,0,2.5605
6448,12,96,1,1,6.2656,8.6328,4.4375,10.2891,1.68875,1.645,1.39825,1.385375,0,0,2.56075
6449,12,96,1,0,6.25,8.5703,4.4609,10.2734,1.6815,1.633125,1.408375,1.387,0,0,2.561
6450,12,96,1,0,6.2578,8.6875,4.4766,10.375,1.6755,1.63625,1.40275,1.391375,0,0,2.560625
6451,12,97,1,0,6.2812,8.6719,4.5156,10.3828,1.697875,1.627875,1.408375,1.400375,0,1,2.561
6452,12,94,1,0,6.2656,8.7188,4.5391,10.375,1.687,1.63475,1.41775,1.39075,0,0,2.56025
6453,12,94,1,0,6.3125,8.7734,4.5391,10.4297,1.693,1.646375,1.429125,1.38775,0,0,2.560375
6454,12,95,1,0,6.3672,8.7656,4.5859,10.4922,1.6945,1.6555,1.411625,1.395375,0,0,2.56
6455,12,98,1,0,6.4297,8.75,4.5703,10.4766,1.698375,1.66025,1.434625,1.4045,0,0,2.559375
6456,12,96,1,1,6.3828,8.75,4.6094,10.4609,1.68475,1.64175,1.442,1.41325,0,0,2.560875
6457,12,94,1,0,6.4375,8.8359,4.5781,10.4766,1.697125,1.637,1.430875,1.399125,0,0,2.560125
6458,12,97,1,0,6.4141,8.8125,4.625,10.5312,1.685875,1.648125,1.40975,1.3965,0,0,2.559
6459,12,97,1,0,6.4531,8.8359,4.6562,10.6328,1.70375,1.649625,1.428,1.40375,0,0,2.559625
6460,13,97,1,0,6.5391,8.8828,4.7031,10.5781,1.69125,1.665625,1.427125,1.41175,0,0,2.56025
6461,13,98,1,0,6.4766,8.9766,4.6719,10.6406,1.693625,1.665125,1.448,1.41375,0,0,2.559125
6462,13,94,1,0,6.5859,9.0078,4.7891,10.6016,1.7165,1.6655,1.42075,1.402,0,0,2.559875
6463,13,96,1,0,6.5625,8.9531,4.7109,10.6406,1.698375,1.647375,1.428875,1.418125,0,0,2.561
6464,13,98,1,1,6.6172,9.0469,4.8203,10.6875,1.719875,1.6725,1.42225,1.412,0,0,2.55925
6465,13,94,1,0,6.6172,8.9922,4.7891,10.7578,1.703875,1.676,1.429,1.42575,0,0,2.559125
6466,13,96,1,0,6.6172,9.0547,4.8281,10.7031,1.7185,1.671,1.4595,1.42075,0,0,2.559625
6467,13,94,1,0,6.6094,9.0078,4.8672,10.8281,1.729125,1.66575,1.459,1.415,0,0,2.559375
6468,13,98,1,0,6.6641,9.1562,4.9141,10.7969,1.724375,1.667875,1.431375,1.41125,0,0,2.560125
6469,13,97,1,0,6.7109,9.0781,4.9688,10.7969,1.705125,1.683,1.430125,1.424625,0,0,2.560125
6470,13,98,1,0,6.7734,9.1953,4.9844,10.8594,1.72025,1.68775,1.431375,1.419375,0,0,2.559
6471,13,96,1,0,6.7188,9.1562,5.0156,10.8359,1.736,1.676,1.457125,1.415625,0,0,2.559375
6472,13,97,1,1,6.7734,9.2188,5.0078,10.8438,1.71275,1.662875,1.443,1.431375,1,0,2.56075
6473,13,94,1,0,6.7656,9.1953,4.9609,10.9453,1.71425,1.676875,1.440875,1.43825,0,0,2.5595
6474,13,98,1,0,6.8203,9.1953,5.0781,10.9219,1.717,1.66725,1.454375,1.43475,0,0,2.56025
6475,13,94,1,0,6.9141,9.2812,5.1016,10.9844,1.724625,1.67675,1.46075,1.4205,0,0,2.561
6476,13,98,1,0,6.8672,9.2578,5.0938,10.9688,1.72225,1.696625,1.45525,1.439625,0,0,2.55925
6477,13,95,1,0,6.8984,9.3281,5.0781,11.0078,1.728875,1.672125,1.4595,1.432125,0,0,2.559875
6478,13,95,1,0,6.9844,9.3672,5.0859,11.0938,1.74825,1.69425,1.45125,1.446625,0,0,2.561
6479,13,96,1,0,6.9297,9.3203,5.1953,11.1172,1.726375,1.703125,1.464125,1.435,0,0,2.560625
6480,13,95,1,1,6.9766,9.4219,5.125,11.0859,1.751125,1.699,1.480125,1.43025,0,0,2.55925
6481,13,94,1,0,7.0469,9.4141,5.2188,11.125,1.74475,1.687,1.446375,1.431,0,0,2.560125
6482,13,96,1,0,7.0703,9.4922,5.1953,11.125,1.744625,1.688,1.46225,1.45275,0,0,2.559125
6483,13,98,1,0,7.0547,9.4219,5.2422,11.1562,1.729625,1.706625,1.480125,1.441125,0,0,2.55925
6484,13,97,1,0,7.1016,9.5234,5.2188,11.2188,1.756625,1.685875,1.470375,1.44275,0,0,2.5605
6485,13,94,1,0,7.0938,9.4766,5.2734,11.2031,1.760375,1.7025,1.48025,1.4355,0,0,2.55975
6486,13,98,1,0,7.1797,9.5781,5.3594,11.1875,1.735375,1.68725,1.4815,1.43725,0,0,2.560375
6487,13,97,1,0,7.2109,9.5312,5.3828,11.2031,1.745,1.716375,1.462625,1.439625,0,0,2.56075
6488,13,96,1,1,7.1641,9.5156,5.4141,11.25,1.746875,1.720125,1.464375,1.446,0,0,2.56
6489,13,96,1,0,7.1406,9.6328,5.3438,11.3203,1.7485,1.70575,1.458625,1.452,0,0,2.5595
6490,13,94,1,0,7.2734,9.625,5.4766,11.2812,1.752375,1.6995,1.465875,1.459625,0,0,2.56
6491,13,95,1,0,7.2578,9.6875,5.3906,11.3047,1.7645,1.696125,1.481625,1.463,0,0,2.560375
6492,13,95,1,0,7.3203,9.625,5.5,11.4297,1.76825,1.720375,1.4635,1.448125,0,0,2.5595
6493,13,95,1,0,7.2578,9.6797,5.4453,11.4297,1.770125,1.715,1.49975,1.464,0,0,2.56
6494,13,95,1,0,7.3828,9.6797,5.4688,11.3672,1.77425,1.708625,1.50075,1.455875,0,0,2.559375
6495,13,97,1,0,7.3438,9.7422,5.6016,11.4453,1.75825,1.71875,1.488125,1.4615,0,0,2.5595
6496,13,96,1,1,7.4297,9.8203,5.5078,11.5,1.78075,1.723,1.49475,1.4555,0,0,2.56075
6497,13,94,1,0,7.4219,9.7812,5.6016,11.4844,1.78075,1.712875,1.480375,1.460375,0,0,2.5595
6498,13,94,1,0,7.4141,9.7578,5.6797,11.4766,1.781875,1.715625,1.48225,1.4545,0,0,2.5595
6499,13,96,1,0,7.4688,9.8984,5.6172,11.5938,1.7845,1.72275,1.494,1.468875,0,0,2.559125
6500,13,95,1,0,7.4688,9.8672,5.6328,11.5312,1.785125,1.741375,1.507125,1.474,1,0,2.559125
6501,13,94,1,0,7.4609,9.9375,5.7266,11.5781,1.770625,1.738,1.511875,1.478375,0,0,2.561
6502,14,98,1,0,7.5703,9.9453,5.6719,11.5547,1.784125,1.718375,1.4895,1.471,0,0,2.560125
6503,14,97,1,0,7.5938,9.8906,5.7188,11.5859,1.79125,1.721625,1.506,1.481,0,0,2.560875
6504,14,95,1,1,7.5625,9.9141,5.7812,11.7188,1.782375,1.739,1.501375,1.46775,0,0,2.56075
6505,14,96,1,0,7.5781,10.0234,5.8281,11.6641,1.78,1.726875,1.50975,1.47825,0,0,2.5595
6506,14,97,1,0,7.6562,10.0312,5.8516,11.7188,1.781875,1.738125,1.51275,1.468625,0,0,2.559625
6507,14,97,1,0,7.6016,10.0156,5.8125,11.75,1.789,1.72925,1.518,1.47475,0,0,2.561
6508,14,94,1,0,7.625,10.0938,5.8906,11.8047,1.777125,1.74425,1.5035,1.475125,0,1,2.5595
6509,14,98,1,0,7.625,10.1016,5.8281,11.7891,1.789875,1.74075,1.512625,1.470875,0,0,2.560375
6510,14,98,1,0,7.6641,10.0547,5.8516,11.7969,1.78275,1.74025,1.5035,1.489,0,0,2.560125
6511,14,95,1,0,7.7266,10.1719,5.9297,11.8281,1.788,1.7535,1.497875,1.492125,0,0,2.560625
6512,14,95,1,1,7.8047,10.1406,5.9219,11.8359,1.795875,1.7565,1.516375,1.475625,0,0,2.559125
6513,14,98,1,0,7.7656,10.1562,6.0156,11.8594,1.788625,1.763,1.509,1.4885,0,0,2.560125
6514,14,98,1,0,7.8594,10.2188,5.9844,11.9531,1.7915,1.739625,1.502875,1.488,0,0,2.559375
6515,14,96,1,0,7.7734,10.2188,6.0781,11.9062,1.78925,1.76175,1.497125,1.493125,0,0,2.56075
6516,14,95,1,0,7.8906,10.2188,6.0078,12.0078,1.792,1.74075,1.5,1.493125,0,0,2.559125
6517,14,97,1,0,7.8828,10.2656,6.0859,11.9297,1.807,1.75875,1.524875,1.492375,0,0,2.559625
6518,14,98,1,0,7.9453,10.2344,6.1406,12.0156,1.8075,1.761625,1.50725,1.48725,0,0,2.559875
6519,14,94,1,0,7.9688,10.3438,6.1406,12.0703,1.819125,1.747125,1.5285,1.50375,0,1,2.559
6520,14,95,1,1,7.9766,10.3125,6.1719,12.0156,1.813625,1.757875,1.536875,1.491,0,0,2.56025
6521,14,95,1,0,8.0,10.3984,6.2109,12.1328,1.818125,1.753375,1.529375,1.495125,0,0,2.560875
6522,14,96,1,0,7.9844,10.4062,6.1797,12.0547,1.811375,1.75225,1.523,1.505875,0,0,2.56025
6523,14,98,1,0,8.0469,10.4297,6.1562,12.1562,1.82375,1.757625,1.51775,1.495125,0,0,2.560375
6524,14,95,1,0,8.1016,10.4688,6.25,12.1875,1.812875,1.75375,1.5385,1.49275,0,0,2.56
6525,14,94,1,0,8.0469,10.4688,6.2188,12.1172,1.813,1.779,1.517125,1.496,0,0,2.559
6526,14,97,1,0,8.1016,10.4297,6.2266,12.2266,1.81125,1.77825,1.52475,1.5165,0,0,2.561
6527,14,95,1,0,8.0703,10.4531,6.25,12.1562,1.8295,1.78375,1.54075,1.50575,0,0,2.559125
6528,14,98,1,1,8.1172,10.5,6.3281,12.2266,1.81875,1.771375,1.52075,1.512875,0,0,2.560625
6529,14,95,1,0,8.1016,10.5,6.3516,12.3125,1.81275,1.7695,1.52225,1.51025,0,0,2.56
6530,14,94,1,0,8.2109,10.625,6.3359,12.3047,1.824,1.792125,1.52225,1.5195,1,0,2.55925
6531,14,96,1,0,8.1953,10.6719,6.4219,12.3672,1.839375,1.773,1.55375,1.5185,0,0,2.559625
6532,14,96,1,0,8.2734,10.6953,6.3906,12.3047,1.840625,1.787875,1.541125,1.514375,0,0,2.560125
6533,14,97,1,0,8.3047,10.625,6.4375,12.2969,1.825375,1.791625,1.532125,1.506875,0,0,2.560625
6534,14,96,1,0,8.2734,10.7031,6.4766,12.3438,1.833375,1.786125,1.536,1.525125,0,0,2.561
6535,14,97,1,0,8.2422,10.7109,6.5469,12.3672,1.843125,1.7985,1.526625,1.5125,0,0,2.559875
6536,14,94,1,1,8.2656,10.6797,6.4688,12.4766,1.833875,1.781125,1.557625,1.52775,0,0,2.560375
6537,14,95,1,0,8.3125,10.8125,6.5156,12.4609,1.839625,1.795375,1.564,1.526125,0,0,2.560625
6538,14,94,1,0,8.3438,10.7422,6.625,12.4453,1.85525,1.800125,1.559,1.513625,0,0,2.559
6539,14,94,1,0,8.3906,10.8203,6.6484,12.4688,1.8385,1.799375,1.537125,1.52725,0,0,2.559375
6540,14,95,1,0,8.375,10.8672,6.5625,12.4609,1.854375,1.799375,1.5655,1.5195,0,0,2.559875
6541,14,94,1,0,8.5078,10.8594,6.6953,12.4844,1.84,1.790875,1.542625,1.52225,0,0,2.561
6542,14,95,1,0,8.4688,10.8516,6.6875,12.5234,1.848125,1.801375,1.571125,1.531,0,0,2.560625
6543,14,95,1,0,8.5312,10.875,6.7578,12.6016,1.850125,1.81225,1.56475,1.53375,0,0,2.559375
6544,15,98,1,1,8.4688,10.9609,6.7812,12.6719,1.849125,1.804125,1.571875,1.529125,0,0,2.5605
6545,15,95,1,0,8.5391,11.0,6.6797,12.6719,1.84325,1.81075,1.576875,1.53125,0,0,2.560125
6546,15,97,1,0,8.5781,11.0,6.7031,12.6641,1.868125,1.791125,1.573875,1.526875,0,1,2.5605
6547,15,94,1,0,8.6328,11.0312,6.7812,12.7188,1.846875,1.80625,1.56625,1.54625,0,0,2.55925
6548,15,98,1,0,8.5938,10.9844,6.875,12.7344,1.856375,1.795625,1.56625,1.546,0,0,2.56
6549,15,98,1,0,8.6875,11.0469,6.8047,12.6953,1.855625,1.8205,1.573,1.549,0,0,2.559875
6550,15,97,1,0,8.6641,11.0078,6.8203,12.75,1.8575,1.82175,1.563375,1.5435,0,0,2.561
6551,15,94,1,0,8.7266,11.0391,6.8594,12.7266,1.87425,1.809375,1.580375,1.54925,0,0,2.55925
6552,15,95,1,1,8.6562,11.0469,6.8906,12.7656,1.88075,1.824375,1.572625,1.544875,0,0,2.56025
6553,15,98,1,0,8.7969,11.1406,6.9531,12.875,1.877875,1.820375,1.565875,1.548,0,0,2.560375
6554,15,94,1,0,8.6953,11.1641,7.0156,12.9062,1.869125,1.829375,1.559625,1.548375,0,0,2.559875
6555,15,98,1,0,8.7344,11.1875,7.0312,12.8516,1.861,1.835,1.569125,1.54975,0,0,2.56025
6556,15,98,1,0,8.7969,11.2578,6.9766,12.8516,1.8875,1.81775,1.5715,1.548375,0,0,2.55925
6557,15,95,1,0,8.7812,11.2344,7.0312,12.8984,1.875625,1.81175,1.56625,1.540875,0,0,2.559875
6558,15,97,1,0,8.8047,11.2891,7.0703,12.9453,1.865625,1.832,1.573625,1.560375,0,0,2.559875
6559,15,94,1,0,8.8281,11.2656,7.0859,12.9141,1.879625,1.8155,1.57425,1.563875,0,0,2.560375
6560,15,97,1,1,8.8359,11.25,7.1094,13.0,1.867,1.83625,1.58,1.55925,0,0,2.5595
6561,15,97,1,0,8.9453,11.2656,7.1797,13.0469,1.8905,1.823125,1.57525,1.554625,0,0,2.559375
6562,15,95,1,0,8.9062,11.3984,7.1797,13.0234,1.868875,1.8435,1.60225,1.54775,0,0,2.5605
6563,15,95,1,0,8.9375,11.4297,7.1484,13.0938,1.88425,1.83825,1.593625,1.559625,0,0,2.5595
6564,15,96,1,0,8.9766,11.4062,7.2266,13.1562,1.8965,1.824875,1.591125,1.570125,0,0,2.56025
6565,15,94,1,0,9.0703,11.3906,7.2266,13.1172,1.893875,1.843625,1.60125,1.557375,1,0,2.560875
6566,15,98,1,0,9.0703,11.4609,7.2656,13.1484,1.8875,1.84725,1.58625,1.555625,0,0,2.559
6567,15,96,1,0,9.0469,11.4453,7.2344,13.1719,1.90225,1.847625,1.573125,1.561375,0,0,2.559375
6568,15,98,1,1,9.0625,11.5,7.3125,13.1875,1.895625,1.8545,1.58825,1.568375,0,0,2.559375
6569,15,96,1,0,9.0625,11.4609,7.25,13.25,1.90025,1.83775,1.579875,1.575,0,0,2.560125
6570,15,97,1,0,9.1328,11.5469,7.375,13.1875,1.884125,1.835,1.577625,1.578625,0,0,2.56
6571,15,97,1,0,9.1172,11.5625,7.3906,13.2891,1.88475,1.852875,1.606375,1.57725,0,0,2.559875
6572,15,96,1,0,9.1328,11.6016,7.4453,13.3359,1.900375,1.842,1.61075,1.57575,0,0,2.559625
6573,15,96,1,0,9.2188,11.6094,7.4609,13.2656,1.908,1.8475,1.597875,1.5645,0,0,2.559
6574,15,96,1,0,9.1719,11.5703,7.4922,13.3047,1.91575,1.8585,1.615,1.575875,0,0,2.560625
6575,15,98,1,0,9.2266,11.7109,7.4844,13.3984,1.891375,1.848625,1.5935,1.56775,0,0,2.561
6576,15,95,1,1,9.2969,11.6875,7.4766,13.3359,1.90325,1.85325,1.607875,1.569,0,0,2.559125
6577,15,97,1,0,9.3594,11.7031,7.5156,13.375,1.897125,1.85075,1.600125,1.5695,0,0,2.560125
6578,15,95,1,0,9.2656,11.7188,7.4766,13.4219,1.91825,1.871125,1.61175,1.57425,0,0,2.559625
6579,15,97,1,0,9.3359,11.75,7.5391,13.4766,1.917,1.871875,1.608,1.57275,0,0,2.56025
6580,15,96,1,0,9.3125,11.75,7.5625,13.5312,1.90675,1.847125,1.5985,1.5895,0,0,2.561
6581,15,95,1,0,9.4375,11.7891,7.6484,13.5,1.9025,1.865125,1.593375,1.5875,0,0,2.56
6582,15,97,1,0,9.4531,11.7578,7.6484,13.5703,1.925375,1.867375,1.599375,1.583125,0,0,2.559125
6583,15,95,1,0,9.4844,11.8125,7.6016,13.4844,1.924,1.861375,1.627625,1.59625,0,0,2.559
6584,15,94,1,1,9.4297,11.8594,7.6172,13.5469,1.915125,1.86325,1.62375,1.591,0,0,2.559625
6585,15,98,1,0,9.4297,11.9297,7.7422,13.6094,1.929375,1.8805,1.611875,1.58225,0,0,2.560375
6586,16,98,1,0,9.4766,11.9062,7.7656,13.5781,1.920625,1.882125,1.60825,1.58725,0,0,2.5595
6587,16,98,1,0,9.5469,11.9453,7.6875,13.6484,1.9235,1.858875,1.625,1.5885,0,0,2.561
6588,16,97,1,0,9.5625,11.9219,7.7578,13.6719,1.91925,1.875375,1.60975,1.600625,0,1,2.561
6589,16,98,1,0,9.5547,12.0391,7.8438,13.7266,1.92475,1.8835,1.61475,1.598375,1,0,2.56075
6590,16,94,1,0,9.6484,11.9766,7.7578,13.6719,1.918625,1.882,1.616625,1.608375,0,0,2.560125
6591,16,94,1,0,9.5703,12.0234,7.8047,13.7031,1.919625,1.8865,1.634125,1.6,0,0,2.559625
6592,16,96,1,1,9.6797,12.0234,7.875,13.7734,1.948375,1.89175,1.621875,1.588875,0,0,2.560125
6593,16,98,1,0,9.6484,12.0156,7.8516,13.7578,1.949,1.889375,1.613125,1.6105,0,0,2.55975
6594,16,96,1,0,9.7266,12.1406,7.9062,13.8125,1.926625,1.871625,1.64475,1.5915,0,0,2.55925
6595,16,95,1,0,9.75,12.0781,7.9141,13.875,1.928375,1.877,1.625875,1.60825,0,0,2.559625
6596,16,95,1,0,9.7891,12.1562,7.8984,13.8984,1.926375,1.876,1.6375,1.59875,0,0,2.56075
6597,16,95,1,0,9.8203,12.1641,7.9297,13.875,1.942375,1.878625,1.619125,1.60725,0,0,2.560375
6598,16,96,1,0,9.8594,12.1406,7.9766,13.9375,1.93425,1.887125,1.63325,1.597125,0,0,2.55925
6599,16,95,1,0,9.7812,12.1875,8.0234,13.9375,1.938625,1.891875,1.636125,1.60075,0,0,2.55975
6600,16,94,1,1,9.8047,12.2109,8.0625,13.9531,1.942875,1.904,1.641625,1.618375,0,0,2.559125
6601,16,94,1,0,9.8359,12.2344,8.0781,13.9141,1.959875,1.909125,1.64675,1.615125,0,0,2.55925
6602,16,98,1,0,9.8672,12.2891,8.0547,14.0234,1.9555,1.892875,1.656625,1.60675,0,0,2.560875
6603,16,94,1,0,9.9062,12.3047,8.1328,14.0312,1.94075,1.898875,1.63675,1.613875,0,0,2.559625
6604,16,95,1,0,9.9375,12.3359,8.1562,14.1016,1.96625,1.88875,1.63225,1.611125,0,0,2.56
6605,16,95,1,0,9.9297,12.4141,8.1406,14.0,1.94625,1.912375,1.6615,1.61875,0,0,2.559625
6606,16,94,1,0,9.9219,12.3281,8.1562,14.0469,1.967375,1.888875,1.662625,1.617,0,0,2.55975
6607,16,98,1,0,10.0078,12.3594,8.2656,14.1562,1.958125,1.917,1.649375,1.6265,0,0,2.56
6608,16,97,1,1,10.0625,12.4844,8.1953,14.0703,1.96625,1.90575,1.654375,1.61625,0,1,2.560625
6609,16,95,1,0,10.0859,12.4453,8.2734,14.1875,1.95825,1.9225,1.6325,1.62275,0,0,2.560875
6610,16,95,1,0,10.0781,12.4219,8.2812,14.2109,1.972375,1.920875,1.637625,1.616,0,0,2.5605
6611,16,94,1,0,10.1484,12.5625,8.2891,14.1953,1.954125,1.907375,1.63625,1.614875,0,0,2.56075
6612,16,96,1,0,10.1328,12.4844,8.3359,14.1719,1.975125,1.906875,1.669,1.6175,0,0,2.559
6613,16,98,1,0,10.1016,12.5469,8.4062,14.2266,1.957375,1.903375,1.656375,1.637625,1,0,2.560875
6614,16,96,1,0,10.1953,12.5391,8.4141,14.2344,1.95625,1.90775,1.658125,1.623625,0,0,2.5605
6615,16,97,1,0,10.1484,12.5938,8.375,14.3047,1.9705,1.90675,1.66575,1.621375,0,0,2.55925
6616,16,98,1,1,10.1875,12.5703,8.4453,14.2656,1.97875,1.917125,1.666625,1.6325,0,0,2.5605
6617,16,95,1,0,10.2109,12.6016,8.4688,14.3047,1.989375,1.919875,1.666875,1.627375,0,0,2.560875
6618,16,94,1,0,10.2188,12.6641,8.4844,14.3047,1.9895,1.92275,1.676,1.637375,0,0,2.56025
6619,16,94,1,0,10.3359,12.6797,8.4688,14.3672,1.96675,1.91525,1.668125,1.6285,0,0,2.559875
6620,16,98,1,0,10.25,12.6719,8.5,14.4219,1.96525,1.916625,1.6595,1.629875,0,0,2.55975
6621,16,96,1,0,10.375,12.7188,8.5547,14.4219,1.98975,1.938625,1.666875,1.641375,0,0,2.561
6622,16,97,1,0,10.375,12.6953,8.5859,14.5078,1.983125,1.93375,1.654375,1.643625,0,0,2.560875
6623,16,98,1,0,10.4219,12.8281,8.5547,14.4922,1.97475,1.918375,1.6775,1.646875,0,0,2.559875
6624,16,95,1,1,10.4375,12.7422,8.6328,14.4688,1.98425,1.94525,1.66775,1.646875,0,0,2.5605
6625,16,97,1,0,10.4062,12.8125,8.5703,14.4766,1.997125,1.94025,1.65825,1.641,0,0,2.561
6626,16,94,1,0,10.3906,12.8047,8.6406,14.6094,1.987375,1.93625,1.678125,1.647125,0,0,2.559125
6627,16,94,1,0,10.4219,12.8828,8.6953,14.5234,1.9845,1.92725,1.6685,1.647875,0,0,2.55975
6628,16,98,1,0,10.5469,12.8672,8.6875,14.625,2.003,1.94575,1.68725,1.64975,0,0,2.560375
6629,17,96,1,0,10.5391,12.9141,8.7344,14.6094,1.9815,1.92625,1.685375,1.6445,0,0,2.559625
6630,17,94,1,0,10.4922,12.9844,8.8047,14.5859,1.983625,1.935875,1.66225,1.643875,0,0,2.560875
6631,17,94,1,0,10.5312,12.9844,8.7266,14.7188,1.986125,1.936625,1.677,1.652,0,0,2.5605
6632,17,95,1,1,10.5625,12.9297,8.75,14.7422,2.002125,1.942875,1.68475,1.663625,0,0,2.559875
6633,17,94,1,0,10.6016,12.9766,8.8438,14.6641,1.98725,1.944875,1.69325,1.660375,0,0,2.560375
6634,17,95,1,0,10.625,13.0703,8.8594,14.6875,2.01325,1.95775,1.683875,1.667625,0,0,2.559875
6635,17,95,1,0,10.6875,13.125,8.9141,14.7891,1.995,1.944625,1.690875,1.66125,1,0,2.560125
6636,17,94,1,0,10.6719,13.0469,8.8828,14.8359,2.014,1.958875,1.69875,1.6635,0,0,2.560375
6637,17,94,1,0,10.6641,13.1094,8.8438,14.7891,2.018375,1.94275,1.690375,1.663125,0,0,2.559875
6638,17,98,1,0,10.7344,13.0703,8.9609,14.8125,2.00575,1.962625,1.703,1.663,0,0,2.560125
6639,17,96,1,0,10.7656,13.1016,8.8906,14.8672,2.00375,1.962625,1.69225,1.66925,0,1,2.56025
6640,17,97,1,1,10.8359,13.2109,8.9297,14.9141,2.007875,1.94975,1.685125,1.669375,0,0,2.560625
6641,17,96,1,0,10.7578,13.2422,8.9766,14.8438,2.0045,1.95675,1.686,1.65475,0,0,2.559
6642,17,95,1,0,10.7734,13.2422,9.0156,14.9766,2.028,1.9585,1.687375,1.673375,0,0,2.559625
6643,17,96,1,0,10.8281,13.2891,9.0469,15.0078,2.020125,1.976,1.690375,1.66975,0,0,2.559625
6644,17,95,1,0,10.8203,13.2812,9.1016,15.0078,2.00725,1.957875,1.68275,1.661625,0,0,2.559625
6645,17,94,1,0,10.8359,13.2812,9.0859,14.9922,2.007875,1.975375,1.706125,1.668,0,0,2.559875
6646,17,97,1,0,10.9062,13.2969,9.0938,15.0625,2.02775,1.95725,1.689625,1.662375,0,0,2.560875
6647,17,96,1,0,10.9688,13.3906,9.1094,15.0078,2.021375,1.95525,1.701875,1.67825,0,0,2.56
6648,17,95,1,1,10.9219,13.375,9.1797,15.125,2.024125,1.97475,1.68975,1.678375,0,0,2.559125
6649,17,98,1,0,10.9766,13.4219,9.2188,15.0234,2.01775,1.96025,1.689,1.67,0,0,2.559
6650,17,95,1,0,10.9453,13.4609,9.1953,15.1094,2.024,1.960875,1.71775,1.672875,0,0,2.560375
6651,17,98,1,0,10.9922,13.375,9.2422,15.1641,2.028,1.97575,1.693875,1.683,0,0,2.560375
6652,17,97,1,0,11.0859,13.3906,9.2422,15.1562,2.024375,1.98875,1.689375,1.671,0,0,2.56025
6653,17,97,1,0,11.0781,13.5156,9.3203,15.1953,2.03075,1.992375,1.696,1.682875,0,0,2.56075
6654,17,97,1,0,11.0781,13.5469,9.3125,15.2188,2.047,1.98325,1.7265,1.682625,0,0,2.559625
6655,17,96,1,0,11.1016,13.5312,9.3672,15.1953,2.026625,1.979,1.693375,1.674375,0,0,2.560625
6656,17,96,1,1,11.1953,13.5703,9.2969,15.25,2.032625,1.9915,1.704125,1.67975,0,0,2.559125
6657,17,96,1,0,11.2031,13.6094,9.4297,15.2422,2.049,1.99675,1.7295,1.68975,0,0,2.5605
6658,17,95,1,0,11.2422,13.5391,9.3516,15.3125,2.050875,1.994875,1.72725,1.68775,0,0,2.560625
6659,17,94,1,0,11.2266,13.6328,9.4219,15.3125,2.032125,1.983125,1.733125,1.697,0,0,2.559375
6660,17,97,1,0,11.2969,13.6484,9.4609,15.375,2.03725,1.9825,1.73425,1.680125,0,0,2.559375
6661,17,97,1,0,11.25,13.6797,9.4219,15.4141,2.0555,1.987375,1.730375,1.68625,0,0,2.559
6662,17,98,1,0,11.3438,13.7109,9.4922,15.3828,2.04225,1.98725,1.73125,1.689375,1,0,2.560625
6663,17,95,1,0,11.3594,13.7188,9.4688,15.4609,2.054625,1.993,1.719875,1.68525,0,0,2.559875
6664,17,97,1,1,11.3594,13.6797,9.5078,15.3984,2.0415,1.998,1.732125,1.68825,0,0,2.560125
6665,17,97,1,0,11.3359,13.7812,9.5859,15.4062,2.05875,2.009375,1.726,1.692375,0,0,2.560875
6666,17,96,1,0,11.3984,13.7734,9.5781,15.5391,2.048,1.984,1.72425,1.700375,0,0,2.5605
6667,17,96,1,0,11.4297,13.7578,9.6406,15.5625,2.05,1.987875,1.723875,1.70825,0,0,2.559
6668,17,96,1,0,11.3828,13.8359,9.5703,15.5312,2.051375,1.992125,1.7295,1.699125,0,0,2.56075
6669,17,96,1,0,11.3984,13.7969,9.625,15.4922,2.061125,2.0065,1.718625,1.71275,0,0,2.559
6670,17,96,1,0,11.4219,13.9062,9.625,15.5312,2.053875,1.9985,1.723875,1.713875,0,0,2.56025
6671,17,95,1,0,11.4688,13.8828,9.6641,15.6016,2.056,2.005375,1.74225,1.694875,0,0,2.5605
6672,18,97,1,1,11.5547,13.9141,9.7109,15.625,2.055,1.992125,1.734375,1.7065,0,0,2.5595
6673,18,94,1,0,11.5391,13.8906,9.7266,15.5938,2.063625,2.00825,1.72325,1.716,0,0,2.560625
6674,18,94,1,0,11.6016,13.9922,9.8203,15.6797,2.080375,2.015,1.723875,1.715375,0,0,2.559125
6675,18,94,1,0,11.5547,13.9531,9.7891,15.7109,2.0605,2.020375,1.75425,1.71975,0,0,2.5595
6676,18,96,1,0,11.5859,14.0156,9.7891,15.7656,2.082125,2.024125,1.7285,1.70675,0,0,2.5605
6677,18,97,1,0,11.6719,14.0078,9.8516,15.6797,2.06425,2.025875,1.72625,1.72075,0,0,2.56
6678,18,95,1,0,11.6641,14.1094,9.8047,15.7031,2.057625,2.027,1.745125,1.713125,0,0,2.559
6679,18,94,1,0,11.6719,14.0547,9.9062,15.8203,2.081875,2.014625,1.728375,1.70475,0,0,2.559375
6680,18,98,1,1,11.6562,14.0469,9.8906,15.8359,2.06775,2.015,1.7595,1.708875,0,0,2.560875
6681,18,98,1,0,11.6562,14.1328,9.8672,15.8672,2.069125,2.01675,1.7465,1.724125,0,0,2.560625
6682,18,98,1,0,11.7656,14.1094,10.0,15.8359,2.077125,2.02825,1.744375,1.72875,0,0,2.55925
6683,18,94,1,0,11.8281,14.2188,9.9219,15.8828,2.0815,2.020125,1.741375,1.728375,0,0,2.56075
6684,18,96,1,0,11.7891,14.125,9.9688,15.8906,2.078375,2.016625,1.766125,1.71175,0,1,2.5605
6685,18,98,1,0,11.8125,14.2734,9.9609,15.9141,2.07475,2.015375,1.7485,1.723,0,0,2.559375
6686,18,94,1,0,11.8438,14.2422,10.0547,15.875,2.077125,2.015,1.765875,1.725375,0,0,2.559375
6687,18,95,1,0,11.875,14.2344,10.0078,15.9453,2.076125,2.041125,1.759,1.721,0,0,2.561
6688,18,94,1,1,11.8516,14.3281,10.0781,16.0,2.097625,2.045125,1.760875,1.721875,0,0,2.559375
6689,18,96,1,0,11.8906,14.3516,10.125,15.9453,2.07975,2.046125,1.748875,1.7345,0,0,2.559625
6690,18,96,1,0,11.9141,14.2812,10.1719,15.9922,2.096,2.041625,1.7555,1.7295,0,0,2.560125
6691,18,96,1,0,12.0078,14.375,10.1094,16.0781,2.087,2.0215,1.743875,1.72275,0,0,2.561
6692,18,98,1,0,12.0,14.3281,10.1797,16.0234,2.095125,2.031125,1.766,1.728,0,0,2.559125
6693,18,97,1,0,12.0312,14.3594,10.25,16.0312,2.099125,2.043875,1.75525,1.739875,0,0,2.5595
6694,18,95,1,0,11.9766,14.375,10.2031,16.1016,2.104875,2.039625,1.763125,1.72475,0,0,2.5595
6695,18,94,1,0,12.0547,14.4297,10.2109,16.1875,2.100375,2.051875,1.754875,1.736,0,0,2.560375
6696,18,94,1,1,12.0,14.5234,10.2812,16.1875,2.111,2.0565,1.763125,1.7265,0,0,2.560125
6697,18,97,1,0,12.1328,14.5156,10.3359,16.2109,2.108625,2.045625,1.7595,1.745625,0,0,2.56025
6698,18,98,1,0,12.0469,14.5391,10.3672,16.1953,2.10775,2.04375,1.77125,1.74575,0,0,2.559875
6699,18,94,1,0,12.1172,14.5,10.3594,16.2109,2.091375,2.042125,1.758375,1.73275,0,0,2.56
6700,18,96,1,0,12.2031,14.5625,10.3438,16.2031,2.106375,2.04175,1.784375,1.7435,0,0,2.559
6701,18,98,1,0,12.1953,14.5859,10.3125,16.3125,2.099125,2.054875,1.763875,1.750375,0,0,2.560625
6702,18,98,1,0,12.1875,14.625,10.3594,16.25,2.110875,2.04125,1.76525,1.749625,0,0,2.559375
6703,18,96,1,0,12.1953,14.6562,10.4766,16.3516,2.118875,2.05475,1.79125,1.74775,0,0,2.56075
6704,18,96,1,1,12.1953,14.6328,10.4531,16.3125,2.11,2.068375,1.782625,1.745875,0,0,2.56
6705,18,98,1,0,12.2266,14.7266,10.4766,16.4141,2.12275,2.0455,1.759375,1.744625,0,0,2.560375
6706,18,98,1,0,12.2656,14.6641,10.4688,16.3281,2.11225,2.06725,1.760125,1.745625,0,0,2.560625
6707,18,97,1,0,12.2969,14.6484,10.5703,16.3594,2.113125,2.050625,1.772875,1.75475,0,0,2.56075
6708,18,98,1,0,12.375,14.7422,10.5312,16.4453,2.12725,2.0575,1.78275,1.744625,0,0,2.56075
6709,18,98,1,0,12.3906,14.7656,10.5859,16.4219,2.117,2.049125,1.77825,1.764125,0,0,2.559
6710,18,96,1,0,12.4375,14.8047,10.5703,16.5,2.132875,2.05725,1.77775,1.7455,0,0,2.56
6711,18,98,1,0,12.3828,14.75,10.6562,16.4922,2.13475,2.06075,1.765625,1.75625,1,0,2.559625
6712,18,94,1,1,12.3828,14.8203,10.6328,16.5156,2.112875,2.050625,1.7715,1.762,0,1,2.559625
6713,18,94,1,0,12.4453,14.8438,10.6328,16.5625,2.1345,2.078625,1.7995,1.75475,0,0,2.5605
6714,18,95,1,0,12.4766,14.8438,10.6953,16.6172,2.118625,2.083125,1.7745,1.767,0,0,2.559875
6715,18,94,1,0,12.4531,14.9297,10.7422,16.5859,2.12825,2.058875,1.782125,1.76925,0,0,2.56075
6716,19,97,1,0,12.5625,14.875,10.7031,16.625,2.12375,2.070125,1.782125,1.768875,0,0,2.561
6717,19,98,1,0,12.5938,14.9062,10.7578,16.5781,2.140875,2.084,1.78025,1.769875,0,0,2.561
6718,19,96,1,0,12.5781,14.9453,10.8047,16.6641,2.144375,2.087375,1.779,1.763125,0,0,2.559375
6719,19,97,1,0,12.5312,15.0156,10.7891,16.7266,2.131875,2.08575,1.797875,1.776375,0,0,2.559625
6720,19,94,1,1,12.5703,15.0234,10.8047,16.7422,2.137125,2.07475,1.78725,1.757125,0,0,2.559625
6721,19,98,1,0,12.6719,14.9609,10.8516,16.6953,2.124375,2.06825,1.790875,1.771875,0,0,2.559
6722,19,96,1,0,12.6172,15.0,10.875,16.75,2.131,2.09425,1.8045,1.758875,0,0,2.559
6723,19,95,1,0,12.625,15.0469,10.875,16.8203,2.142375,2.086375,1.785875,1.77375,0,0,2.559875
6724,19,95,1,0,12.7109,15.0703,10.9297,16.8047,2.130875,2.067625,1.81625,1.761125,0,0,2.559875
6725,19,94,1,0,12.6719,15.0703,10.8672,16.7812,2.148625,2.08575,1.813625,1.779875,0,0,2.560625
6726,19,97,1,0,12.7344,15.1562,10.9297,16.875,2.132375,2.087875,1.821125,1.76575,0,0,2.559125
6727,19,98,1,0,12.7969,15.1016,10.9453,16.8281,2.140125,2.10075,1.81875,1.7705,0,0,2.56075
6728,19,97,1,1,12.7344,15.1484,11.0391,16.8203,2.14275,2.090875,1.820875,1.77375,0,0,2.55925
6729,19,95,1,0,12.7422,15.2109,11.0,16.9297,2.146125,2.10025,1.81075,1.784375,0,0,2.559125
6730,19,96,1,0,12.8281,15.2031,10.9844,16.8984,2.157375,2.09825,1.811,1.780625,0,0,2.55975
6731,19,94,1,0,12.8438,15.2109,11.0547,16.9844,2.1535,2.105125,1.816,1.788375,0,0,2.5595
6732,19,97,1,0,12.8984,15.2266,11.0625,16.9219,2.156375,2.105125,1.816125,1.788,0,0,2.5595
6733,19,96,1,0,12.8906,15.2812,11.125,17.0,2.15,2.0975,1.798875,1.779625,0,0,2.559375
6734,19,95,1,0,12.8516,15.2656,11.1719,16.9609,2.149625,2.10175,1.821625,1.774,0,0,2.560375
6735,19,94,1,0,12.8984,15.3594,11.1797,17.0938,2.142125,2.101875,1.8015,1.78575,0,0,2.560375
6736,19,95,1,1,12.9688,15.3516,11.1016,17.0625,2.14975,2.084625,1.808375,1.793125,0,0,2.5595
6737,19,97,1,0,12.9219,15.3906,11.125,17.1328,2.175,2.108,1.826125,1.7865,0,0,2.56
6738,19,95,1,0,12.9531,15.3906,11.25,17.1562,2.1635,2.109875,1.801875,1.7815,0,0,2.559875
6739,19,97,1,0,13.0859,15.4531,11.2891,17.0859,2.17,2.09425,1.81875,1.779375,0,1,2.5595
6740,19,95,1,0,13.0781,15.4609,11.3047,17.1094,2.171875,2.12,1.827,1.798375,0,0,2.5595
6741,19,94,1,0,13.1328,15.5234,11.2812,17.2109,2.17125,2.115625,1.80675,1.79825,0,0,2.56075
6742,19,95,1,0,13.0703,15.4531,11.3203,17.1328,2.1595,2.114875,1.8395,1.79525,0,0,2.560125
6743,19,96,1,0,13.1562,15.5234,11.2656,17.2422,2.17675,2.121,1.81425,1.80125,0,0,2.5605
6744,19,98,1,1,13.1562,15.5391,11.375,17.2578,2.175125,2.121,1.825625,1.804125,0,0,2.55925
6745,19,96,1,0,13.1953,15.5859,11.3359,17.1953,2.185875,2.1165,1.831875,1.79075,0,0,2.55925
6746,19,95,1,0,13.2031,15.5781,11.4141,17.2812,2.176375,2.1155,1.82525,1.801,0,0,2.559875
6747,19,95,1,0,13.1797,15.6406,11.3828,17.3125,2.174,2.104375,1.825375,1.792875,0,0,2.559875
6748,19,95,1,0,13.2578,15.6328,11.3984,17.2812,2.163125,2.10825,1.8425,1.806125,0,0,2.560875
6749,19,96,1,0,13.2188,15.6797,11.4453,17.2969,2.174125,2.132125,1.82025,1.802125,1,0,2.56
6750,19,97,1,0,13.2656,15.7266,11.5156,17.3828,2.166375,2.117625,1.839,1.813625,0,0,2.560875
6751,19,96,1,0,13.2344,15.7109,11.5391,17.3906,2.19025,2.135125,1.846375,1.80075,0,0,2.55925
6752,19,95,1,1,13.3203,15.75,11.4766,17.4766,2.180875,2.136625,1.827375,1.79975,0,0,2.561
6753,19,96,1,0,13.2734,15.6719,11.5938,17.4375,2.177,2.120375,1.832,1.800875,0,0,2.5605
6754,19,96,1,0,13.3594,15.6953,11.5938,17.3984,2.184,2.13375,1.855125,1.805125,0,0,2.561
6755,19,95,1,0,13.3906,15.75,11.5391,17.4531,2.189125,2.131125,1.82275,1.806375,0,0,2.56025
6756,19,98,1,0,13.4219,15.8047,11.5391,17.4531,2.184875,2.1265,1.843,1.805125,0,0,2.560375
6757,19,94,1,0,13.3906,15.7656,11.6328,17.5156,2.17625,2.1165,1.84525,1.806875,0,0,2.559125
6758,19,96,1,0,13.4531,15.8828,11.6094,17.5781,2.18475,2.132375,1.84025,1.822875,0,0,2.5595
6759,19,95,1,0,13.4062,15.8438,11.6953,17.5703,2.20375,2.137375,1.82475,1.808125,0,1,2.56025
6760,19,98,1,1,13.4375,15.8828,11.6484,17.5625,2.179125,2.12875,1.849375,1.8235,0,0,2.5595
6761,20,94,1,0,13.5234,15.9609,11.6953,17.6641,2.19225,2.128375,1.833875,1.812375,0,0,2.561
6762,20,98,1,0,13.5,15.9453,11.7656,17.5859,2.194125,2.1425,1.831125,1.824625,0,0,2.5595
6763,20,97,1,0,13.5625,15.9844,11.7188,17.6875,2.201,2.130875,1.86425,1.826375,0,0,2.561
6764,20,94,1,0,13.5156,16.0156,11.7188,17.6562,2.20825,2.13875,1.833625,1.817875,0,0,2.560375
6765,20,95,1,0,13.6172,15.9609,11.8594,17.7109,2.2125,2.133,1.848,1.829625,0,0,2.56
6766,20,96,1,0,13.6406,15.9922,11.7578,17.7812,2.207625,2.147125,1.863125,1.826625,0,0,2.559625
6767,20,98,1,0,13.5859,16.1016,11.8828,17.7734,2.2165,2.13475,1.87075,1.814625,0,0,2.560125
6768,20,98,1,1,13.6562,16.0234,11.8672,17.7188,2.213625,2.14425,1.837,1.817125,0,0,2.56025
6769,20,95,1,0,13.6641,16.1172,11.9375,17.8359,2.20525,2.136,1.85,1.830875,0,0,2.560125
6770,20,97,1,0,13.7422,16.0469,11.8672,17.7891,2.211375,2.143125,1.874625,1.829875,0,0,2.5605
6771,20,94,1,0,13.7031,16.1172,11.9766,17.8594,2.204375,2.147875,1.848125,1.82825,0,0,2.559625
6772,20,98,1,0,13.7031,16.1953,11.9922,17.9141,2.216375,2.1545,1.874125,1.82225,0,0,2.5595
6773,20,95,1,0,13.7344,16.1641,11.9375,17.9219,2.22475,2.163625,1.870625,1.832375,0,0,2.5595
6774,20,98,1,0,13.7734,16.2344,12.0391,17.9453,2.2175,2.139625,1.8565,1.829875,0,0,2.55925
6775,20,95,1,0,13.8047,16.2812,12.0547,17.9062,2.2145,2.15625,1.8665,1.83575,0,0,2.55925
6776,20,95,1,1,13.8984,16.2891,12.0,17.9062,2.22225,2.169,1.8785,1.825875,0,0,2.559125
6777,20,96,1,0,13.875,16.2344,12.0625,18.0234,2.220375,2.16125,1.876375,1.823375,1,0,2.560625
6778,20,97,1,0,13.8906,16.2266,12.0625,18.0156,2.23275,2.155875,1.85025,1.82725,0,0,2.560125
6779,20,96,1,0,13.9375,16.3047,12.0938,17.9453,2.22075,2.152875,1.877125,1.845875,0,0,2.560875
6780,20,94,1,0,13.9297,16.3672,12.1172,18.0781,2.224625,2.150375,1.875,1.83825,0,0,2.56025
6781,20,94,1,0,13.9297,16.3203,12.1562,18.0859,2.229875,2.17125,1.862375,1.837,0,0,2.560125
6782,20,97,1,0,13.9609,16.3984,12.2031,18.1016,2.23175,2.159,1.879,1.83,0,0,2.560125
6783,20,96,1,0,14.0078,16.4297,12.2422,18.0625,2.238875,2.169625,1.859375,1.832125,0,0,2.5595
6784,20,96,1,1,13.9844,16.3516,12.1797,18.1641,2.212625,2.17725,1.871,1.84025,0,0,2.559375
6785,20,95,1,0,13.9922,16.4453,12.1875,18.1953,2.235875,2.153,1.87525,1.83275,0,0,2.560875
6786,20,97,1,0,14.0156,16.3984,12.2656,18.1172,2.22575,2.183,1.88,1.85025,0,0,2.559
6787,20,98,1,0,14.0156,16.5,12.2578,18.125,2.23975,2.159875,1.8605,1.852625,1,0,2.560875
6788,20,95,1,0,14.0781,16.5469,12.3516,18.2031,2.242875,2.184,1.879375,1.85,0,0,2.559875
6789,20,95,1,0,14.0781,16.5781,12.3125,18.1953,2.225,2.17025,1.884375,1.84475,0,0,2.559375
6790,20,98,1,0,14.0938,16.4844,12.3594,18.1953,2.232875,2.1675,1.86875,1.856875,0,0,2.55975
6791,20,98,1,0,14.1875,16.5781,12.3125,18.3047,2.250875,2.169,1.87425,1.85275,0,0,2.56
6792,20,94,1,1,14.1641,16.5391,12.3438,18.3047,2.231,2.183,1.872125,1.847125,0,0,2.561
6793,20,94,1,0,14.2656,16.6562,12.4375,18.2578,2.228125,2.17975,1.877375,1.8615,0,0,2.559375
6794,20,95,1,0,14.2422,16.6094,12.3984,18.3359,2.230375,2.193375,1.901875,1.86275,0,0,2.56075
6795,20,94,1,0,14.2891,16.6406,12.4922,18.3984,2.2355,2.193875,1.88825,1.849875,0,0,2.559375
6796,20,96,1,0,14.2266,16.7344,12.4766,18.4297,2.242,2.188625,1.87225,1.856125,0,0,2.5595
6797,20,96,1,0,14.3516,16.6328,12.4375,18.4531,2.251875,2.183375,1.889625,1.8605,0,0,2.55975
6798,20,94,1,0,14.2656,16.7578,12.5156,18.4453,2.237375,2.19375,1.8795,1.862,0,0,2.561
6799,20,95,1,0,14.3906,16.7969,12.5,18.4766,2.234625,2.175125,1.9075,1.849625,0,0,2.56075
6800,20,98,1,1,14.3672,16.7969,12.5703,18.4922,2.242,2.17375,1.890875,1.85475,0,0,2.559125
6801,20,95,1,0,14.3281,16.7188,12.5391,18.5,2.264375,2.1935,1.87675,1.852875,0,0,2.559125
6802,20,97,1,0,14.3828,16.8125,12.5547,18.4453,2.255,2.193875,1.89325,1.863,0,1,2.559625
6803,20,98,1,0,14.4453,16.7969,12.6641,18.5469,2.23775,2.2025,1.904,1.859625,0,0,2.560875
6804,20,94,1,0,14.4609,16.8828,12.6875,18.5625,2.267875,2.182625,1.88925,1.86225,0,0,2.56075
6805,20,97,1,0,14.4141,16.8984,12.6172,18.5859,2.247125,2.19025,1.89225,1.8645,0,0,2.559875
6806,20,96,1,0,14.4453,16.9297,12.7266,18.6094,2.250125,2.184,1.889625,1.858625,0,0,2.56
6807,21,96,1,0,14.4922,16.8516,12.7188,18.5469,2.27225,2.198625,1.9,1.859875,0,0,2.561
6808,21,98,1,1,14.5625,16.8672,12.75,18.6719,2.272125,2.204375,1.885375,1.87825,0,0,2.559875
6809,21,96,1,0,14.5,16.8984,12.7109,18.6328,2.25375,2.20725,1.88625,1.865,0,0,2.560375
6810,21,98,1,0,14.5547,17.0156,12.7109,18.625,2.261,2.19675,1.915375,1.864125,0,0,2.560625
6811,21,96,1,0,14.5469,16.9766,12.8047,18.6562,2.26875,2.202875,1.918,1.8615,0,0,2.559125
6812,21,98,1,0,14.6562,17.0547,12.7969,18.6641,2.271625,2.214375,1.92175,1.871625,0,0,2.56075
6813,21,96,1,0,14.6094,17.0234,12.8047,18.7891,2.270875,2.21225,1.886375,1.875125,0,0,2.55925
6814,21,97,1,0,14.6875,17.0859,12.875,18.75,2.2715,2.192125,1.912125,1.864125,0,0,2.560125
6815,21,98,1,0,14.6172,17.1016,12.9375,18.7266,2.258,2.2095,1.917625,1.871125,0,1,2.560625
6816,21,97,1,1,14.7578,17.1406,12.9219,18.8516,2.261,2.20225,1.925875,1.87775,0,0,2.561
6817,21,95,1,0,14.7812,17.1094,12.9531,18.7812,2.28275,2.2155,1.918875,1.885625,0,0,2.55975
6818,21,94,1,0,14.7656,17.1641,12.9609,18.8125,2.283875,2.217,1.9245,1.88,0,0,2.559875
6819,21,96,1,0,14.8047,17.125,12.9844,18.8359,2.2865,2.218875,1.899625,1.887875,0,0,2.56025
6820,21,97,1,0,14.7656,17.1484,12.9297,18.9141,2.272625,2.212375,1.93125,1.874625,0,0,2.56025
6821,21,95,1,0,14.8438,17.1641,12.9844,18.9453,2.2815,2.20025,1.90875,1.887625,0,0,2.561
6822,21,97,1,0,14.8047,17.2812,13.0469,18.9922,2.26475,2.22875,1.90225,1.877,0,0,2.560375
6823,21,97,1,0,14.8984,17.3125,13.0469,18.8984,2.273875,2.205,1.922,1.881375,0,0,2.559625
6824,21,95,1,1,14.8438,17.2188,13.1016,19.0234,2.28875,2.2085,1.93,1.894,0,0,2.56075
6825,21,94,1,0,14.9297,17.25,13.1328,18.9453,2.28325,2.209125,1.925375,1.898125,0,0,2.55925
6826,21,98,1,0,14.9141,17.3516,13.1562,19.0,2.2835,2.213375,1.935875,1.883375,0,0,2.560625
6827,21,95,1,0,14.9922,17.2969,13.1406,19.0938,2.2735,2.210625,1.93325,1.88775,0,0,2.559125
6828,21,96,1,0,14.9062,17.4062,13.1172,19.0781,2.295625,2.2355,1.934625,1.881,0,0,2.559875
6829,21,96,1,0,15.0078,17.4297,13.2266,19.0859,2.288875,2.21575,1.94,1.902125,0,0,2.560375
6830,21,96,1,0,14.9766,17.4297,13.2344,19.0391,2.298625,2.23,1.906125,1.901375,1,0,2.559125
6831,21,98,1,0,15.0078,17.3906,13.2578,19.1797,2.293875,2.22675,1.91075,1.89025,0,0,2.559625
6832,21,97,1,1,15.0469,17.4766,13.1797,19.1484,2.304,2.231375,1.918625,1.88925,0,0,2.561
6833,21,97,1,0,15.0938,17.4141,13.2734,19.1719,2.297125,2.217,1.922,1.891375,0,0,2.56025
6834,21,94,1,0,15.0234,17.5312,13.3203,19.1484,2.301,2.2455,1.9295,1.886125,0,0,2.560375
6835,21,97,1,0,15.1562,17.5547,13.3438,19.2109,2.293125,2.228625,1.9115,1.90425,0,0,2.5605
6836,21,98,1,0,15.1875,17.5312,13.3047,19.1875,2.29525,2.244625,1.93,1.906,0,0,2.56075
6837,21,94,1,0,15.0938,17.4844,13.3281,19.1953,2.29325,2.238,1.9165,1.90225,0,0,2.55925
6838,21,97,1,0,15.1484,17.5547,13.3984,19.2969,2.29875,2.249625,1.934375,1.89525,0,0,2.5595
6839,21,95,1,0,15.1797,17.6172,13.3438,19.3281,2.307,2.25,1.9315,1.899875,0,0,2.561
6840,21,96,1,1,15.2578,17.5781,13.375,19.3203,2.29775,2.2375,1.953375,1.90925,0,0,2.560125
6841,21,98,1,0,15.1719,17.5703,13.4062,19.3281,2.311875,2.24425,1.9285,1.90025,0,0,2.561
6842,21,95,1,0,15.2578,17.6172,13.5078,19.3125,2.29275,2.25375,1.936375,1.908625,0,0,2.5595
6843,21,96,1,0,15.3281,17.7188,13.4609,19.3281,2.308,2.238125,1.947125,1.9005,0,0,2.560375
6844,21,95,1,0,15.3047,17.6719,13.4453,19.4297,2.3045,2.2485,1.94175,1.89775,0,0,2.560375
6845,21,98,1,0,15.3516,17.6797,13.5156,19.4219,2.2985,2.238875,1.925625,1.911,0,0,2.560125
6846,21,96,1,0,15.3828,17.7812,13.4844,19.4609,2.31925,2.252375,1.944125,1.89875,0,0,2.559375
6847,21,95,1,0,15.4141,17.7109,13.5469,19.4844,2.30175,2.236875,1.92875,1.916375,0,0,2.56
6848,21,94,1,1,15.3281,17.7422,13.5469,19.4531,2.299375,2.23425,1.958,1.922125,0,0,2.559875
6849,21,97,1,0,15.3359,17.8281,13.5547,19.5078,2.3105,2.243625,1.9285,1.920625,0,0,2.559875
6850,21,95,1,0,15.4688,17.8203,13.6641,19.4844,2.326625,2.25,1.93375,1.902625,0,0,2.559625
6851,21,96,1,0,15.5,17.8203,13.5781,19.4844,2.311375,2.239625,1.948,1.90475,1,0,2.5595
6852,21,95,1,0,15.4062,17.8672,13.6484,19.6172,2.3065,2.259375,1.93525,1.916625,0,0,2.560625
6853,21,96,1,0,15.5156,17.8672,13.6328,19.5312,2.318375,2.257375,1.94675,1.926875,0,0,2.56025
6854,21,95,1,0,15.5469,17.8828,13.6484,19.5703,2.331125,2.255,1.965375,1.912375,0,0,2.56025
6855,22,96,1,0,15.5078,17.8672,13.7109,19.6172,2.316,2.266,1.935,1.927625,0,0,2.559875
6856,22,97,1,1,15.5625,17.9375,13.7109,19.625,2.324125,2.26525,1.95225,1.9145,0,0,2.559875
6857,22,98,1,0,15.5781,17.8984,13.8125,19.6406,2.3235,2.256375,1.941,1.9175,0,0,2.55975
6858,22,94,1,0,15.5938,17.9609,13.7266,19.7031,2.312,2.259875,1.9495,1.918375,0,0,2.559625
6859,22,94,1,0,15.5859,17.9922,13.8672,19.7344,2.33125,2.24825,1.948,1.928875,0,0,2.56025
6860,22,96,1,0,15.5703,18.0156,13.8047,19.7344,2.318625,2.276,1.9575,1.917125,0,0,2.559375
6861,22,96,1,0,15.6016,18.0938,13.8438,19.7734,2.3335,2.271,1.95075,1.916375,0,0,2.5595
6862,22,97,1,0,15.6719,18.0156,13.9062,19.8047,2.336625,2.25275,1.964,1.920875,0,0,2.559875
6863,22,96,1,0,15.6797,18.1328,13.8438,19.8125,2.344125,2.27175,1.9685,1.924125,0,1,2.561
6864,22,94,1,1,15.7188,18.125,13.9688,19.8672,2.332,2.279625,1.957375,1.931375,0,0,2.560375
6865,22,98,1,0,15.6875,18.0859,13.9453,19.7734,2.324375,2.271625,1.949375,1.940125,0,0,2.561
6866,22,97,1,0,15.7109,18.1172,13.9844,19.7969,2.330125,2.277375,1.97025,1.926375,0,0,2.560875
6867,22,98,1,0,15.7891,18.2266,14.0078,19.9219,2.330875,2.26075,1.94825,1.920625,0,0,2.559
6868,22,96,1,0,15.7266,18.2188,14.0156,19.8359,2.347625,2.26775,1.9775,1.928875,0,0,2.561
6869,22,97,1,0,15.8594,18.2188,14.0312,19.9219,2.341875,2.279875,1.95675,1.937125,0,0,2.559875
6870,22,97,1,0,15.8438,18.2266,14.0312,19.9297,2.33025,2.26325,1.976125,1.937625,0,0,2.560625
6871,22,94,1,0,15.9141,18.2422,14.0078,19.9141,2.3515,2.26525,1.9655,1.94125,0,0,2.559375
6872,22,95,1,1,15.8125,18.3281,14.0781,19.9375,2.340375,2.291625,1.986,1.93825,0,0,2.55975
6873,22,96,1,0,15.9219,18.3047,14.0781,19.9531,2.346875,2.268625,1.982125,1.948,0,0,2.5595
6874,22,97,1,0,15.8594,18.3125,14.125,19.9922,2.35825,2.27825,1.979875,1.93825,0,0,2.560625
6875,22,94,1,0,15.9453,18.375,14.1094,20.0859,2.340375,2.295125,1.967375,1.934625,1,0,2.56
6876,22,96,1,0,15.9922,18.3203,14.0938,20.0312,2.331625,2.2885,1.979625,1.947375,0,0,2.55975
6877,22,98,1,0,16.0156,18.3125,14.1953,20.0469,2.350875,2.270875,1.962625,1.931125,0,0,2.559
6878,22,98,1,0,16.0469,18.4375,14.1719,20.125,2.35325,2.287,1.95825,1.948375,0,0,2.560625
6879,22,94,1,0,15.9844,18.4609,14.2734,20.1016,2.33875,2.2995,1.97525,1.95075,0,0,2.561
6880,22,97,1,1,16.0547,18.4219,14.2656,20.1328,2.34,2.27475,1.964625,1.93875,0,0,2.560875
6881,22,96,1,0,16.1172,18.3984,14.2422,20.1484,2.364375,2.3025,1.9605,1.95125,0,0,2.560625
6882,22,96,1,0,16.0391,18.4844,14.3281,20.2266,2.3455,2.297625,1.987,1.956625,0,0,2.559
6883,22,94,1,0,16.1094,18.5391,14.3125,20.2344,2.35625,2.286375,1.97975,1.94425,0,0,2.55975
6884,22,97,1,0,16.1484,18.4688,14.375,20.1875,2.367125,2.279875,1.977125,1.9385,0,0,2.56
6885,22,96,1,0,16.1875,18.5,14.3438,20.1953,2.359875,2.306875,1.981375,1.94275,0,0,2.559875
6886,22,96,1,0,16.125,18.5469,14.3359,20.2578,2.372875,2.294875,1.968125,1.956375,0,0,2.55975
6887,22,95,1,0,16.1484,18.5391,14.4062,20.3203,2.3685,2.29925,1.9805,1.95225,0,0,2.559625
6888,22,97,1,1,16.1641,18.6484,14.4297,20.2969,2.354125,2.305875,1.973375,1.963375,0,0,2.559125
6889,22,96,1,0,16.1641,18.6641,14.4453,20.3203,2.35875,2.282125,1.971875,1.9625,0,0,2.56025
6890,22,96,1,0,16.2266,18.625,14.5,20.2891,2.36525,2.307125,1.9915,1.953625,0,0,2.559
6891,22,94,1,0,16.2578,18.6562,14.5156,20.3359,2.35575,2.296375,1.9775,1.946125,0,1,2.560125
6892,22,96,1,0,16.3359,18.625,14.4219,20.3203,2.36425,2.289375,1.979375,1.95725,0,0,2.559125
6893,22,97,1,0,16.2812,18.7422,14.4453,20.4062,2.357125,2.3015,1.99725,1.957125,0,0,2.56025
6894,22,97,1,0,16.3359,18.6797,14.5625,20.4219,2.3535,2.289125,2.006125,1.953125,0,0,2.561
6895,22,94,1,0,16.3594,18.7422,14.4922,20.4453,2.371875,2.30575,2.0,1.958625,0,0,2.559875
6896,22,97,1,1,16.3828,18.7266,14.5078,20.4062,2.385,2.29625,1.983125,1.968625,0,0,2.560125
6897,22,94,1,0,16.4062,18.7266,14.6172,20.4297,2.368125,2.3175,2.010375,1.9625,0,0,2.560125
6898,22,98,1,0,16.4297,18.8125,14.6328,20.4531,2.36275,2.293,2.011125,1.95875,0,0,2.560625
6899,22,95,1,0,16.4375,18.8359,14.6562,20.4609,2.374,2.296,1.984875,1.95775,0,0,2.56
6900,22,96,1,0,16.4062,18.8359,14.5781,20.5469,2.368875,2.30125,1.9915,1.967875,0,0,2.559375
6901,22,98,1,0,16.4922,18.8125,14.6797,20.6094,2.362625,2.306,1.98575,1.975625,0,0,2.560125
6902,22,97,1,0,16.5,18.8594,14.6172,20.5234,2.369375,2.301375,1.99675,1.962125,0,0,2.559
6903,22,95,1,0,16.4375,18.9609,14.7109,20.5625,2.386625,2.317,2.002125,1.964625,0,0,2.55975
6904,23,98,1,1,16.5234,18.9219,14.7422,20.6562,2.391125,2.322125,2.015375,1.977875,0,0,2.560375
6905,23,97,1,0,16.5234,18.9609,14.75,20.6016,2.388625,2.330375,2.002625,1.9795,0,0,2.5595
6906,23,94,1,0,16.6172,18.9219,14.7734,20.6328,2.367375,2.32925,2.01525,1.9805,0,0,2.56
6907,23,96,1,0,16.6172,18.9219,14.7812,20.6328,2.380875,2.313875,2.0135,1.9655,0,0,2.5595
6908,23,97,1,0,16.5781,19.0625,14.7891,20.7109,2.396,2.310375,1.98725,1.964125,0,0,2.5595
6909,23,96,1,0,16.5703,19.0625,14.8125,20.7266,2.383375,2.33,2.022625,1.977875,1,0,2.560375
6910,23,97,1,0,16.6172,19.0859,14.8984,20.75,2.399625,2.308875,2.024875,1.97375,0,0,2.561
6911,23,94,1,0,16.6016,19.0078,14.8906,20.7422,2.39675,2.321125,2.02,1.979875,0,0,2.559875
6912,23,97,1,1,16.6172,19.1172,14.8984,20.8125,2.39125,2.3215,2.026625,1.976125,0,0,2.56
6913,23,97,1,0,16.7422,19.1328,14.8672,20.7891,2.39,2.33475,1.9985,1.9805,0,0,2.56075
6914,23,96,1,0,16.6797,19.0703,14.9219,20.8359,2.377,2.327875,2.009625,1.987,0,0,2.560625
6915,23,98,1,0,16.7969,19.1172,14.9453,20.8203,2.402375,2.322,2.022,1.976875,0,0,2.559625
6916,23,94,1,0,16.7656,19.1406,14.9375,20.9219,2.396875,2.33075,2.024375,1.970375,0,0,2.55925
6917,23,98,1,0,16.8203,19.2266,14.9688,20.9219,2.3845,2.32975,2.021875,1.98225,0,0,2.559125
6918,23,96,1,0,16.7812,19.1719,14.9688,20.8672,2.40025,2.343625,2.007125,1.9745,0,0,2.5595
6919,23,95,1,0,16.7891,19.2656,15.0781,20.9375,2.384125,2.322,2.031625,1.982125,0,0,2.56075
6920,23,96,1,1,16.8672,19.2969,15.1016,20.9297,2.412625,2.339875,2.02225,1.9725,0,0,2.55925
6921,23,95,1,0,16.8984,19.2812,15.1016,21.0156,2.401375,2.34575,2.002625,1.99175,0,0,2.559125
6922,23,96,1,0,16.8438,19.2812,15.0859,20.9766,2.388625,2.34175,2.017,1.98425,0,0,2.56075
6923,23,94,1,0,16.8438,19.3047,15.125,20.9844,2.398,2.32375,2.02475,1.98375,0,0,2.561
6924,23,97,1,0,16.9688,19.2578,15.1562,21.0781,2.397625,2.330625,2.02525,1.976375,0,0,2.559375
6925,23,94,1,0,16.8906,19.3359,15.0781,21.0391,2.39625,2.335375,2.0335,1.995,0,0,2.5595
6926,23,98,1,0,16.9844,19.3828,15.1172,21.0078,2.413,2.348625,2.02775,1.996,0,0,2.560875
6927,23,94,1,0,16.9688,19.3438,15.1641,21.0391,2.408625,2.338125,2.005125,1.989125,0,1,2.559875
6928,23,94,1,1,16.9922,19.375,15.1953,21.1328,2.399375,2.346,2.018875,1.996125,0,0,2.559125
6929,23,95,1,0,17.0234,19.3828,15.1875,21.0859,2.39325,2.357,2.0415,1.986625,0,0,2.5595
6930,23,95,1,0,17.0781,19.4922,15.1875,21.1562,2.398,2.341125,2.039625,1.994,0,0,2.560375
6931,23,97,1,0,17.0312,19.5156,15.2656,21.1328,2.4015,2.343,2.0255,1.9905,0,0,2.560875
6932,23,95,1,0,17.1328,19.4453,15.3047,21.1953,2.402125,2.342625,2.031375,1.984375,0,1,2.56025
6933,23,94,1,0,17.0469,19.5312,15.3203,21.1328,2.400625,2.3475,2.0165,1.988375,0,0,2.5595
6934,23,96,1,0,17.1016,19.5156,15.375,21.2734,2.41675,2.353875,2.025125,1.9995,0,0,2.559625
6935,23,94,1,0,17.0703,19.4844,15.375,21.2344,2.408,2.3585,2.04175,2.005875,0,0,2.559625
6936,23,95,1,1,17.1641,19.5,15.375,21.2891,2.41725,2.3525,2.01775,2.005625,0,0,2.560875
6937,23,94,1,0,17.1953,19.5312,15.3125,21.2109,2.403625,2.35025,2.03525,1.99525,0,0,2.560625
6938,23,97,1,0,17.2344,19.6406,15.4531,21.3516,2.417375,2.358125,2.0325,1.9905,0,0,2.559125
6939,23,97,1,0,17.2344,19.5703,15.3828,21.2734,2.428125,2.368375,2.038125,1.992375,1,0,2.561
6940,23,95,1,0,17.2734,19.5938,15.3828,21.3828,2.434375,2.356625,2.0235,1.998125,0,0,2.560625
6941,23,95,1,0,17.2031,19.6797,15.4688,21.3984,2.420625,2.36675,2.05325,2.01375,0,0,2.559375
6942,23,96,1,0,17.2188,19.6406,15.4766,21.3672,2.429875,2.36625,2.04325,2.010125,0,0,2.559625
6943,23,97,1,0,17.2578,19.6875,15.4922,21.4453,2.421375,2.359,2.04975,2.005,0,0,2.559125
6944,23,98,1,1,17.2656,19.7188,15.4688,21.4688,2.415125,2.3595,2.041875,2.008125,0,0,2.56
6945,23,94,1,0,17.3203,19.7109,15.5781,21.3984,2.428625,2.364625,2.0405,2.00525,0,0,2.560125
6946,23,96,1,0,17.3984,19.7188,15.5547,21.4375,2.420375,2.34675,2.04625,2.00675,0,0,2.55925
6947,23,97,1,0,17.3281,19.7031,15.6172,21.4062,2.41875,2.371625,2.041,2.010625,0,0,2.559375
6948,23,95,1,0,17.375,19.7656,15.5938,21.4844,2.419375,2.369,2.034125,2.004,0,0,2.56025
6949,23,97,1,0,17.4141,19.8281,15.6328,21.5625,2.445125,2.37325,2.034,2.013625,0,0,2.5595
6950,23,97,1,0,17.375,19.8672,15.5938,21.5156,2.431125,2.35025,2.0605,2.012625,0,0,2.560125
6951,23,95,1,0,17.3906,19.8906,15.5859,21.5547,2.428625,2.36175,2.0515,2.006,0,0,2.56075
6952,23,95,1,1,17.5,19.875,15.6094,21.5938,2.44225,2.36125,2.0405,2.00275,0,0,2.560875
6953,23,96,1,0,17.4844,19.9141,15.6641,21.6016,2.419875,2.35475,2.055,2.003875,0,0,2.559
6954,24,94,1,0,17.4375,19.8438,15.7578,21.5547,2.43,2.367625,2.062125,2.018625,0,0,2.560875
6955,24,94,1,0,17.5234,19.9297,15.7188,21.6172,2.439375,2.375625,2.058375,2.018625,0,0,2.56075
6956,24,96,1,0,17.5859,19.9766,15.6875,21.6094,2.447625,2.359625,2.060875,2.00675,0,0,2.559375
6957,24,96,1,0,17.5312,19.9453,15.7969,21.6172,2.430375,2.358,2.051,2.013625,0,0,2.559375
6958,24,97,1,0,17.5312,19.9219,15.7891,21.6953,2.436,2.37875,2.062,2.024625,0,0,2.56
6959,24,95,1,0,17.5547,20.0078,15.8203,21.7188,2.4405,2.372375,2.061375,2.02725,0,0,2.561
6960,24,94,1,1,17.5859,19.9844,15.8672,21.7578,2.43825,2.385,2.048375,2.02,0,0,2.559875
6961,24,97,1,0,17.6328,20.0859,15.7969,21.7891,2.456,2.383125,2.064125,2.017875,0,0,2.560375
6962,24,96,1,0,17.5938,20.1172,15.875,21.8125,2.454125,2.363625,2.067375,2.0215,0,0,2.55975
6963,24,94,1,0,17.6172,20.0156,15.8906,21.7734,2.4375,2.390625,2.04575,2.0325,0,0,2.55925
6964,24,96,1,0,17.6797,20.1406,15.8828,21.8438,2.45,2.38975,2.066375,2.02025,0,0,2.56025
6965,24,97,1,0,17.6719,20.1406,15.8516,21.8047,2.45075,2.37825,2.049125,2.033375,0,0,2.56
6966,24,98,1,0,17.6875,20.1406,15.9219,21.8203,2.4385,2.382625,2.072375,2.0155,0,0,2.5595
6967,24,95,1,0,17.7578,20.2031,15.9688,21.8984,2.4635,2.368125,2.076375,2.024375,0,0,2.56075
6968,24,98,1,1,17.7891,20.1484,15.9453,21.8281,2.462125,2.384625,2.0685,2.03275,0,0,2.560875
6969,24,94,1,0,17.7344,20.125,16.0391,21.8984,2.442625,2.384,2.075625,2.019125,0,0,2.560125
6970,24,97,1,0,17.7734,20.2344,15.9688,21.9688,2.459,2.397875,2.074875,2.034,0,0,2.560125
6971,24,94,1,0,17.8281,20.2422,16.0625,21.9688,2.4685,2.377,2.047125,2.027,0,0,2.559125
6972,24,98,1,0,17.8125,20.2812,16.0078,21.9453,2.44225,2.37975,2.0735,2.02075,1,0,2.55975
6973,24,97,1,0,17.8047,20.25,16.0859,21.9922,2.44625,2.381,2.04725,2.03275,0,1,2.56025
6974,24,95,1,0,17.9453,20.3047,16.0625,21.9531,2.45625,2.38675,2.07575,2.038625,0,0,2.5595
6975,24,97,1,0,17.8984,20.3047,16.1641,21.9688,2.4565,2.38225,2.0585,2.031125,0,0,2.56
6976,24,96,1,1,17.9375,20.2734,16.1172,21.9688,2.46675,2.392,2.0835,2.040375,0,0,2.560375
6977,24,96,1,0,17.9453,20.3125,16.1172,22.0781,2.452375,2.39875,2.052,2.03975,0,0,2.560375
6978,24,97,1,0,17.9453,20.3672,16.1484,22.0312,2.45,2.39925,2.0545,2.04725,0,0,2.560125
6979,24,98,1,0,17.9844,20.4375,16.125,22.0156,2.45625,2.399875,2.087375,2.040875,0,0,2.56075
6980,24,98,1,0,17.9531,20.4219,16.2578,22.1562,2.4705,2.38725,2.076875,2.040875,0,0,2.56075
6981,24,97,1,0,18.0234,20.375,16.1953,22.0781,2.47525,2.390375,2.064625,2.029375,0,0,2.55975
6982,24,96,1,0,17.9844,20.3828,16.1719,22.1562,2.477,2.405625,2.09025,2.048,0,0,2.560875
6983,24,96,1,0,18.0781,20.4141,16.2109,22.125,2.464375,2.385,2.06425,2.0345,0,0,2.560375
6984,24,97,1,1,18.0703,20.5234,16.2812,22.1484,2.454625,2.410875,2.08725,2.032375,0,0,2.560125
6985,24,94,1,0,18.0781,20.4531,16.3359,22.2266,2.471625,2.4005,2.065375,2.035875,0,0,2.55925
6986,24,96,1,0,18.1172,20.4453,16.3359,22.1953,2.458875,2.402125,2.092,2.032125,0,0,2.56
6987,24,96,1,0,18.0859,20.4766,16.3828,22.2578,2.469,2.393875,2.08925,2.054875,0,0,2.56025
6988,24,96,1,0,18.1562,20.4844,16.3438,22.2266,2.479375,2.403875,2.06075,2.0405,0,0,2.560625
6989,24,98,1,0,18.2266,20.6172,16.4062,22.3203,2.464375,2.399125,2.077625,2.03575,0,0,2.559375
6990,24,96,1,0,18.125,20.5938,16.375,22.3125,2.484625,2.4155,2.072,2.053,0,0,2.559
6991,24,98,1,0,18.2578,20.5938,16.4609,22.3125,2.474875,2.4,2.085625,2.037625,0,0,2.55925
6992,24,95,1,1,18.2578,20.6719,16.4375,22.2578,2.489375,2.40525,2.098125,2.0385,0,0,2.559625
6993,24,97,1,0,18.2422,20.5781,16.4219,22.3047,2.484875,2.39725,2.068125,2.043875,0,0,2.559125
6994,24,95,1,0,18.2969,20.6641,16.4688,22.3438,2.47975,2.412875,2.0935,2.046625,0,0,2.55925
6995,24,96,1,0,18.2578,20.6641,16.4141,22.3828,2.466875,2.404625,2.092125,2.049875,0,0,2.56025
6996,24,94,1,0,18.3516,20.6406,16.5156,22.3516,2.482875,2.402,2.081,2.0405,0,0,2.561
6997,24,95,1,0,18.2656,20.6797,16.5234,22.3516,2.485375,2.40325,2.10025,2.063375,0,1,2.559
6998,24,95,1,0,18.3281,20.6797,16.5938,22.4141,2.491125,2.404125,2.084375,2.057375,0,0,2.559
6999,24,97,1,0,18.3359,20.7422,16.4922,22.4219,2.476375,2.42625,2.090375,2.06,0,0,2.559
7000,24,95,1,1,18.375,20.7344,16.5469,22.5078,2.483125,2.4165,2.081125,2.044875,0,0,2.5595
7001,24,95,1,0,18.3672,20.8281,16.6094,22.4844,2.48,2.42175,2.076375,2.06275,0,0,2.56025
7002,24,97,1,0,18.4141,20.8047,16.5938,22.4609,2.478875,2.41325,2.10575,2.047,0,0,2.559625
7003,24,97,1,0,18.375,20.8047,16.6797,22.4766,2.479875,2.417875,2.0805,2.052875,0,0,2.561
7004,24,94,1,0,18.4688,20.875,16.5781,22.5078,2.498375,2.426875,2.086625,2.061375,0,0,2.560875
7005,24,95,1,0,18.4375,20.8516,16.6094,22.5703,2.491625,2.413375,2.108625,2.04925,0,0,2.559
7006,24,97,1,0,18.4688,20.8594,16.7188,22.6094,2.4965,2.40775,2.104875,2.05425,0,0,2.561
7007,24,98,1,0,18.5469,20.8672,16.75,22.5703,2.498,2.41475,2.094875,2.052375,0,0,2.559375
7008,25,94,1,1,18.5078,20.875,16.7656,22.5547,2.496125,2.409,2.087375,2.072125,0,0,2.559125
7009,25,94,1,0,18.5234,20.9609,16.7969,22.5703,2.48475,2.417375,2.097,2.0705,0,0,2.5595
7010,25,94,1,0,18.5781,20.9531,16.7422,22.6406,2.4935,2.440125,2.093125,2.06425,0,0,2.559
7011,25,96,1,0,18.5781,21.0,16.7812,22.6484,2.506625,2.4275,2.099125,2.06,0,0,2.559
7012,25,96,1,0,18.5469,21.0391,16.7812,22.625,2.48225,2.415375,2.10025,2.0705,0,0,2.5605
7013,25,96,1,0,18.5625,21.0391,16.8438,22.7031,2.498,2.421125,2.109875,2.06325,1,0,2.5595
7014,25,97,1,0,18.6406,21.0547,16.7812,22.6641,2.5015,2.42275,2.106125,2.059625,0,0,2.560875
7015,25,98,1,0,18.6016,21.0703,16.7812,22.7422,2.5105,2.43775,2.104625,2.061,0,0,2.560625
7016,25,97,1,1,18.6797,21.1094,16.9219,22.7969,2.50525,2.421125,2.088625,2.060875,0,0,2.561
7017,25,94,1,0,18.7109,21.1016,16.8516,22.7578,2.4905,2.441,2.107125,2.07525,0,0,2.56075
7018,25,98,1,0,18.6484,21.1094,16.8359,22.7656,2.515625,2.435,2.103875,2.077,0,0,2.561
7019,25,97,1,0,18.7344,21.0781,16.9688,22.875,2.515125,2.43425,2.099875,2.0685,0,0,2.5605
7020,25,98,1,0,18.6719,21.1328,16.9219,22.8203,2.5155,2.43125,2.09275,2.063,0,0,2.560125
7021,25,95,1,0,18.7578,21.1406,16.9531,22.8906,2.499875,2.436875,2.11575,2.080125,0,1,2.5605
7022,25,95,1,0,18.8203,21.1562,16.9766,22.9062,2.517875,2.44175,2.092375,2.081875,0,0,2.56
7023,25,97,1,0,18.7656,21.1797,16.9453,22.8281,2.520875,2.426875,2.111,2.0795,0,0,2.56025
7024,25,94,1,1,18.8125,21.2344,16.9844,22.9453,2.5105,2.453,2.091,2.072875,0,0,2.5605
7025,25,95,1,0,18.8203,21.2734,17.0,22.9297,2.493875,2.4275,2.100625,2.086125,0,0,2.559875
7026,25,96,1,0,18.8828,21.2578,17.0,22.8906,2.505625,2.43325,2.1095,2.084875,0,0,2.559125
7027,25,98,1,0,18.8828,21.25,17.0,22.9766,2.505625,2.438625,2.098875,2.067125,0,0,2.56075
7028,25,95,1,0,18.875,21.2891,17.0156,23.0,2.522125,2.444375,2.11025,2.075125,1,0,2.55925
7029,25,95,1,0,18.9453,21.2969,17.1484,23.0469,2.50275,2.44825,2.09825,2.087375,0,0,2.560375
7030,25,98,1,0,18.9531,21.375,17.0859,23.0625,2.525375,2.4315,2.103,2.079625,0,0,2.56025
7031,25,98,1,0,18.8984,21.3047,17.1094,23.0703,2.5005,2.434125,2.10825,2.07725,0,0,2.560875
7032,25,96,1,1,18.9297,21.3984,17.1562,23.0,2.5265,2.436375,2.113375,2.089375,0,0,2.559125
7033,25,94,1,0,18.9453,21.3359,17.2031,23.0547,2.50225,2.433125,2.1135,2.07425,0,0,2.560875
7034,25,98,1,0,19.0156,21.3984,17.2422,23.1172,2.525375,2.453375,2.1175,2.077125,0,0,2.559125
7035,25,97,1,0,19.0234,21.3438,17.1719,23.0859,2.53025,2.44925,2.125625,2.08975,0,0,2.56025
7036,25,95,1,0,19.0078,21.4141,17.1797,23.1172,2.516,2.46425,2.117125,2.076,0,0,2.55975
7037,25,98,1,0,19.0312,21.3906,17.2969,23.1797,2.51325,2.457625,2.1015,2.077625,0,0,2.56
7038,25,94,1,0,19.0625,21.4844,17.2578,23.1484,2.51175,2.44,2.109,2.0815,0,0,2.5605
7039,25,97,1,0,19.1172,21.4766,17.2734,23.125,2.509125,2.450375,2.109875,2.095125,0,0,2.559125
7040,25,98,1,1,19.0703,21.4609,17.3125,23.1406,2.52375,2.45775,2.115375,2.079625,0,0,2.559
7041,25,96,1,0,19.1016,21.5078,17.3516,23.25,2.533,2.4685,2.116,2.08625,0,0,2.559
7042,25,95,1,0,19.1172,21.5234,17.3359,23.2891,2.536375,2.4705,2.130875,2.094625,0,0,2.56
7043,25,94,1,0,19.1562,21.5625,17.4062,23.2969,2.536,2.462625,2.127875,2.081375,0,0,2.561
7044,25,95,1,0,19.1406,21.6094,17.3047,23.3203,2.51175,2.449375,2.12175,2.087875,0,0,2.560375
7045,25,97,1,0,19.1719,21.5469,17.3906,23.2891,2.52875,2.46625,2.138375,2.0995,0,0,2.559875
7046,25,97,1,0,19.2344,21.6562,17.4141,23.2656,2.51475,2.472625,2.134875,2.10225,0,0,2.5605
7047,25,94,1,0,19.2578,21.6719,17.375,23.3047,2.5145,2.464375,2.136875,2.08875,0,0,2.560875
7048,25,96,1,1,19.2734,21.6406,17.4453,23.3906,2.53475,2.44825,2.12725,2.0825,0,0,2.559
7049,25,98,1,0,19.2891,21.6016,17.4766,23.4062,2.5325,2.468,2.134375,2.087875,0,0,2.5605
7050,25,94,1,0,19.2578,21.7109,17.4766,23.3984,2.531875,2.46825,2.141625,2.09425,0,0,2.56025
7051,25,98,1,0,19.3359,21.7422,17.5469,23.3281,2.535,2.468875,2.124125,2.104875,1,0,2.560125
7052,25,98,1,0,19.3438,21.6797,17.4844,23.3906,2.529625,2.473,2.14075,2.08725,0,0,2.55975
7053,25,97,1,0,19.3516,21.7578,17.5391,23.4766,2.530125,2.479,2.144375,2.091125,0,0,2.55925
7054,25,98,1,0,19.3672,21.6953,17.5,23.4375,2.54825,2.481,2.1335,2.098875,0,0,2.559
7055,25,94,1,0,19.3047,21.7344,17.5938,23.4922,2.548875,2.46275,2.127125,2.101625,0,0,2.55925
7056,25,94,1,1,19.375,21.7891,17.5547,23.4531,2.546875,2.46975,2.136875,2.089125,0,0,2.5605
7057,25,94,1,0,19.4219,21.8125,17.5312,23.4688,2.538,2.463125,2.1245,2.110625,0,0,2.5595
7058,25,95,1,0,19.4062,21.7656,17.6094,23.5469,2.526,2.462375,2.141375,2.1095,0,0,2.561
7059,25,97,1,0,19.3984,21.8047,17.6875,23.5547,2.53625,2.46525,2.12625,2.10725,0,0,2.56075
7060,25,98,1,0,19.4297,21.8594,17.5781,23.5312,2.530875,2.468625,2.141375,2.097,0,0,2.5605
7061,25,97,1,0,19.4375,21.8906,17.7109,23.6016,2.5485,2.472375,2.129,2.11375,0,0,2.5605
7062,25,98,1,0,19.5391,21.8984,17.625,23.5859,2.5505,2.477625,2.133625,2.11,0,1,2.56
7063,25,94,1,0,19.4453,21.8828,17.6406,23.5859,2.55525,2.48225,2.123,2.098625,0,0,2.56
7064,26,97,1,1,19.5391,21.9141,17.7734,23.6641,2.530125,2.476125,2.14675,2.099125,0,0,2.5605
7065,26,94,1,0,19.5547,21.9453,17.6953,23.6875,2.531625,2.483375,2.145625,2.100625,0,0,2.561
7066,26,95,1,0,19.5469,21.9219,17.7969,23.6328,2.55825,2.463,2.132,2.100375,0,0,2.55925
7067,26,98,1,0,19.5625,22.0,17.7109,23.6797,2.538,2.481,2.133625,2.106875,0,0,2.560625
7068,26,95,1,0,19.5703,22.0078,17.7734,23.7109,2.53725,2.483875,2.15025,2.100875,0,0,2.560875
7069,26,98,1,0,19.625,22.0391,17.7578,23.7578,2.539625,2.47625,2.145125,2.118,0,0,2.560875
7070,26,95,1,0,19.5938,21.9531,17.8281,23.7031,2.55025,2.491625,2.131625,2.10275,0,0,2.56
7071,26,96,1,0,19.6641,22.0234,17.8438,23.75,2.54925,2.473125,2.128125,2.1115,0,0,2.56025
7072,26,94,1,1,19.6797,22.0391,17.8984,23.7891,2.5665,2.48725,2.161875,2.116375,0,0,2.561
7073,26,97,1,0,19.6328,22.0938,17.9141,23.7578,2.540375,2.495375,2.13225,2.11625,0,0,2.560875
7074,26,94,1,0,19.7266,22.1406,17.9297,23.8438,2.560125,2.481,2.133625,2.116375,0,0,2.559125
7075,26,95,1,0,19.6406,22.1562,17.8438,23.8516,2.5625,2.492,2.15725,2.1185,0,0,2.56075
7076,26,94,1,0,19.6797,22.1562,17.8672,23.7656,2.564875,2.479875,2.135875,2.1135,0,0,2.561
7077,26,98,1,0,19.7422,22.1562,17.8828,23.8203,2.551,2.50125,2.162125,2.1155,0,0,2.560375
7078,26,96,1,0,19.75,22.2109,18.0078,23.9141,2.54575,2.489875,2.162125,2.105375,0,0,2.56025
7079,26,94,1,0,19.8203,22.1953,17.9766,23.8906,2.56,2.495,2.15075,2.11125,0,0,2.560375
7080,26,97,1,1,19.7734,22.1562,18.0234,23.9219,2.563,2.498,2.155125,2.125125,0,0,2.5605
7081,26,98,1,0,19.8281,22.1953,17.9609,23.8438,2.55175,2.486,2.152875,2.11425,0,0,2.559125
7082,26,96,1,0,19.8516,22.2578,18.0078,23.8984,2.567125,2.4975,2.16075,2.1165,0,0,2.559125
7083,26,94,1,0,19.875,22.2344,18.0859,23.9141,2.560625,2.494875,2.15175,2.110875,0,0,2.560375
7084,26,94,1,0,19.9062,22.2109,18.0234,23.9609,2.572125,2.50475,2.146375,2.1105,0,0,2.559875
7085,26,94,1,0,19.9297,22.2969,18.1172,23.9688,2.566625,2.493375,2.151,2.1125,0,0,2.560125
7086,26,95,1,0,19.8984,22.2734,18.1328,23.9297,2.551375,2.508,2.154125,2.119,0,0,2.560625
7087,26,98,1,0,19.9062,22.3672,18.1328,23.9453,2.557,2.49975,2.161125,2.114,0,0,2.560125
7088,26,98,1,1,19.9375,22.2891,18.1797,23.9922,2.5615,2.488625,2.153125,2.12975,0,0,2.56025
7089,26,97,1,0,19.9688,22.2969,18.1641,24.0859,2.56125,2.498375,2.170625,2.11975,0,0,2.5595
7090,26,98,1,0,19.9922,22.4062,18.1719,24.0156,2.56475,2.486,2.1615,2.1215,0,0,2.5595
7091,26,94,1,0,20.0234,22.4219,18.2109,24.0703,2.553625,2.510875,2.1565,2.115,0,0,2.560125
7092,26,98,1,0,20.0078,22.4062,18.1797,24.125,2.564375,2.495375,2.15725,2.118125,1,0,2.560625
7093,26,97,1,0,20.0156,22.3828,18.1641,24.0938,2.56175,2.50675,2.164125,2.123125,0,0,2.560125
7094,26,96,1,0,19.9688,22.4219,18.2109,24.1094,2.579125,2.498,2.15925,2.133,0,0,2.5605
7095,26,94,1,0,19.9766,22.5,18.2969,24.1641,2.5755,2.488125,2.18025,2.135875,0,0,2.55975
7096,26,98,1,1,20.0547,22.4609,18.2578,24.2109,2.586375,2.5165,2.170375,2.12175,0,1,2.560375
7097,26,96,1,0,20.0078,22.4531,18.2969,24.1328,2.56675,2.489375,2.1765,2.124,0,0,2.56025
7098,26,95,1,0,20.1172,22.4844,18.25,24.1797,2.57975,2.50875,2.179125,2.1365,0,0,2.559
7099,26,96,1,0,20.0938,22.5156,18.3125,24.1562,2.564125,2.495625,2.181375,2.1385,0,0,2.560125
7100,26,94,1,0,20.1484,22.5391,18.3125,24.2578,2.582875,2.495375,2.16125,2.130125,0,0,2.56075
7101,26,97,1,0,20.0781,22.5391,18.2969,24.2188,2.5825,2.50825,2.18175,2.130375,0,0,2.559375
7102,26,94,1,0,20.125,22.5938,18.3516,24.25,2.585625,2.5025,2.15325,2.123625,0,0,2.56
7103,26,97,1,0,20.2188,22.6172,18.3672,24.2188,2.571375,2.513,2.1845,2.125125,0,0,2.560125
7104,26,96,1,1,20.2031,22.5391,18.3438,24.25,2.574,2.504625,2.16775,2.14375,0,0,2.560625
7105,26,96,1,0,20.2422,22.6641,18.3906,24.3594,2.568875,2.515125,2.1785,2.131625,0,0,2.56025
7106,26,95,1,0,20.2422,22.6328,18.4531,24.3203,2.592125,2.495875,2.15525,2.143375,0,0,2.559375
7107,26,94,1,0,20.2734,22.6953,18.375,24.3047,2.566875,2.503625,2.1535,2.13125,0,0,2.55975
7108,26,94,1,0,20.3125,22.6016,18.5,24.3594,2.571625,2.509,2.160375,2.1455,0,0,2.559125
7109,26,96,1,0,20.2969,22.6172,18.5,24.4062,2.576875,2.523,2.164,2.1355,0,0,2.559125
7110,26,95,1,0,20.2734,22.6562,18.4531,24.3828,2.57,2.50725,2.157,2.14225,0,0,2.56
7111,26,98,1,0,20.3438,22.6406,18.5312,24.3594,2.5955,2.503625,2.191125,2.14075,0,0,2.559125
7112,26,97,1,1,20.2969,22.7188,18.5781,24.3906,2.57325,2.507,2.172,2.139875,0,0,2.561
7113,26,96,1,0,20.3906,22.7266,18.5234,24.4453,2.5845,2.519875,2.159375,2.1505,0,0,2.560625
7114,26,96,1,0,20.2891,22.6875,18.6016,24.4922,2.5775,2.5295,2.161625,2.13275,0,0,2.559
7115,26,95,1,0,20.3359,22.7188,18.5938,24.4766,2.581625,2.515125,2.158625,2.136,0,0,2.56
7116,26,95,1,0,20.3906,22.7422,18.5547,24.5469,2.59125,2.53025,2.18925,2.150375,0,0,2.559625
7117,26,97,1,0,20.3828,22.8594,18.6328,24.5391,2.588875,2.52825,2.169625,2.134,0,0,2.56
7118,26,94,1,0,20.3984,22.8281,18.625,24.4688,2.585375,2.518,2.190625,2.1465,0,0,2.56075
7119,26,94,1,0,20.3984,22.8125,18.5938,24.4844,2.592875,2.52275,2.167125,2.139875,0,0,2.559375
7120,26,97,1,1,20.4688,22.8672,18.6875,24.5859,2.594875,2.528625,2.195,2.134625,0,0,2.559625
7121,26,94,1,0,20.4375,22.8047,18.6719,24.6172,2.589375,2.52525,2.196625,2.14625,0,0,2.559625
7122,26,96,1,0,20.4297,22.8516,18.6328,24.5469,2.580875,2.51075,2.19625,2.13625,0,0,2.559125
7123,26,96,1,0,20.5547,22.875,18.7578,24.6562,2.6085,2.527375,2.194,2.13925,0,0,2.56025
7124,27,94,1,0,20.5391,22.8516,18.6719,24.6562,2.60075,2.517125,2.179625,2.14125,0,0,2.56025
7125,27,97,1,0,20.5156,22.875,18.7578,24.6172,2.5985,2.512125,2.198,2.139875,0,0,2.560375
7126,27,98,1,0,20.5078,22.8828,18.7969,24.6172,2.595,2.537375,2.173,2.151375,0,0,2.560125
7127,27,98,1,0,20.5234,22.9688,18.7344,24.6016,2.591375,2.52275,2.17625,2.157875,1,0,2.559125
7128,27,94,1,1,20.5234,22.9141,18.8047,24.6328,2.60275,2.51175,2.1755,2.145875,0,0,2.5605
7129,27,94,1,0,20.5312,22.9453,18.7422,24.7422,2.593625,2.535,2.182375,2.160125,0,0,2.55975
7130,27,97,1,0,20.6172,23.0078,18.7969,24.7188,2.6125,2.531,2.18475,2.160125,0,0,2.559125
7131,27,96,1,0,20.625,22.9609,18.8125,24.7656,2.60025,2.527375,2.197,2.151,0,0,2.560375
7132,27,97,1,0,20.6016,23.0078,18.8828,24.6875,2.58575,2.526625,2.205375,2.151875,0,0,2.56
7133,27,95,1,0,20.6172,23.0234,18.875,24.7344,2.610875,2.52075,2.203875,2.149375,0,1,2.56
7134,27,97,1,0,20.6953,23.1016,18.9219,24.75,2.602125,2.53925,2.184625,2.16275,0,0,2.559125
7135,27,97,1,0,20.75,23.0547,18.9297,24.7578,2.599,2.54425,2.194625,2.1465,0,0,2.559875
7136,27,96,1,1,20.7656,23.1562,18.9062,24.7578,2.608375,2.531625,2.179875,2.148,0,0,2.559375
7137,27,95,1,0,20.75,23.0938,18.8906,24.7969,2.602125,2.53975,2.202875,2.155125,0,0,2.560875
7138,27,97,1,0,20.7188,23.1172,18.9766,24.8281,2.612125,2.528875,2.20475,2.14975,0,0,2.560875
7139,27,97,1,0,20.7188,23.1641,18.9297,24.875,2.601125,2.546625,2.1965,2.165375,0,0,2.559
7140,27,98,1,0,20.75,23.1406,19.0,24.9141,2.61425,2.52175,2.179125,2.157625,0,0,2.559625
7141,27,94,1,0,20.8047,23.125,18.9922,24.8359,2.621125,2.527875,2.18725,2.149875,0,0,2.560875
7142,27,97,1,0,20.8125,23.1484,19.0156,24.9609,2.617375,2.5365,2.180875,2.1545,0,0,2.560375
7143,27,97,1,0,20.7656,23.1875,19.0234,24.9141,2.62375,2.5435,2.185625,2.150875,0,0,2.560375
7144,27,94,1,1,20.7891,23.2031,19.0938,24.9141,2.624,2.53825,2.19475,2.15775,0,0,2.559875
7145,27,94,1,0,20.7891,23.2266,19.0156,24.8984,2.60875,2.537625,2.210625,2.151,0,0,2.559375
7146,27,97,1,0,20.8984,23.3125,19.1094,25.0234,2.609,2.549625,2.20075,2.165125,0,0,2.56075
7147,27,98,1,0,20.8359,23.3203,19.0234,24.9766,2.59825,2.53225,2.200875,2.16025,0,0,2.559875
7148,27,94,1,0,20.8516,23.3047,19.1406,24.9609,2.624625,2.52825,2.20625,2.170375,0,0,2.56
7149,27,97,1,0,20.9453,23.2969,19.1562,24.9688,2.603875,2.55225,2.2145,2.157,0,0,2.559875
7150,27,97,1,0,20.9531,23.2812,19.125,25.0312,2.60275,2.5545,2.192875,2.168,0,0,2.559875
7151,27,95,1,0,20.9531,23.3203,19.0781,25.0312,2.611125,2.5445,2.207375,2.153375,0,0,2.5595
7152,27,96,1,1,20.9219,23.3281,19.1328,25.0469,2.601,2.5405,2.197,2.157375,0,0,2.559375
7153,27,96,1,0,20.9219,23.4297,19.2344,25.0391,2.603375,2.546625,2.214375,2.1625,0,0,2.559625
7154,27,98,1,0,21.0469,23.3594,19.1562,25.1328,2.60775,2.55375,2.187375,2.162,0,0,2.559875
7155,27,95,1,0,20.9531,23.3516,19.2422,25.1406,2.624375,2.545,2.19225,2.1765,0,0,2.5595
7156,27,96,1,0,21.0391,23.3594,19.1953,25.0859,2.610375,2.556625,2.20825,2.171125,0,0,2.56
7157,27,98,1,0,21.0312,23.4531,19.25,25.0938,2.628375,2.555875,2.189875,2.157,0,0,2.55975
7158,27,96,1,0,21.0312,23.5078,19.2656,25.1406,2.609875,2.539375,2.19,2.176,0,0,2.56075
7159,27,96,1,0,21.1016,23.5156,19.25,25.1641,2.611625,2.554,2.1855,2.16925,0,0,2.56
7160,27,95,1,1,21.0781,23.4766,19.2266,25.1797,2.61275,2.562375,2.20025,2.179,0,0,2.559125
7161,27,98,1,0,21.0859,23.5156,19.3359,25.2422,2.609625,2.539375,2.201375,2.1705,0,0,2.56
7162,27,96,1,0,21.0781,23.5312,19.3672,25.1797,2.6235,2.557375,2.223375,2.163875,1,0,2.559125
7163,27,98,1,0,21.1016,23.5547,19.3281,25.2812,2.626,2.56125,2.2225,2.1605,0,1,2.56
7164,27,95,1,0,21.1797,23.5078,19.3516,25.2578,2.636125,2.5515,2.195,2.16575,0,0,2.56
7165,27,94,1,0,21.1016,23.5781,19.4141,25.2188,2.635375,2.554625,2.20675,2.16425,0,0,2.560125
7166,27,97,1,0,21.1875,23.5703,19.3125,25.2812,2.617875,2.540125,2.2155,2.17525,0,0,2.56025
7167,27,97,1,0,21.2422,23.5469,19.375,25.2734,2.622375,2.553,2.206625,2.18175,0,0,2.5595
7168,27,98,1,1,21.2188,23.6172,19.4531,25.2578,2.612875,2.54675,2.198625,2.172625,0,0,2.5605
7169,27,95,1,0,21.2656,23.5938,19.4766,25.3594,2.632125,2.56,2.192,2.1805,0,0,2.560125
7170,27,94,1,0,21.1797,23.5703,19.4219,25.2891,2.615125,2.549375,2.218875,2.16475,0,0,2.559625
7171,27,94,1,0,21.1875,23.5859,19.4688,25.375,2.631625,2.56725,2.204625,2.1855,0,0,2.559125
7172,27,97,1,0,21.25,23.625,19.4844,25.3984,2.622125,2.569875,2.2175,2.172,0,0,2.55925
7173,27,97,1,0,21.3281,23.6328,19.5234,25.4141,2.637375,2.543625,2.229,2.183375,0,0,2.559875
7174,27,95,1,0,21.2422,23.75,19.5312,25.4531,2.6165,2.559125,2.195875,2.182625,0,0,2.561
7175,27,98,1,0,21.2734,23.7578,19.5,25.3672,2.6175,2.554,2.205,2.178125,0,0,2.559875
7176,27,97,1,1,21.3125,23.6797,19.4844,25.3828,2.632125,2.555375,2.212125,2.186125,0,0,2.559875
7177,27,94,1,0,21.2891,23.7031,19.5859,25.375,2.62425,2.569,2.2155,2.182,0,0,2.559
7178,27,95,1,0,21.3047,23.6953,19.5078,25.4922,2.6365,2.569125,2.23275,2.168125,0,0,2.5595
7179,27,94,1,0,21.3281,23.7266,19.5234,25.4375,2.647875,2.560875,2.217125,2.17875,0,1,2.5605
7180,27,94,1,0,21.3828,23.7188,19.6328,25.4609,2.63475,2.56525,2.232625,2.18975,0,0,2.56075
7181,27,95,1,0,21.3359,23.8281,19.6484,25.4844,2.63275,2.578375,2.20525,2.186875,0,0,2.559375
7182,27,98,1,0,21.4609,23.75,19.5625,25.5625,2.64125,2.561625,2.216625,2.189625,0,0,2.560125
7183,27,98,1,0,21.4062,23.8594,19.6484,25.4766,2.63675,2.565625,2.236,2.179125,0,0,2.559625
7184,27,94,1,1,21.4609,23.8047,19.6016,25.6016,2.631875,2.55775,2.2355,2.18375,0,0,2.55925
7185,27,94,1,0,21.4531,23.8281,19.6953,25.5469,2.630375,2.564,2.223875,2.19,1,0,2.56075
7186,27,97,1,0,21.4219,23.9297,19.6406,25.5078,2.633375,2.5655,2.219375,2.1935,0,0,2.56
7187,27,94,1,0,21.4453,23.8359,19.6719,25.5391,2.62775,2.56825,2.22275,2.17475,0,0,2.56075
7188,28,98,1,0,21.5,23.9219,19.75,25.5391,2.65025,2.562375,2.215,2.177375,0,0,2.561
7189,28,95,1,0,21.4922,23.9141,19.7266,25.6641,2.627625,2.5625,2.20825,2.1865,0,0,2.561
7190,28,94,1,0,21.5234,23.9375,19.7266,25.5703,2.64175,2.578875,2.225125,2.181,0,0,2.560125
7191,28,94,1,0,21.6016,23.8906,19.7422,25.625,2.651125,2.577875,2.207,2.19575,0,0,2.56025
7192,28,98,1,1,21.6172,24.0078,19.7266,25.6016,2.6505,2.560875,2.208,2.193875,0,0,2.560625
7193,28,95,1,0,21.5938,23.9531,19.7344,25.6719,2.65625,2.566125,2.214375,2.195,0,0,2.56025
7194,28,94,1,0,21.5781,24.0391,19.7656,25.7188,2.6345,2.573375,2.20575,2.1955,0,0,2.560375
7195,28,94,1,0,21.6094,23.9453,19.8125,25.7109,2.6485,2.583125,2.2215,2.18875,0,0,2.56075
7196,28,97,1,0,21.6641,24.0547,19.875,25.7109,2.658375,2.581,2.216,2.1935,0,0,2.559625
7197,28,94,1,0,21.5781,23.9922,19.8906,25.7344,2.643375,2.559,2.23025,2.183875,0,0,2.559
7198,28,94,1,0,21.6797,24.0,19.8984,25.6953,2.652625,2.577125,2.22975,2.179625,0,0,2.5605
7199,28,98,1,0,21.7109,24.0391,19.875,25.7188,2.658625,2.562375,2.241625,2.1805,0,0,2.560875
