tmp117_0_C,tmp117_1_C,tmp117_2_C,tmp117_3_C
-11.1172,-8.7188,-12.8828,-7.0234
-11.0234,-8.6953,-12.8984,-6.9609
-11.0547,-8.6406,-12.8359,-6.8906
-11.0703,-8.6328,-12.7578,-6.9453
-10.9922,-8.5625,-12.7422,-6.9453
-11.0312,-8.5078,-12.7422,-6.9297
-11.0156,-8.5156,-12.7656,-6.8906
-10.9688,-8.4844,-12.7578,-6.8359
-10.8984,-8.5703,-12.7188,-6.8672
-10.9375,-8.4609,-12.6797,-6.7656
-10.9297,-8.4531,-12.6719,-6.7578
-10.8047,-8.4766,-12.6328,-6.8047
-10.8047,-8.3828,-12.6484,-6.7266
-10.7656,-8.4609,-12.6484,-6.7578
-10.75,-8.3516,-12.5469,-6.7188
-10.7344,-8.3906,-12.6484,-6.6953
-10.7344,-8.4375,-12.6172,-6.7344
-10.7031,-8.3281,-12.5938,-6.7188
-10.7656,-8.3203,-12.5547,-6.6484
-10.7656,-8.3516,-12.4688,-6.6719
-10.7578,-8.3438,-12.4844,-6.6328
-10.7344,-8.2812,-12.5,-6.6094
-10.6016,-8.2578,-12.4453,-6.5156
-10.5859,-8.25,-12.5,-6.5391
-10.625,-8.2578,-12.3672,-6.5781
-10.6484,-8.2188,-12.3672,-6.4531
-10.5859,-8.2188,-12.4453,-6.5
-10.5312,-8.1406,-12.4375,-6.4922
-10.6172,-8.1484,-12.3594,-6.4141
-10.5078,-8.1641,-12.3359,-6.4062
-10.4609,-8.1797,-12.3828,-6.3672
-10.5,-8.0938,-12.25,-6.3984
-10.4219,-8.125,-12.3359,-6.4062
-10.5078,-8.1172,-12.3125,-6.3281
-10.4922,-7.9844,-12.2656,-6.2969
-10.4688,-7.9766,-12.1953,-6.2891
-10.4219,-7.9922,-12.2266,-6.3125
-10.4297,-8.0391,-12.2422,-6.3438
-10.3203,-7.9609,-12.1641,-6.3125
-10.3359,-7.9609,-12.1328,-6.25
-10.375,-7.9766,-12.0781,-6.2734
-10.2734,-7.9688,-12.0703,-6.1875
-10.25,-7.8516,-12.1406,-6.1953
-10.2734,-7.8828,-12.1406,-6.1484
-10.2031,-7.8203,-12.125,-6.2031
-10.25,-7.8438,-12.0156,-6.1562
-10.2734,-7.875,-12.0156,-6.1875
-10.2031,-7.8359,-11.9453,-6.0938
-10.2188,-7.7344,-12.0391,-6.125
-10.1562,-7.75,-11.9453,-6.0547
-10.0859,-7.7031,-11.9297,-6.0234
-10.0781,-7.7891,-11.9688,-6.0391
-10.1641,-7.6953,-11.9453,-5.9844
-10.1406,-7.7344,-11.9062,-5.9766
-10.0547,-7.6484,-11.8516,-6.0156
-10.0469,-7.7031,-11.8359,-5.9062
-10.0078,-7.6641,-11.8047,-6.0
-10.0078,-7.5781,-11.8516,-5.9766
-10.0234,-7.5625,-11.7891,-5.8594
-10.0,-7.5781,-11.7891,-5.9375
-9.9922,-7.6094,-11.7656,-5.8516
-9.8906,-7.4844,-11.7969,-5.875
-9.8984,-7.5469,-11.7734,-5.8359
-9.9141,-7.4844,-11.6875,-5.8438
-9.9453,-7.5391,-11.6562,-5.7891
-9.8359,-7.5,-11.6953,-5.7891
-9.9062,-7.5078,-11.6953,-5.7266
-9.8438,-7.4766,-11.6641,-5.7812
-9.7891,-7.4688,-11.6094,-5.7422
-9.8125,-7.4531,-11.6406,-5.7109
-9.7422,-7.3125,-11.5547,-5.6328
-9.6953,-7.3906,-11.5859,-5.5938
-9.6719,-7.2734,-11.5469,-5.6875
-9.7344,-7.3047,-11.4531,-5.6172
-9.6562,-7.3594,-11.4375,-5.5469
-9.7266,-7.25,-11.5156,-5.5469
-9.6562,-7.2422,-11.4688,-5.5703
-9.6562,-7.2422,-11.4375,-5.5234
-9.6328,-7.2422,-11.3828,-5.5078
-9.6406,-7.1406,-11.375,-5.4688
-9.5859,-7.1406,-11.4297,-5.4453
-9.5,-7.2109,-11.4219,-5.4531
-9.4844,-7.0938,-11.3828,-5.4219
-9.4766,-7.1562,-11.3828,-5.4219
-9.4453,-7.125,-11.3047,-5.4453
-9.4375,-7.0469,-11.3203,-5.375
-9.5,-7.0156,-11.2656,-5.3047
-9.3984,-7.0859,-11.2344,-5.3516
-9.4375,-7.0781,-11.2188,-5.3281
-9.3594,-7.0,-11.2031,-5.3125
-9.3438,-6.9609,-11.1484,-5.25
-9.3828,-7.0078,-11.2188,-5.3203
-9.3984,-6.9453,-11.1484,-5.2812
-9.3828,-6.9844,-11.0938,-5.2109
-9.2891,-6.875,-11.125,-5.1719
-9.2969,-6.9297,-11.0625,-5.1562
-9.2656,-6.8828,-11.0547,-5.1641
-9.2109,-6.8984,-11.0781,-5.1328
-9.2188,-6.8828,-10.9844,-5.1016
-9.1719,-6.8438,-11.0234,-5.0859
-9.2344,-6.7734,-10.9844,-5.0469
-9.1797,-6.75,-10.9844,-5.0391
-9.1562,-6.7109,-11.0078,-5.0234
-9.0781,-6.7188,-10.9766,-4.9766
-9.0547,-6.6719,-10.875,-5.0312
-9.0781,-6.6484,-10.8906,-4.9453
-9.0859,-6.6172,-10.8203,-4.9766
-9.1016,-6.6797,-10.7969,-4.9766
-9.0,-6.5781,-10.8672,-4.9766
-9.0781,-6.5781,-10.8438,-4.9297
-9.0078,-6.5469,-10.7891,-4.8438
-9.0078,-6.5547,-10.7188,-4.8828
-8.9609,-6.5781,-10.7812,-4.8125
-8.9219,-6.5078,-10.8047,-4.8984
-8.9219,-6.4844,-10.7812,-4.7734
-8.9609,-6.5312,-10.7031,-4.8594
-8.8906,-6.4609,-10.6953,-4.7344
-8.8516,-6.4297,-10.6953,-4.8125
-8.8203,-6.4062,-10.6953,-4.7812
-8.8516,-6.4609,-10.6094,-4.6797
-8.8047,-6.3516,-10.6328,-4.75
-8.8359,-6.3828,-10.6328,-4.625
-8.7344,-6.3906,-10.5156,-4.6953
-8.7344,-6.3203,-10.4844,-4.625
-8.7656,-6.3672,-10.5547,-4.5625
-8.6719,-6.3516,-10.5547,-4.625
-8.6328,-6.3203,-10.4453,-4.6328
-8.6719,-6.3047,-10.4062,-4.5234
-8.6641,-6.2422,-10.4453,-4.5156
-8.6875,-6.2109,-10.375,-4.4766
-8.6016,-6.1953,-10.3906,-4.4766
-8.5469,-6.1562,-10.4453,-4.4844
-8.5078,-6.1328,-10.3125,-4.5234
-8.4844,-6.1953,-10.2969,-4.4141
-8.5547,-6.1875,-10.2656,-4.4531
-8.5234,-6.0938,-10.2578,-4.375
-8.5234,-6.0938,-10.2969,-4.4062
-8.5156,-6.1172,-10.2266,-4.375
-8.4922,-5.9844,-10.2812,-4.3438
-8.4531,-6.0078,-10.2422,-4.2734
-8.4219,-5.9609,-10.2422,-4.3047
-8.375,-5.9609,-10.1562,-4.2656
-8.3359,-5.9609,-10.1953,-4.2734
-8.3203,-5.9609,-10.1641,-4.1953
-8.2656,-5.9453,-10.1328,-4.2734
-8.2969,-5.9531,-10.0469,-4.2031
-8.2656,-5.8359,-10.0938,-4.1406
-8.3047,-5.8516,-10.1016,-4.2031
-8.2812,-5.8516,-10.0859,-4.1953
-8.2812,-5.7891,-9.9688,-4.0859
-8.2344,-5.8594,-9.9688,-4.1094
-8.1484,-5.8438,-9.9688,-4.0391
-8.1641,-5.7109,-9.9141,-4.0391
-8.1797,-5.7109,-9.8984,-3.9844
-8.1484,-5.7734,-9.9531,-4.0234
-8.1406,-5.7422,-9.8984,-3.9844
-8.0781,-5.7188,-9.8516,-4.0078
-8.0938,-5.6875,-9.8281,-3.9062
-8.0469,-5.6328,-9.8984,-3.9375
-7.9922,-5.6484,-9.8125,-3.9062
-8.0156,-5.5859,-9.7578,-3.9453
-7.9922,-5.6094,-9.7969,-3.9062
-7.9375,-5.5859,-9.8047,-3.8594
-7.9141,-5.5703,-9.75,-3.8984
-7.875,-5.4609,-9.7734,-3.7969
-7.8594,-5.5469,-9.6328,-3.7734
-7.9375,-5.5078,-9.6328,-3.8281
-7.8672,-5.4688,-9.6953,-3.6953
-7.7734,-5.375,-9.5859,-3.7422
-7.7734,-5.4531,-9.6172,-3.7422
-7.7656,-5.3438,-9.625,-3.6641
-7.75,-5.3672,-9.5234,-3.7109
-7.8125,-5.3125,-9.5859,-3.6797
-7.6719,-5.3438,-9.5625,-3.6797
-7.6719,-5.25,-9.4688,-3.5781
-7.6875,-5.25,-9.5391,-3.5781
-7.7188,-5.2891,-9.4375,-3.5312
-7.6328,-5.2422,-9.4766,-3.5391
-7.6797,-5.2656,-9.4609,-3.5469
-7.6094,-5.2578,-9.3906,-3.5156
-7.5391,-5.1406,-9.3906,-3.4297
-7.5547,-5.1797,-9.3984,-3.4844
-7.5625,-5.1797,-9.3125,-3.4141
-7.5547,-5.0625,-9.3359,-3.4453
-7.4609,-5.0469,-9.3438,-3.3438
-7.4219,-5.1172,-9.2344,-3.3203
-7.4141,-5.0703,-9.2266,-3.375
-7.4531,-5.0703,-9.2344,-3.4062
-7.4609,-5.0547,-9.2812,-3.3516
-7.3594,-4.9922,-9.1797,-3.3516
-7.3516,-5.0,-9.2422,-3.2422
-7.3906,-4.9062,-9.1953,-3.2812
-7.2812,-4.9453,-9.1094,-3.1797
-7.375,-4.9688,-9.1172,-3.1641
-7.3047,-4.8984,-9.0547,-3.25
-7.2266,-4.9141,-9.0469,-3.1172
-7.2031,-4.8516,-9.0312,-3.1875
-7.2969,-4.875,-9.0547,-3.1719
-7.1797,-4.8438,-8.9609,-3.1094
-7.2109,-4.8438,-9.0391,-3.0781
-7.2188,-4.7109,-8.9219,-3.0391
-7.1328,-4.75,-8.9375,-3.0078
-7.1172,-4.7578,-8.9375,-3.0156
-7.125,-4.6484,-8.9688,-2.9688
-7.0703,-4.7344,-8.8984,-2.9453
-7.0234,-4.6094,-8.8594,-2.9688
-7.0625,-4.6016,-8.8672,-2.9141
-7.0,-4.5703,-8.875,-2.9609
-7.0312,-4.6016,-8.8438,-2.9062
-7.0234,-4.5391,-8.7891,-2.8984
-6.9531,-4.5391,-8.7578,-2.8281
-6.8906,-4.5078,-8.6953,-2.8984
-6.8594,-4.5078,-8.6797,-2.7891
-6.8984,-4.5234,-8.7578,-2.8594
-6.8281,-4.4766,-8.625,-2.7969
-6.8516,-4.4453,-8.6719,-2.8047
-6.8203,-4.3906,-8.5703,-2.7031
-6.7656,-4.375,-8.5625,-2.6953
-6.8203,-4.4531,-8.5938,-2.7109
-6.7969,-4.3828,-8.5859,-2.6875
-6.6953,-4.2891,-8.5703,-2.6094
-6.7656,-4.3594,-8.5469,-2.6484
-6.6875,-4.2578,-8.5469,-2.5547
-6.7031,-4.2812,-8.4453,-2.6016
-6.6406,-4.2031,-8.4766,-2.5625
-6.6328,-4.25,-8.5,-2.6016
-6.6094,-4.2422,-8.4375,-2.5469
-6.6484,-4.25,-8.3828,-2.5078
-6.6172,-4.1719,-8.3594,-2.5156
-6.5938,-4.1875,-8.3984,-2.4531
-6.5469,-4.125,-8.3672,-2.4766
-6.4922,-4.0703,-8.3438,-2.3828
-6.4844,-4.0547,-8.2344,-2.3516
-6.4531,-4.0391,-8.3125,-2.4141
-6.4531,-4.0312,-8.3125,-2.4062
-6.4219,-4.0078,-8.2422,-2.2969
-6.3984,-3.9531,-8.2188,-2.3281
-6.4453,-3.9766,-8.2266,-2.2422
-6.3828,-3.9609,-8.2266,-2.2656
-6.375,-3.9844,-8.125,-2.2188
-6.2578,-3.9375,-8.1328,-2.2734
-6.3594,-3.9531,-8.0625,-2.2422
-6.25,-3.9375,-8.125,-2.1875
-6.2891,-3.8125,-8.0781,-2.1484
-6.1719,-3.8828,-8.0938,-2.1016
-6.2422,-3.7969,-7.9531,-2.1094
-6.2031,-3.8203,-8.0547,-2.125
-6.1562,-3.8203,-7.9375,-2.0625
-6.0859,-3.7812,-8.0078,-2.0391
-6.0703,-3.6875,-7.9531,-1.9844
-6.0469,-3.7188,-7.9453,-2.0156
-6.0938,-3.6406,-7.8438,-2.0469
-6.0,-3.6797,-7.8516,-1.9688
-6.0078,-3.6172,-7.8594,-1.9375
-6.0312,-3.6719,-7.8281,-1.9062
-6.0391,-3.6094,-7.8594,-1.8984
-6.0156,-3.5469,-7.7422,-1.8359
-5.9531,-3.4922,-7.75,-1.8828
-5.8828,-3.5234,-7.7812,-1.8516
-5.9062,-3.4922,-7.7031,-1.7812
-5.9453,-3.4453,-7.625,-1.7578
-5.8438,-3.4141,-7.6562,-1.7188
-5.8438,-3.5078,-7.6016,-1.6875
-5.7656,-3.3594,-7.625,-1.7344
-5.7734,-3.4219,-7.625,-1.7578
-5.7656,-3.3359,-7.6094,-1.7109
-5.7578,-3.3594,-7.6172,-1.7109
-5.7578,-3.2969,-7.5938,-1.6953
-5.75,-3.2969,-7.4844,-1.6562
-5.6641,-3.2422,-7.4297,-1.6328
-5.6094,-3.3125,-7.5,-1.6328
-5.6953,-3.2344,-7.4219,-1.5
-5.6797,-3.2344,-7.4141,-1.5
-5.5625,-3.1875,-7.4219,-1.5547
-5.6016,-3.1406,-7.4062,-1.4297
-5.5703,-3.1094,-7.3281,-1.4219
-5.5625,-3.1172,-7.3594,-1.4922
-5.4531,-3.1797,-7.3203,-1.4766
-5.5156,-3.0469,-7.2422,-1.3359
-5.4219,-3.0625,-7.3125,-1.4219
-5.5078,-3.0234,-7.2891,-1.3672
-5.4375,-3.0625,-7.2891,-1.2969
-5.375,-2.9688,-7.2656,-1.25
-5.3984,-3.0469,-7.2344,-1.2266
-5.375,-3.0234,-7.2266,-1.2344
-5.3203,-2.9922,-7.1641,-1.2422
-5.3359,-2.9453,-7.1172,-1.1953
-5.2734,-2.9141,-7.0469,-1.1875
-5.2344,-2.9219,-7.1328,-1.1953
-5.2031,-2.8125,-7.0156,-1.1953
-5.1719,-2.7812,-7.0078,-1.0938
-5.1562,-2.8281,-6.9844,-1.0703
-5.1797,-2.8281,-6.9844,-1.0469
-5.1406,-2.7109,-7.0234,-1.125
-5.1406,-2.7734,-7.0,-1.0
-5.1406,-2.7812,-6.9688,-1.0391
-5.0703,-2.6406,-6.9375,-0.9375
-5.0781,-2.7344,-6.8125,-1.0391
-4.9922,-2.6797,-6.8906,-0.9297
-5.0547,-2.6484,-6.8672,-0.8984
-4.9453,-2.6172,-6.75,-0.9375
-4.9375,-2.5469,-6.7578,-0.8359
-4.9609,-2.6172,-6.7656,-0.8672
-4.9219,-2.5,-6.7344,-0.8516
-4.9219,-2.5781,-6.6562,-0.8594
-4.8594,-2.4609,-6.6797,-0.75
-4.875,-2.4922,-6.6562,-0.8125
-4.8047,-2.4453,-6.6797,-0.7891
-4.7891,-2.4922,-6.5938,-0.6719
-4.8516,-2.4297,-6.6172,-0.6562
-4.7734,-2.3281,-6.5547,-0.6484
-4.8047,-2.3828,-6.5469,-0.6953
-4.7812,-2.3906,-6.5938,-0.6016
-4.7109,-2.2891,-6.5156,-0.6406
-4.7578,-2.25,-6.4453,-0.6328
-4.6719,-2.3203,-6.4844,-0.6328
-4.6484,-2.2031,-6.3984,-0.6094
-4.6562,-2.2422,-6.3828,-0.5312
-4.5859,-2.1875,-6.4297,-0.5156
-4.625,-2.1719,-6.3516,-0.4609
-4.5547,-2.1094,-6.4219,-0.4141
-4.5469,-2.1484,-6.3359,-0.4219
-4.5391,-2.1484,-6.3359,-0.3594
-4.5078,-2.0312,-6.2656,-0.4453
-4.4297,-2.0703,-6.2656,-0.3359
-4.5,-2.0703,-6.2969,-0.2891
-4.4375,-2.0859,-6.2188,-0.3906
-4.3672,-1.9922,-6.2344,-0.3125
-4.375,-1.9844,-6.1562,-0.3438
-4.3281,-2.0078,-6.1484,-0.2969
-4.3281,-1.9141,-6.1484,-0.2266
-4.3281,-1.9219,-6.125,-0.2734
-4.3125,-1.8359,-6.1328,-0.1484
-4.2266,-1.8516,-6.0312,-0.2031
-4.2188,-1.8359,-6.0156,-0.1641
-4.2812,-1.8828,-5.9844,-0.0938
-4.1719,-1.8125,-5.9609,-0.1484
-4.1797,-1.7578,-5.9531,-0.0156
-4.1328,-1.8203,-5.9844,-0.0391
-4.125,-1.7578,-5.9453,-0.0469
-4.0625,-1.6641,-5.9141,-0.0703
-4.1484,-1.7266,-5.875,0.0625
-4.1172,-1.6172,-5.8672,0.0
-4.0859,-1.6562,-5.8906,0.0234
-4.0391,-1.6641,-5.8438,0.0703
-4.0156,-1.5781,-5.8594,0.1094
-3.9922,-1.5859,-5.7422,0.0625
-3.9141,-1.5859,-5.8047,0.1094
-3.8828,-1.5234,-5.7578,0.2109
-3.9688,-1.4688,-5.7344,0.25
-3.9453,-1.4844,-5.6719,0.2422
-3.875,-1.4844,-5.6484,0.2578
-3.8125,-1.4219,-5.5859,0.2188
-3.7734,-1.4531,-5.6797,0.2266
-3.8047,-1.3672,-5.5938,0.3672
-3.7109,-1.3984,-5.6172,0.3828
-3.7578,-1.2969,-5.5547,0.3516
-3.7734,-1.3125,-5.5859,0.3281
-3.6719,-1.3594,-5.4922,0.4062
-3.6562,-1.2891,-5.4219,0.4531
-3.625,-1.2656,-5.3984,0.5
-3.6641,-1.2109,-5.3828,0.5234
-3.5781,-1.1797,-5.4297,0.5391
-3.625,-1.1484,-5.3359,0.5625
-3.5938,-1.1328,-5.4141,0.4766
-3.5547,-1.1953,-5.3594,0.5
-3.5625,-1.1328,-5.3281,0.5469
-3.5156,-1.0859,-5.2578,0.6172
-3.5234,-1.0312,-5.2969,0.6094
-3.4922,-1.0703,-5.2031,0.6953
-3.4766,-1.0703,-5.2266,0.6719
-3.3438,-1.0469,-5.1875,0.7031
-3.4453,-0.9297,-5.1719,0.6875
-3.3203,-0.9219,-5.2188,0.7891
-3.3281,-0.9688,-5.0938,0.7031
-3.3438,-0.9609,-5.1641,0.8047
-3.3281,-0.9297,-5.0938,0.8672
-3.2188,-0.8359,-5.0469,0.8203
-3.1953,-0.9062,-5.0938,0.8984
-3.1641,-0.8594,-5.0547,0.8516
-3.1719,-0.7344,-4.9453,0.875
-3.2031,-0.7188,-4.9453,0.9609
-3.2031,-0.7734,-4.8984,1.0
-3.1016,-0.7891,-4.9922,0.9375
-3.0859,-0.7188,-4.9062,0.9453
-3.0625,-0.7109,-4.8594,1.0469
-3.0,-0.6484,-4.8984,1.0
-3.0156,-0.5859,-4.8281,1.0703
-3.0625,-0.6406,-4.8203,1.125
-3.0,-0.5938,-4.8281,1.1562
-2.9062,-0.5469,-4.8203,1.0703
-2.9844,-0.4922,-4.7266,1.2188
-2.9688,-0.5547,-4.7344,1.2422
-2.9609,-0.5078,-4.6562,1.2109
-2.8125,-0.4688,-4.625,1.2578
-2.8594,-0.4297,-4.6406,1.2109
-2.8125,-0.4062,-4.6719,1.2578
-2.7656,-0.4688,-4.6484,1.2656
-2.8047,-0.4062,-4.5547,1.2969
-2.7422,-0.3516,-4.6094,1.2891
-2.7344,-0.375,-4.5547,1.3672
-2.7109,-0.3516,-4.4844,1.3906
-2.6484,-0.3125,-4.4609,1.4219
-2.7266,-0.2578,-4.4297,1.4297
-2.6719,-0.2734,-4.4922,1.4297
-2.6797,-0.2188,-4.4688,1.4375
-2.5547,-0.2344,-4.4531,1.5156
-2.5938,-0.1406,-4.4062,1.5391
-2.5312,-0.2109,-4.3438,1.6016
-2.5547,-0.0859,-4.2734,1.6094
-2.5625,-0.1172,-4.3125,1.6328
-2.5234,-0.1406,-4.2969,1.5859
-2.5,-0.0156,-4.2344,1.6328
-2.4531,-0.0156,-4.1719,1.6094
-2.3828,-0.0547,-4.1875,1.6953
-2.3359,0.0,-4.25,1.7734
-2.3516,0.0391,-4.1953,1.7266
-2.2812,0.0,-4.1484,1.75
-2.3203,0.1328,-4.0938,1.7734
-2.3516,0.0625,-4.1172,1.8594
-2.2188,0.1094,-4.0781,1.8359
-2.2109,0.1562,-4.0938,1.8203
-2.1641,0.2266,-4.0156,1.9062
-2.1484,0.25,-3.9922,1.8516
-2.1641,0.1641,-3.9688,1.9297
-2.1641,0.1875,-3.9453,1.9922
-2.0703,0.2188,-3.9609,1.9688
-2.1094,0.25,-3.8906,2.0547
-2.125,0.2656,-3.8828,2.0781
-2.1094,0.3359,-3.8594,2.0703
-2.0781,0.4219,-3.875,2.0703
-2.0,0.375,-3.8359,2.1172
-2.0,0.4375,-3.7422,2.1484
-2.0078,0.4844,-3.7266,2.1328
-1.9453,0.4062,-3.7656,2.1484
-1.9219,0.4297,-3.7812,2.1328
-1.8359,0.5,-3.75,2.1797
-1.8594,0.5703,-3.7109,2.1875
-1.9062,0.4922,-3.6016,2.2031
-1.875,0.5469,-3.6172,2.2734
-1.8125,0.6094,-3.6562,2.25
-1.7578,0.5703,-3.6328,2.2578
-1.7578,0.6719,-3.5234,2.3125
-1.7891,0.6094,-3.5938,2.3984
-1.7109,0.7344,-3.4922,2.3984
-1.6875,0.7422,-3.4766,2.4688
-1.6016,0.6875,-3.4141,2.4609
-1.6719,0.8203,-3.375,2.4219
-1.6328,0.7344,-3.4062,2.4453
-1.6406,0.75,-3.3594,2.5
-1.5547,0.8203,-3.3359,2.4844
-1.4844,0.8125,-3.3203,2.5625
-1.5,0.8828,-3.3594,2.6406
-1.5156,0.8516,-3.3438,2.5547
-1.4453,0.9766,-3.3125,2.6094
-1.4297,1.0,-3.1875,2.6719
-1.4688,1.0078,-3.2656,2.7266
-1.3906,1.0547,-3.1953,2.6797
-1.3594,0.9922,-3.1953,2.6797
-1.3984,1.1016,-3.1719,2.7734
-1.2812,1.0781,-3.1406,2.7266
-1.3047,1.1094,-3.1172,2.7344
-1.2266,1.125,-3.1328,2.8672
-1.2891,1.1328,-3.0938,2.8359
-1.2031,1.1562,-3.0938,2.8516
-1.1953,1.1484,-2.9531,2.875
-1.2109,1.2578,-2.9375,2.8828
-1.1562,1.2969,-3.0078,2.875
-1.1797,1.2969,-2.9609,2.9844
-1.1797,1.3281,-2.875,3.0078
-1.1484,1.2891,-2.9375,3.0625
-1.1328,1.3125,-2.9219,3.0859
-1.0078,1.2891,-2.8359,3.0312
-0.9609,1.3125,-2.8203,3.125
-0.9766,1.3984,-2.7891,3.0469
-1.0,1.4453,-2.7891,3.1406
-0.9844,1.4141,-2.7812,3.0938
-0.8984,1.4688,-2.7656,3.1641
-0.875,1.5469,-2.7031,3.1484
-0.8906,1.5703,-2.7344,3.1562
-0.9062,1.6016,-2.6953,3.1797
-0.7969,1.5547,-2.6406,3.3047
-0.7578,1.6484,-2.5703,3.2812
-0.7266,1.6016,-2.5938,3.2734
-0.8203,1.6094,-2.625,3.2969
-0.7266,1.6406,-2.5391,3.3984
-0.6953,1.6953,-2.5547,3.4141
-0.6328,1.6875,-2.5312,3.4609
-0.6641,1.75,-2.4844,3.4688
-0.6797,1.7344,-2.3906,3.4688
-0.5859,1.8281,-2.4375,3.4297
-0.5469,1.7656,-2.3438,3.5469
-0.6328,1.8047,-2.3984,3.4688
-0.5078,1.8984,-2.3359,3.5625
-0.5078,1.9062,-2.3438,3.6172
-0.4844,1.9531,-2.3594,3.6484
-0.4375,1.9219,-2.2344,3.5703
-0.4531,1.8984,-2.2969,3.6172
-0.4297,2.0078,-2.2891,3.7109
-0.4688,2.0078,-2.1641,3.6484
-0.3516,2.0156,-2.2422,3.7812
-0.3672,1.9922,-2.1484,3.7344
-0.3672,2.1094,-2.1719,3.7578
-0.3359,2.0469,-2.1484,3.7969
-0.2891,2.125,-2.1094,3.8359
-0.3203,2.1797,-2.0781,3.8672
-0.2812,2.1016,-2.0078,3.8594
-0.1719,2.1641,-1.9922,3.9453
-0.2266,2.2578,-2.0469,3.9688
-0.1953,2.2734,-2.0234,3.875
-0.1016,2.2109,-1.9219,4.0
-0.0859,2.3047,-1.9688,3.9688
-0.1016,2.3438,-1.9531,4.0469
-0.0391,2.3828,-1.8984,3.9922
-0.0234,2.3828,-1.8672,4.0469
-0.0391,2.3672,-1.8438,4.1094
-0.0312,2.3906,-1.75,4.0391
0.0469,2.4141,-1.7422,4.0625
0.0781,2.4062,-1.7578,4.0859
0.0859,2.4531,-1.6797,4.125
0.1094,2.5,-1.6406,4.1562
0.0781,2.5547,-1.6797,4.1875
0.0938,2.5156,-1.6953,4.2344
0.2266,2.5703,-1.5781,4.2656
0.2344,2.6328,-1.625,4.2812
0.2188,2.6797,-1.6328,4.3203
0.2422,2.6328,-1.5078,4.3516
0.3125,2.625,-1.4844,4.3984
0.3203,2.6875,-1.5625,4.4375
0.3203,2.6953,-1.5234,4.4297
0.3359,2.7891,-1.4453,4.3984
0.3906,2.7109,-1.4922,4.5234
0.3359,2.8125,-1.375,4.4688
0.4609,2.8672,-1.3594,4.5625
0.4609,2.7812,-1.3906,4.5703
0.4453,2.8203,-1.3516,4.6172
0.5391,2.9219,-1.3516,4.5781
0.5469,2.9531,-1.2656,4.6328
0.4688,2.9609,-1.2734,4.6094
0.5,2.9922,-1.1953,4.6094
0.5391,3.0078,-1.25,4.625
0.6094,2.9922,-1.1484,4.6875
0.5859,2.9922,-1.1875,4.7578
0.6172,3.1016,-1.0938,4.7422
0.6641,3.0312,-1.1562,4.7812
0.6875,3.1094,-1.0938,4.7578
0.7734,3.1641,-1.0547,4.7578
0.7031,3.1641,-1.1172,4.8359
0.75,3.1562,-1.0938,4.8594
0.8516,3.1562,-0.9844,4.875
0.8281,3.1953,-0.9844,4.8594
0.8359,3.2891,-0.9375,4.9531
0.8047,3.2578,-0.8906,4.9375
0.9141,3.3125,-0.9531,5.0234
0.9453,3.3438,-0.9219,5.0625
0.9609,3.3359,-0.8281,5.0703
0.9688,3.3359,-0.8281,5.0391
0.9297,3.3906,-0.7812,5.1172
1.0,3.4141,-0.75,5.1719
1.0234,3.3984,-0.8281,5.1484
1.0,3.4766,-0.8047,5.1562
1.0547,3.4844,-0.6953,5.1641
1.1094,3.4766,-0.6953,5.1484
1.1641,3.5625,-0.6953,5.2109
1.1172,3.6172,-0.6719,5.2656
1.1719,3.5312,-0.6328,5.3438
1.1641,3.6328,-0.6328,5.2656
1.25,3.6562,-0.6328,5.3281
1.25,3.7031,-0.5547,5.3438
1.2344,3.7266,-0.5234,5.3984
1.3594,3.7031,-0.4531,5.3438
1.375,3.7344,-0.4922,5.4062
1.2891,3.6875,-0.3984,5.4219
1.375,3.7734,-0.4453,5.4531
1.3672,3.8281,-0.4141,5.4766
1.4141,3.8594,-0.3906,5.5078
1.4062,3.7891,-0.3906,5.5469
1.4062,3.9219,-0.3516,5.5625
1.4766,3.8438,-0.3672,5.5938
1.4688,3.9688,-0.2891,5.625
1.5391,3.9219,-0.2188,5.6406
1.5234,3.9141,-0.1953,5.6953
1.6016,4.0547,-0.1953,5.7109
1.6562,3.9688,-0.2422,5.7031
1.5859,4.1016,-0.1172,5.7812
1.7109,4.0703,-0.0859,5.8125
1.7344,4.0859,-0.0703,5.7656
1.6797,4.1406,-0.0781,5.875
1.7031,4.1562,0.0,5.8594
1.7031,4.1719,-0.0312,5.8203
1.7266,4.2109,0.0156,5.8672
1.8125,4.1797,0.0,5.8594
1.8906,4.2734,0.0859,5.9062
1.8438,4.2266,0.0078,6.0078
1.8281,4.3281,0.125,5.9922
1.875,4.2969,0.0625,6.0547
1.9531,4.3281,0.1016,5.9688
1.9609,4.3281,0.1328,6.1172
2.0156,4.3281,0.2266,6.0625
2.0156,4.3594,0.2344,6.1641
2.0078,4.4609,0.2266,6.1484
2.1016,4.4531,0.3125,6.1719
2.0938,4.4766,0.2578,6.1875
2.1328,4.4766,0.3516,6.1406
2.0859,4.4766,0.3125,6.2109
2.1484,4.5078,0.3359,6.2422
2.1719,4.625,0.4297,6.3047
2.1484,4.6406,0.3594,6.2734
2.1641,4.6719,0.3594,6.2812
2.1875,4.5938,0.4219,6.3672
2.2969,4.6484,0.4297,6.3672
2.2969,4.6406,0.5469,6.3906
2.2578,4.6719,0.5078,6.4766
2.3125,4.7734,0.5938,6.4453
2.3047,4.8281,0.6094,6.5156
2.3594,4.7812,0.5391,6.4922
2.4688,4.8594,0.6484,6.5078
2.4609,4.7812,0.6797,6.5234
2.4844,4.9062,0.6562,6.5859
2.4375,4.8672,0.625,6.5703
2.5547,4.9609,0.7422,6.6094
2.5234,4.9688,0.7734,6.5938
2.6016,4.9688,0.75,6.6016
2.5859,4.9688,0.7344,6.7031
2.5469,5.0469,0.7578,6.6797
2.6641,4.9922,0.8672,6.6875
2.6094,5.1094,0.8516,6.8203
2.6406,5.0312,0.9141,6.7344
2.6797,5.1562,0.8906,6.7578
2.7734,5.1641,0.9531,6.875
2.7422,5.1094,0.9688,6.8281
2.8281,5.1484,0.9297,6.8984
2.8672,5.1562,0.9766,6.8438
2.8281,5.1953,0.9766,6.9688
2.9141,5.2969,1.0234,6.9453
2.8984,5.3359,1.1094,6.9375
2.8984,5.2422,1.0781,7.0312
2.9766,5.375,1.0938,7.0859
2.9531,5.3984,1.2109,7.0625
2.9531,5.3359,1.1172,7.1172
2.9453,5.4375,1.25,7.0469
2.9922,5.4766,1.1641,7.1797
3.0859,5.4375,1.2656,7.1797
3.1094,5.4297,1.2734,7.1719
3.0625,5.5469,1.2969,7.2344
3.1094,5.4609,1.3203,7.2422
3.1484,5.6016,1.375,7.2031
3.1328,5.5078,1.3516,7.2891
3.2422,5.5703,1.3906,7.2734
3.25,5.6172,1.3984,7.3672
3.3047,5.6406,1.3906,7.3906
3.2891,5.6797,1.4453,7.3281
3.2891,5.7109,1.4844,7.3672
3.3281,5.6641,1.5625,7.375
3.3984,5.7188,1.5,7.3984
3.375,5.7734,1.5703,7.5234
3.3906,5.7812,1.5547,7.5156
3.4609,5.7812,1.5859,7.5703
3.4297,5.8281,1.5859,7.5078
3.3984,5.9141,1.6641,7.5234
3.5469,5.9219,1.7344,7.5469
3.5234,5.9531,1.6875,7.5781
3.5781,5.9531,1.7969,7.6875
3.5,6.0078,1.7109,7.6484
3.5859,5.9531,1.75,7.7266
3.6406,5.9453,1.7891,7.6562
3.6406,6.0,1.7891,7.75
3.6172,6.0625,1.8281,7.7031
3.6641,6.0469,1.8281,7.7734
3.6875,6.0547,1.8672,7.8125
3.6875,6.1797,1.9219,7.8125
3.8047,6.1719,1.9766,7.9062
3.7578,6.2188,1.9141,7.8281
3.7656,6.1719,1.9609,7.8906
3.8438,6.1953,1.9844,7.9531
3.8672,6.2188,2.0312,7.9609
3.875,6.2969,2.0938,7.9766
3.9297,6.2969,2.1562,8.0312
3.9062,6.2969,2.1562,8.0547
4.0078,6.375,2.1172,8.0156
4.0,6.4141,2.1797,8.0938
3.9688,6.4297,2.1641,8.1094
4.0625,6.4688,2.1719,8.0938
4.0781,6.4453,2.2031,8.1641
4.0781,6.5,2.2422,8.1875
4.1016,6.5312,2.3281,8.1953
4.1562,6.5781,2.2969,8.2578
4.1016,6.5547,2.3516,8.3047
4.1406,6.5078,2.4141,8.2969
4.1797,6.6484,2.4219,8.2734
4.2188,6.5938,2.4766,8.3438
4.2734,6.6016,2.4297,8.3828
4.2031,6.6484,2.5156,8.3672
4.25,6.6406,2.4297,8.3906
4.25,6.75,2.4922,8.4453
4.3281,6.6797,2.5547,8.375
4.3047,6.8203,2.5938,8.4531
4.3438,6.75,2.5547,8.4453
4.3828,6.8594,2.6172,8.4922
4.4141,6.875,2.6641,8.5625
4.4219,6.7969,2.7031,8.5391
4.5234,6.8516,2.7422,8.5234
4.5547,6.9609,2.7109,8.5703
4.5938,6.8828,2.6719,8.5938
4.5859,6.9062,2.7656,8.6406
4.6094,7.0312,2.8125,8.6328
4.625,7.0156,2.8125,8.7266
4.6797,6.9766,2.8203,8.7031
4.6641,7.0547,2.8828,8.7344
4.6172,7.0469,2.9297,8.8203
4.7422,7.0547,2.9297,8.8594
4.7344,7.1406,2.9766,8.8203
4.7812,7.0938,3.0156,8.8828
4.7266,7.1953,2.9453,8.9062
4.7734,7.2578,3.0391,8.9141
4.7734,7.2578,3.0156,8.875
4.8594,7.3125,3.0156,8.9531
4.875,7.2422,3.0625,8.9766
4.9141,7.3594,3.0391,9.0156
4.9297,7.2891,3.1797,9.0234
4.9844,7.3672,3.1172,9.0234
4.9688,7.3281,3.2344,9.0781
4.9453,7.3828,3.1484,9.1484
4.9922,7.3828,3.1719,9.0781
5.0938,7.4766,3.3047,9.125
5.0547,7.4062,3.3047,9.1719
5.0312,7.4844,3.2422,9.2344
5.0703,7.5469,3.3203,9.1953
5.1016,7.4844,3.3828,9.2812
5.1641,7.5156,3.4062,9.2188
5.2188,7.5312,3.4375,9.2578
5.2266,7.5703,3.3906,9.3047
5.2422,7.6719,3.4453,9.2812
5.2109,7.7109,3.4453,9.3516
5.25,7.6484,3.5156,9.4297
5.25,7.7344,3.4531,9.4609
5.3359,7.6953,3.4844,9.375
5.4219,7.7266,3.5391,9.5234
5.3516,7.7344,3.5625,9.4453
5.4609,7.8125,3.6719,9.4922
5.4766,7.8438,3.6094,9.5156
5.4609,7.8359,3.6953,9.5391
5.4297,7.8984,3.7031,9.6094
5.5625,7.875,3.7266,9.6484
5.5703,7.9766,3.7031,9.5703
5.4922,7.9375,3.7344,9.6641
5.5469,7.9297,3.7578,9.6562
5.6562,7.9844,3.8125,9.6562
5.6172,7.9766,3.7656,9.7891
5.6641,7.9922,3.8828,9.7734
5.6562,8.1094,3.8359,9.7734
5.75,8.1484,3.9609,9.8125
5.7734,8.1875,3.8828,9.8047
5.6875,8.1016,3.9688,9.8906
5.8125,8.2031,4.0234,9.9062
5.7891,8.2344,4.0469,9.9609
5.7734,8.25,4.0625,9.9219
5.8359,8.1875,4.0781,9.9141
5.8438,8.3281,4.0234,9.9375
5.9219,8.2422,4.0469,10.0156
5.9062,8.3281,4.1562,10.0781
5.9922,8.3438,4.0938,10.0234
5.9297,8.3594,4.125,10.125
5.9922,8.4219,4.25,10.1328
6.0156,8.375,4.2344,10.0625
6.0391,8.4219,4.2969,10.1328
6.0078,8.4062,4.2422,10.1562
6.0391,8.5,4.3516,10.1406
6.0547,8.4609,4.2891,10.1797
6.1172,8.5078,4.3594,10.1953
6.1484,8.5312,4.3203,10.3125
6.1953,8.6172,4.3281,10.3047
6.25,8.6406,4.4375,10.2969
6.2344,8.6328,4.4062,10.3125
6.1953,8.7109,4.4453,10.3281
6.3125,8.6953,4.5312,10.3594
6.2656,8.7344,4.5703,10.3594
6.3516,8.7891,4.5234,10.4922
6.375,8.7812,4.5859,10.4609
6.3984,8.7578,4.5469,10.4766
6.4453,8.7734,4.5625,10.4453
6.4141,8.7969,4.6484,10.5
6.4531,8.8984,4.6797,10.5703
6.4688,8.875,4.6172,10.5547
6.5,8.8438,4.7188,10.5703
6.5312,8.8672,4.7656,10.6406
6.5,8.9688,4.7422,10.625
6.5625,9.0312,4.7734,10.7344
6.5469,9.0078,4.8438,10.6797
6.6797,9.0703,4.8281,10.6719
6.7031,9.0781,4.8828,10.7734
6.7109,9.1328,4.8594,10.8203
6.6953,9.0625,4.8672,10.7812
6.7578,9.125,4.9375,10.7969
6.7344,9.1953,4.8906,10.875
6.8047,9.1328,5.0234,10.9141
6.7734,9.1719,4.9609,10.8984
6.8047,9.1562,4.9844,10.9062
6.8594,9.2109,5.1016,10.9609
6.8594,9.2109,5.0156,10.9609
6.9062,9.3047,5.0859,10.9766
6.8828,9.3125,5.1016,11.0078
6.9141,9.3672,5.1016,11.0156
6.9922,9.3359,5.1562,11.1016
6.9844,9.3828,5.1328,11.0703
7.0156,9.4141,5.2109,11.1641
7.0625,9.4297,5.2344,11.0938
7.0391,9.5156,5.3047,11.1875
7.1172,9.5,5.2969,11.1562
7.0703,9.5312,5.2812,11.2578
7.1797,9.5469,5.3359,11.1875
7.1641,9.5156,5.3203,11.2031
7.1953,9.5391,5.3438,11.2656
7.25,9.6094,5.3984,11.2969
7.1719,9.6875,5.4062,11.3281
7.1953,9.5859,5.4453,11.3047
7.3047,9.7109,5.4219,11.3516
7.3359,9.6953,5.5547,11.3594
7.3125,9.7344,5.5469,11.4609
7.4062,9.7344,5.6016,11.5078
7.3594,9.7578,5.5469,11.4609
7.3906,9.7812,5.5625,11.4844
7.4062,9.7734,5.6094,11.5391
7.5,9.7812,5.6406,11.5781
7.5156,9.8281,5.6953,11.5781
7.5078,9.9062,5.6406,11.5312
7.4922,9.8594,5.6641,11.5859
7.5469,9.9688,5.75,11.6953
7.5938,9.9375,5.75,11.6719
7.6172,9.9375,5.7891,11.7031
7.5703,10.0625,5.8281,11.7656
7.6953,10.0312,5.8516,11.7109
7.6797,10.0156,5.8438,11.75
7.7109,10.1406,5.9141,11.7344
7.6562,10.1484,5.8516,11.8281
7.75,10.1797,5.9297,11.8281
7.7031,10.1328,6.0,11.8047
7.7344,10.2109,5.9688,11.9375
7.75,10.1641,6.0312,11.9375
7.875,10.2891,5.9766,11.9766
7.8594,10.25,5.9922,11.9219
7.8203,10.25,6.0625,11.9297
7.8906,10.3281,6.1406,11.9375
7.9219,10.3516,6.1641,11.9609
7.9141,10.3281,6.1016,12.1016
8.0078,10.4297,6.1719,12.0469
8.0,10.4453,6.1641,12.1328
7.9766,10.4609,6.2656,12.0938
8.0547,10.4297,6.2344,12.1016
8.0234,10.4844,6.2344,12.1953
8.1172,10.4766,6.3359,12.1484
8.0547,10.4844,6.375,12.2656
8.1875,10.5469,6.3906,12.2188
8.1328,10.5703,6.3438,12.2344
8.2344,10.6016,6.3828,12.2422
8.1875,10.6484,6.3516,12.2578
8.2109,10.6641,6.3828,12.2734
8.2734,10.6094,6.4531,12.3828
8.25,10.7031,6.4375,12.3516
8.2578,10.6719,6.4844,12.3672
8.3359,10.7109,6.4844,12.4766
8.3281,10.7109,6.5625,12.4609
8.3125,10.8125,6.5938,12.5156
8.3906,10.7734,6.5781,12.5234
8.4766,10.8672,6.5938,12.5156
8.5078,10.8594,6.7109,12.5859
8.4375,10.8516,6.7031,12.5625
8.5078,10.9531,6.6875,12.5312
8.5781,10.9453,6.7656,12.5703
8.5,10.8906,6.7891,12.6641
8.5234,10.9141,6.8047,12.6953
8.6094,11.0469,6.7578,12.6484
8.6562,11.0312,6.7812,12.7266
8.6094,10.9844,6.7969,12.7344
8.6641,11.0391,6.8203,12.7344
8.6328,11.1328,6.8828,12.7734
8.6562,11.1719,6.9062,12.7891
8.7031,11.0703,6.875,12.7734
8.8203,11.1172,6.9062,12.875
8.7734,11.1406,7.0078,12.8672
8.8516,11.2344,7.0156,12.9531
8.8594,11.2266,6.9688,12.9609
8.8828,11.3125,7.1016,12.8906
8.8594,11.3047,7.0781,13.0156
8.8672,11.3203,7.1172,13.0
8.9062,11.3594,7.1094,13.0625
8.9531,11.3594,7.1484,13.0469
9.0078,11.3828,7.2109,13.0625
8.9375,11.4062,7.1406,13.125
9.0781,11.3672,7.1562,13.1094
9.0312,11.4688,7.2656,13.1797
9.0859,11.4219,7.2969,13.1328
9.1172,11.4375,7.2812,13.1562
9.0938,11.4609,7.25,13.1953
9.1797,11.5859,7.3359,13.2969
9.1094,11.6016,7.3672,13.2812
9.1328,11.6406,7.3359,13.3438
9.2109,11.6562,7.4141,13.3047
9.2812,11.5781,7.4141,13.3281
9.2578,11.6719,7.4609,13.3438
9.2188,11.6172,7.4766,13.3203
9.3125,11.7656,7.4609,13.4453
9.3828,11.6641,7.5469,13.4141
9.3984,11.7656,7.6094,13.4531
9.4141,11.7266,7.5703,13.4609
9.4375,11.8438,7.5703,13.4844
9.4609,11.8438,7.6406,13.5312
9.4844,11.7812,7.5938,13.4844
9.4375,11.8047,7.6641,13.5469
9.4297,11.9297,7.6719,13.5547
9.4531,11.9219,7.6719,13.5547
9.5078,11.9062,7.7188,13.6094
9.5703,11.9453,7.7422,13.7188
9.5859,11.9453,7.8125,13.7188
9.6484,11.9766,7.7656,13.6719
9.6797,12.0,7.8047,13.7344
9.6641,12.0781,7.9062,13.7344
9.6719,12.1094,7.9219,13.7578
9.7656,12.0938,7.8516,13.7422
9.7891,12.0859,7.8672,13.8594
9.8125,12.1484,7.9766,13.8594
9.8125,12.1328,8.0156,13.8906
9.8203,12.2344,7.9688,13.875
9.8281,12.2734,8.0625,13.8906
9.8125,12.2578,8.0703,13.9375
9.8359,12.2656,8.0547,13.9141
9.8281,12.2578,8.1328,13.9375
9.9766,12.3359,8.1328,13.9922
9.875,12.3984,8.0859,14.0703
9.9219,12.3516,8.2109,14.0938
9.9219,12.3516,8.2422,14.0625
10.0391,12.4297,8.1875,14.0547
9.9688,12.4922,8.2188,14.0781
10.0781,12.4766,8.3125,14.1719
10.0547,12.4453,8.2656,14.1562
10.0547,12.5547,8.25,14.2344
10.1016,12.4766,8.3672,14.2266
10.0859,12.5469,8.3906,14.1875
10.1094,12.6094,8.3125,14.3047
10.1875,12.5625,8.3438,14.2891
10.2266,12.625,8.3672,14.3672
10.1953,12.6484,8.3906,14.3203
10.2344,12.625,8.4531,14.3281
10.2812,12.6719,8.4453,14.3281
10.2656,12.7109,8.5703,14.4453
10.2891,12.7656,8.5078,14.4453
10.4062,12.8203,8.5859,14.4297
10.3203,12.75,8.6016,14.4609
10.4219,12.7656,8.5781,14.5625
10.4609,12.8125,8.6172,14.5703
10.4141,12.8594,8.6094,14.5938
10.4922,12.8516,8.7266,14.5547
10.5,12.8984,8.7578,14.625
10.5312,12.9844,8.7109,14.6719
10.4844,12.9922,8.7734,14.6016
10.5078,12.9453,8.7969,14.7109
10.5391,12.9531,8.7422,14.6797
10.5625,13.0156,8.8281,14.7031
10.6484,13.0859,8.8203,14.7188
10.6328,13.0312,8.8984,14.8203
10.6953,13.0938,8.9062,14.8047
10.7109,13.0547,8.875,14.8438
10.7891,13.1875,8.9219,14.8516
10.7812,13.1172,8.9141,14.8906
10.7734,13.2344,8.9375,14.9297
10.7578,13.2266,8.9766,14.8984
10.8203,13.2656,9.0156,14.8906
10.8672,13.2266,9.0156,14.9844
10.8203,13.2734,9.1172,14.9766
10.9531,13.2891,9.0547,14.9453
10.8594,13.3281,9.1797,14.9688
10.9375,13.3906,9.1562,15.0156
10.9844,13.4219,9.125,15.0
11.0469,13.3984,9.1641,15.0547
11.0703,13.375,9.1719,15.0547
10.9844,13.375,9.1719,15.1406
11.0156,13.4844,9.2812,15.0938
11.0312,13.4844,9.25,15.2266
11.0781,13.5312,9.2969,15.2344
11.1641,13.5,9.2656,15.25
11.0859,13.5469,9.375,15.1953
11.1172,13.6328,9.3984,15.2422
11.1328,13.6406,9.4531,15.3359
11.2656,13.6562,9.4531,15.3594
11.2656,13.6562,9.3906,15.2891
11.2656,13.6328,9.4922,15.3047
11.3281,13.7266,9.5469,15.3438
11.2969,13.7266,9.5078,15.4141
11.3594,13.75,9.4844,15.4531
11.4141,13.7969,9.5469,15.4922
11.3984,13.7578,9.6172,15.5234
11.3594,13.7422,9.5703,15.5469
11.4609,13.7734,9.5859,15.4922
11.4219,13.8516,9.6875,15.5078
11.5,13.8906,9.6094,15.6094
11.4688,13.9531,9.7031,15.6328
11.5078,13.8906,9.6875,15.6406
11.4766,13.9688,9.7891,15.6484
11.5469,13.9688,9.7188,15.6484
11.5625,13.9609,9.7344,15.6719
11.6094,14.0234,9.8047,15.7656
11.6406,14.0078,9.7812,15.7188
11.6719,14.0781,9.8984,15.7422
11.6406,14.0312,9.8438,15.8125
11.7188,14.1094,9.8594,15.8281
11.6875,14.1406,9.8672,15.8203
11.7344,14.1641,10.0,15.8516
11.8125,14.1484,9.9531,15.8125
11.7891,14.1719,9.9375,15.8594
11.8281,14.1797,10.0234,15.9531
11.8828,14.2031,10.0156,15.8828
11.8047,14.2969,10.0234,16.0156
11.9219,14.2578,10.0391,16.0156
11.9531,14.2422,10.1328,15.9531
11.8828,14.375,10.0859,16.0078
11.9297,14.3438,10.1094,16.0156
11.9219,14.4062,10.2266,16.0234
11.9844,14.3594,10.2344,16.0312
12.0781,14.4219,10.2031,16.1641
12.0312,14.3984,10.2344,16.1406
12.0078,14.4922,10.2734,16.2109
12.0938,14.4453,10.2969,16.1719
12.0859,14.4453,10.2422,16.2266
12.1406,14.5625,10.2891,16.1875
12.1797,14.5625,10.3047,16.1875
12.1562,14.6328,10.4062,16.2344
12.1875,14.5391,10.4062,16.3359
12.1797,14.6094,10.3984,16.2656
12.2031,14.6094,10.4844,16.3828
12.2422,14.6875,10.4062,16.3281
12.25,14.6875,10.4688,16.3672
12.3594,14.7422,10.4609,16.4688
12.3594,14.7109,10.5391,16.4844
12.3438,14.8047,10.5469,16.3906
12.4062,14.8281,10.6406,16.4453
12.3359,14.75,10.5859,16.4375
12.3594,14.875,10.625,16.4688
12.4141,14.8359,10.6719,16.5234
12.4141,14.8672,10.6875,16.5703
12.5312,14.8594,10.7188,16.6484
12.4688,14.8594,10.7344,16.6016
12.4844,14.9531,10.7109,16.6406
12.5859,15.0156,10.7344,16.6484
12.6406,14.9766,10.8125,16.7422
12.5547,14.9688,10.7422,16.75
12.5938,15.0156,10.8203,16.7031
12.5938,14.9844,10.8828,16.7734
12.6484,15.0078,10.8672,16.7812
12.6875,15.0781,10.9297,16.7578
12.7656,15.1641,10.9766,16.8047
12.7891,15.1641,10.9453,16.8047
12.75,15.1406,10.9062,16.7969
12.7188,15.1328,11.0,16.8594
12.8516,15.2109,10.9609,16.8516
12.7656,15.2188,11.0156,16.9141
12.8594,15.2344,11.0938,17.0078
12.9297,15.2812,11.1172,16.9609
12.8516,15.2656,11.0391,17.0156
12.9531,15.2812,11.0859,17.0078
12.9531,15.3984,11.1094,17.0703
12.9453,15.3203,11.1562,17.0625
13.0078,15.3203,11.1719,17.0547
12.9844,15.4531,11.2109,17.1406
13.0781,15.4062,11.1641,17.0938
13.0547,15.5078,11.2266,17.1406
13.0703,15.4531,11.3203,17.1094
13.0625,15.4531,11.25,17.2344
13.0938,15.4766,11.3438,17.1953
13.1328,15.5547,11.3047,17.25
13.1172,15.5391,11.3594,17.2812
13.1172,15.5234,11.3594,17.3125
13.1953,15.5391,11.4297,17.3516
13.2266,15.6641,11.4219,17.3828
13.2734,15.6875,11.5,17.3047
13.3281,15.6406,11.4766,17.3281
13.2578,15.6797,11.5312,17.4531
13.3516,15.6562,11.4844,17.4219
13.3438,15.7031,11.4922,17.4141
13.3594,15.8047,11.5938,17.4453
13.3281,15.7188,11.5625,17.4297
13.4453,15.7422,11.6484,17.4453
13.4844,15.8828,11.5859,17.5156
13.5078,15.8125,11.7031,17.5234
13.4141,15.8672,11.6953,17.5156
13.4297,15.8594,11.6406,17.6406
13.4531,15.8594,11.7734,17.5938
13.5859,15.9141,11.7969,17.6562
13.5078,15.9219,11.7031,17.6172
13.5703,15.9688,11.75,17.7344
13.5859,16.0625,11.8203,17.6484
13.6094,15.9922,11.8281,17.7188
13.5859,16.0859,11.7812,17.7969
13.6172,16.0859,11.8672,17.7812
13.6641,16.0938,11.8438,17.7656
13.6875,16.0703,11.9297,17.7969
13.6797,16.1172,11.9219,17.8828
13.7109,16.2031,11.9453,17.8516
13.7578,16.1562,12.0156,17.8828
13.7578,16.2578,12.0391,17.875
13.7812,16.2656,12.0078,17.9062
13.8594,16.25,12.0078,17.9609
13.875,16.2422,12.0234,17.9141
13.9219,16.25,12.1016,17.9297
13.9453,16.3516,12.1016,18.0078
13.8828,16.3672,12.1797,18.0234
13.9375,16.3906,12.1562,18.0391
13.9688,16.4297,12.2266,18.0234
13.9531,16.3438,12.1797,18.125
13.9844,16.3828,12.2109,18.125
14.0547,16.3984,12.2578,18.0859
14.0156,16.4062,12.25,18.125
14.0781,16.4609,12.2891,18.1797
14.1562,16.5625,12.3281,18.1875
14.1406,16.5781,12.2812,18.2109
14.1016,16.4844,12.3594,18.2969
14.1328,16.6172,12.4219,18.2266
14.1797,16.6094,12.3828,18.3359
14.2656,16.6406,12.4375,18.3594
14.1797,16.5703,12.3984,18.3594
14.2422,16.6719,12.5078,18.4141
14.2812,16.7266,12.4609,18.3516
14.2344,16.6719,12.5312,18.4141
14.2656,16.7734,12.4766,18.375
14.2734,16.6797,12.4766,18.4453
14.3203,16.7656,12.6172,18.4375
14.3281,16.7734,12.5312,18.4766
14.375,16.8047,12.6641,18.5078
14.4609,16.8594,12.6797,18.4609
14.4062,16.8125,12.6953,18.5625
14.4766,16.8594,12.6172,18.5938
14.4297,16.875,12.75,18.5859
14.5,16.9453,12.7188,18.6406
14.5391,16.8828,12.7188,18.6641
14.4922,17.0078,12.8125,18.6719
14.5234,16.9609,12.7656,18.6719
14.5547,16.9375,12.7344,18.7109
14.6719,16.9922,12.8281,18.7344
14.6875,17.0859,12.8438,18.7188
14.6719,17.0,12.8359,18.7891
14.7422,17.0703,12.8594,18.7969
14.7344,17.1094,12.8672,18.8516
14.6719,17.1641,12.8594,18.8203
14.7734,17.1016,12.9844,18.8125
14.7422,17.2031,12.9531,18.8984
14.7344,17.2266,12.9766,18.8828
14.8594,17.2578,13.0156,18.8984
14.8672,17.2656,13.0156,18.9766
14.7891,17.2188,13.0859,18.9609
14.8672,17.2734,13.0781,19.0234
14.9141,17.2344,13.0781,18.9922
14.9609,17.2656,13.1562,18.9922
14.9844,17.3438,13.1328,19.0312
15.0156,17.3516,13.1953,18.9922
15.0156,17.4141,13.1641,19.0938
14.9375,17.3906,13.1484,19.125
14.9609,17.4453,13.1719,19.1094
15.0391,17.4219,13.2031,19.1406
15.0703,17.5,13.3125,19.1797
15.1016,17.5,13.25,19.1797
15.0391,17.4609,13.2891,19.2031
15.0938,17.4844,13.3359,19.2734
15.1562,17.5938,13.3359,19.2578
15.1562,17.6172,13.3281,19.3047
15.2266,17.6172,13.4453,19.2266
15.2188,17.6094,13.4141,19.3359
15.1875,17.6016,13.4766,19.3125
15.2812,17.6328,13.4297,19.3984
15.3281,17.6641,13.4219,19.3672
15.2891,17.7188,13.4453,19.3438
15.2812,17.6719,13.4688,19.375
15.3906,17.7031,13.5547,19.375
15.375,17.7734,13.6016,19.4453
15.3359,17.8359,13.5469,19.4922
15.4219,17.7656,13.5859,19.5391
15.4531,17.8672,13.6641,19.5469
15.5,17.8672,13.625,19.5078
15.4688,17.8359,13.6484,19.5312
15.5312,17.8359,13.7266,19.6328
15.4375,17.9531,13.7188,19.6016
15.5312,17.9375,13.7734,19.6641
15.4922,18.0,13.7812,19.6406
15.5781,17.8984,13.7656,19.6797
15.6094,17.9609,13.7656,19.6562
15.5625,18.0312,13.8516,19.7656
15.6875,17.9844,13.8359,19.7266
15.6484,18.0469,13.8516,19.6953
15.6016,18.0547,13.8672,19.8281
15.625,18.0938,13.9297,19.8281
15.75,18.1328,13.875,19.8359
15.6953,18.0859,13.9375,19.8203
15.7578,18.1797,13.9688,19.8594
15.7422,18.1953,13.9453,19.9062
15.7812,18.2422,14.0156,19.8516
15.8359,18.2422,13.9609,19.8984
15.8828,18.2031,14.0625,19.8906
15.8516,18.2812,14.0234,19.8906
15.8203,18.2422,14.0625,20.0
15.9141,18.3281,14.0625,19.9453
15.9531,18.2734,14.1719,19.9844
15.8828,18.375,14.0859,20.0156
15.9531,18.375,14.1953,19.9922
15.9297,18.4219,14.1797,20.1172
15.9844,18.4062,14.1719,20.0312
16.0625,18.4062,14.1719,20.1016
16.0781,18.4453,14.1719,20.1719
16.1016,18.4844,14.2578,20.1719
16.1328,18.4375,14.2656,20.1484
16.0391,18.4688,14.3281,20.2031
16.1641,18.5469,14.2734,20.1797
16.1797,18.5547,14.375,20.2734
16.1172,18.5469,14.3672,20.2188
16.2188,18.6172,14.3203,20.3047
16.2266,18.6406,14.4375,20.3359
16.2812,18.5859,14.375,20.3594
16.2266,18.6641,14.4844,20.3594
16.2188,18.6719,14.4453,20.3516
16.2188,18.6406,14.4219,20.375
16.3594,18.6797,14.5469,20.375
16.3281,18.7109,14.5625,20.3672
16.2891,18.7422,14.5391,20.4297
16.3203,18.7188,14.5781,20.4219
16.4375,18.8359,14.5625,20.5156
16.3594,18.8203,14.6328,20.4531
16.3984,18.8672,14.5625,20.4766
16.4766,18.7969,14.5781,20.6016
16.5234,18.7969,14.6484,20.6094
16.4688,18.9375,14.6484,20.5391
16.4688,18.8516,14.6797,20.6094
16.5,18.9766,14.6562,20.6328
16.5625,18.9922,14.7188,20.6406
16.6172,18.9375,14.7969,20.6094
16.6406,18.9766,14.7266,20.6719
16.6172,19.0312,14.8516,20.7266
16.5625,19.0078,14.8281,20.6797
16.6328,19.0234,14.7969,20.7188
16.6562,19.1094,14.9219,20.7188
16.7109,19.0703,14.9062,20.7266
16.7031,19.1484,14.8359,20.8516
16.6719,19.1719,14.8672,20.7812
16.7891,19.1094,14.8906,20.8516
16.7266,19.125,14.9453,20.8906
16.7188,19.1406,14.9453,20.8672
16.7891,19.2266,15.0391,20.8516
16.7656,19.2422,14.9688,20.9609
16.7969,19.2188,15.0391,20.9844
16.8594,19.2656,15.0312,20.9062
16.8906,19.2891,15.0938,21.0078
16.9297,19.3359,15.0781,20.9375
16.9375,19.2578,15.0859,21.0156
16.9062,19.3906,15.1953,21.0938
16.9297,19.3203,15.1953,21.0
16.9688,19.4297,15.2031,21.0781
16.9766,19.3359,15.2422,21.1328
17.0078,19.4062,15.2578,21.1641
17.0625,19.4375,15.2031,21.0938
16.9922,19.4062,15.2656,21.2109
17.0547,19.4609,15.2812,21.125
17.0547,19.4453,15.3359,21.2031
17.1641,19.5156,15.3047,21.1953
17.1719,19.5156,15.3203,21.2656
17.125,19.5547,15.3438,21.2812
17.1797,19.5938,15.3125,21.3281
17.25,19.5625,15.4219,21.3438
17.1484,19.5547,15.4141,21.2578
17.1719,19.6797,15.4375,21.3672
17.3125,19.6016,15.4922,21.2891
17.2422,19.7266,15.4688,21.3203
17.2578,19.6484,15.5469,21.4219
17.3203,19.7578,15.5469,21.3672
17.2891,19.6875,15.5547,21.3906
17.3359,19.7344,15.5391,21.4141
17.4297,19.7891,15.5625,21.4766
17.3438,19.8438,15.6172,21.5156
17.4531,19.7969,15.5859,21.5469
17.4062,19.7734,15.5625,21.4844
17.4219,19.8516,15.6016,21.5938
17.4062,19.875,15.6953,21.5859
17.4531,19.8516,15.6719,21.5625
17.5234,19.875,15.6875,21.6406
17.5703,19.9609,15.7734,21.6797
17.5234,19.8984,15.7266,21.6328
17.6094,20.0,15.6953,21.6797
17.5469,20.0,15.7969,21.6172
17.5391,20.0391,15.8203,21.6797
17.6641,20.0234,15.7891,21.75
17.5938,19.9766,15.8984,21.7656
17.7109,20.0312,15.8359,21.7031
17.6562,20.0703,15.8516,21.8047
17.6953,20.0938,15.8438,21.8516
17.7109,20.0938,15.8984,21.875
17.7734,20.0703,15.8828,21.8906
17.75,20.1797,15.9609,21.8516
17.7891,20.1719,15.9453,21.8672
17.7344,20.2344,15.9453,21.8984
17.8594,20.25,15.9766,21.8672
17.7656,20.1875,16.0781,21.9062
17.8281,20.2969,16.0156,21.8828
17.8047,20.2656,16.1016,21.9844
17.8516,20.25,16.0625,22.0234
17.8594,20.2578,16.0391,21.9375
17.9766,20.3672,16.0781,22.0312
17.9297,20.3125,16.1172,21.9766
17.9453,20.3984,16.1094,22.0078
17.9453,20.3281,16.2266,22.0547
18.0156,20.3984,16.1328,22.0469
18.0156,20.3672,16.2422,22.0938
18.0547,20.4766,16.2969,22.0703
18.0781,20.5156,16.2188,22.125
18.0469,20.4922,16.2422,22.1875
18.0312,20.4531,16.2266,22.2422
18.0469,20.4688,16.3281,22.2344
18.1094,20.4844,16.2656,22.1875
18.1641,20.5781,16.3125,22.2344
18.1953,20.5469,16.3047,22.2578
18.2422,20.5312,16.3203,22.3047
18.2031,20.5625,16.4141,22.3047
18.25,20.5703,16.4531,22.3516
18.1953,20.6953,16.4922,22.375
18.2734,20.6562,16.4531,22.3203
18.3359,20.7266,16.4375,22.3359
18.2344,20.7344,16.5234,22.3906
18.3125,20.7109,16.5156,22.4688
18.3438,20.7109,16.5938,22.3828
18.3359,20.7266,16.6094,22.4766
18.4141,20.8281,16.6016,22.4453
18.3438,20.8359,16.5547,22.4688
18.4531,20.7969,16.5625,22.5156
18.3594,20.7969,16.6016,22.5156
18.4219,20.8438,16.6328,22.5078
18.5,20.8438,16.6719,22.6094
18.4688,20.9297,16.6953,22.5391
18.4531,20.9375,16.7578,22.6328
18.4922,20.9531,16.7031,22.5859
18.5938,20.875,16.7969,22.6562
18.5703,20.9141,16.7188,22.6797
18.5234,20.9297,16.7422,22.6406
18.6484,21.0156,16.8047,22.7109
18.6172,21.0547,16.7656,22.7188
18.5781,21.0781,16.7969,22.6641
18.6562,21.0625,16.8906,22.7344
18.6172,21.1172,16.8516,22.7578
18.6484,21.1172,16.8672,22.7188
18.6953,21.0391,16.8672,22.75
18.6875,21.1719,16.8672,22.8047
18.7734,21.1016,16.9609,22.8438
18.7109,21.0938,16.8906,22.8203
18.7656,21.1719,17.0078,22.8672
18.7891,21.2109,17.0078,22.9141
18.8125,21.2188,17.0156,22.9062
18.7734,21.2109,17.0547,22.9453
18.8828,21.2812,17.0703,22.9219
18.8906,21.2969,17.0391,22.9531
18.8438,21.2266,17.0703,23.0234
18.8828,21.2734,17.1328,22.9922
18.9766,21.25,17.125,23.0156
18.9922,21.3047,17.1875,22.9844
19.0078,21.3359,17.0859,23.0
18.9453,21.4062,17.1953,23.0469
18.9766,21.3672,17.2031,23.1328
19.0156,21.4531,17.2109,23.1406
19.0469,21.4141,17.2266,23.1641
19.0312,21.4844,17.1953,23.1797
19.0781,21.4219,17.3125,23.125
19.0234,21.4297,17.25,23.2266
19.1094,21.4844,17.3203,23.2031
19.0859,21.4609,17.2812,23.2109
19.1875,21.4844,17.3828,23.2734
19.1406,21.5781,17.3828,23.2656
19.1094,21.5703,17.375,23.3203
19.1172,21.5781,17.3984,23.2734
19.2109,21.6094,17.4609,23.2891
19.1953,21.6016,17.4609,23.2969
19.1797,21.6641,17.3906,23.3359
19.2109,21.6484,17.4531,23.3281
19.2188,21.6953,17.5078,23.3203
19.3125,21.7266,17.5234,23.3281
19.3203,21.7188,17.5156,23.4531
19.2734,21.6875,17.4766,23.4297
19.2891,21.7812,17.5469,23.4609
19.2969,21.7031,17.5469,23.4375
19.4062,21.7891,17.5938,23.4844
19.3828,21.75,17.5469,23.4531
19.3438,21.7969,17.6562,23.4766
19.4453,21.8828,17.5781,23.5078
19.3906,21.8906,17.6328,23.5547
19.4922,21.8359,17.6875,23.5469
19.4375,21.9375,17.6797,23.6172
19.5547,21.8828,17.7031,23.6172
19.4609,21.9688,17.6719,23.5625
19.4922,21.9688,17.7656,23.5781
19.5156,21.9375,17.7891,23.6953
19.5938,21.9844,17.8125,23.625
19.6328,21.9609,17.75,23.6484
19.5469,22.0,17.8281,23.6562
19.5938,21.9922,17.8438,23.7109
19.5703,22.0312,17.8047,23.75
19.6484,22.1016,17.8281,23.7812
19.6094,22.0547,17.8984,23.7891
19.6719,22.0703,17.8438,23.7734
19.7031,22.1094,17.9297,23.8594
19.7734,22.1562,17.9688,23.7578
19.7656,22.1641,17.875,23.8203
19.7734,22.1406,17.9141,23.9141
19.8203,22.1797,18.0078,23.8203
19.7344,22.2422,17.9453,23.9375
19.8047,22.1406,18.0156,23.9531
19.8203,22.2188,18.0312,23.9688
19.875,22.2188,18.0859,23.9766
19.8594,22.2734,18.0703,23.9062
19.8594,22.2969,18.0781,23.9531
19.9375,22.25,18.0547,23.9453
19.9531,22.3516,18.0547,24.0547
19.9297,22.3203,18.1484,24.0312
19.9688,22.3906,18.0859,23.9844
19.9219,22.3828,18.1016,24.1172
20.0078,22.3984,18.2266,24.0938
19.9375,22.3984,18.2188,24.125
20.0625,22.3438,18.2656,24.0703
20.0078,22.4609,18.2109,24.1797
20.0078,22.3906,18.2891,24.1953
20.0234,22.4453,18.2266,24.1641
20.0312,22.5,18.2344,24.1328
20.0469,22.5391,18.2344,24.2188
20.1406,22.4609,18.3438,24.1953
20.1797,22.4609,18.3594,24.2188
20.1797,22.5,18.3672,24.1875
20.125,22.5938,18.3203,24.25
20.2109,22.5703,18.3906,24.3281
20.1797,22.625,18.3984,24.3438
20.2344,22.6641,18.4453,24.3047
20.2422,22.5625,18.3984,24.3672
20.2969,22.6953,18.4844,24.2734
20.3047,22.7109,18.4141,24.3906
20.25,22.6797,18.5156,24.3984
20.3281,22.625,18.4922,24.3828
20.2812,22.6719,18.4609,24.3984
20.3594,22.7188,18.5,24.3672
20.3516,22.7812,18.5859,24.4766
20.3516,22.7891,18.5391,24.3984
20.3047,22.7578,18.5703,24.4766
20.3906,22.7812,18.5938,24.5312
20.3828,22.7969,18.6094,24.5312
20.3594,22.7578,18.6719,24.4766
20.3984,22.8906,18.6328,24.5938
20.4688,22.8047,18.5859,24.5859
20.5156,22.8438,18.7109,24.5078
20.4688,22.9219,18.6641,24.5391
20.4688,22.9375,18.6641,24.625
20.4844,22.8828,18.6641,24.6094
20.5156,22.9688,18.6719,24.6797
20.4922,22.9531,18.7734,24.625
20.5625,22.9375,18.75,24.6172
20.5938,22.9766,18.7266,24.7266
20.5938,22.9453,18.7344,24.6562
20.6562,23.0156,18.7969,24.7266
20.5859,22.9609,18.875,24.7109
20.6328,23.0391,18.8516,24.7188
20.6953,23.0078,18.8828,24.7734
20.6719,23.0312,18.8125,24.7109
20.6875,23.0703,18.9062,24.8359
20.7344,23.0859,18.9609,24.8125
20.6797,23.1172,18.9609,24.8125
20.7734,23.125,18.9531,24.8125
20.8047,23.1953,19.0078,24.8047
20.7656,23.2188,19.0,24.8672
20.8203,23.2422,18.9219,24.8594
20.7891,23.25,18.9688,24.9062
20.8359,23.2031,18.9844,24.8906
20.7812,23.2812,19.0078,24.9688
20.8594,23.2344,19.0781,24.9375
20.8047,23.2031,19.0781,25.0
20.8359,23.3047,19.0781,24.9844
20.9141,23.3438,19.0625,24.9922
20.9375,23.3359,19.1172,24.9453
20.9375,23.3125,19.0625,25.0234
20.9375,23.3594,19.1719,24.9766
21.0156,23.3984,19.1328,25.0234
21.0234,23.3125,19.1797,25.1328
20.9844,23.3672,19.2188,25.0469
21.0547,23.3594,19.2344,25.1016
21.0234,23.4531,19.2656,25.1406
21.0859,23.3906,19.1719,25.1328
21.0391,23.4297,19.2656,25.1641
21.0234,23.4531,19.3125,25.1328
21.1016,23.4922,19.2578,25.1562
21.0859,23.4609,19.25,25.1719
21.1484,23.5312,19.3281,25.1797
21.1719,23.4609,19.3125,25.2734
21.1172,23.5469,19.3906,25.1875
21.1328,23.5156,19.375,25.1953
21.1328,23.5312,19.3125,25.2891
21.2422,23.5625,19.3984,25.2734
21.1641,23.6094,19.3672,25.3125
21.1641,23.5938,19.3984,25.3672
21.2031,23.6484,19.4844,25.3125
21.2891,23.7031,19.4531,25.2969
21.2109,23.6406,19.5234,25.4141
21.2266,23.6797,19.4766,25.3359
21.3203,23.6797,19.4297,25.3594
21.2734,23.6562,19.5,25.4453
21.3594,23.7578,19.5547,25.4219
21.2891,23.7734,19.5781,25.3984
21.3594,23.7734,19.5391,25.4922
21.4141,23.7656,19.625,25.5234
21.375,23.75,19.5391,25.5234
21.4141,23.8125,19.6094,25.5078
21.4531,23.8438,19.6094,25.5234
21.4375,23.8359,19.5781,25.5078
21.4219,23.7812,19.6094,25.5234
21.4922,23.8594,19.6484,25.5469
21.4922,23.9297,19.6484,25.5234
21.4688,23.8359,19.6484,25.5234
21.5625,23.9375,19.6719,25.5703
21.4531,23.9219,19.7266,25.625
21.4922,23.9688,19.6719,25.5781
21.5781,23.9141,19.7344,25.625
21.5391,23.9297,19.7188,25.7109
21.5469,23.9141,19.8359,25.6562
21.5391,24.0312,19.8281,25.7266
21.6328,23.9453,19.75,25.7266
21.6172,24.0547,19.8203,25.7109
21.6719,24.0625,19.8438,25.6953
21.6094,24.0469,19.9062,25.7969
21.6641,24.125,19.8438,25.7109
21.6328,24.0391,19.9219,25.7188
21.75,24.0938,19.8672,25.8125
21.6953,24.1172,19.9609,25.7578
21.6797,24.1562,19.9453,25.7656
21.7031,24.1641,19.9531,25.8125
21.8047,24.1875,19.9609,25.7891
21.75,24.1953,19.9844,25.8047
21.7969,24.1641,19.9531,25.8359
21.8125,24.1719,19.9844,25.8438
21.7734,24.1719,19.9766,25.9141
21.7969,24.1562,19.9688,25.8984
21.7734,24.1953,20.0,25.9141
21.7891,24.2578,20.0078,25.9844
21.8203,24.2656,20.0312,25.9609
21.8594,24.2344,20.1094,26.0234
21.9141,24.2734,20.0781,26.0391
21.9062,24.2812,20.1172,26.0469
21.8828,24.2812,20.0703,26.0625
21.9609,24.3047,20.1719,26.0938
21.9375,24.3672,20.1641,26.0
21.8984,24.375,20.2188,26.125
21.9766,24.3125,20.1641,26.0938
21.9688,24.3906,20.2188,26.1016
22.0156,24.4219,20.1406,26.1562
21.9688,24.3672,20.2109,26.1641
21.9844,24.3906,20.2109,26.125
22.0469,24.4219,20.2969,26.1562
22.0078,24.4297,20.2109,26.1406
22.0312,24.4219,20.2656,26.1094
22.0703,24.4531,20.2344,26.1406
22.0938,24.5078,20.2422,26.2109
22.1719,24.5078,20.3516,26.2578
22.0859,24.5469,20.2891,26.2422
22.1641,24.5,20.2812,26.2422
22.1172,24.5156,20.2969,26.2969
22.1328,24.5781,20.4297,26.2266
22.2031,24.5703,20.4219,26.3125
22.2109,24.5781,20.3438,26.2969
22.1484,24.5625,20.3594,26.2891
22.2656,24.5625,20.3906,26.3672
22.2656,24.6016,20.375,26.2969
22.25,24.6094,20.4531,26.375
22.3125,24.7031,20.4688,26.3672
22.3359,24.6172,20.4609,26.3594
22.2812,24.7422,20.5234,26.4141
22.2734,24.7422,20.5547,26.4297
22.2656,24.6875,20.5469,26.4297
22.3594,24.7344,20.5938,26.4922
22.375,24.7891,20.5234,26.4531
22.3516,24.7031,20.6094,26.4688
22.4141,24.7109,20.6328,26.4531
22.4453,24.8359,20.5547,26.4453
22.3828,24.7891,20.6484,26.5
22.3906,24.75,20.5859,26.5312
22.3672,24.8203,20.6328,26.5078
22.3984,24.8125,20.6484,26.6016
22.4297,24.8359,20.6641,26.5859
22.4844,24.8125,20.6484,26.5234
22.4219,24.8984,20.6484,26.5703
22.5,24.875,20.7422,26.5625
22.5391,24.9297,20.7578,26.5625
22.5078,24.9375,20.6875,26.6172
22.5859,24.9609,20.7812,26.6719
22.5469,24.9766,20.7656,26.7031
22.6016,25.0156,20.8203,26.625
22.5703,24.9531,20.8047,26.7031
22.5781,24.9609,20.7422,26.7344
22.5938,24.9844,20.7344,26.6797
22.6484,25.0469,20.7734,26.7109
22.6641,25.0469,20.7969,26.7109
22.6797,25.0156,20.875,26.75
22.6406,25.1016,20.8672,26.8125
22.6406,25.0,20.9219,26.8125
22.6562,25.0156,20.8281,26.7188
22.6562,25.1094,20.8281,26.8047
22.6406,25.1406,20.9609,26.7734
22.6953,25.0547,20.8672,26.875
22.6953,25.1328,20.8828,26.7656
22.6797,25.0781,21.0,26.8828
22.7031,25.1016,20.9141,26.8047
22.7656,25.1328,20.9219,26.9062
22.75,25.1875,20.9844,26.8594
22.8438,25.25,20.9766,26.8672
22.8359,25.2109,20.9609,26.9531
22.7656,25.2422,21.0625,26.9453
22.7812,25.2266,21.0547,26.9375
22.7969,25.2812,20.9844,26.9219
22.8438,25.2812,21.0625,26.9453
22.9297,25.2734,21.0078,27.0078
22.8281,25.2422,21.0547,27.0156
22.9297,25.2578,21.1094,27.0312
22.9531,25.2969,21.1562,26.9766
22.8594,25.2891,21.1641,27.0547
22.9297,25.3281,21.1094,27.0781
22.9688,25.2969,21.1406,27.0625
23.0,25.2891,21.1406,27.1094
23.0234,25.3125,21.2031,27.0938
22.9609,25.3984,21.1562,27.0391
22.9531,25.3672,21.2188,27.0469
23.0312,25.4297,21.2344,27.1484
23.0625,25.4453,21.1562,27.1406
23.0859,25.3828,21.2266,27.1797
23.0859,25.4297,21.25,27.1328
23.1016,25.5,21.25,27.1484
23.0312,25.5,21.25,27.2031
23.0156,25.4531,21.3359,27.1484
23.1172,25.4766,21.3047,27.1484
23.0703,25.4375,21.3281,27.1406
23.0625,25.4922,21.375,27.1953
23.125,25.5859,21.2656,27.1953
23.1328,25.5547,21.2891,27.2422
23.1797,25.5078,21.3984,27.2344
23.1328,25.6172,21.3594,27.3203
23.2031,25.5938,21.3828,27.2188
23.125,25.6406,21.4141,27.2812
23.1641,25.5938,21.4141,27.3359
23.1562,25.6641,21.4688,27.2891
23.1562,25.6172,21.3828,27.2891
23.1719,25.5938,21.375,27.3125
23.2031,25.6016,21.4766,27.3203
23.2734,25.6953,21.5156,27.3672
23.2031,25.6484,21.4844,27.3438
23.2969,25.6875,21.5312,27.4062
23.2266,25.6328,21.4688,27.4297
23.2422,25.7031,21.5625,27.3906
23.3203,25.6953,21.5156,27.3672
23.3047,25.7422,21.5156,27.4844
23.2969,25.7031,21.5469,27.375
23.3359,25.8047,21.5312,27.4062
23.4062,25.75,21.5234,27.4922
23.4297,25.7734,21.6094,27.5312
23.3203,25.7891,21.6328,27.4531
23.3516,25.7734,21.5312,27.5547
23.4141,25.8047,21.5859,27.4688
23.4297,25.8203,21.6641,27.5156
23.4688,25.7812,21.6797,27.5859
23.4297,25.8438,21.6641,27.5469
23.4609,25.8984,21.6641,27.6094
23.4453,25.9141,21.7031,27.5547
23.5156,25.9219,21.6641,27.5547
23.4531,25.875,21.7422,27.5391
23.5,25.8359,21.7578,27.625
23.5156,25.8594,21.7344,27.6406
23.5703,25.9219,21.6562,27.5859
23.5625,25.9531,21.7031,27.6406
23.4922,25.8906,21.7891,27.7031
23.5625,25.9062,21.7344,27.6094
23.5625,25.9453,21.7031,27.6172
23.6328,26.0156,21.8281,27.6562
23.5938,25.9531,21.8281,27.6562
23.6562,25.9844,21.7656,27.7109
23.625,25.9609,21.8203,27.6719
23.6016,26.0625,21.8281,27.7188
23.6328,26.0391,21.7969,27.7109
23.6016,25.9922,21.8281,27.7344
23.6562,26.0703,21.875,27.7031
23.6016,26.1016,21.8359,27.7109
23.6953,26.0312,21.9375,27.7422
23.7266,26.1172,21.8359,27.8047
23.6328,26.1328,21.9141,27.8359
23.7656,26.0469,21.9141,27.75
23.6797,26.0703,21.9141,27.8359
23.75,26.0703,21.9922,27.8672
23.7266,26.2031,21.9297,27.8984
23.7422,26.0938,22.0,27.8281
23.7109,26.1016,22.0078,27.8672
23.75,26.2109,21.9219,27.8125
23.7422,26.1797,21.9531,27.8828
23.75,26.1797,22.0312,27.9297
23.8516,26.1719,21.9531,27.9531
23.8672,26.1875,21.9609,27.9141
23.8047,26.2578,22.0781,27.9609
23.7734,26.2812,21.9766,27.8984
23.8359,26.2188,22.0547,27.8984
23.8828,26.2578,22.1172,27.9844
23.9062,26.2656,22.0156,27.9453
23.8672,26.2188,22.0469,27.9766
23.875,26.3047,22.1094,28.0
23.9062,26.2578,22.0469,28.0312
23.8594,26.2891,22.0547,28.0312
23.9062,26.3359,22.1094,28.0469
23.8906,26.3828,22.0703,28.0625
24.0,26.3828,22.1797,28.0312
23.9922,26.3359,22.1172,28.0703
24.0078,26.3125,22.1562,28.0625
23.9609,26.4297,22.1328,28.1094
24.0391,26.3203,22.1484,28.0938
23.9766,26.3984,22.2109,28.0938
23.9844,26.3672,22.2344,28.1406
24.0625,26.3828,22.1484,28.1406
24.0312,26.3906,22.2734,28.1641
24.0938,26.4141,22.2031,28.1875
24.0,26.4844,22.2109,28.1328
24.0,26.4219,22.1875,28.0938
24.0234,26.4922,22.2891,28.1797
24.1172,26.5234,22.2891,28.2109
24.1328,26.5078,22.3125,28.2422
24.0312,26.4922,22.2578,28.1406
24.1484,26.4688,22.2578,28.1797
24.0703,26.5312,22.3516,28.1875
24.1641,26.5625,22.3203,28.2344
24.1875,26.4688,22.2812,28.1797
24.1172,26.4766,22.3828,28.2188
24.1875,26.5625,22.3594,28.2891
24.1875,26.5234,22.3594,28.2891
24.1328,26.5312,22.4062,28.2109
24.1328,26.6172,22.4219,28.3359
24.2109,26.5703,22.3359,28.2422
24.1484,26.6172,22.3594,28.25
24.2109,26.6719,22.4062,28.3359
24.2578,26.6562,22.4297,28.3516
24.2656,26.5859,22.4766,28.2656
24.1875,26.5938,22.4453,28.2734
24.2344,26.6641,22.5,28.3438
24.3125,26.6641,22.5156,28.3125
24.2578,26.6875,22.4922,28.4219
24.2812,26.6641,22.4844,28.3516
24.2578,26.7266,22.5312,28.3672
24.2969,26.7344,22.5234,28.4062
24.2734,26.6562,22.4531,28.3594
24.3594,26.6719,22.4531,28.4219
24.3125,26.6719,22.4688,28.4609
24.375,26.75,22.4922,28.4141
24.2891,26.7344,22.5625,28.4141
24.3906,26.7969,22.5234,28.5078
24.3125,26.8203,22.5078,28.4609
24.3672,26.7578,22.5391,28.4844
24.4062,26.7656,22.6094,28.4141
24.3828,26.7656,22.6328,28.4766
24.3984,26.7656,22.5781,28.5234
24.4531,26.7656,22.6328,28.4766
24.3672,26.8672,22.6016,28.4609
24.4062,26.7812,22.5625,28.5469
24.4453,26.875,22.6094,28.5391
24.4375,26.8828,22.6797,28.5625
24.3906,26.8203,22.6406,28.5078
24.5156,26.8516,22.7109,28.6094
24.4609,26.8594,22.6484,28.6094
24.4297,26.8281,22.6484,28.5703
24.5156,26.8281,22.6641,28.5391
24.5156,26.9219,22.6719,28.5938
24.4531,26.9453,22.6719,28.6172
24.4922,26.9453,22.7188,28.6641
24.5078,26.9219,22.6875,28.5625
24.5234,26.9922,22.7031,28.6797
24.5,27.0,22.6875,28.5859
24.4844,26.9844,22.6953,28.625
24.4922,26.9688,22.7344,28.6328
24.5078,27.0156,22.7734,28.6562
24.6328,26.9453,22.75,28.7344
24.6406,26.9844,22.7812,28.7188
24.5781,27.0312,22.8281,28.7109
24.5781,27.0,22.7812,28.75
24.5703,26.9766,22.8281,28.6953
24.6562,27.0234,22.7969,28.6641
24.5938,26.9766,22.8125,28.6641
24.6562,27.0234,22.8438,28.7109
24.6328,27.0234,22.8906,28.7578
24.6719,27.0938,22.8672,28.7031
24.6719,27.0547,22.8516,28.7109
24.6875,27.0078,22.8984,28.7578
24.6562,27.0469,22.875,28.7344
24.625,27.1328,22.8438,28.8359
24.7188,27.0625,22.9219,28.8438
24.6797,27.0781,22.9531,28.7812
24.7266,27.1094,22.9297,28.7578
24.7266,27.1797,22.9688,28.7734
24.7812,27.0859,22.8906,28.8281
24.7031,27.1953,22.9531,28.7734
24.7109,27.0781,22.9141,28.8281
24.6953,27.125,22.8984,28.9062
24.7266,27.0938,22.9531,28.8906
24.8047,27.2188,22.9922,28.9141
24.75,27.1719,22.9531,28.8594
24.75,27.1172,23.0,28.8672
24.7422,27.1797,22.9375,28.8516
24.75,27.2578,23.0391,28.9062
24.7812,27.1719,23.0625,28.9688
24.7734,27.1641,23.0,28.8594
24.7578,27.2188,22.9688,28.9375
24.8516,27.2812,23.0156,28.9219
24.875,27.25,23.0781,28.9531
24.875,27.2422,23.0859,28.9453
24.8906,27.25,23.0781,28.9219
24.8359,27.2422,23.1016,28.9297
24.8594,27.2891,23.0547,29.0312
24.8281,27.2188,23.0625,29.0234
24.9297,27.2422,23.0703,28.9297
24.8906,27.2969,23.1406,29.0391
24.8984,27.3281,23.0469,29.0156
24.9062,27.3594,23.1562,28.9453
24.9297,27.2734,23.1719,28.9531
24.9844,27.3828,23.1094,29.0781
24.9688,27.2891,23.0703,29.0391
24.8984,27.3594,23.0938,29.0469
25.0,27.3828,23.1172,29.0
24.8984,27.3438,23.1641,29.1094
25.0,27.3906,23.1875,29.0156
24.9688,27.3438,23.1953,29.0234
24.9766,27.4062,23.2031,29.1094
24.9688,27.3828,23.1641,29.0469
24.9297,27.4375,23.1562,29.1094
25.0547,27.3828,23.2578,29.1172
25.0234,27.3906,23.2109,29.1484
25.0469,27.3594,23.1484,29.1328
25.0547,27.3984,23.2578,29.1484
25.0312,27.4141,23.1953,29.1328
25.0391,27.3906,23.2031,29.0703
25.0781,27.4688,23.25,29.0859
25.0469,27.3828,23.2344,29.125
24.9922,27.4922,23.2812,29.125
25.0469,27.5078,23.2891,29.2109
25.0469,27.5234,23.3125,29.1797
25.0938,27.4219,23.3203,29.1172
25.0938,27.5234,23.2188,29.1719
25.0859,27.5,23.3438,29.25
25.1172,27.4766,23.2344,29.1953
25.1016,27.5312,23.25,29.25
25.1562,27.4453,23.3281,29.2266
25.1562,27.4844,23.2812,29.2656
25.0703,27.5547,23.3828,29.2812
25.1797,27.5859,23.3906,29.1953
25.0781,27.4922,23.3672,29.1719
25.1641,27.5391,23.3125,29.2031
25.1406,27.5391,23.2891,29.2891
25.1641,27.5391,23.3984,29.2188
25.1016,27.5156,23.375,29.2109
25.1094,27.5078,23.4062,29.3203
25.2188,27.5391,23.3438,29.3047
25.2344,27.5703,23.3438,29.3281
25.1406,27.5781,23.3516,29.2969
25.2188,27.5938,23.4219,29.2969
25.1406,27.5625,23.3984,29.2578
25.2344,27.5703,23.4062,29.3047
25.2266,27.5938,23.3984,29.2578
25.2344,27.6328,23.4219,29.3516
25.2891,27.6406,23.4297,29.3281
25.1875,27.6328,23.4766,29.3828
25.2812,27.6562,23.4688,29.3594
25.1875,27.7031,23.4141,29.3203
25.2109,27.6328,23.3906,29.3516
25.2188,27.6172,23.4766,29.3125
25.2891,27.6641,23.4219,29.3359
25.2188,27.6484,23.4141,29.3906
25.3359,27.7344,23.5156,29.4062
25.3047,27.7266,23.4844,29.375
25.2891,27.6406,23.4609,29.4375
25.3594,27.6797,23.5156,29.4375
25.25,27.75,23.4453,29.3906
25.2969,27.6875,23.5469,29.4453
25.2969,27.6953,23.4922,29.4453
25.2969,27.7812,23.4688,29.4688
25.375,27.7891,23.4766,29.4688
25.3594,27.7656,23.5234,29.4062
25.2969,27.7812,23.5156,29.4453
25.3047,27.7656,23.5781,29.4062
25.3906,27.7109,23.4922,29.5
25.3359,27.7656,23.5547,29.4375
25.375,27.7422,23.5391,29.4922
25.3594,27.7188,23.5469,29.4375
25.4219,27.7344,23.5312,29.4766
25.4375,27.7188,23.5312,29.5312
25.4375,27.8359,23.5859,29.4766
25.4375,27.8203,23.5703,29.4297
25.3594,27.8281,23.6094,29.4453
25.4531,27.7812,23.5625,29.5312
25.3672,27.8281,23.5703,29.5547
25.375,27.8047,23.6094,29.5
25.3672,27.8594,23.6484,29.5312
25.3672,27.7969,23.6172,29.5859
25.4375,27.8203,23.6094,29.4688
25.375,27.8672,23.6641,29.5781
25.4922,27.8438,23.6719,29.5391
25.4297,27.8438,23.5859,29.5156
25.5078,27.8594,23.6406,29.6016
25.4453,27.8594,23.7031,29.5703
25.5234,27.9062,23.6016,29.6016
25.4141,27.8516,23.6172,29.6016
25.5156,27.8359,23.625,29.6094
25.4609,27.8672,23.6797,29.6172
25.4766,27.9453,23.6953,29.625
25.5391,27.875,23.6953,29.5703
25.4844,27.9141,23.6406,29.5312
25.4609,27.9219,23.6875,29.5781
25.5625,27.9453,23.7031,29.6641
25.5156,27.9688,23.7031,29.6328
25.5234,27.8828,23.6641,29.6484
25.5703,27.9766,23.7266,29.6094
25.5469,27.9141,23.6875,29.6484
25.5781,27.9922,23.6719,29.5781
25.5156,27.9844,23.7969,29.6172
25.6016,27.9766,23.7891,29.6562
25.6016,27.9609,23.7109,29.6641
25.5391,28.0078,23.7031,29.6406
25.5938,27.9141,23.7422,29.6562
25.5391,27.9922,23.7656,29.6016
25.5625,27.9219,23.7344,29.6719
25.6094,28.0,23.7109,29.6719
25.5547,27.9375,23.7812,29.6406
25.6016,27.9375,23.7422,29.6172
25.6094,27.9297,23.8203,29.6953
25.5547,28.0312,23.7891,29.7188
25.5547,27.9453,23.75,29.75
25.625,27.9375,23.8203,29.6562
25.5703,28.0547,23.8047,29.6797
25.6562,27.9844,23.7969,29.6484
25.5781,28.0703,23.8594,29.6484
25.6328,28.0391,23.8594,29.7031
25.6016,28.0234,23.8594,29.7266
25.6641,28.0859,23.8672,29.7422
25.6875,27.9688,23.7812,29.7578
25.6172,28.0,23.8047,29.6719
25.6875,28.0859,23.8359,29.7188
25.7031,27.9844,23.8125,29.7891
25.6641,28.0,23.9062,29.7891
25.6719,28.0078,23.8047,29.7344
25.6328,27.9922,23.8281,29.7969
25.6406,28.0391,23.8906,29.8125
25.6875,28.0469,23.8359,29.7656
25.6484,28.1016,23.9219,29.7188
25.6484,28.0234,23.875,29.7188
25.6953,28.0703,23.9141,29.7656
25.7344,28.0469,23.9375,29.8281
25.6719,28.1016,23.9141,29.7578
25.6797,28.0312,23.9453,29.7656
25.7031,28.0703,23.9453,29.8125
25.6406,28.1094,23.9297,29.7578
25.6875,28.0938,23.9609,29.7891
25.7656,28.1328,23.9688,29.8047
25.7109,28.0859,23.8516,29.8203
25.7734,28.125,23.9531,29.7734
25.7188,28.1406,23.8906,29.8672
25.7734,28.1484,23.9141,29.8281
25.7031,28.1875,23.9062,29.8516
25.6953,28.1562,23.9219,29.8594
25.7188,28.1641,23.8984,29.8203
25.7422,28.1797,23.9688,29.8672
25.75,28.1172,23.9062,29.8672
25.6953,28.1719,23.9453,29.8047
25.75,28.1562,23.9141,29.8047
25.7188,28.1172,23.9141,29.8672
25.7422,28.125,23.9062,29.8281
25.7812,28.1094,24.0,29.8906
25.7578,28.1797,23.9922,29.8438
25.7656,28.1719,23.9375,29.8359
25.75,28.1875,23.9453,29.8984
25.8125,28.1641,24.0,29.8984
25.7266,28.1484,23.9141,29.8438
25.8359,28.2422,23.9688,29.8828
25.7891,28.2109,24.0156,29.9453
25.7969,28.2344,23.9297,29.8984
25.8359,28.2188,23.9688,29.8672
25.7344,28.25,23.9922,29.8828
25.7656,28.1484,24.0547,29.8438
25.8125,28.25,23.9531,29.9297
25.8203,28.2656,24.0547,29.9141
25.8125,28.1875,23.9688,29.8828
25.7656,28.2109,23.9609,29.9453
25.7891,28.2344,23.9922,29.8906
25.7656,28.2656,24.0547,29.9766
25.8359,28.2812,24.0391,29.9375
25.7891,28.2734,24.0391,29.9844
25.8125,28.2812,24.0781,29.8828
25.7969,28.2656,24.0391,29.9453
25.8438,28.25,23.9922,29.9609
25.8203,28.2422,24.0625,29.8906
25.7734,28.2969,24.0938,29.9375
25.8203,28.2188,24.0625,29.9922
25.8828,28.2891,24.0859,29.9688
25.8047,28.2266,23.9844,29.9062
25.7969,28.2109,24.0078,30.0078
25.8594,28.2578,24.0938,29.9375
25.8359,28.3125,24.1016,29.9062
25.9141,28.2891,24.0469,29.9375
25.8672,28.2422,24.1016,29.9297
25.8516,28.2656,24.0234,30.0234
25.8516,28.2656,24.0547,29.9141
25.9141,28.2578,24.0391,29.9141
25.8906,28.3281,24.0938,29.9297
25.8203,28.2344,24.1094,29.9922
25.8672,28.2422,24.0781,29.9766
25.8359,28.3281,24.1406,30.0156
25.8828,28.3203,24.1172,29.9531
25.9062,28.3125,24.1094,30.0312
25.8984,28.2344,24.1328,30.0391
25.9297,28.3203,24.1016,29.9375
25.8516,28.2891,24.1406,30.0078
25.9141,28.2422,24.0547,30.0
25.8438,28.3125,24.0781,29.9375
25.9375,28.3281,24.0781,30.0
25.8438,28.2422,24.1562,29.9609
25.9062,28.2422,24.0391,30.0312
25.8828,28.2656,24.1328,29.9766
25.8984,28.2578,24.1484,29.9844
25.9609,28.3516,24.0625,30.0156
25.9609,28.3125,24.1016,30.0
25.9531,28.2969,24.1719,29.9844
25.8594,28.2578,24.125,30.0781
25.9375,28.3281,24.1094,30.0781
25.9766,28.3516,24.1172,30.0078
25.9297,28.2812,24.0703,30.0156
25.9766,28.3125,24.1719,29.9766
25.8984,28.2656,24.1641,29.9688
25.8984,28.3594,24.1719,30.0156
25.9062,28.2734,24.1094,30.0312
25.9688,28.3203,24.1641,30.0703
25.9609,28.3047,24.1641,29.9766
25.875,28.2891,24.1328,30.0078
26.0,28.3672,24.0938,30.0
25.9688,28.3906,24.1719,30.1016
25.9922,28.3438,24.1484,30.0938
26.0,28.3516,24.1016,30.0312
25.8984,28.3984,24.2031,30.0938
25.9062,28.3672,24.1797,30.0938
25.9453,28.3359,24.1875,30.0391
25.9375,28.3281,24.2031,30.0625
25.8984,28.375,24.0938,30.1094
25.9766,28.3828,24.1094,30.0938
25.9375,28.3125,24.1562,30.0312
25.9844,28.3984,24.0938,30.0391
26.0,28.3281,24.1953,30.1094
25.9922,28.3828,24.1406,30.0469
25.9609,28.3672,24.1484,30.0234
25.9141,28.3203,24.2188,30.1094
25.9609,28.3828,24.2266,30.0156
25.9844,28.3281,24.1172,30.0156
26.0,28.3594,24.1094,30.0625
25.9766,28.4297,24.1953,30.0859
25.9062,28.375,24.2266,30.0859
25.9297,28.3594,24.1094,30.0078
26.0312,28.3906,24.125,30.0234
26.0312,28.3906,24.1953,30.0234
26.0156,28.375,24.1953,30.1016
26.0234,28.4141,24.1719,30.0469
25.9375,28.3828,24.2031,30.0547
26.0156,28.3203,24.1641,30.0703
25.9922,28.3906,24.2266,30.0391
26.0391,28.3594,24.1484,30.1172
26.0234,28.3672,24.1797,30.0625
25.9844,28.3906,24.2031,30.1016
25.9219,28.4062,24.2031,30.0547
26.0234,28.4062,24.125,30.1172
26.0469,28.3828,24.1641,30.0234
25.9688,28.3516,24.2031,30.1016
25.9766,28.4062,24.125,30.0234
26.0,28.3672,24.2344,30.1172
25.9844,28.4375,24.1641,30.1094
25.9688,28.4062,24.1953,30.1406
25.9375,28.4219,24.2109,30.0625
26.0391,28.3828,24.2031,30.1172
25.9375,28.3281,24.1484,30.1172
26.0234,28.4531,24.1484,30.1328
25.9297,28.3438,24.1797,30.0703
26.0312,28.4062,24.1406,30.1328
26.0234,28.4297,24.25,30.1562
26.0234,28.3672,24.1953,30.0469
25.9453,28.4062,24.1641,30.0781
25.9922,28.3984,24.2188,30.1172
25.9453,28.3359,24.1484,30.0781
25.9688,28.3438,24.1953,30.0391
26.0078,28.3438,24.1797,30.1484
26.0234,28.4062,24.1641,30.0391
25.9375,28.4375,24.1875,30.0859
26.0156,28.4141,24.1562,30.0859
26.0469,28.4609,24.2578,30.0547
25.9922,28.4297,24.1484,30.1484
26.0,28.4062,24.1484,30.1016
26.0391,28.3672,24.1953,30.1172
26.0469,28.3984,24.1953,30.1094
26.0078,28.4375,24.2109,30.1484
26.0156,28.3359,24.1562,30.0859
26.0,28.3516,24.1406,30.0625
25.9922,28.3906,24.2031,30.1406
26.0312,28.3672,24.1719,30.1094
25.9688,28.4062,24.1797,30.0625
25.9531,28.3516,24.2031,30.1484
26.0312,28.3672,24.2031,30.0625
26.0391,28.3906,24.1562,30.0625
26.0469,28.4531,24.1797,30.1484
26.0234,28.3984,24.2109,30.1484
25.9922,28.4297,24.25,30.0781
25.9766,28.3828,24.1562,30.1484
25.9688,28.3906,24.2031,30.0391
26.0156,28.4219,24.1875,30.1562
26.0625,28.4453,24.1484,30.1094
25.9766,28.4219,24.1797,30.0703
25.9688,28.4297,24.1953,30.0781
25.9453,28.3984,24.1875,30.125
25.9375,28.3906,24.2344,30.0547
25.9609,28.3906,24.1953,30.0391
26.0547,28.3984,24.2578,30.0547
26.0234,28.4375,24.1875,30.1094
25.9766,28.4062,24.1562,30.0859
25.9844,28.3594,24.1797,30.1094
25.9688,28.3359,24.2188,30.0547
26.0469,28.3984,24.2422,30.0859
25.9609,28.3438,24.2031,30.0938
26.0234,28.375,24.2266,30.1172
26.0547,28.3438,24.1641,30.0703
25.9609,28.4297,24.2031,30.125
26.0234,28.375,24.1719,30.1406
25.9531,28.3594,24.1484,30.1484
25.9531,28.4141,24.1406,30.1016
25.9688,28.3828,24.2109,30.1094
26.0,28.4219,24.2422,30.1094
25.9453,28.375,24.1797,30.0469
25.9688,28.4453,24.2266,30.1016
26.0156,28.3438,24.1953,30.1406
26.0078,28.3984,24.1484,30.0469
26.0469,28.4453,24.2422,30.1016
25.9766,28.3672,24.2031,30.0625
25.9922,28.3906,24.2031,30.1016
25.9219,28.4219,24.1953,30.1406
25.9219,28.4141,24.2109,30.1328
26.0391,28.4141,24.1172,30.0391
26.0,28.4219,24.1719,30.0859
26.0,28.3359,24.1484,30.0859
25.9609,28.3203,24.1562,30.0859
26.0391,28.3828,24.2266,30.0781
26.0234,28.3516,24.1172,30.0234
25.9922,28.3125,24.1719,30.0469
25.9844,28.4062,24.1562,30.0156
25.9141,28.3516,24.1328,30.0938
25.9531,28.3203,24.1328,30.0469
26.0,28.3359,24.1875,30.0469
25.9062,28.3047,24.1484,30.0703
26.0234,28.3203,24.1172,30.0703
25.9141,28.3438,24.1719,30.1172
26.0234,28.4062,24.1875,30.0234
25.9609,28.3203,24.1484,30.0938
25.9844,28.4219,24.1016,30.0703
25.9922,28.3672,24.2031,30.0469
25.9141,28.375,24.125,30.0703
25.9531,28.2969,24.1562,30.1172
25.9453,28.3125,24.125,30.0781
25.9922,28.3906,24.1328,30.0625
25.8984,28.3828,24.1094,30.0938
25.9062,28.3125,24.1719,30.0469
26.0078,28.3984,24.1875,30.0469
25.9297,28.3047,24.125,29.9844
26.0078,28.4062,24.1562,30.0156
25.9141,28.2969,24.125,29.9922
26.0,28.3125,24.0781,30.0078
25.9609,28.2891,24.0859,30.0781
25.8984,28.3359,24.1484,30.0859
25.875,28.3047,24.1641,30.0156
25.9922,28.3906,24.1953,29.9766
25.9844,28.3125,24.1797,29.9688
25.9766,28.2969,24.0703,30.0391
25.8906,28.3047,24.125,30.0469
25.9688,28.3359,24.1797,30.0
25.9766,28.2812,24.1641,30.0312
25.8906,28.3594,24.1328,29.9844
25.9766,28.3281,24.1328,29.9922
25.9609,28.3359,24.0781,30.0391
25.8828,28.2891,24.1562,30.0469
25.9141,28.3047,24.1172,30.0312
25.8516,28.2891,24.0781,29.9844
25.9297,28.3672,24.1406,30.0391
25.9609,28.2969,24.125,30.0078
25.9062,28.3672,24.125,30.0234
25.9453,28.3359,24.0547,30.0391
25.9141,28.3438,24.0938,30.0
25.9062,28.2422,24.1172,30.0547
25.9531,28.2734,24.1328,30.0547
25.875,28.2969,24.1406,29.9375
25.9375,28.3203,24.0781,29.9297
25.8594,28.2891,24.0625,29.9375
25.9297,28.2734,24.0781,29.9688
25.8203,28.3125,24.0469,29.9844
25.875,28.2188,24.1016,29.9922
25.9375,28.2266,24.1172,30.0312
25.8438,28.2734,24.0234,29.9766
25.9219,28.2969,24.0312,29.9453
25.8438,28.3281,24.1016,29.9219
25.875,28.3281,24.0078,29.9922
25.8984,28.2656,24.0938,29.9453
25.8438,28.2422,24.0312,29.9062
25.9141,28.2891,24.1016,29.9141
25.8672,28.2656,24.0312,29.9766
25.875,28.2812,24.0234,30.0156
25.9141,28.3125,24.0938,29.9219
25.7891,28.3125,24.0469,29.8984
25.7891,28.2656,23.9844,29.9297
25.8438,28.2344,23.9844,29.9062
25.8438,28.1797,24.0234,29.9297
25.7969,28.2578,24.0078,29.9688
25.8125,28.2031,24.0859,29.9531
25.8828,28.2734,24.0703,29.8984
25.8516,28.1719,23.9688,29.9766
25.8281,28.2578,24.0547,29.8984
25.7812,28.2031,24.0859,29.9297
25.7812,28.2031,24.0156,29.9219
25.8438,28.2734,24.0234,29.9531
25.7812,28.1562,24.0156,29.8828
25.7812,28.2734,24.0234,29.8906
25.7969,28.2344,24.0,29.8438
25.8359,28.1953,24.0234,29.8516
25.7734,28.1797,23.9609,29.8984
25.7891,28.2578,24.0156,29.875
25.8516,28.1328,23.9766,29.8516
25.8281,28.2188,23.9297,29.8516
25.7734,28.2266,23.9766,29.9062
25.7812,28.1797,23.9844,29.9062
25.75,28.1875,24.0391,29.9219
25.8359,28.2344,23.9531,29.9375
25.8047,28.2344,23.9219,29.9141
25.7891,28.1797,24.0312,29.8594
25.7891,28.1094,23.9688,29.8594
25.7891,28.1562,23.9688,29.8203
25.7266,28.1016,23.8984,29.8672
25.7344,28.1484,23.9219,29.9141
25.7422,28.0938,23.8984,29.9141
25.7812,28.1016,23.9453,29.8672
25.7266,28.1328,23.9531,29.875
25.6797,28.1328,23.8906,29.8984
25.6875,28.1562,23.8906,29.8203
25.75,28.1719,23.9453,29.7969
25.7422,28.1328,23.8906,29.7656
25.6641,28.1172,23.9062,29.8281
25.7109,28.1328,23.9531,29.8047
25.7109,28.0547,23.8984,29.7578
25.6875,28.1719,23.8672,29.8438
25.7109,28.0781,23.8672,29.8516
25.6953,28.1641,23.9062,29.7578
25.7031,28.0547,23.8438,29.8281
25.7266,28.0781,23.8516,29.8516
25.6953,28.0625,23.8516,29.8125
25.6797,28.0391,23.9219,29.75
25.625,28.1328,23.8281,29.8359
25.6953,28.0625,23.8906,29.7734
25.6484,28.1172,23.8906,29.7969
25.6406,28.0469,23.9141,29.7109
25.6953,28.1328,23.8203,29.75
25.625,28.0234,23.8438,29.7188
25.6484,28.1016,23.8594,29.7734
25.5938,28.0234,23.8594,29.75
25.7109,28.0,23.8359,29.6953
25.6094,28.0312,23.8047,29.7266
25.6797,28.0938,23.8828,29.75
25.6562,28.0078,23.8672,29.75
25.6953,27.9766,23.8828,29.6719
25.6875,28.0703,23.7812,29.7188
25.6719,28.0625,23.8438,29.7578
25.625,28.0703,23.8125,29.7734
25.6172,28.0547,23.8203,29.7734
25.5859,28.0625,23.7812,29.7188
25.5703,28.0312,23.8594,29.6562
25.6328,28.0625,23.8516,29.7422
25.5703,28.0078,23.8203,29.7188
25.625,27.9453,23.75,29.7266
25.5469,27.9453,23.7812,29.7109
25.5938,28.0234,23.7734,29.6875
25.5781,27.9688,23.8281,29.6562
25.6328,28.0078,23.7812,29.7344
25.5469,27.9609,23.7266,29.6719
25.5547,27.9062,23.7031,29.6172
25.6172,27.8984,23.7031,29.6328
25.5078,27.9688,23.7188,29.6562
25.5234,28.0,23.7578,29.7109
25.5234,27.9766,23.7188,29.5938
25.5312,27.9922,23.7891,29.6797
25.5156,27.9375,23.7969,29.6484
25.5547,27.9844,23.7344,29.6172
25.4922,27.8672,23.7734,29.625
25.5625,27.8672,23.6719,29.6797
25.5234,27.9062,23.6953,29.5859
25.5078,27.8984,23.7031,29.6641
25.4531,27.9453,23.7656,29.5625
25.4609,27.9375,23.6797,29.5625
25.4922,27.8359,23.7422,29.5625
25.4375,27.8516,23.7422,29.6094
25.4922,27.8281,23.7266,29.5625
25.5391,27.8828,23.6797,29.5469
25.4531,27.9219,23.6328,29.625
25.5312,27.8594,23.7109,29.5391
25.4141,27.8516,23.6328,29.5547
25.4766,27.8906,23.6719,29.5781
25.4844,27.8438,23.6562,29.5
25.4297,27.8203,23.6094,29.5078
25.4609,27.8203,23.7031,29.5859
25.4844,27.8594,23.6953,29.5391
25.4219,27.8125,23.5938,29.5234
25.3828,27.8359,23.5938,29.4844
25.4609,27.8594,23.5781,29.4766
25.3906,27.7812,23.6328,29.5156
25.4609,27.8672,23.5703,29.4609
25.3672,27.7734,23.6016,29.4609
25.4375,27.8438,23.5781,29.5078
25.3516,27.8203,23.6016,29.5
25.3828,27.8438,23.5859,29.5156
25.3594,27.8125,23.5312,29.5
25.3984,27.8359,23.6172,29.4922
25.3516,27.7812,23.6328,29.5312
25.3047,27.7344,23.5469,29.4141
25.3984,27.6953,23.5938,29.3984
25.3203,27.7031,23.5625,29.4922
25.3281,27.6875,23.5234,29.4062
25.3516,27.7578,23.4922,29.3828
25.2969,27.6719,23.5859,29.3906
25.3359,27.6953,23.5703,29.3984
25.2734,27.7109,23.4609,29.375
25.3438,27.7734,23.5391,29.3828
25.3281,27.6719,23.5469,29.4609
25.3047,27.6641,23.4922,29.3438
25.3203,27.6406,23.4453,29.4375
25.3125,27.6719,23.5,29.4453
25.3359,27.6875,23.4688,29.3516
25.2969,27.7188,23.4297,29.3906
25.2422,27.7109,23.4766,29.3125
25.2266,27.7031,23.4062,29.3203
25.2031,27.6406,23.4141,29.3438
25.1953,27.6719,23.4375,29.3828
25.2188,27.6797,23.4844,29.3359
25.2031,27.6094,23.5,29.3438
25.2891,27.6016,23.4922,29.3672
25.1719,27.6719,23.3672,29.2812
25.1797,27.6641,23.4062,29.3125
25.2344,27.5547,23.3828,29.3594
25.2109,27.5859,23.4297,29.2578
25.1719,27.6328,23.4531,29.2812
25.1328,27.5391,23.4531,29.2969
25.2266,27.5312,23.3516,29.3203
25.1562,27.5469,23.4219,29.25
25.1172,27.6406,23.3906,29.3281
25.1328,27.6094,23.3906,29.3125
25.1016,27.5859,23.3438,29.2656
25.1484,27.6172,23.3984,29.2891
25.0938,27.5625,23.3438,29.2266
25.1016,27.4922,23.3125,29.2031
25.1641,27.5469,23.3672,29.2734
25.1719,27.5312,23.2734,29.1719
25.1797,27.5156,23.3516,29.1953
25.1484,27.5078,23.3594,29.1875
25.1562,27.4922,23.2578,29.2734
25.0547,27.5312,23.3047,29.1797
25.0781,27.5547,23.2891,29.1875
25.0469,27.5312,23.3516,29.25
25.1328,27.5312,23.2344,29.2422
25.0234,27.4219,23.2266,29.2188
25.1172,27.5156,23.2109,29.1719
25.0,27.4141,23.2031,29.2109
25.1172,27.4219,23.2109,29.1953
25.0859,27.4844,23.3047,29.1875
25.0859,27.4609,23.2109,29.1797
24.9844,27.3828,23.2266,29.1328
24.9688,27.4688,23.1719,29.1562
25.0078,27.375,23.1953,29.1016
24.9609,27.4219,23.1875,29.1094
25.0,27.3516,23.1562,29.1172
25.0547,27.3984,23.25,29.0391
24.9766,27.3672,23.1328,29.1484
24.9844,27.4297,23.2031,29.1094
24.9922,27.3359,23.1328,29.0312
24.9141,27.375,23.2109,29.1172
24.9062,27.3125,23.1094,29.0781
24.9844,27.2891,23.1562,29.0625
24.9766,27.375,23.2031,28.9844
24.9766,27.3594,23.0859,29.0938
24.9062,27.3828,23.1094,29.0078
24.8828,27.3438,23.1094,28.9609
24.9453,27.2578,23.1484,29.0625
24.9609,27.2578,23.1641,29.0078
24.8516,27.3594,23.1328,29.0078
24.8906,27.2344,23.1484,28.9688
24.9375,27.3281,23.1016,28.9219
24.9141,27.2734,23.1406,28.9766
24.8594,27.2422,23.1328,28.9922
24.8203,27.2031,23.0078,28.9531
24.8672,27.2031,23.1172,28.9766
24.8281,27.2734,23.0156,28.9922
24.7812,27.1875,23.1016,28.9297
24.8906,27.2812,23.0391,28.9531
24.8047,27.2109,23.0391,28.9609
24.8438,27.2656,22.9844,28.9375
24.8281,27.2188,23.0078,28.9453
24.8359,27.25,22.9375,28.9375
24.8125,27.2188,23.0547,28.8984
24.75,27.1562,23.0156,28.9219
24.7578,27.2266,23.0078,28.9375
24.7344,27.2188,23.0234,28.8281
24.8125,27.1562,23.0078,28.7969
24.7344,27.0938,22.9375,28.8125
24.7812,27.1641,22.9844,28.8047
24.7578,27.1875,22.9453,28.8438
24.7656,27.1328,22.9141,28.7656
24.75,27.1484,22.8906,28.7656
24.6719,27.1328,22.9062,28.7891
24.7656,27.1484,22.8516,28.7656
24.7344,27.125,22.8828,28.8125
24.625,27.1484,22.9219,28.7734
24.6875,27.0781,22.9297,28.8047
24.6484,27.0391,22.8359,28.7188
24.6016,27.0,22.9141,28.7969
24.6328,27.0703,22.9141,28.7734
24.6953,27.0703,22.8672,28.7734
24.6016,27.0547,22.8516,28.7812
24.6562,27.0547,22.8828,28.75
24.6172,27.0781,22.8359,28.7578
24.6016,27.0,22.8594,28.7422
24.5391,27.0234,22.8594,28.6875
24.6406,27.0391,22.7812,28.7344
24.6328,26.9453,22.7734,28.7422
24.5859,26.9531,22.8125,28.7031
24.6094,26.9297,22.7344,28.7031
24.6172,26.9375,22.7656,28.6875
24.6016,26.9531,22.7422,28.7109
24.5078,26.9375,22.7891,28.6719
24.5156,26.8906,22.7656,28.6797
24.5312,26.9297,22.6953,28.6641
24.4531,26.9375,22.6562,28.5625
24.4766,26.9531,22.7266,28.5469
24.5,26.8359,22.6562,28.5547
24.5469,26.8359,22.7188,28.6484
24.4688,26.8281,22.6797,28.5625
24.4609,26.9297,22.7031,28.6172
24.5234,26.8203,22.7031,28.6094
24.3906,26.8828,22.6641,28.5703
24.4844,26.7969,22.6328,28.4922
24.4062,26.8125,22.6016,28.4922
24.4688,26.8359,22.5938,28.4688
24.4766,26.7969,22.5859,28.4531
24.3594,26.8594,22.6641,28.4453
24.3672,26.7969,22.5859,28.5547
24.4219,26.7422,22.5469,28.5312
24.3828,26.7578,22.5703,28.4219
24.4141,26.7578,22.5781,28.5234
24.4141,26.8125,22.5781,28.5
24.3281,26.7031,22.5,28.4609
24.3828,26.8047,22.5859,28.5
24.2969,26.7109,22.4922,28.4141
24.3047,26.7031,22.5469,28.4219
24.3359,26.7578,22.4766,28.375
24.2656,26.7188,22.5391,28.375
24.2734,26.7578,22.4531,28.3984
24.2578,26.75,22.4453,28.3359
24.2188,26.6953,22.5078,28.3203
24.2656,26.6641,22.4844,28.3984
24.2266,26.7188,22.4453,28.4219
24.3125,26.6094,22.4297,28.3516
24.2266,26.6719,22.4297,28.3672
24.2031,26.6484,22.4062,28.2969
24.2109,26.6328,22.3672,28.2812
24.2109,26.6328,22.4219,28.2578
24.2188,26.6484,22.4609,28.2734
24.2109,26.6484,22.3281,28.2734
24.1484,26.6406,22.3203,28.2891
24.1094,26.5312,22.4297,28.25
24.1719,26.5156,22.4219,28.2188
24.1719,26.5,22.3828,28.2734
24.1953,26.4844,22.3594,28.2344
24.1797,26.5859,22.2891,28.2891
24.1094,26.4844,22.3828,28.1953
24.1641,26.5547,22.25,28.2344
24.0469,26.5312,22.2812,28.1562
24.0938,26.4453,22.2656,28.1719
24.0469,26.4531,22.2266,28.1562
24.0156,26.4844,22.2812,28.1641
24.125,26.4297,22.3203,28.1172
24.1016,26.3906,22.2812,28.1406
24.0469,26.4766,22.25,28.1328
24.0469,26.3828,22.1719,28.1016
23.9922,26.375,22.2109,28.1562
24.0703,26.4297,22.2422,28.0547
23.9922,26.3906,22.2266,28.125
24.0312,26.3906,22.1953,28.0625
23.9453,26.4062,22.2031,28.0703
24.0312,26.4219,22.2109,28.1328
23.8984,26.3594,22.1328,28.0703
23.9219,26.2891,22.2031,28.0
23.9141,26.3438,22.0781,28.0703
23.9922,26.2734,22.125,28.0
23.9141,26.3281,22.125,27.9609
23.9531,26.3594,22.0625,28.0078
23.8672,26.3281,22.1172,28.0
23.9062,26.2812,22.0703,28.0391
23.8828,26.2734,22.0391,28.0078
23.8984,26.2969,22.0781,27.9688
23.9219,26.1953,22.0312,27.9219
23.8984,26.2109,22.0781,27.9375
23.7891,26.2969,21.9766,27.9375
23.7656,26.2578,21.9766,27.9375
23.7969,26.2578,22.0,27.9453
23.7656,26.1875,22.0547,27.9531
23.7344,26.1328,21.9453,27.9453
23.7266,26.125,21.9219,27.8828
23.7109,26.1953,22.0078,27.9219
23.75,26.125,21.9219,27.9219
23.8125,26.1562,21.9219,27.7891
23.75,26.1484,21.9688,27.8281
23.75,26.1484,21.9531,27.8906
23.7734,26.0703,21.8672,27.8281
23.7578,26.0703,21.8906,27.8672
23.6484,26.0781,21.9609,27.8516
23.6484,26.0469,21.875,27.7344
23.6406,26.0391,21.8906,27.7891
23.6172,26.1094,21.9297,27.8281
23.6875,26.1172,21.8516,27.7812
23.5938,26.0234,21.8672,27.7734
23.5938,26.0625,21.8047,27.6719
23.6016,26.0234,21.7812,27.6719
23.6484,25.9531,21.7891,27.7344
23.5781,25.9766,21.7734,27.6797
23.5859,26.0391,21.8516,27.7188
23.6094,25.9766,21.7812,27.6562
23.6094,25.9375,21.7266,27.7031
23.5469,26.0156,21.7188,27.6953
23.4922,25.9062,21.7031,27.7031
23.5,25.9766,21.6719,27.5938
23.5859,25.8906,21.7188,27.6719
23.4688,25.8984,21.7734,27.5547
23.5469,25.8359,21.6875,27.6328
23.5469,25.8906,21.6875,27.5391
23.4375,25.9297,21.6562,27.5938
23.4688,25.9062,21.6484,27.5625
23.4375,25.8516,21.7031,27.5312
23.4141,25.7891,21.6953,27.4844
23.4141,25.8594,21.625,27.5078
23.4062,25.8281,21.5625,27.4609
23.3516,25.7969,21.6172,27.4922
23.4062,25.8281,21.5547,27.5
23.4219,25.7422,21.6484,27.4766
23.3516,25.7969,21.5547,27.5156
23.4062,25.7891,21.5547,27.5
23.2891,25.7344,21.5312,27.3906
23.3828,25.7812,21.6016,27.3984
23.3672,25.75,21.5781,27.4453
23.3438,25.6562,21.5,27.4375
23.3672,25.7422,21.5234,27.4141
23.3203,25.6562,21.5156,27.4219
23.3125,25.7188,21.4219,27.4375
23.3281,25.6484,21.5312,27.3828
23.1953,25.6094,21.5078,27.2969
23.1875,25.625,21.4453,27.3828
23.1875,25.5859,21.3906,27.3359
23.2656,25.625,21.4531,27.375
23.1484,25.6094,21.4609,27.3594
23.2266,25.6016,21.4453,27.3047
23.1328,25.5469,21.3359,27.3281
23.2031,25.5781,21.375,27.3281
23.2188,25.6094,21.4219,27.2344
23.1094,25.5078,21.3281,27.2109
23.0781,25.5312,21.3516,27.2891
23.1094,25.4766,21.3047,27.2344
23.0547,25.5234,21.3438,27.1875
23.0547,25.5234,21.2422,27.2344
23.0703,25.5391,21.2969,27.1328
23.125,25.4219,21.3281,27.1172
23.1172,25.4453,21.2578,27.1562
23.0078,25.4922,21.2969,27.1328
22.9844,25.4922,21.2031,27.0781
23.0,25.3906,21.25,27.1094
23.0078,25.3594,21.1562,27.1484
22.9922,25.4688,21.1641,27.0469
22.9531,25.3906,21.1797,27.0547
23.0078,25.3906,21.1328,27.1016
22.9062,25.3594,21.1719,27.0469
22.9297,25.3594,21.1797,27.1094
22.9844,25.375,21.1172,26.9922
22.9141,25.3906,21.125,27.0703
22.9766,25.3672,21.0703,26.9766
22.9375,25.2656,21.1328,27.0234
22.8359,25.3516,21.0859,27.0156
22.9375,25.2578,21.125,26.9922
22.8594,25.2266,21.0625,27.0156
22.8047,25.2969,21.0391,26.9688
22.8516,25.2422,21.0,26.9141
22.8281,25.2422,21.0312,26.9375
22.7578,25.2109,21.0,26.8984
22.8594,25.2188,21.0078,26.9062
22.7969,25.1562,20.9453,26.8906
22.7734,25.1797,20.9531,26.8438
22.7656,25.1641,21.0312,26.9297
22.7734,25.1641,21.0156,26.8516
22.75,25.125,20.9531,26.7812
22.7266,25.0781,20.8672,26.8516
22.6641,25.1172,20.9453,26.8438
22.6719,25.0703,20.8438,26.8672
22.6797,25.0547,20.8281,26.8438
22.7188,25.0312,20.8594,26.7969
22.7266,25.0156,20.8984,26.7422
22.6094,25.0312,20.8516,26.7891
22.7031,25.0078,20.7812,26.7266
22.5859,24.9844,20.8359,26.7188
22.6016,25.0547,20.8125,26.6719
22.6484,25.0391,20.7578,26.7578
22.5547,24.9688,20.7969,26.6406
22.5625,25.0234,20.8047,26.6875
22.625,24.9609,20.75,26.6406
22.5391,24.9453,20.6953,26.625
22.5781,24.9062,20.6953,26.6953
22.4844,24.9219,20.7422,26.6797
22.5469,24.9297,20.6484,26.5625
22.5156,24.875,20.6562,26.5781
22.4297,24.8516,20.7109,26.6328
22.4219,24.8359,20.6562,26.5781
22.4375,24.8438,20.6172,26.5
22.4922,24.8828,20.625,26.5547
22.3906,24.8125,20.6328,26.5781
22.4375,24.7969,20.6094,26.5547
22.3828,24.8203,20.5859,26.5234
22.4375,24.7812,20.6172,26.4688
22.4297,24.7734,20.5625,26.5156
22.3828,24.7969,20.625,26.4531
22.3359,24.7578,20.6016,26.4766
22.3594,24.7969,20.5,26.4453
22.2812,24.7812,20.5859,26.4219
22.2969,24.6953,20.5078,26.4688
22.2969,24.7344,20.4844,26.3828
22.25,24.7188,20.5312,26.3906
22.2188,24.6719,20.4609,26.4062
22.2812,24.6953,20.4062,26.375
22.2578,24.6094,20.4531,26.3594
22.1797,24.6562,20.3984,26.2969
22.2031,24.6016,20.3672,26.2656
22.2031,24.6094,20.3594,26.2734
22.125,24.6172,20.3594,26.2969
22.2344,24.5312,20.3516,26.3359
22.1328,24.5312,20.3125,26.3125
22.1562,24.5938,20.375,26.3047
22.0703,24.5625,20.2812,26.1719
22.1641,24.4844,20.2578,26.1875
22.0703,24.4844,20.3438,26.1953
22.1328,24.4375,20.2812,26.1641
22.1172,24.4141,20.2188,26.1172
22.0859,24.4453,20.2344,26.125
21.9922,24.5078,20.2891,26.2109
21.9766,24.4062,20.1875,26.1016
22.0625,24.3672,20.25,26.1719
22.0156,24.4375,20.2188,26.125
22.0234,24.3359,20.1406,26.125
22.0312,24.4062,20.2109,26.0391
21.9531,24.3516,20.2031,26.1016
21.9844,24.3906,20.2031,26.0234
21.9297,24.3672,20.125,25.9766
21.9688,24.3125,20.1641,25.9688
21.8906,24.25,20.125,26.0078
21.9453,24.2422,20.0625,26.0312
21.9219,24.2734,20.0469,26.0391
21.8672,24.2891,20.1172,25.9141
21.8438,24.1953,20.0,25.8906
21.8984,24.2344,20.0391,25.9375
21.8594,24.2812,20.0391,25.9219
21.8594,24.1562,19.9688,25.9453
21.7422,24.2578,19.9844,25.8359
21.75,24.2422,19.9375,25.8906
21.7031,24.1875,19.9375,25.8125
21.7422,24.1797,20.0078,25.8281
21.7031,24.1484,19.9141,25.8281
21.7812,24.1406,19.875,25.8047
21.6719,24.0859,19.9609,25.7578
21.75,24.0703,19.8359,25.8438
21.7422,24.0625,19.8906,25.8359
21.6328,24.0781,19.8438,25.7266
21.6016,24.0391,19.8672,25.7031
21.5781,24.0234,19.8828,25.7344
21.5703,24.0781,19.8828,25.7031
21.5547,23.9766,19.8594,25.6562
21.5938,23.9531,19.8203,25.75
21.5703,23.9766,19.7734,25.6797
21.5234,23.9531,19.7734,25.625
21.5547,23.8984,19.7188,25.6562
21.5625,23.9609,19.7031,25.5859
21.5312,23.8672,19.6797,25.6172
21.4844,23.8438,19.6719,25.625
21.4609,23.8672,19.6484,25.6016
21.5234,23.8672,19.6562,25.6172
21.4062,23.8828,19.6484,25.5625
21.4844,23.875,19.6953,25.5312
21.4766,23.8281,19.6719,25.4922
21.4062,23.7578,19.6484,25.5156
21.3984,23.8359,19.5469,25.5469
21.4062,23.8359,19.6328,25.5156
21.3516,23.8281,19.6172,25.4062
21.4062,23.7188,19.5547,25.4688
21.3281,23.7891,19.5703,25.5
21.2812,23.6875,19.4688,25.3828
21.3438,23.6484,19.5703,25.4609
21.2422,23.6484,19.4375,25.4062
21.2578,23.7109,19.5,25.3906
21.3281,23.6484,19.4062,25.375
21.2031,23.6797,19.4062,25.3281
21.2734,23.6328,19.3828,25.375
21.1719,23.6406,19.4609,25.2969
21.2109,23.5547,19.3906,25.2969
21.1484,23.6406,19.4062,25.2422
21.2266,23.6172,19.4141,25.2344
21.1953,23.5703,19.3281,25.3203
21.1328,23.5547,19.4062,25.2344
21.1172,23.5078,19.3281,25.1797
21.1094,23.5156,19.2734,25.2031
21.1562,23.5469,19.25,25.1641
21.0234,23.4609,19.2344,25.1641
21.0234,23.5,19.3047,25.1406
21.0703,23.4297,19.2031,25.2031
20.9922,23.4297,19.1797,25.1953
21.0391,23.4375,19.2031,25.1094
21.0469,23.3516,19.2344,25.1562
20.9766,23.3359,19.2266,25.0469
20.9453,23.3438,19.2266,25.0625
20.9219,23.4062,19.1484,25.0469
20.9609,23.3906,19.1094,25.0
20.8672,23.3281,19.1016,25.0391
20.9297,23.2891,19.1484,25.0703
20.9531,23.3047,19.0859,25.0
20.9219,23.2422,19.0312,24.9609
20.8828,23.3047,19.0859,24.9375
20.8906,23.2266,19.1016,24.9375
20.8047,23.2969,19.0078,24.8906
20.875,23.1719,19.0,24.9688
20.7422,23.1719,18.9922,24.8906
20.7266,23.1562,18.9531,24.8438
20.7812,23.1406,18.9922,24.8672
20.8047,23.1875,18.9844,24.8828
20.7578,23.1562,18.9609,24.8672
20.7422,23.1641,18.9141,24.8125
20.6484,23.1406,18.875,24.8359
20.6719,23.1406,18.8516,24.7656
20.7344,23.0156,18.8594,24.7578
20.7188,23.0781,18.7969,24.75
20.6953,23.0469,18.8516,24.6875
20.5781,23.0703,18.7891,24.6719
20.625,23.0625,18.75,24.6641
20.6172,23.0547,18.8047,24.7031
20.6406,23.0391,18.75,24.6875
20.6016,23.0156,18.7422,24.7031
20.5547,22.9922,18.6875,24.6094
20.5156,22.9219,18.6797,24.6641
20.4531,22.8984,18.6641,24.5938
20.4531,22.8828,18.7422,24.5625
20.4766,22.9219,18.6719,24.5938
20.4609,22.875,18.7109,24.6094
20.5,22.8438,18.6016,24.4922
20.4453,22.8359,18.6562,24.5781
20.4766,22.7891,18.6016,24.5078
20.4609,22.75,18.5625,24.5234
20.3438,22.7344,18.5234,24.4766
20.3281,22.7734,18.5469,24.5078
20.3359,22.7109,18.5547,24.5078
20.3047,22.7188,18.5078,24.3906
20.3047,22.7734,18.4609,24.375
20.2422,22.6484,18.4766,24.4453
20.25,22.6797,18.5078,24.4062
20.2656,22.7031,18.4766,24.3516
20.2344,22.7031,18.5156,24.3828
20.2109,22.5781,18.4219,24.3438
20.2344,22.5625,18.4844,24.3672
20.1641,22.5859,18.3672,24.25
20.1719,22.5391,18.4297,24.2422
20.2109,22.5703,18.4062,24.3047
20.1953,22.5781,18.4141,24.3047
20.1719,22.5547,18.3906,24.2344
20.1875,22.4922,18.3828,24.2344
20.0469,22.5469,18.25,24.2656
20.125,22.4297,18.25,24.1406
20.0469,22.4609,18.3047,24.1328
20.0156,22.4688,18.1953,24.1406
19.9844,22.4844,18.2891,24.1094
19.9922,22.4141,18.2578,24.0781
19.9609,22.4141,18.1562,24.1406
19.9375,22.3438,18.2109,24.1016
19.9844,22.4219,18.1406,24.0469
19.9141,22.3359,18.1641,24.0078
19.9375,22.3828,18.1172,24.0
19.9609,22.3047,18.0625,24.0547
19.9141,22.2891,18.1562,24.0
19.8516,22.2812,18.1406,23.9531
19.8203,22.2344,18.1016,23.9922
19.8984,22.2734,18.0391,23.9375
19.7969,22.2031,18.0781,23.9922
19.875,22.2109,17.9844,23.8594
19.7969,22.2656,18.0625,23.9141
19.7969,22.1875,17.9688,23.8672
19.7188,22.1484,17.9453,23.8594
19.7344,22.2188,17.9141,23.8359
19.7188,22.1094,17.9609,23.8281
19.7734,22.0781,17.9297,23.7578
19.7266,22.1406,17.9141,23.8047
19.7344,22.0781,17.8281,23.7578
19.7266,22.0391,17.8594,23.7969
19.6797,22.0859,17.8906,23.7109
19.6328,21.9922,17.7969,23.7578
19.6797,22.0312,17.8203,23.6875
19.6328,22.0547,17.7578,23.6406
19.5625,22.0234,17.7969,23.6328
19.5859,21.9531,17.7266,23.7031
19.5391,21.8984,17.7422,23.6094
19.5391,21.9844,17.6719,23.6797
19.5469,21.9453,17.6953,23.5859
19.5547,21.8594,17.6562,23.6562
19.4688,21.8906,17.7422,23.6094
19.4141,21.8516,17.6719,23.5938
19.4141,21.8047,17.7031,23.5078
19.3672,21.8125,17.6797,23.5078
19.4688,21.8516,17.5625,23.5625
19.4531,21.7969,17.5312,23.5312
19.3672,21.7578,17.5859,23.4453
19.3281,21.7578,17.5078,23.5
19.3203,21.7812,17.6016,23.4219
19.3438,21.6641,17.5625,23.4062
19.2969,21.7188,17.5391,23.3984
19.2891,21.6406,17.5469,23.4531
19.3281,21.7188,17.5156,23.3828
19.2031,21.5938,17.4375,23.3828
19.2031,21.6797,17.4844,23.2891
19.1562,21.5625,17.4297,23.3203
19.2188,21.6484,17.3516,23.3047
19.1875,21.5859,17.3203,23.3203
19.1875,21.5469,17.3594,23.2734
19.1953,21.5469,17.3984,23.3047
19.1484,21.5234,17.3828,23.2422
19.0859,21.5625,17.3516,23.1797
19.1328,21.4531,17.2891,23.1562
19.0156,21.4453,17.3359,23.1641
19.0391,21.5234,17.2969,23.2188
19.0,21.4531,17.2891,23.1406
19.0469,21.4141,17.2344,23.1406
18.9531,21.3828,17.1562,23.1641
18.9453,21.3984,17.1797,23.1094
19.0078,21.3594,17.2031,23.0781
18.8906,21.3438,17.1094,23.0938
18.9141,21.3516,17.125,23.0859
18.9766,21.375,17.1172,23.0781
18.8984,21.3203,17.1484,23.0469
18.8906,21.2578,17.0234,23.0
18.8125,21.3047,17.0,23.0156
18.8594,21.2891,17.0625,22.9062
18.8359,21.25,17.0781,22.875
18.7734,21.2109,17.0391,22.8906
18.8203,21.1719,16.9453,22.8984
18.7656,21.1719,16.9453,22.9219
18.8047,21.2031,16.9766,22.8984
18.7656,21.1406,16.9766,22.8281
18.7109,21.0781,16.9219,22.8594
18.6641,21.0938,16.8828,22.8594
18.625,21.0234,16.8203,22.7656
18.6172,21.0781,16.9062,22.7422
18.5859,21.0078,16.8438,22.7578
18.5859,20.9766,16.8672,22.7812
18.6094,21.0391,16.8281,22.6875
18.5312,21.0234,16.8125,22.7188
18.625,21.0312,16.8203,22.7266
18.4922,20.9453,16.7578,22.6484
18.5859,20.9844,16.7188,22.6797
18.5469,20.8906,16.7812,22.5625
18.5547,20.8828,16.6484,22.5781
18.4219,20.8906,16.6328,22.5625
18.4062,20.8906,16.7109,22.5859
18.4141,20.8125,16.5859,22.5156
18.4766,20.8047,16.625,22.5547
18.4375,20.8281,16.6094,22.4688
18.3281,20.8125,16.6484,22.4531
18.3125,20.7656,16.5547,22.4141
18.375,20.7969,16.5547,22.4844
18.3125,20.7422,16.5625,22.4766
18.2969,20.6562,16.4531,22.3906
18.2891,20.7188,16.4922,22.3359
18.25,20.6172,16.4688,22.3594
18.2031,20.6094,16.5234,22.3516
18.25,20.6641,16.3828,22.3359
18.1641,20.625,16.4609,22.2656
18.2578,20.5859,16.4688,22.2578
18.1484,20.5703,16.3984,22.3281
18.1406,20.5781,16.3906,22.3047
18.1797,20.5703,16.3516,22.2891
18.1875,20.5938,16.3281,22.2109
18.1016,20.5156,16.3125,22.2188
18.0469,20.4375,16.3516,22.1719
18.0234,20.4375,16.2266,22.2266
18.0781,20.4062,16.2344,22.1953
18.0312,20.4844,16.2891,22.1406
18.0781,20.4297,16.25,22.125
17.9766,20.3516,16.1719,22.1172
17.9922,20.3281,16.1328,22.0547
17.9844,20.3203,16.1328,22.0234
17.9141,20.3359,16.125,22.1016
17.8672,20.2812,16.1562,22.0469
17.9375,20.3281,16.1328,21.9766
17.9062,20.3438,16.0547,21.9844
17.8281,20.2969,16.0312,21.9688
17.7891,20.2422,16.1094,21.9375
17.8281,20.1875,16.0312,21.9375
17.7734,20.25,15.9609,21.8516
17.7734,20.1562,15.9531,21.9062
17.7734,20.125,15.9531,21.8672
17.7266,20.1406,15.9062,21.9141
17.7266,20.0781,15.8984,21.8281
17.7031,20.1797,15.9375,21.8359
17.7578,20.1094,15.9453,21.7578
17.6406,20.1406,15.875,21.8047
17.6953,20.0156,15.8516,21.8125
17.6562,20.0703,15.7812,21.6875
17.6406,20.0078,15.8438,21.7188
17.625,20.0625,15.7656,21.7109
17.5859,19.9531,15.7891,21.7188
17.5703,20.0234,15.7344,21.7031
17.5859,19.9375,15.7344,21.6016
17.4766,19.9375,15.7344,21.5625
17.4688,19.9453,15.6641,21.6562
17.5391,19.9375,15.6562,21.5547
17.5078,19.875,15.7188,21.5156
17.4766,19.8594,15.6562,21.5703
17.4609,19.8594,15.5859,21.5703
17.4062,19.7891,15.6406,21.5078
17.3281,19.7969,15.5625,21.4922
17.3906,19.75,15.6016,21.4688
17.3516,19.7891,15.5,21.4688
17.375,19.6953,15.5,21.4453
17.3594,19.7422,15.5234,21.4297
17.3125,19.7266,15.4766,21.4219
17.2109,19.6719,15.5312,21.4219
17.3125,19.6875,15.5156,21.3359
17.1875,19.6875,15.4219,21.3359
17.2344,19.5938,15.3984,21.3594
17.1875,19.6328,15.3984,21.3125
17.1172,19.5938,15.3594,21.2266
17.0938,19.5,15.3906,21.2188
17.1797,19.5391,15.3594,21.2188
17.0781,19.4609,15.2891,21.1953
17.0547,19.4375,15.2422,21.1875
17.0703,19.5156,15.3203,21.2422
17.0078,19.4297,15.2812,21.2188
17.0469,19.4688,15.2422,21.0781
16.9922,19.3672,15.1641,21.0781
17.0078,19.3984,15.2188,21.0391
17.0078,19.3828,15.1328,21.0234
16.9375,19.3984,15.1094,21.1094
16.9922,19.3594,15.1328,21.0312
16.9531,19.3281,15.1719,21.0
16.9531,19.2812,15.1484,20.9922
16.8359,19.2734,15.0859,20.9531
16.8047,19.2344,15.0547,21.0156
16.8828,19.2734,15.0625,20.9922
16.8828,19.2656,14.9922,20.9297
16.7422,19.2109,14.9609,20.9297
16.8203,19.125,15.0469,20.9141
16.7344,19.125,14.9141,20.8359
16.7734,19.125,14.9062,20.8438
16.7734,19.1641,14.9062,20.8047
16.7031,19.1641,14.8516,20.8359
16.6406,19.1328,14.8438,20.7422
16.6953,19.0625,14.8438,20.8047
16.7031,19.0078,14.8906,20.7109
16.6328,19.0234,14.875,20.7812
16.5547,18.9844,14.8438,20.6953
16.5938,19.0156,14.7344,20.6953
16.5078,18.9922,14.7812,20.6016
16.5312,19.0078,14.7734,20.7031
16.5859,18.9219,14.7656,20.5859
16.5078,18.9062,14.7578,20.6328
16.5156,18.9141,14.7031,20.5234
16.4844,18.8281,14.6719,20.6016
16.4531,18.9062,14.6719,20.4922
16.4453,18.7812,14.6719,20.5078
16.375,18.8672,14.5703,20.5625
16.4375,18.7969,14.6172,20.4219
16.375,18.7812,14.5703,20.4531
16.3516,18.7812,14.5547,20.4922
16.375,18.7422,14.4766,20.4141
16.3438,18.6406,14.4453,20.3906
16.3125,18.7109,14.5156,20.4453
16.2266,18.6797,14.5156,20.3125
16.25,18.6328,14.4297,20.3125
16.2812,18.5859,14.4297,20.3516
16.2656,18.6016,14.4609,20.3047
16.125,18.5312,14.375,20.25
16.1797,18.5234,14.3594,20.2031
16.1719,18.5703,14.3281,20.2188
16.0703,18.4688,14.2812,20.25
16.1641,18.5,14.2812,20.1797
16.0234,18.4531,14.3125,20.1797
16.0,18.3984,14.2109,20.1797
16.0469,18.4062,14.2266,20.1328
15.9766,18.3828,14.1875,20.0703
16.0312,18.3906,14.1875,20.0625
15.9766,18.3906,14.1172,20.0859
15.9062,18.3984,14.1094,20.0703
15.8906,18.3984,14.0938,19.9766
15.9141,18.3594,14.1641,20.0234
15.8828,18.2734,14.0781,19.9844
15.8281,18.3125,14.0625,19.9922
15.8672,18.3125,14.0547,20.0078
15.7734,18.2656,14.0625,19.9844
15.7812,18.2656,13.9766,19.8906
15.8203,18.2344,14.0078,19.875
15.7656,18.1172,13.9609,19.8203
15.75,18.125,13.9922,19.8828
15.6797,18.0703,13.9844,19.8438
15.7031,18.0938,13.9609,19.875
15.6719,18.0703,13.8281,19.75
15.6094,18.0781,13.8984,19.75
15.7109,18.0859,13.8906,19.7188
15.6719,17.9922,13.8594,19.7891
15.5469,18.0078,13.8516,19.6953
15.5938,18.0469,13.7891,19.625
15.5547,18.0234,13.8203,19.6094
15.5859,17.9453,13.75,19.6875
15.5078,17.9844,13.7031,19.5625
15.5625,17.8828,13.7031,19.6016
15.5312,17.8359,13.6328,19.6328
15.4453,17.8594,13.6953,19.5
15.4922,17.8906,13.6094,19.4844
15.3906,17.7734,13.5625,19.5625
15.4609,17.8594,13.5781,19.4922
15.3828,17.8203,13.6406,19.5
15.3828,17.7578,13.5625,19.4453
15.3203,17.6875,13.4844,19.5
15.2734,17.7109,13.4688,19.4062
15.3203,17.7031,13.4531,19.4297
15.2578,17.6172,13.4688,19.4062
15.2578,17.6328,13.4766,19.3281
15.1719,17.6328,13.4453,19.3203
15.2266,17.625,13.4062,19.3516
15.1484,17.5703,13.3828,19.3125
15.1484,17.6172,13.3125,19.2188
15.1484,17.4922,13.2891,19.3125
15.1016,17.5,13.3594,19.1797
15.0859,17.4766,13.2656,19.2578
15.0703,17.4375,13.2656,19.2266
15.0391,17.4688,13.3281,19.1953
15.0234,17.4531,13.2578,19.1875
14.9922,17.4453,13.1953,19.125
14.9688,17.3906,13.1797,19.1094
15.0312,17.4141,13.1641,19.0781
15.0078,17.4219,13.2188,19.0312
14.9375,17.3828,13.0781,18.9922
14.9766,17.2812,13.1562,18.9688
14.8359,17.3594,13.125,18.9375
14.8828,17.2422,13.0391,18.9922
14.7969,17.3047,13.0859,18.9219
14.7969,17.2812,12.9844,18.9062
14.8516,17.1641,12.9844,18.8984
14.8047,17.2109,13.0391,18.9297
14.7422,17.1484,13.0,18.8672
14.7969,17.1797,12.9453,18.8906
14.7734,17.1562,12.8984,18.875
14.6875,17.0547,12.9141,18.7578
14.7266,17.0938,12.9453,18.8125
14.7266,17.0703,12.8438,18.7344
14.5938,17.0938,12.8438,18.7891
14.6172,16.9844,12.8516,18.6641
14.6484,17.0156,12.8594,18.75
14.5703,16.9375,12.7578,18.625
14.5703,16.9297,12.75,18.7031
14.5547,16.9531,12.6953,18.5781
14.4922,16.9375,12.6875,18.6172
14.4531,16.9062,12.75,18.625
14.4922,16.8984,12.7188,18.5078
14.5,16.8594,12.6484,18.5781
14.4219,16.8516,12.6562,18.4688
14.3594,16.8438,12.625,18.5078
14.3281,16.7266,12.6484,18.4922
14.3359,16.7578,12.5156,18.4766
14.3828,16.7344,12.5938,18.4844
14.2734,16.7812,12.5,18.3906
14.2812,16.7266,12.4531,18.3828
14.2344,16.6797,12.4375,18.3984
14.2266,16.6328,12.4062,18.4141
14.2109,16.6641,12.3828,18.3047
14.1719,16.5547,12.4062,18.3438
14.1641,16.5391,12.4219,18.3438
14.2266,16.6016,12.3203,18.25
14.1016,16.5312,12.3203,18.25
14.1875,16.4844,12.2656,18.2656
14.1328,16.5078,12.3438,18.2422
14.1406,16.4766,12.25,18.1953
14.125,16.4688,12.25,18.1641
13.9766,16.4219,12.1875,18.0938
14.0781,16.3984,12.2109,18.1016
14.0469,16.3906,12.1562,18.1406
14.0078,16.4219,12.1328,18.0625
13.9844,16.375,12.2109,18.0625
13.9844,16.3281,12.125,17.9844
13.8984,16.2969,12.1328,18.0703
13.9453,16.2578,12.0781,17.9688
13.8359,16.2656,12.1172,18.0078
13.8828,16.1953,12.1016,17.9141
13.7891,16.2812,12.0703,17.9062
13.8438,16.1719,11.9844,17.875
13.8125,16.1562,11.9375,17.8203
13.6953,16.1797,11.9141,17.8906
13.7344,16.125,11.9375,17.8438
13.7109,16.0547,11.9219,17.8359
13.6953,16.0938,11.875,17.8047
13.6484,16.1094,11.8594,17.8281
13.6797,16.0781,11.8203,17.6953
13.6094,16.0781,11.875,17.6953
13.5547,15.9766,11.8047,17.6953
13.5859,15.9922,11.8125,17.6797
13.5938,15.9609,11.7031,17.7031
13.5078,16.0,11.7188,17.6094
13.5469,15.8672,11.7266,17.6484
13.4844,15.8438,11.6953,17.6484
13.4219,15.8828,11.6406,17.625
13.4609,15.8672,11.6172,17.5
13.3906,15.8203,11.6094,17.5781
13.3906,15.8359,11.6484,17.5078
13.3672,15.8438,11.5469,17.4766
13.3203,15.7109,11.5703,17.4531
13.3438,15.7891,11.4844,17.4219
13.2656,15.7266,11.5703,17.4766
13.2344,15.6797,11.4688,17.4062
13.2266,15.6172,11.4375,17.3516
13.3047,15.6094,11.5156,17.3438
13.2422,15.5938,11.3984,17.3438
13.1953,15.5859,11.4375,17.3203
13.1484,15.5547,11.4062,17.3438
13.1016,15.5469,11.3125,17.2578
13.1094,15.4844,11.3594,17.1953
13.1562,15.5391,11.3281,17.2578
13.0391,15.5312,11.2656,17.2109
13.0469,15.5078,11.2969,17.125
13.1094,15.4766,11.2109,17.0938
13.0312,15.3828,11.25,17.0938
12.9688,15.3594,11.1953,17.0469
13.0234,15.3672,11.125,17.0391
12.9609,15.3672,11.1641,17.125
12.8984,15.3516,11.1328,16.9922
12.9766,15.2812,11.1406,17.0391
12.8438,15.3281,11.1562,16.9766
12.8672,15.2344,11.1172,17.0234
12.8438,15.2031,11.0,16.9766
12.8516,15.2578,11.0938,16.9609
12.8672,15.25,11.0703,16.9062
12.8359,15.1562,11.0469,16.9062
12.8125,15.1016,10.9922,16.9219
12.7031,15.1484,10.9531,16.8125
12.7578,15.1328,10.9062,16.7578
12.7266,15.0859,10.8984,16.8047
12.6328,15.0469,10.875,16.8125
12.5938,15.0391,10.7891,16.6953
12.6094,15.0469,10.7812,16.7578
12.6172,15.0547,10.8203,16.75
12.5625,14.9766,10.7734,16.6484
12.5,14.9141,10.7344,16.7031
12.5859,14.8984,10.7188,16.7031
12.5078,14.8672,10.7578,16.6562
12.4453,14.9219,10.6484,16.6172
12.4609,14.8516,10.625,16.5391
12.4062,14.8906,10.6562,16.5469
12.3906,14.8594,10.6797,16.5781
12.4141,14.7969,10.6562,16.5078
12.3906,14.7734,10.625,16.5312
12.3672,14.8125,10.6172,16.4922
12.3047,14.7891,10.5,16.375
12.3125,14.6641,10.5625,16.3984
12.2734,14.6953,10.5156,16.3594
12.25,14.7031,10.5078,16.4219
12.2109,14.6953,10.3906,16.3906
12.1875,14.6328,10.4375,16.3828
12.1719,14.6484,10.3516,16.3516
12.2266,14.6016,10.3203,16.2188
12.1797,14.5781,10.3047,16.2656
12.1406,14.4922,10.3672,16.2109
12.0781,14.5312,10.2578,16.2344
12.1016,14.4688,10.2891,16.1875
12.0234,14.4297,10.3125,16.1094
12.0547,14.4453,10.3047,16.1328
11.9609,14.4141,10.2812,16.0703
12.0469,14.4609,10.1406,16.0703
11.9766,14.4375,10.1484,16.125
11.9453,14.3516,10.1797,16.0391
11.8828,14.3516,10.1016,16.0781
11.9453,14.2656,10.0859,16.0547
11.9375,14.2812,10.0781,15.9766
11.8984,14.2188,10.0781,15.9453
11.8906,14.2891,10.0781,16.0
11.8594,14.1562,10.0156,15.8984
11.8203,14.2031,10.0156,15.9453
11.7109,14.2031,9.9688,15.8438
11.6875,14.1016,10.0078,15.7969
11.7578,14.0781,9.9766,15.8125
11.6719,14.125,9.875,15.7656
11.7031,14.0312,9.8828,15.7188
11.7188,14.0391,9.8359,15.8047
11.6875,14.0234,9.8828,15.7812
11.6094,14.0703,9.7891,15.6641
11.5391,14.0,9.7891,15.625
11.5859,13.9844,9.7344,15.6016
11.5234,13.9453,9.7109,15.6094
11.4609,13.8594,9.7109,15.5781
11.5469,13.875,9.6797,15.5938
11.4844,13.8906,9.6641,15.5859
11.3906,13.8438,9.6719,15.5
11.4062,13.7969,9.6094,15.4844
11.3828,13.7812,9.6562,15.4688
11.3906,13.8125,9.5547,15.5391
11.3672,13.7656,9.5703,15.4219
11.2969,13.7031,9.5859,15.3828
11.3125,13.75,9.4609,15.4609
11.2266,13.7188,9.4531,15.3828
11.2969,13.6406,9.4375,15.4062
11.2734,13.6406,9.4375,15.3281
11.2422,13.6719,9.4375,15.3828
11.1406,13.6094,9.3672,15.2344
11.1875,13.5391,9.3828,15.2344
11.1406,13.5703,9.3516,15.1953
11.0703,13.5,9.3203,15.2891
11.1484,13.5391,9.3281,15.25
11.1406,13.4844,9.3047,15.1953
11.0781,13.4062,9.2969,15.2109
10.9766,13.4297,9.2891,15.1094
10.9609,13.4375,9.1641,15.1172
11.0078,13.3281,9.2422,15.0547
10.9609,13.4062,9.2266,15.0312
10.9766,13.3516,9.1484,15.0781
10.9141,13.3281,9.1641,15.0078
10.8359,13.3203,9.0703,15.0156
10.8828,13.2734,9.0547,14.9219
10.8438,13.2734,9.1094,14.9141
10.7812,13.1953,9.0781,14.8828
10.7969,13.2344,8.9453,14.9062
10.7812,13.2344,8.9219,14.8359
10.8203,13.1406,8.9219,14.8984
10.7031,13.1953,8.9688,14.8047
10.6797,13.1562,8.8906,14.7969
10.6797,13.0391,8.8672,14.8125
10.7031,13.1172,8.8984,14.8047
10.6328,13.0703,8.8438,14.7656
10.5938,13.0625,8.8438,14.7031
10.5859,13.0547,8.8438,14.6484
10.625,12.9219,8.8125,14.6406
10.5312,12.9844,8.7812,14.6172
10.5234,12.9141,8.7188,14.6562
10.5156,12.9219,8.7344,14.5547
10.4531,12.8672,8.6484,14.5781
10.4375,12.8203,8.7188,14.5312
10.3828,12.8438,8.5703,14.5078
10.3516,12.8594,8.6328,14.4922
10.4297,12.8359,8.5938,14.5391
10.3438,12.7344,8.5625,14.4922
10.3438,12.7188,8.5625,14.4844
10.3047,12.75,8.5469,14.375
10.2344,12.7422,8.5312,14.3359
10.2891,12.6641,8.4844,14.3984
10.2891,12.6484,8.4844,14.3281
10.1875,12.6172,8.4531,14.3281
10.2109,12.6484,8.4375,14.2734
10.2188,12.5156,8.3438,14.25
10.1016,12.5859,8.4062,14.2969
10.1875,12.5234,8.3516,14.2422
10.0859,12.5312,8.3047,14.1484
10.0547,12.4922,8.2422,14.1406
10.0391,12.4297,8.2188,14.2109
10.0234,12.4141,8.25,14.1953
9.9609,12.4609,8.2344,14.1172
10.0,12.3281,8.25,14.1328
9.9531,12.4062,8.1953,14.0234
9.9609,12.3906,8.1406,14.0703
9.8828,12.2812,8.1484,14.0703
9.9297,12.25,8.0547,14.0078
9.9219,12.3047,8.0703,14.0312
9.8594,12.25,8.0703,13.9922
9.8438,12.1797,8.0078,13.8672
9.75,12.2422,7.9453,13.9609
9.7578,12.1719,8.0,13.9219
9.7266,12.1875,7.9375,13.9141
9.7344,12.1797,7.8828,13.875
9.7266,12.1172,7.9688,13.8516
9.6484,12.0547,7.875,13.7734
9.6641,12.0312,7.9141,13.8047
9.5859,12.0547,7.8203,13.6875
9.5938,12.0078,7.8516,13.6953
9.5312,12.0078,7.8125,13.7344
9.5078,12.0156,7.7578,13.6562
9.5469,11.9219,7.7969,13.5938
9.5469,11.8828,7.6719,13.6641
9.4453,11.9297,7.6641,13.625
9.5,11.9141,7.6562,13.5859
9.3984,11.7891,7.6172,13.5391
9.375,11.8125,7.5781,13.4922
9.4297,11.8359,7.5703,13.5234
9.3594,11.8281,7.5703,13.5078
9.3984,11.8047,7.5859,13.4844
9.375,11.7891,7.5938,13.3906
9.2578,11.6484,7.5078,13.4375
9.2734,11.7109,7.5078,13.3906
9.2891,11.6719,7.4531,13.3125
9.1797,11.6094,7.3984,13.3984
9.1953,11.6562,7.3906,13.3047
9.2109,11.5781,7.3281,13.3203
9.1641,11.6172,7.4141,13.2031
9.1719,11.5938,7.3906,13.3047
9.1406,11.4609,7.375,13.1562
9.1484,11.4922,7.3125,13.1641
9.0781,11.5312,7.25,13.2109
9.0078,11.4297,7.2188,13.0859
8.9766,11.4609,7.2109,13.0859
9.0625,11.3594,7.1797,13.0469
8.9766,11.3359,7.1641,13.125
9.0156,11.3516,7.1797,13.0938
8.9922,11.2656,7.1719,12.9766
8.8438,11.3281,7.1328,12.9844
8.9297,11.2188,7.125,12.9844
8.8047,11.2188,7.0547,12.9844
8.8672,11.2656,6.9766,12.9609
8.7891,11.2109,7.0234,12.8984
8.75,11.2266,7.0391,12.8359
8.7031,11.1016,6.9922,12.8359
8.7969,11.1094,6.9375,12.7812
8.7344,11.1562,6.8984,12.7812
8.6875,11.1484,6.9297,12.8125
8.6562,11.0938,6.8906,12.8047
8.6016,11.1016,6.7812,12.7344
8.6484,10.9609,6.8359,12.75
8.5469,10.9766,6.7344,12.7031
8.6328,11.0,6.8203,12.6719
8.5078,10.9375,6.6875,12.6094
8.4766,10.9141,6.6875,12.5781
8.5625,10.9609,6.7344,12.6094
8.4297,10.8594,6.6875,12.5938
8.4922,10.8203,6.7031,12.6016
8.4453,10.8672,6.5781,12.5703
8.4141,10.8281,6.6641,12.4922
8.4141,10.75,6.6406,12.5234
8.4062,10.7891,6.6094,12.4453
8.2969,10.6875,6.4922,12.3906
8.2812,10.7109,6.5391,12.3906
8.3359,10.6875,6.5469,12.3984
8.2344,10.7031,6.4688,12.3438
8.1953,10.6719,6.4844,12.3359
8.1953,10.5938,6.3906,12.3672
8.1484,10.5781,6.3516,12.2891
8.1875,10.5156,6.3672,12.3047
8.0859,10.5156,6.4062,12.2656
8.1406,10.5781,6.2656,12.2422
8.1328,10.4609,6.2578,12.2344
8.0312,10.5,6.2188,12.1797
8.0469,10.4453,6.2031,12.1562
8.0,10.4062,6.2031,12.0703
8.0156,10.4375,6.1484,12.1172
7.9922,10.3438,6.1484,12.0469
7.8906,10.3828,6.2109,12.1094
7.8906,10.3906,6.1797,12.0703
7.9219,10.3516,6.1094,12.0312
7.8828,10.3359,6.0781,11.9375
7.8359,10.2734,6.0781,11.9219
7.8203,10.1875,5.9922,11.8984
7.8594,10.2656,6.0703,11.8438
7.75,10.2422,5.9609,11.8203
7.8203,10.1562,5.9688,11.9219
7.7734,10.1953,5.9766,11.8672
7.6797,10.0938,5.9219,11.8594
7.6641,10.0938,5.9375,11.8047
7.6797,10.1016,5.8828,11.7344
7.6719,10.0078,5.8125,11.7266
7.5781,10.0469,5.7734,11.6875
7.5938,9.9297,5.7812,11.6484
7.5156,10.0,5.75,11.6484
7.5547,9.9844,5.75,11.5859
7.5391,9.9688,5.6797,11.6719
7.5156,9.9531,5.6562,11.5625
7.4531,9.8516,5.6797,11.5391
7.4844,9.7969,5.5938,11.5391
7.3828,9.8125,5.6719,11.5859
7.4609,9.8125,5.5625,11.5312
7.3281,9.7734,5.5156,11.4922
7.3906,9.7031,5.5078,11.4922
7.2656,9.6875,5.5078,11.4375
7.3125,9.7656,5.4531,11.4297
7.2422,9.6562,5.4219,11.3281
7.2109,9.6016,5.4844,11.3516
7.2891,9.5938,5.4922,11.3203
7.2578,9.5625,5.375,11.2656
7.2188,9.6328,5.4453,11.2422
7.125,9.6172,5.3516,11.2812
7.1172,9.5312,5.3906,11.2969
7.1562,9.4531,5.2734,11.25
7.0938,9.4766,5.2422,11.1328
7.1094,9.4297,5.2188,11.1094
7.0391,9.3984,5.1797,11.1484
7.0312,9.4766,5.1953,11.1094
6.9609,9.4297,5.2266,11.1406
6.9219,9.3984,5.1016,11.125
6.9531,9.3516,5.1406,11.0078
6.9688,9.375,5.0859,10.9766
6.8438,9.2344,5.0391,11.0234
6.875,9.2812,5.0156,10.9922
6.875,9.2109,5.0547,10.9375
6.8594,9.1719,5.0781,10.8672
6.8359,9.1797,4.9922,10.9141
6.75,9.2188,5.0156,10.8203
6.7578,9.0859,4.9062,10.8672
6.7656,9.125,4.9141,10.7969
6.7578,9.1484,4.8672,10.8516
6.6172,9.0547,4.9062,10.8281
6.6094,8.9922,4.8906,10.7578
6.5703,9.0078,4.8594,10.6641
6.6562,8.9609,4.8438,10.7109
6.5547,9.0078,4.75,10.6719
6.5156,8.9375,4.7266,10.7031
6.5234,8.8672,4.7734,10.6719
6.4766,8.9062,4.6953,10.5781
6.5078,8.8516,4.6484,10.5781
6.4844,8.8594,4.6875,10.5469
6.4141,8.8047,4.6406,10.5625
6.4297,8.8125,4.5625,10.5625
6.3516,8.7734,4.6016,10.5469
6.3281,8.7969,4.6172,10.5234
6.3984,8.6797,4.5703,10.4297
6.2891,8.6641,4.5312,10.3594
6.2578,8.7188,4.4453,10.4062
6.2656,8.6016,4.4375,10.3906
6.2734,8.5781,4.3984,10.2969
6.1562,8.6484,4.4531,10.3125
6.25,8.5703,4.4219,10.3281
6.1797,8.5938,4.3672,10.2969
6.0938,8.5859,4.3828,10.2344
6.0547,8.5312,4.3359,10.2812
6.1328,8.4844,4.2969,10.2109
6.0078,8.5078,4.2109,10.1406
6.0078,8.4766,4.2734,10.1172
6.0625,8.3906,4.2578,10.1406
5.9609,8.3984,4.1562,10.125
5.9141,8.3359,4.2344,10.0938
5.9453,8.4062,4.1172,10.0625
5.9844,8.3672,4.1328,10.0547
5.9609,8.3125,4.0938,9.9609
5.9141,8.2891,4.0781,9.9531
5.8516,8.2422,4.0625,9.9609
5.8438,8.2656,4.0234,9.8906
5.8594,8.2656,4.0469,9.8438
5.7422,8.1484,3.9219,9.875
5.7734,8.1016,3.9922,9.875
5.7031,8.1641,3.8906,9.7734
5.7422,8.1562,3.9297,9.7656
5.7422,8.0781,3.8828,9.7422
5.7109,8.0156,3.7969,9.7344
5.6719,8.0156,3.8125,9.6953
5.6172,8.0703,3.8359,9.6719
5.5781,8.0078,3.8438,9.6719
5.5703,7.9141,3.7891,9.6328
5.5547,7.9688,3.6953,9.6797
5.4922,7.9531,3.6719,9.5703
5.5391,7.9453,3.75,9.6406
5.4609,7.8516,3.6641,9.625
5.4688,7.875,3.6484,9.5078
5.375,7.875,3.6641,9.5234
5.3438,7.7812,3.5312,9.4375
5.375,7.7578,3.5234,9.4141
5.3828,7.7422,3.5625,9.4531
5.2656,7.6953,3.5547,9.3984
5.2344,7.7109,3.4922,9.4297
5.2578,7.7188,3.4453,9.3594
5.2266,7.6562,3.4609,9.3672
5.2422,7.5625,3.3828,9.2734
5.2031,7.5625,3.3984,9.2969
5.1406,7.5234,3.4141,9.2578
5.1172,7.5938,3.3906,9.2969
5.1719,7.5312,3.3438,9.25
5.1406,7.4922,3.2578,9.1953
5.0859,7.4609,3.2969,9.2344
5.0078,7.5,3.2188,9.1328
4.9688,7.3828,3.2266,9.1172
5.0547,7.4141,3.1875,9.1016
4.9531,7.3359,3.2344,9.0234
4.9922,7.2891,3.125,9.0625
4.9375,7.2969,3.1172,8.9844
4.8828,7.3672,3.1328,8.9844
4.9062,7.25,3.1406,8.9766
4.8125,7.2969,2.9922,8.9844
4.8125,7.2422,2.9922,8.9844
4.8125,7.1875,3.0391,8.8594
4.7422,7.1719,3.0391,8.9219
4.7969,7.1953,3.0156,8.7969
4.7812,7.0859,2.9062,8.8516
4.6719,7.0703,2.9453,8.8359
4.7109,7.0469,2.9375,8.7656
4.6719,7.0078,2.8906,8.75
4.6953,7.0625,2.8828,8.7969
4.6094,7.0703,2.7812,8.75
4.6094,6.9844,2.75,8.75
4.5312,7.0234,2.7344,8.7031
4.4922,6.9062,2.7812,8.6797
4.4531,6.9766,2.7031,8.6328
4.4688,6.8672,2.7266,8.6406
4.4688,6.8359,2.7188,8.5938
4.4297,6.8281,2.6328,8.5938
4.3906,6.8203,2.5859,8.5547
4.4141,6.7734,2.5938,8.4922
4.3359,6.7891,2.5469,8.4297
4.3516,6.7266,2.5469,8.3828
4.3594,6.7109,2.4688,8.3828
4.2578,6.6875,2.4766,8.4062
4.25,6.7031,2.5078,8.3281
4.2188,6.6328,2.4297,8.3047
4.2422,6.6484,2.4688,8.2891
4.1953,6.5859,2.4062,8.2344
4.1406,6.5469,2.375,8.2422
4.1875,6.5625,2.3203,8.2109
4.0938,6.5859,2.375,8.1953
4.1094,6.5078,2.2578,8.1406
4.0156,6.4766,2.2344,8.1484
4.0,6.3984,2.2188,8.1094
3.9688,6.4375,2.2344,8.1797
4.0312,6.4531,2.1719,8.1641
4.0312,6.4375,2.2266,8.1094
3.9141,6.3828,2.1562,8.0859
3.8984,6.3672,2.1719,8.0391
3.8984,6.3594,2.0938,8.0469
3.8906,6.3047,2.0312,7.9531
3.9062,6.1953,2.0781,7.9531
3.8047,6.2891,2.0156,7.9531
3.8594,6.1797,2.0703,7.8906
3.7422,6.1719,1.9219,7.875
3.75,6.1406,1.9297,7.8281
3.7266,6.1719,1.9219,7.7969
3.6797,6.1094,1.9297,7.7578
3.6953,6.0781,1.8984,7.7344
3.6797,6.0703,1.8203,7.7031
3.6484,6.0078,1.8281,7.7109
3.6641,5.9922,1.75,7.6953
3.5781,6.0078,1.7578,7.6719
3.5312,5.9141,1.7734,7.6484
3.5234,5.8984,1.6797,7.6875
3.5469,5.9141,1.7734,7.5781
3.5391,5.8516,1.7344,7.6016
3.5,5.9141,1.6094,7.5938
3.3828,5.7812,1.6016,7.5547
3.4688,5.8203,1.6016,7.5781
3.3359,5.7734,1.6406,7.5078
3.3906,5.7188,1.5781,7.4062
3.3047,5.7188,1.5547,7.5078
3.3125,5.7344,1.5703,7.4141
3.3047,5.7031,1.4453,7.3672
3.3125,5.6328,1.5156,7.3906
3.3047,5.6719,1.4062,7.3359
3.2031,5.6172,1.3672,7.3672
3.2109,5.6094,1.4609,7.3359
3.2031,5.5312,1.4375,7.2656
3.1719,5.5625,1.3281,7.2578
3.1484,5.4766,1.3828,7.2656
3.0938,5.4844,1.2656,7.25
3.0156,5.4609,1.25,7.1172
3.0312,5.4844,1.2812,7.1719
3.0156,5.4609,1.2422,7.1719
3.0547,5.4062,1.1875,7.1641
2.9375,5.3281,1.1641,7.0625
2.9844,5.3984,1.1953,7.0
2.9844,5.3203,1.1641,7.0312
2.8438,5.25,1.0547,7.0547
2.8594,5.3203,1.1328,6.9766
2.8203,5.2812,1.0703,6.9375
2.7969,5.2656,1.0625,6.9531
2.75,5.2266,1.0312,6.8906
2.7656,5.1953,0.9844,6.9375
2.8125,5.2031,1.0078,6.8984
2.7656,5.1094,0.9688,6.8281
2.6641,5.1094,0.875,6.8203
2.6406,5.1016,0.8672,6.7578
2.6953,5.1172,0.8438,6.7656
2.7031,5.0703,0.8984,6.7578
2.6641,4.9766,0.875,6.7344
2.6016,4.9531,0.8516,6.6328
2.5469,4.9141,0.7969,6.6562
2.5391,4.8828,0.7031,6.625
2.5781,4.8906,0.7656,6.5781
2.4922,4.8828,0.6719,6.5547
2.4219,4.8906,0.6719,6.5078
2.3828,4.7969,0.7031,6.5234
2.4844,4.7734,0.6641,6.5312
2.3438,4.8359,0.6484,6.5
2.3438,4.8359,0.5625,6.5312
2.3047,4.7578,0.5859,6.4062
2.2656,4.7344,0.5469,6.4453
2.2891,4.6406,0.5312,6.4062
2.2188,4.7188,0.5156,6.3359
2.2344,4.6797,0.4375,6.3984
2.2344,4.5859,0.3906,6.3203
2.1719,4.5625,0.375,6.25
2.1797,4.6172,0.4297,6.3203
2.2109,4.6016,0.3906,6.3047
2.1328,4.4922,0.2812,6.2812
2.1328,4.5469,0.3359,6.2422
2.0703,4.4219,0.25,6.1953
2.0469,4.4375,0.2969,6.1953
2.0703,4.4531,0.2266,6.125
2.0625,4.4375,0.2578,6.125
1.9453,4.375,0.1562,6.0859
1.9766,4.3984,0.1484,6.1172
1.8984,4.3281,0.1797,6.0938
1.9688,4.375,0.1641,5.9922
1.9297,4.25,0.1172,6.0
1.8438,4.2422,0.0938,5.9844
1.8203,4.1953,0.0312,5.9297
1.8438,4.1719,0.0547,5.8828
1.7344,4.1797,-0.0312,5.8828
1.7344,4.2188,0.0,5.8672
1.8047,4.1641,-0.0469,5.8359
1.6562,4.1484,-0.1328,5.7969
1.6406,4.1562,-0.125,5.8516
1.6875,4.0703,-0.1406,5.8125
1.6562,4.0078,-0.1953,5.7031
1.6016,4.0234,-0.1484,5.7031
1.6172,3.9844,-0.25,5.6875
1.625,3.9297,-0.25,5.6406
1.5156,3.9766,-0.3047,5.6172
1.5703,3.9531,-0.2656,5.5703
1.4766,3.9375,-0.3203,5.6016
1.4453,3.8984,-0.3828,5.5469
1.4844,3.8047,-0.3516,5.5078
1.375,3.7812,-0.3828,5.5078
1.375,3.8125,-0.3906,5.5312
1.3594,3.7266,-0.3906,5.4609
1.3516,3.7422,-0.4688,5.4141
1.3125,3.7109,-0.4766,5.4531
1.2656,3.7031,-0.4844,5.4141
1.2188,3.7344,-0.5156,5.375
1.3203,3.6406,-0.5156,5.3906
1.2656,3.6406,-0.625,5.3438
1.25,3.6172,-0.5781,5.3203
1.1484,3.5469,-0.6406,5.2344
1.1328,3.5,-0.6562,5.2812
1.0859,3.5781,-0.6719,5.2344
1.1406,3.5469,-0.7266,5.2422
1.1406,3.4766,-0.6484,5.2422
1.0625,3.4375,-0.7031,5.1562
1.0234,3.3906,-0.6953,5.1719
1.0391,3.3594,-0.7266,5.125
1.0312,3.3438,-0.8203,5.0703
1.0312,3.3594,-0.8594,5.0078
0.9453,3.375,-0.875,5.0469
0.9375,3.2891,-0.8984,5.0781
0.8828,3.2891,-0.875,5.0234
0.8281,3.3281,-0.9609,5.0312
0.875,3.2812,-0.9141,4.9375
0.7656,3.25,-0.9297,4.8672
0.7969,3.2188,-0.9922,4.8516
0.8281,3.125,-1.0234,4.8672
0.7344,3.1406,-1.0078,4.9141
0.6953,3.1562,-1.0703,4.8438
0.7422,3.1328,-1.1484,4.7734
0.6797,3.0859,-1.0625,4.7266
0.6875,3.0625,-1.1875,4.7578
0.6875,3.0391,-1.1719,4.7109
0.5547,3.0,-1.1406,4.75
0.6328,3.0312,-1.2656,4.7344
0.5078,2.9453,-1.3047,4.6172
0.5781,2.9844,-1.2266,4.6172
0.5625,2.8984,-1.2266,4.5625
0.5156,2.8984,-1.3203,4.5469
0.4141,2.8047,-1.3672,4.5938
0.4766,2.8906,-1.3203,4.4922
0.4609,2.8125,-1.4141,4.4531
0.4141,2.7578,-1.3984,4.5312
0.3672,2.7344,-1.4219,4.4062
0.4062,2.7344,-1.4844,4.4141
0.3672,2.7656,-1.5312,4.3672
0.3438,2.6562,-1.5625,4.3672
0.2734,2.6797,-1.5469,4.3672
0.2031,2.6953,-1.4922,4.3359
0.1719,2.5859,-1.6406,4.3047
0.1406,2.6016,-1.5391,4.3359
0.2109,2.6328,-1.6562,4.2109
0.2109,2.5781,-1.6484,4.2109
0.1562,2.4688,-1.7266,4.2344
0.1641,2.4766,-1.7109,4.1953
0.125,2.4297,-1.7578,4.2188
0.0156,2.4062,-1.8047,4.1641
0.0391,2.4688,-1.7812,4.1875
-0.0234,2.4297,-1.7422,4.0703
-0.0547,2.4141,-1.8359,4.0312
-0.0938,2.2969,-1.8203,4.0469
-0.0234,2.3672,-1.9141,4.0938
-0.125,2.3047,-1.8906,3.9844
-0.1641,2.3438,-1.9766,3.9609
-0.1641,2.2422,-1.9531,3.9453
-0.1172,2.2266,-1.8984,3.9609
-0.2031,2.1875,-2.0234,3.9141
-0.2578,2.1641,-1.9922,3.8594
-0.2734,2.125,-2.0391,3.9297
-0.2969,2.0938,-2.1094,3.7812
-0.3125,2.1406,-2.1172,3.8672
-0.2969,2.1484,-2.1016,3.8359
-0.2656,2.0547,-2.0703,3.75
-0.3516,2.0391,-2.1719,3.7969
-0.4375,2.0234,-2.125,3.7266
-0.3516,1.9531,-2.2031,3.6797
-0.375,1.9141,-2.2109,3.6172
-0.4141,1.9297,-2.2969,3.6562
-0.4609,1.9062,-2.3281,3.6094
-0.4375,1.9141,-2.2812,3.6172
-0.4609,1.875,-2.3359,3.5547
-0.5703,1.8906,-2.4062,3.5156
-0.625,1.8203,-2.3438,3.5156
-0.6328,1.8125,-2.3672,3.5312
-0.6328,1.7266,-2.4062,3.4531
-0.6797,1.75,-2.4453,3.5234
-0.6484,1.7578,-2.5,3.375
-0.7422,1.6953,-2.4922,3.4062
-0.7188,1.7188,-2.5703,3.4531
-0.7422,1.6094,-2.5156,3.3594
-0.7031,1.6094,-2.5859,3.3359
-0.7891,1.6562,-2.5781,3.3203
-0.8672,1.6484,-2.6562,3.2656
-0.7969,1.5781,-2.5703,3.2812
-0.9141,1.5703,-2.6797,3.1875
-0.9375,1.4766,-2.7188,3.2656
-0.8516,1.4844,-2.7578,3.1797
-0.9062,1.4766,-2.7656,3.2266
-0.9062,1.4922,-2.6953,3.1094
-1.0078,1.4062,-2.7812,3.1484
-0.9531,1.3594,-2.7656,3.1172
-0.9844,1.3516,-2.8594,3.1406
-1.1016,1.3359,-2.8828,3.1016
-1.0078,1.3516,-2.8438,3.0312
-1.0469,1.3047,-2.9062,2.9688
-1.1719,1.2266,-2.875,2.9844
-1.0781,1.3203,-2.9141,2.9141
-1.1172,1.2734,-2.9219,2.8906
-1.1562,1.1641,-2.9922,2.9453
-1.2266,1.1641,-2.9766,2.8906
-1.2891,1.2188,-3.0938,2.8672
-1.2578,1.1172,-3.0234,2.8672
-1.2812,1.1484,-3.0391,2.8203
-1.2734,1.1094,-3.1328,2.7344
-1.375,1.0312,-3.1875,2.8125
-1.4062,1.0234,-3.1406,2.7344
-1.4219,1.0859,-3.1406,2.7734
-1.4141,0.9922,-3.25,2.7422
-1.4219,1.0078,-3.1875,2.6797
-1.4844,0.9766,-3.2031,2.5938
-1.5078,0.8828,-3.2578,2.6406
-1.5312,0.9688,-3.2344,2.5859
-1.5312,0.9375,-3.375,2.6484
-1.6016,0.8047,-3.375,2.6016
-1.6094,0.8594,-3.375,2.5078
-1.6172,0.8438,-3.4141,2.5312
-1.6484,0.8281,-3.4609,2.5312
-1.625,0.7578,-3.3906,2.4375
-1.7031,0.7812,-3.4922,2.4609
-1.6406,0.6641,-3.4219,2.4688
-1.75,0.6562,-3.5391,2.4141
-1.7734,0.6641,-3.4844,2.4062
-1.7969,0.6875,-3.5312,2.3125
-1.8359,0.5938,-3.5938,2.2734
-1.8047,0.5547,-3.6484,2.3125
-1.8125,0.5469,-3.6328,2.3125
-1.8828,0.5625,-3.6641,2.2734
-1.875,0.5,-3.7109,2.1953
-1.8672,0.5156,-3.6641,2.2109
-1.9375,0.5391,-3.7734,2.1953
-1.9297,0.5156,-3.7812,2.1641
-1.9609,0.3984,-3.7188,2.1953
-2.0234,0.4219,-3.8125,2.1719
-2.0391,0.375,-3.7578,2.0938
-2.0078,0.3047,-3.7891,2.0547
-2.0078,0.3438,-3.8047,2.0234
-2.0469,0.3828,-3.8906,2.0312
-2.125,0.2812,-3.8984,1.9453
-2.0625,0.2344,-3.8828,1.9453
-2.1875,0.25,-3.9609,2.0
-2.2188,0.2266,-4.0,1.8984
-2.2578,0.1484,-4.0547,1.9219
-2.1953,0.1484,-4.0703,1.8281
-2.2734,0.2109,-3.9844,1.8672
-2.2656,0.0859,-4.1172,1.8281
-2.2812,0.0781,-4.1016,1.7812
-2.375,0.0391,-4.0703,1.7656
-2.2969,0.0234,-4.1641,1.7422
-2.375,0.0078,-4.1094,1.7578
-2.4297,-0.0312,-4.1328,1.7188
-2.3516,0.0156,-4.2578,1.7266
-2.4297,-0.0391,-4.2812,1.7031
-2.5156,0.0,-4.25,1.6562
-2.4844,-0.0625,-4.2188,1.6641
-2.4688,-0.1094,-4.2891,1.6406
-2.4688,-0.1484,-4.3125,1.5391
-2.5859,-0.125,-4.2969,1.6016
-2.5469,-0.2188,-4.3047,1.5938
-2.5938,-0.1328,-4.4219,1.5
-2.6172,-0.2266,-4.3984,1.5156
-2.6016,-0.2656,-4.4141,1.5234
-2.625,-0.2109,-4.5234,1.4375
-2.6953,-0.3438,-4.5156,1.4219
-2.6484,-0.2578,-4.5078,1.4453
-2.7422,-0.3594,-4.5938,1.3125
-2.8125,-0.4141,-4.5547,1.3594
-2.75,-0.3594,-4.5547,1.2812
-2.7891,-0.3594,-4.5391,1.2422
-2.8047,-0.3828,-4.5938,1.2969
-2.7969,-0.4062,-4.5938,1.25
-2.8594,-0.4297,-4.7266,1.1875
-2.9531,-0.4766,-4.7266,1.1484
-2.9141,-0.5234,-4.7422,1.2031
-2.9688,-0.5781,-4.6953,1.2188
-2.9297,-0.5625,-4.75,1.1172
-2.9844,-0.5938,-4.7578,1.125
-3.0703,-0.5781,-4.8672,1.0547
-3.0312,-0.6094,-4.8594,1.1016
-3.1016,-0.6875,-4.8359,0.9844
-3.0859,-0.625,-4.8906,1.0391
-3.1484,-0.6641,-4.9141,0.9531
-3.0703,-0.6719,-4.8906,0.9141
-3.125,-0.75,-4.8984,1.0156
-3.1797,-0.8203,-4.9922,0.9531
-3.2344,-0.8438,-4.9844,0.8594
-3.2266,-0.8672,-5.0078,0.8516
-3.1953,-0.8359,-5.0625,0.8438
-3.3203,-0.8984,-5.1016,0.8594
-3.2578,-0.8984,-5.1016,0.8047
-3.25,-0.9688,-5.1406,0.7812
-3.2812,-0.9688,-5.1172,0.7188
-3.3906,-0.9219,-5.1953,0.8047
-3.3359,-1.0391,-5.2188,0.7266
-3.3828,-0.9688,-5.1562,0.7031
-3.4141,-1.0156,-5.1797,0.6172
-3.4766,-1.0781,-5.2188,0.6875
-3.4453,-1.0469,-5.3047,0.6719
-3.4844,-1.1406,-5.3047,0.6406
-3.5469,-1.0547,-5.3125,0.5234
-3.5391,-1.0938,-5.3594,0.6016
-3.5781,-1.1484,-5.3125,0.5469
-3.5938,-1.1719,-5.3203,0.4766
-3.6328,-1.2656,-5.3672,0.5469
-3.6406,-1.1719,-5.3906,0.4453
-3.6406,-1.2578,-5.4375,0.4453
-3.6641,-1.2422,-5.4453,0.4062
-3.75,-1.2656,-5.5234,0.3516
-3.6719,-1.2812,-5.5781,0.4375
-3.7109,-1.3906,-5.5547,0.3047
-3.7344,-1.3047,-5.5547,0.3516
-3.7891,-1.3984,-5.5703,0.2656
-3.7891,-1.3672,-5.6641,0.3203
-3.8047,-1.4531,-5.6953,0.3281
-3.8438,-1.5078,-5.6094,0.2812
-3.9219,-1.4766,-5.7266,0.1797
-3.9453,-1.5234,-5.6719,0.1797
-3.9062,-1.4609,-5.7266,0.2031
-3.9375,-1.5078,-5.7969,0.1562
-4.0,-1.6328,-5.75,0.0938
-4.0,-1.6328,-5.7812,0.125
-4.0234,-1.6484,-5.8359,0.0547
-4.0156,-1.6797,-5.8359,0.0234
-4.0078,-1.6875,-5.8828,0.0391
-4.0547,-1.7344,-5.8672,0.0547
-4.0781,-1.7422,-5.9688,0.0312
-4.1016,-1.6719,-5.9375,-0.0156
-4.2109,-1.7812,-5.9844,-0.0703
-4.1172,-1.7266,-5.9844,-0.0156
-4.25,-1.75,-6.0,-0.1328
-4.25,-1.8516,-6.0469,-0.1328
-4.2344,-1.8203,-6.0703,-0.1406
-4.2969,-1.8047,-6.0859,-0.1953
-4.2266,-1.8281,-6.1484,-0.1484
-4.2578,-1.8672,-6.1484,-0.2266
-4.2891,-1.875,-6.0781,-0.1953
-4.4141,-1.9766,-6.1641,-0.2109
-4.3594,-1.9766,-6.2031,-0.2734
-4.4609,-2.0391,-6.1406,-0.3594
-4.4688,-2.0234,-6.2031,-0.2812
-4.3828,-2.1016,-6.2734,-0.3359
-4.4531,-2.125,-6.2266,-0.3203
-4.5391,-2.0312,-6.3516,-0.4297
-4.4531,-2.1328,-6.3047,-0.4609
-4.5781,-2.0781,-6.3359,-0.4766
-4.5859,-2.1953,-6.3906,-0.5156
-4.6094,-2.1484,-6.3828,-0.5156
-4.6094,-2.2578,-6.3984,-0.5312
-4.6016,-2.2031,-6.3828,-0.5469
-4.6328,-2.1875,-6.3984,-0.5234
-4.7266,-2.3281,-6.4219,-0.5312
-4.7109,-2.2734,-6.5078,-0.5547
-4.75,-2.3203,-6.5156,-0.5547
-4.7578,-2.2734,-6.5938,-0.6797
-4.7891,-2.3906,-6.5469,-0.6406
-4.7812,-2.3516,-6.6094,-0.6406
-4.7812,-2.3516,-6.6406,-0.6562
-4.875,-2.3984,-6.625,-0.7344
-4.9062,-2.4141,-6.625,-0.8047
-4.8516,-2.4062,-6.7031,-0.8203
-4.8516,-2.4688,-6.7109,-0.75
-4.8516,-2.5625,-6.6953,-0.7734
-4.9062,-2.5078,-6.6953,-0.7734
-4.9609,-2.5703,-6.7266,-0.8516
-4.9609,-2.5312,-6.7734,-0.9297
-5.0469,-2.6406,-6.7734,-0.9609
-5.0469,-2.5781,-6.875,-0.9141
-5.1094,-2.6797,-6.875,-0.9609
-5.0391,-2.6562,-6.8594,-0.9375
-5.0859,-2.6953,-6.8359,-1.0547
-5.1328,-2.6562,-6.9609,-0.9766
-5.1875,-2.7031,-7.0,-1.0469
-5.1562,-2.7578,-6.9297,-1.0781
-5.2422,-2.7734,-7.0234,-1.0234
-5.2656,-2.7734,-6.9844,-1.1406
-5.2578,-2.7969,-6.9844,-1.1484
-5.2188,-2.7891,-7.1094,-1.1562
-5.2812,-2.8828,-7.0312,-1.1328
-5.3281,-2.9297,-7.1328,-1.1875
-5.375,-2.8672,-7.1406,-1.1562
-5.3125,-2.9062,-7.0938,-1.2422
-5.4062,-2.9141,-7.1797,-1.2266
-5.3203,-3.0078,-7.2109,-1.2969
-5.3906,-2.9453,-7.1641,-1.3203
-5.4531,-2.9844,-7.1641,-1.3672
-5.5078,-2.9844,-7.2578,-1.3125
-5.4609,-3.1094,-7.25,-1.4297
-5.5078,-3.0312,-7.25,-1.3281
-5.4609,-3.125,-7.2891,-1.3594
-5.5156,-3.0703,-7.3906,-1.4922
-5.5234,-3.1719,-7.3359,-1.4375
-5.5781,-3.1562,-7.3359,-1.4609
-5.6328,-3.2266,-7.4453,-1.5156
-5.5781,-3.2188,-7.3984,-1.4844
-5.6406,-3.2422,-7.4531,-1.5
-5.6328,-3.3125,-7.4766,-1.6172
-5.6562,-3.3203,-7.4297,-1.5391
-5.7188,-3.2969,-7.4766,-1.6172
-5.7812,-3.2969,-7.5469,-1.6016
-5.7812,-3.4141,-7.5938,-1.6406
-5.7109,-3.4141,-7.5234,-1.7109
-5.8047,-3.4453,-7.5469,-1.7578
-5.7891,-3.4609,-7.6016,-1.6562
-5.8984,-3.4062,-7.6562,-1.7891
-5.8828,-3.5078,-7.6797,-1.7188
-5.9453,-3.5469,-7.7109,-1.75
-5.9609,-3.4844,-7.6641,-1.8047
-5.8984,-3.5547,-7.7344,-1.7969
-6.0078,-3.5547,-7.7656,-1.7891
-6.0234,-3.5312,-7.8203,-1.8438
-5.9609,-3.5938,-7.8281,-1.8828
-6.0156,-3.5625,-7.8359,-1.9766
-5.9922,-3.6875,-7.8281,-1.9688
-6.0938,-3.6094,-7.9141,-2.0
-6.1172,-3.6797,-7.8516,-1.9609
-6.1328,-3.6797,-7.9531,-1.9609
-6.0938,-3.6719,-7.9141,-2.0391
-6.125,-3.7422,-7.9453,-2.0156
-6.2266,-3.8281,-7.9141,-2.0938
-6.1562,-3.8281,-8.0469,-2.0703
-6.1797,-3.8047,-7.9766,-2.1406
-6.2891,-3.8359,-8.0859,-2.0859
-6.2734,-3.8984,-8.0078,-2.1328
-6.3203,-3.8906,-8.0312,-2.1328
-6.2344,-3.8438,-8.1328,-2.1406
-6.3281,-3.9141,-8.1328,-2.1641
-6.3203,-3.9453,-8.1797,-2.2109
-6.375,-4.0,-8.125,-2.2188
-6.3906,-4.0234,-8.1641,-2.2969
-6.4609,-4.0547,-8.2031,-2.3438
-6.3906,-3.9922,-8.1953,-2.375
-6.4219,-4.0312,-8.2734,-2.3281
-6.4141,-4.0078,-8.3281,-2.3594
-6.4297,-4.1484,-8.2344,-2.4453
-6.4688,-4.1016,-8.3125,-2.3906
-6.5469,-4.1484,-8.3516,-2.4297
-6.5,-4.1484,-8.4141,-2.5078
-6.5703,-4.1328,-8.4219,-2.4141
-6.5469,-4.1719,-8.375,-2.5469
-6.6328,-4.2266,-8.4375,-2.4531
-6.6562,-4.2734,-8.4531,-2.4844
-6.6484,-4.2969,-8.4766,-2.6016
-6.6406,-4.3359,-8.4531,-2.6328
-6.6797,-4.3047,-8.4688,-2.5547
-6.7031,-4.3594,-8.5,-2.5703
-6.7812,-4.3672,-8.5859,-2.6328
-6.7109,-4.375,-8.5469,-2.6719
-6.8125,-4.4375,-8.5469,-2.6953
-6.8594,-4.4141,-8.5859,-2.7109
-6.8516,-4.4062,-8.6016,-2.7109
-6.7969,-4.4297,-8.6406,-2.7578
-6.8516,-4.5,-8.6094,-2.8203
-6.875,-4.5,-8.7109,-2.7422
-6.8594,-4.4531,-8.75,-2.7812
-6.9062,-4.4766,-8.7422,-2.8672
-6.9766,-4.5078,-8.7422,-2.875
-6.9297,-4.5391,-8.75,-2.8438
-7.0391,-4.5703,-8.8281,-2.8438
-7.0781,-4.6094,-8.8047,-2.9688
-7.0,-4.6094,-8.8906,-2.9062
-7.1172,-4.6797,-8.9219,-3.0234
-7.125,-4.6406,-8.875,-3.0312
-7.1406,-4.7422,-8.8438,-3.0625
-7.0625,-4.6953,-8.9766,-3.0156
-7.1875,-4.7344,-9.0078,-3.0234
-7.1484,-4.8281,-8.9453,-3.1094
-7.1797,-4.7734,-8.9531,-3.0938
-7.2578,-4.7812,-8.9453,-3.1094
-7.2891,-4.8672,-9.0703,-3.1719
-7.2734,-4.8359,-9.0312,-3.2031
-7.3203,-4.8594,-9.0703,-3.2344
-7.3281,-4.8594,-9.0625,-3.1484
-7.3516,-4.8828,-9.0703,-3.1719
-7.375,-4.9844,-9.0938,-3.2734
-7.3672,-4.9062,-9.1016,-3.2578
-7.3125,-4.9375,-9.2266,-3.2422
-7.3359,-5.0234,-9.1562,-3.3047
-7.4766,-5.0703,-9.2656,-3.2969
-7.4766,-5.0703,-9.2656,-3.375
-7.4453,-5.0312,-9.2266,-3.3516
-7.5,-5.0312,-9.25,-3.4375
-7.5469,-5.0469,-9.2734,-3.4219
-7.5781,-5.1484,-9.3438,-3.4688
-7.5547,-5.2031,-9.3828,-3.4297
-7.5391,-5.125,-9.3906,-3.4688
-7.5391,-5.125,-9.3203,-3.4766
-7.6172,-5.1406,-9.3906,-3.5469
-7.5703,-5.1641,-9.4844,-3.5156
-7.5938,-5.2266,-9.4453,-3.4922
-7.6172,-5.2578,-9.4453,-3.5547
-7.6875,-5.2344,-9.4375,-3.625
-7.6641,-5.2656,-9.5547,-3.625
-7.7109,-5.2734,-9.5781,-3.6094
-7.6953,-5.2891,-9.5312,-3.6016
-7.7812,-5.3281,-9.625,-3.6875
-7.8203,-5.4062,-9.5703,-3.6406
-7.8672,-5.4297,-9.5859,-3.6797
-7.8203,-5.4688,-9.6328,-3.7891
-7.8203,-5.5,-9.6094,-3.7031
-7.8125,-5.4844,-9.6719,-3.8125
-7.8984,-5.5391,-9.7031,-3.75
-7.9531,-5.4688,-9.6641,-3.75
-7.9453,-5.5312,-9.7734,-3.8125
-7.9844,-5.5469,-9.6953,-3.9062
-7.9141,-5.5625,-9.75,-3.8672
-8.0469,-5.5859,-9.7344,-3.8828
-8.0781,-5.5859,-9.7656,-3.8672
-7.9844,-5.5781,-9.8984,-3.875
-7.9922,-5.7031,-9.8281,-3.9531
-8.0547,-5.6719,-9.8828,-3.9141
-8.0391,-5.6797,-9.9531,-4.0234
-8.0938,-5.6953,-9.9297,-4.0781
-8.1562,-5.7734,-9.9062,-4.0703
-8.1406,-5.7266,-9.9375,-4.0859
-8.1953,-5.7969,-10.0,-4.1094
-8.2188,-5.8203,-9.9688,-4.125
-8.2656,-5.8203,-10.0781,-4.0703
-8.2188,-5.7812,-10.0781,-4.0859
-8.1953,-5.8359,-10.0859,-4.1953
-8.2266,-5.8516,-10.1406,-4.2109
-8.25,-5.9375,-10.1406,-4.2578
-8.3594,-5.9219,-10.1562,-4.2422
-8.3516,-5.9375,-10.0859,-4.1953
-8.3984,-5.8984,-10.2109,-4.1953
-8.3203,-6.0078,-10.2422,-4.2578
-8.3359,-5.9609,-10.2109,-4.3281
-8.4609,-5.9609,-10.2031,-4.2656
-8.3828,-6.0156,-10.2266,-4.2891
-8.4609,-6.0391,-10.2266,-4.3828
-8.4609,-6.0312,-10.2812,-4.3828
-8.5234,-6.0625,-10.2812,-4.3906
-8.5078,-6.1562,-10.3672,-4.4062
-8.5,-6.1875,-10.3828,-4.3984
-8.5391,-6.1406,-10.3359,-4.4062
-8.5859,-6.1328,-10.3281,-4.4531
-8.6172,-6.2188,-10.3828,-4.4609
-8.6094,-6.2578,-10.4375,-4.5469
-8.6406,-6.25,-10.3906,-4.5391
-8.6797,-6.3203,-10.4922,-4.5
-8.6406,-6.2266,-10.4609,-4.6016
-8.7188,-6.2422,-10.4688,-4.5625
-8.7812,-6.2656,-10.4766,-4.6406
-8.7188,-6.2969,-10.5,-4.6016
-8.7891,-6.3984,-10.5,-4.6562
-8.75,-6.3672,-10.5625,-4.6719
-8.7812,-6.4375,-10.6016,-4.6562
-8.7891,-6.4062,-10.6484,-4.7266
-8.7969,-6.3906,-10.6562,-4.7344
-8.9141,-6.4062,-10.6797,-4.7656
-8.9297,-6.4375,-10.7188,-4.7188
-8.8438,-6.5547,-10.6484,-4.75
-8.9297,-6.5234,-10.7734,-4.8438
-8.9844,-6.5703,-10.7578,-4.7969
-8.9453,-6.6172,-10.6953,-4.8828
-8.9766,-6.6094,-10.8281,-4.9375
-9.0156,-6.6328,-10.7891,-4.9453
-9.0625,-6.625,-10.7578,-4.8984
-9.0078,-6.6641,-10.8359,-4.8984
-9.0078,-6.6172,-10.8047,-5.0078
-9.1328,-6.7031,-10.9219,-4.9844
-9.0625,-6.6875,-10.8359,-5.0469
-9.0547,-6.6719,-10.9531,-5.0234
-9.1641,-6.6953,-10.9766,-5.0
-9.1953,-6.7656,-10.9141,-5.0156
-9.2344,-6.8125,-10.9219,-5.1328
-9.2188,-6.8203,-10.9922,-5.0547
-9.2188,-6.8438,-11.0703,-5.1172
-9.2188,-6.8672,-10.9688,-5.1797
-9.3125,-6.8672,-11.0703,-5.1719
-9.2656,-6.8281,-11.1094,-5.1875
-9.3203,-6.9375,-11.0625,-5.2422
-9.25,-6.8516,-11.0547,-5.1719
-9.2969,-6.9062,-11.1641,-5.1953
-9.375,-6.9766,-11.1953,-5.2969
-9.3594,-6.9531,-11.2031,-5.2344
-9.3438,-6.9453,-11.1953,-5.2891
-9.4219,-7.0078,-11.2188,-5.2812
-9.4453,-6.9609,-11.1719,-5.3438
-9.5,-7.0156,-11.2266,-5.3125
-9.4062,-7.0625,-11.2422,-5.3516
-9.4609,-7.0703,-11.2422,-5.4453
-9.4609,-7.1016,-11.2891,-5.4609
-9.4922,-7.0703,-11.3594,-5.4844
-9.5469,-7.1406,-11.2812,-5.3906
-9.5,-7.125,-11.3359,-5.5
-9.5703,-7.1719,-11.3359,-5.4297
-9.5859,-7.1484,-11.3984,-5.4844
-9.6172,-7.2734,-11.375,-5.5547
-9.6328,-7.2656,-11.4062,-5.5391
-9.6875,-7.2422,-11.4062,-5.5234
-9.6719,-7.2969,-11.4453,-5.5625
-9.6406,-7.2891,-11.4766,-5.5547
-9.6953,-7.2656,-11.4531,-5.6328
-9.7344,-7.3281,-11.5938,-5.6172
-9.7734,-7.3594,-11.5391,-5.6328
-9.8125,-7.3516,-11.5391,-5.6406
-9.7969,-7.3906,-11.625,-5.7109
-9.7969,-7.4141,-11.6484,-5.6641
-9.7734,-7.4141,-11.5625,-5.7266
-9.8359,-7.4219,-11.5938,-5.7422
-9.9141,-7.4297,-11.6016,-5.7109
-9.9453,-7.4531,-11.6562,-5.7734
-9.875,-7.5391,-11.6719,-5.7422
-9.9375,-7.5312,-11.75,-5.8438
-9.9766,-7.5781,-11.7109,-5.7812
-9.9297,-7.5078,-11.75,-5.8281
-10.0156,-7.6406,-11.7344,-5.9062
-9.9453,-7.5938,-11.8125,-5.9219
-10.0625,-7.5781,-11.7734,-5.9219
-10.0938,-7.5938,-11.875,-5.9219
-10.0312,-7.6797,-11.7891,-6.0
-10.0391,-7.6328,-11.8984,-6.0
-10.1328,-7.75,-11.9219,-5.9297
-10.1094,-7.6641,-11.9375,-6.0312
-10.0703,-7.6953,-11.8828,-6.0859
-10.125,-7.7891,-11.8984,-6.0625
-10.2109,-7.7266,-11.9922,-6.1016
-10.2109,-7.7734,-11.9922,-6.0391
-10.2578,-7.7734,-12.0,-6.1094
-10.1797,-7.8594,-12.0,-6.1016
-10.2578,-7.7891,-12.0312,-6.1094
-10.2656,-7.8438,-12.0547,-6.1641
-10.2656,-7.9062,-12.0781,-6.2344
-10.3203,-7.8438,-12.125,-6.2109
-10.2734,-7.8906,-12.0859,-6.2734
-10.3672,-7.9375,-12.1094,-6.2344
-10.3203,-8.0078,-12.1719,-6.2891
-10.3047,-7.9609,-12.2109,-6.2266
-10.3828,-7.9844,-12.2266,-6.3125
-10.4453,-7.9531,-12.1641,-6.3672
-10.4297,-8.0703,-12.1719,-6.3125
-10.3906,-7.9844,-12.2422,-6.3438
-10.5234,-8.1016,-12.2109,-6.3672
-10.5156,-8.0469,-12.3359,-6.3281
-10.4766,-8.0938,-12.2656,-6.3828
-10.5469,-8.0938,-12.2812,-6.3672
-10.4844,-8.1406,-12.2969,-6.4609
-10.5547,-8.0938,-12.3203,-6.4297
-10.5859,-8.1797,-12.3203,-6.4297
-10.5312,-8.1953,-12.3984,-6.4453
-10.6562,-8.1875,-12.4062,-6.5391
-10.6875,-8.2109,-12.4375,-6.4766
-10.6562,-8.2188,-12.4453,-6.5234
-10.7109,-8.25,-12.4922,-6.5234
-10.7266,-8.3281,-12.5078,-6.625
-10.7344,-8.2891,-12.5469,-6.5391
-10.7734,-8.3672,-12.5781,-6.6719
-10.7344,-8.375,-12.4922,-6.625
-10.7891,-8.3047,-12.4922,-6.6328
-10.7422,-8.3984,-12.5703,-6.6562
-10.7344,-8.3906,-12.6094,-6.625
-10.7656,-8.4375,-12.5547,-6.6875
-10.7969,-8.4844,-12.6172,-6.7109
-10.8828,-8.4297,-12.6406,-6.7891
-10.8828,-8.5,-12.6875,-6.7969
-10.8281,-8.4609,-12.6953,-6.8047
-10.875,-8.4531,-12.6875,-6.8359
-10.9531,-8.4922,-12.7109,-6.8359
-10.9688,-8.5078,-12.7578,-6.8516
-10.9297,-8.5859,-12.7109,-6.8984
-10.9297,-8.5938,-12.75,-6.8672
-10.9844,-8.6016,-12.8438,-6.9453
-11.0156,-8.5547,-12.8203,-6.9141
-11.0469,-8.6172,-12.7891,-6.9297
-10.9844,-8.6875,-12.8594,-6.9453
-11.0547,-8.6875,-12.8281,-6.9141
-11.1016,-8.6953,-12.8828,-6.9219
-11.1094,-8.7031,-12.9297,-6.9531
-11.1484,-8.7266,-12.8672,-7.0078
-11.0703,-8.75,-12.9844,-7.0156
-11.1641,-8.7109,-12.9609,-6.9922
-11.2031,-8.7891,-12.9609,-7.0781
-11.2266,-8.7812,-13.0312,-7.0859
-11.2344,-8.8047,-13.0,-7.0781
-11.1719,-8.8672,-13.0312,-7.0547
-11.2188,-8.8438,-12.9922,-7.1094
-11.2891,-8.8906,-13.0234,-7.1406
-11.3281,-8.9297,-13.0859,-7.1875
-11.3438,-8.875,-13.0859,-7.1875
-11.2734,-8.9062,-13.1406,-7.2656
-11.3672,-8.9609,-13.1797,-7.2734
-11.3281,-8.9844,-13.1484,-7.1797
-11.3828,-8.9688,-13.1484,-7.2969
-11.3359,-8.9609,-13.1641,-7.2344
-11.3984,-9.0312,-13.1406,-7.3516
-11.4609,-8.9453,-13.1641,-7.3672
-11.375,-9.0078,-13.2656,-7.3438
-11.4531,-8.9922,-13.2188,-7.375
-11.4922,-9.0781,-13.2109,-7.3594
-11.5,-9.1094,-13.2578,-7.3281
-11.4609,-9.0312,-13.2734,-7.4531
-11.4531,-9.1719,-13.2812,-7.3828
-11.5781,-9.125,-13.3203,-7.3672
-11.4844,-9.1094,-13.3438,-7.4219
-11.6016,-9.2109,-13.4062,-7.4219
-11.5469,-9.2188,-13.3516,-7.4297
-11.5547,-9.2578,-13.4297,-7.4609
-11.5547,-9.1875,-13.4219,-7.4531
-11.6094,-9.2344,-13.4531,-7.5938
-11.6875,-9.2891,-13.4062,-7.6016
-11.6328,-9.2266,-13.4062,-7.5781
-11.7344,-9.2734,-13.4609,-7.625
-11.6562,-9.3516,-13.5391,-7.5781
-11.7578,-9.375,-13.5,-7.5547
-11.7266,-9.2969,-13.5312,-7.6719
-11.7344,-9.4141,-13.5625,-7.7109
-11.7266,-9.4062,-13.6094,-7.6875
-11.8438,-9.3672,-13.5781,-7.6719
-11.8125,-9.375,-13.6094,-7.6797
-11.8672,-9.4219,-13.5703,-7.7422
-11.8984,-9.4297,-13.625,-7.6797
-11.8438,-9.4766,-13.6328,-7.7422
-11.8672,-9.4062,-13.6484,-7.7891
-11.9375,-9.5234,-13.7266,-7.7969
-11.9297,-9.5234,-13.6953,-7.7969
-11.8594,-9.5703,-13.75,-7.8203
-11.9453,-9.4766,-13.7734,-7.7734
-11.9766,-9.4922,-13.7812,-7.8516
-11.9609,-9.6094,-13.7266,-7.8594
-11.9844,-9.5469,-13.7734,-7.8906
-12.0078,-9.6562,-13.8125,-7.9141
-12.0,-9.6484,-13.8281,-7.9219
-11.9766,-9.5781,-13.7969,-7.9688
-12.0156,-9.6328,-13.8047,-7.9844
-12.0469,-9.6875,-13.8125,-7.9375
-12.1094,-9.6562,-13.9297,-8.0234
-12.1406,-9.7422,-13.8438,-7.9609
-12.1406,-9.7031,-13.9688,-7.9688
-12.0938,-9.75,-13.9766,-8.0156
-12.2031,-9.7812,-13.9297,-8.0703
-12.1406,-9.7812,-14.0312,-8.0234
-12.1875,-9.7734,-13.9531,-8.1172
-12.2109,-9.8594,-14.0547,-8.0469
-12.2812,-9.7969,-13.9922,-8.1406
-12.2266,-9.8828,-13.9766,-8.1328
-12.2422,-9.8828,-14.0156,-8.125
-12.2969,-9.8281,-14.0312,-8.1172
-12.3047,-9.8984,-14.1016,-8.1641
-12.3438,-9.8984,-14.1406,-8.1953
-12.3672,-9.9688,-14.0781,-8.2812
-12.2969,-9.9141,-14.1328,-8.2109
-12.3594,-9.9531,-14.1172,-8.2812
-12.3594,-9.9688,-14.2266,-8.2578
-12.3906,-9.9609,-14.2344,-8.2422
-12.4062,-10.0312,-14.25,-8.2969
-12.375,-10.0781,-14.1641,-8.2734
-12.4688,-9.9922,-14.2344,-8.3828
-12.4766,-10.0547,-14.2109,-8.375
-12.5078,-10.0547,-14.3203,-8.3516
-12.5,-10.1328,-14.3281,-8.3906
-12.5156,-10.1484,-14.3125,-8.3359
-12.4531,-10.0859,-14.2734,-8.4062
-12.5781,-10.1172,-14.2812,-8.3984
-12.6016,-10.0859,-14.2969,-8.4219
-12.5,-10.1406,-14.3594,-8.4219
-12.5156,-10.1953,-14.3281,-8.5156
-12.6094,-10.2344,-14.375,-8.5547
-12.6719,-10.1953,-14.4453,-8.5156
-12.6641,-10.1719,-14.3672,-8.5781
-12.6797,-10.1875,-14.4609,-8.5625
-12.6641,-10.2188,-14.3984,-8.5234
-12.7188,-10.2891,-14.4688,-8.6094
-12.625,-10.25,-14.5469,-8.6094
-12.6406,-10.2969,-14.4766,-8.6562
-12.6797,-10.3516,-14.5469,-8.6484
-12.7188,-10.375,-14.5469,-8.6641
-12.7891,-10.2891,-14.6016,-8.7109
-12.7266,-10.4141,-14.5391,-8.6484
-12.7969,-10.3438,-14.6328,-8.7031
-12.7578,-10.4062,-14.6094,-8.6875
-12.8125,-10.4609,-14.6719,-8.6641
-12.7734,-10.4219,-14.5703,-8.6719
-12.8984,-10.4922,-14.6953,-8.7578
-12.8438,-10.4297,-14.6328,-8.8203
-12.9375,-10.4453,-14.6562,-8.7656
-12.8594,-10.5391,-14.6641,-8.7812
-12.9688,-10.4453,-14.7422,-8.7656
-12.8906,-10.4609,-14.7812,-8.875
-12.9219,-10.5703,-14.7266,-8.8594
-12.9766,-10.6016,-14.7656,-8.8438
-12.9297,-10.6328,-14.7109,-8.8281
-13.0234,-10.5469,-14.7422,-8.9062
-12.9531,-10.6641,-14.8125,-8.9453
-13.0078,-10.6641,-14.8281,-8.8672
-13.0547,-10.6953,-14.8203,-8.8906
-13.0703,-10.625,-14.8984,-8.9609
-13.0234,-10.625,-14.8125,-9.0234
-13.0312,-10.6562,-14.9297,-8.9688
-13.0938,-10.7344,-14.8516,-9.0
-13.1406,-10.6484,-14.9609,-9.0469
-13.0859,-10.7344,-14.8828,-9.0625
-13.1328,-10.7031,-14.8984,-9.0234
-13.1719,-10.7266,-15.0078,-9.0234
-13.2266,-10.7266,-14.9922,-9.0625
-13.1953,-10.8438,-14.9219,-9.1484
-13.1797,-10.7969,-14.9375,-9.0703
-13.2031,-10.7969,-15.0156,-9.125
-13.2188,-10.8203,-15.0391,-9.1484
-13.25,-10.7891,-15.0625,-9.1797
-13.2188,-10.9219,-15.0312,-9.1406
-13.25,-10.8984,-15.125,-9.1562
-13.2422,-10.9141,-15.0547,-9.2109
-13.2891,-10.8828,-15.0703,-9.1797
-13.2734,-10.875,-15.0703,-9.2344
-13.3672,-10.9062,-15.1953,-9.1953
-13.3438,-10.9844,-15.1797,-9.2344
-13.3984,-10.9453,-15.1953,-9.2344
-13.3516,-11.0312,-15.2188,-9.2188
-13.3672,-10.9453,-15.25,-9.2734
-13.3828,-11.0234,-15.2422,-9.2891
-13.3828,-11.0469,-15.2188,-9.3281
-13.4688,-11.0,-15.2578,-9.3906
-13.4141,-11.0781,-15.2734,-9.4062
-13.4141,-11.1328,-15.2578,-9.3906
-13.5078,-11.0234,-15.2656,-9.4219
-13.4609,-11.1016,-15.3594,-9.4297
-13.5156,-11.1719,-15.2734,-9.4453
-13.5859,-11.1719,-15.3203,-9.4688
-13.5938,-11.0938,-15.3906,-9.3828
-13.5781,-11.1016,-15.2969,-9.4766
-13.5312,-11.125,-15.3203,-9.4766
-13.5781,-11.1484,-15.375,-9.5156
-13.5547,-11.2109,-15.4219,-9.4609
-13.6094,-11.2656,-15.4375,-9.4609
-13.6016,-11.2031,-15.4922,-9.5156
-13.5859,-11.1875,-15.4531,-9.5234
-13.7188,-11.2812,-15.4219,-9.5312
-13.6953,-11.2422,-15.4766,-9.6328
-13.7031,-11.3438,-15.5234,-9.6172
-13.7344,-11.3047,-15.5156,-9.6562
-13.75,-11.2812,-15.5078,-9.5625
-13.6797,-11.3906,-15.4844,-9.6172
-13.7812,-11.3359,-15.5156,-9.6641
-13.75,-11.375,-15.6094,-9.7188
-13.7734,-11.3984,-15.6328,-9.7031
-13.7812,-11.3906,-15.6328,-9.7422
-13.8281,-11.3672,-15.5547,-9.6875
-13.8125,-11.4766,-15.6016,-9.7812
-13.8672,-11.4766,-15.6406,-9.7109
-13.8906,-11.3906,-15.625,-9.7891
-13.9141,-11.4141,-15.6328,-9.8125
-13.9375,-11.4766,-15.7344,-9.8047
-13.9531,-11.5469,-15.6406,-9.8438
-13.8984,-11.4609,-15.7578,-9.8359
-13.8906,-11.5312,-15.7422,-9.7578
-13.9062,-11.5938,-15.7969,-9.875
-13.9375,-11.5234,-15.75,-9.8047
-14.0234,-11.625,-15.7812,-9.8438
-14.0156,-11.5625,-15.7734,-9.9219
-14.0156,-11.5469,-15.7969,-9.8906
-14.0547,-11.6328,-15.7734,-9.9297
-14.0469,-11.625,-15.8594,-9.875
-14.0391,-11.625,-15.7812,-9.9219
-14.0469,-11.6875,-15.875,-9.9141
-14.0703,-11.6719,-15.9219,-9.9922
-14.0234,-11.6328,-15.8516,-10.0156
-14.0469,-11.6641,-15.875,-9.9766
-14.0391,-11.6641,-15.9219,-9.9375
-14.1719,-11.7734,-15.9531,-10.0469
-14.1797,-11.6875,-15.9922,-10.0859
-14.1094,-11.7656,-15.9844,-10.1016
-14.1094,-11.7344,-15.9375,-10.1172
-14.1562,-11.8125,-15.9219,-10.1016
-14.1328,-11.7266,-15.9609,-10.0703
-14.1484,-11.7969,-16.0547,-10.0703
-14.1875,-11.8516,-16.0078,-10.0625
-14.2812,-11.8828,-15.9844,-10.1016
-14.2188,-11.7812,-15.9844,-10.1172
-14.3125,-11.8125,-16.0547,-10.1094
-14.2266,-11.875,-16.1172,-10.1328
-14.3125,-11.9062,-16.125,-10.1172
-14.3125,-11.8828,-16.0703,-10.1797
-14.2891,-11.875,-16.1172,-10.2344
-14.3203,-11.9688,-16.1094,-10.1719
-14.375,-11.9766,-16.1719,-10.2734
-14.3359,-11.9297,-16.1328,-10.1953
-14.3125,-12.0,-16.1484,-10.2031
-14.4141,-12.0312,-16.1641,-10.2422
-14.375,-11.9766,-16.125,-10.3203
-14.3516,-11.9766,-16.2266,-10.3281
-14.4062,-12.0312,-16.1953,-10.3516
-14.4141,-11.9844,-16.2891,-10.3438
-14.4766,-12.0234,-16.2969,-10.3672
-14.5,-12.0547,-16.1953,-10.3594
-14.4688,-12.0469,-16.2578,-10.3125
-14.5234,-12.1016,-16.2891,-10.3203
-14.4531,-12.1406,-16.2734,-10.3359
-14.5234,-12.1562,-16.2969,-10.3984
-14.4922,-12.0859,-16.2656,-10.3984
-14.5547,-12.1328,-16.3828,-10.375
-14.5859,-12.1875,-16.3984,-10.4531
-14.5547,-12.1562,-16.3281,-10.4062
-14.5625,-12.2031,-16.4297,-10.4141
-14.5781,-12.1484,-16.3984,-10.4219
-14.5703,-12.1484,-16.4141,-10.5547
-14.5703,-12.2422,-16.3828,-10.4688
-14.6328,-12.1641,-16.4531,-10.4922
-14.5938,-12.2656,-16.4766,-10.4844
-14.7031,-12.2109,-16.5,-10.6094
-14.6328,-12.2031,-16.4531,-10.5312
-14.6719,-12.3359,-16.5078,-10.6016
-14.7188,-12.3359,-16.4375,-10.6016
-14.7578,-12.25,-16.4531,-10.5547
-14.6562,-12.3438,-16.5703,-10.6172
-14.7031,-12.3438,-16.5156,-10.6328
-14.7422,-12.3516,-16.5859,-10.6016
-14.7656,-12.3125,-16.5,-10.6797
-14.7969,-12.4062,-16.5078,-10.6641
-14.8047,-12.3672,-16.5312,-10.7188
-14.7969,-12.4219,-16.5391,-10.7188
-14.8438,-12.4062,-16.6016,-10.7656
-14.8672,-12.4062,-16.5625,-10.7031
-14.8594,-12.3984,-16.6406,-10.6875
-14.8828,-12.4141,-16.6328,-10.75
-14.7969,-12.4609,-16.6719,-10.8125
-14.8984,-12.4453,-16.6562,-10.7891
-14.9062,-12.4219,-16.6875,-10.8359
-14.9219,-12.4297,-16.6406,-10.7344
-14.8438,-12.4844,-16.7031,-10.8359
-14.9531,-12.4844,-16.7734,-10.8125
-14.8672,-12.4766,-16.7812,-10.7969
-15.0,-12.4922,-16.7109,-10.8125
-15.0,-12.5703,-16.7344,-10.8594
-14.9766,-12.5078,-16.7734,-10.8281
-14.9688,-12.5703,-16.7188,-10.8594
-14.9766,-12.6484,-16.7734,-10.8672
-15.0,-12.5547,-16.7422,-10.9531
-15.0625,-12.6172,-16.7812,-10.9141
-15.0,-12.6094,-16.8359,-10.9766
-15.0625,-12.6797,-16.7891,-10.9922
-15.1094,-12.6016,-16.8281,-10.9922
-15.0234,-12.7031,-16.8359,-11.0156
-15.0156,-12.625,-16.8125,-10.9766
-15.0391,-12.75,-16.8672,-10.9688
-15.0703,-12.7578,-16.8828,-11.0
-15.0781,-12.7734,-16.9453,-10.9531
-15.1016,-12.7812,-16.8672,-11.0
-15.1797,-12.7344,-16.9922,-11.0859
-15.1797,-12.7188,-16.9609,-11.0547
-15.1328,-12.8125,-16.9062,-11.0859
-15.1953,-12.75,-16.9609,-11.0703
-15.2344,-12.8047,-17.0156,-11.0625
-15.2188,-12.7656,-17.0391,-11.125
-15.1641,-12.8281,-16.9766,-11.125
-15.1797,-12.8828,-17.0,-11.1016
-15.1797,-12.8516,-16.9844,-11.1328
-15.2422,-12.7812,-17.0859,-11.1016
-15.2656,-12.8125,-17.0078,-11.1484
-15.2031,-12.8203,-17.0547,-11.1172
-15.2188,-12.8594,-17.0469,-11.2344
-15.3203,-12.8984,-17.1484,-11.2031
-15.2734,-12.9141,-17.1484,-11.2031
-15.3203,-12.8828,-17.1328,-11.25
-15.2812,-12.9844,-17.0859,-11.1953
-15.3203,-12.9141,-17.1094,-11.2656
-15.4062,-12.8984,-17.0859,-11.2812
-15.3125,-12.9531,-17.1797,-11.2578
-15.3516,-12.9844,-17.1641,-11.25
-15.4219,-13.0391,-17.2031,-11.3359
-15.3672,-13.0312,-17.1953,-11.3359
-15.3828,-13.0078,-17.2656,-11.2891
-15.4297,-12.9844,-17.2578,-11.2578
-15.4453,-13.0156,-17.2266,-11.3516
-15.3828,-12.9922,-17.1797,-11.3125
-15.4844,-13.0,-17.1953,-11.2891
-15.5234,-13.0625,-17.3125,-11.3594
-15.4219,-13.0234,-17.2734,-11.4219
-15.4688,-13.1328,-17.2422,-11.3438
-15.4453,-13.1094,-17.2656,-11.3438
-15.5703,-13.1172,-17.3594,-11.4375
-15.4688,-13.1016,-17.3125,-11.3594
-15.5625,-13.0938,-17.3438,-11.4609
-15.5938,-13.125,-17.3828,-11.4141
-15.5469,-13.1016,-17.3203,-11.4062
-15.5547,-13.1172,-17.4219,-11.4844
-15.5625,-13.2344,-17.3672,-11.4141
-15.5469,-13.1328,-17.3672,-11.4453
-15.625,-13.1797,-17.375,-11.5391
-15.5781,-13.2656,-17.3672,-11.5469
-15.6484,-13.2422,-17.4688,-11.4688
-15.6641,-13.2422,-17.3984,-11.5781
-15.6016,-13.25,-17.4844,-11.5391
-15.6016,-13.2188,-17.4297,-11.5391
-15.6016,-13.2109,-17.4219,-11.5859
-15.6641,-13.2422,-17.4766,-11.5547
-15.625,-13.2266,-17.4375,-11.6016
-15.6953,-13.2656,-17.4844,-11.5391
-15.6484,-13.3672,-17.5469,-11.6406
-15.6953,-13.3281,-17.5391,-11.6172
-15.7578,-13.3672,-17.5781,-11.5703
-15.7656,-13.3281,-17.5391,-11.5781
-15.8125,-13.3906,-17.6016,-11.6797
-15.7812,-13.3047,-17.5234,-11.6875
-15.7812,-13.4141,-17.5078,-11.7031
-15.7422,-13.4453,-17.6328,-11.6328
-15.7344,-13.3906,-17.5938,-11.6797
-15.8672,-13.4062,-17.6172,-11.7031
-15.7812,-13.3516,-17.5547,-11.7109
-15.8125,-13.4766,-17.6719,-11.7422
-15.7812,-13.4141,-17.6484,-11.7812
-15.8438,-13.4062,-17.6562,-11.7656
-15.875,-13.4062,-17.6953,-11.7656
-15.875,-13.5078,-17.6562,-11.7891
-15.8281,-13.4766,-17.7188,-11.8203
-15.8594,-13.5156,-17.6562,-11.8359
-15.8594,-13.5078,-17.7266,-11.8516
-15.9219,-13.5469,-17.7578,-11.7891
-15.8672,-13.4688,-17.7188,-11.7656
-15.8984,-13.5312,-17.7656,-11.8594
-15.9688,-13.5469,-17.7891,-11.8984
-15.9688,-13.6094,-17.7422,-11.8984
-15.9609,-13.5,-17.8203,-11.8594
-15.9766,-13.5391,-17.8281,-11.8281
-15.9297,-13.6016,-17.7969,-11.8672
-16.0469,-13.5312,-17.7969,-11.8281
-16.0469,-13.6172,-17.7812,-11.9609
-15.9531,-13.6719,-17.8281,-11.8828
-16.0625,-13.6016,-17.7734,-11.8984
-16.0625,-13.5703,-17.8203,-11.8906
-16.1016,-13.6797,-17.8906,-11.9297
-16.0781,-13.6797,-17.8828,-11.9219
-16.1094,-13.6172,-17.8672,-11.9219
-16.0234,-13.7344,-17.9219,-11.9219
-16.1172,-13.6719,-17.8281,-11.9609
-16.1328,-13.7031,-17.8516,-12.0078
-16.0391,-13.6406,-17.8828,-11.9609
-16.1641,-13.7109,-17.9219,-11.9844
-16.0703,-13.6719,-17.9531,-12.0234
-16.1016,-13.7891,-17.9688,-12.0781
-16.1484,-13.7031,-18.0,-12.0703
-16.1016,-13.7812,-17.9375,-12.0625
-16.1328,-13.7188,-17.9219,-12.0312
-16.1797,-13.7656,-17.9297,-12.0391
-16.1562,-13.7266,-18.0391,-12.0469
-16.1875,-13.8125,-18.0312,-12.125
-16.2188,-13.7969,-18.0078,-12.1406
-16.2578,-13.8594,-17.9609,-12.0703
-16.2656,-13.8281,-18.0781,-12.125
-16.2578,-13.8438,-18.0547,-12.1562
-16.2656,-13.8984,-18.0156,-12.1094
-16.2656,-13.8281,-18.0781,-12.1172
-16.2422,-13.8984,-18.0547,-12.1484
-16.2266,-13.9219,-18.1094,-12.1484
-16.2578,-13.875,-18.0156,-12.1953
-16.2422,-13.9219,-18.0938,-12.1641
-16.2812,-13.9375,-18.0859,-12.1641
-16.3047,-13.9609,-18.1641,-12.1719
-16.3125,-13.9609,-18.1406,-12.2422
-16.3828,-13.9688,-18.125,-12.2109
-16.2812,-13.8906,-18.1406,-12.2578
-16.3594,-13.8828,-18.1328,-12.1797
-16.3594,-13.9531,-18.1719,-12.2969
-16.4062,-13.9297,-18.1953,-12.3125
-16.3359,-13.9688,-18.1562,-12.3047
-16.3984,-13.9844,-18.2109,-12.2812
-16.4141,-14.0469,-18.2344,-12.3047
-16.3672,-13.9453,-18.1875,-12.3359
-16.4531,-14.0312,-18.1641,-12.2734
-16.4219,-13.9844,-18.2656,-12.3203
-16.4453,-14.0,-18.2656,-12.3047
-16.4688,-14.0,-18.2188,-12.3047
-16.4375,-14.0703,-18.2422,-12.3203
-16.4688,-14.1016,-18.2109,-12.2969
-16.4766,-14.0781,-18.2656,-12.3906
-16.4688,-14.0312,-18.2344,-12.4297
-16.5234,-14.0547,-18.3281,-12.3906
-16.5078,-14.1328,-18.3359,-12.3828
-16.5078,-14.1328,-18.2344,-12.4219
-16.5469,-14.1641,-18.2812,-12.3516
-16.5625,-14.1719,-18.3516,-12.3594
-16.4922,-14.0938,-18.3047,-12.3828
-16.5234,-14.0938,-18.2891,-12.4922
-16.5156,-14.1016,-18.3984,-12.3906
-16.5859,-14.1172,-18.3438,-12.5
-16.5156,-14.125,-18.3125,-12.4297
-16.5469,-14.125,-18.3672,-12.4453
-16.5312,-14.1641,-18.3672,-12.4297
-16.5391,-14.1797,-18.4297,-12.4922
-16.5703,-14.2422,-18.3281,-12.5078
-16.5391,-14.2422,-18.3828,-12.5156
-16.5469,-14.1953,-18.3438,-12.4453
-16.5781,-14.1797,-18.4531,-12.4844
-16.6562,-14.2031,-18.4531,-12.5625
-16.5703,-14.2422,-18.4766,-12.5234
-16.6328,-14.3047,-18.3828,-12.5078
-16.7031,-14.2812,-18.5078,-12.5781
-16.6875,-14.3203,-18.4766,-12.5156
-16.6094,-14.2578,-18.4453,-12.5078
-16.6719,-14.3359,-18.4453,-12.5312
-16.6953,-14.2422,-18.5234,-12.5859
-16.6328,-14.2734,-18.5234,-12.6016
-16.6484,-14.2422,-18.4375,-12.6328
-16.7266,-14.3672,-18.4609,-12.6484
-16.6641,-14.2891,-18.4844,-12.5859
-16.7656,-14.2969,-18.5234,-12.5625
-16.7109,-14.3359,-18.5234,-12.6406
-16.7344,-14.3984,-18.5078,-12.6641
-16.7812,-14.3594,-18.5,-12.7109
-16.7344,-14.3203,-18.6172,-12.7188
-16.7812,-14.3359,-18.6172,-12.6016
-16.75,-14.3203,-18.5547,-12.6094
-16.8125,-14.3516,-18.6094,-12.6719
-16.7812,-14.3672,-18.5703,-12.6797
-16.8047,-14.3672,-18.625,-12.6875
-16.7734,-14.3438,-18.5938,-12.6719
-16.7891,-14.4531,-18.6094,-12.7422
-16.7734,-14.4844,-18.6406,-12.7344
-16.8672,-14.4453,-18.6719,-12.6719
-16.8359,-14.3828,-18.6641,-12.75
-16.875,-14.4375,-18.6328,-12.6953
-16.8125,-14.3984,-18.7031,-12.6953
-16.8594,-14.4609,-18.6328,-12.8203
-16.875,-14.4375,-18.6875,-12.7812
-16.8516,-14.4375,-18.7266,-12.8281
-16.8516,-14.5312,-18.7266,-12.7734
-16.8281,-14.4375,-18.6797,-12.7734
-16.9453,-14.5547,-18.6562,-12.8047
-16.8984,-14.5234,-18.6484,-12.8359
-16.8516,-14.4609,-18.7266,-12.8672
-16.9531,-14.5391,-18.6875,-12.8516
-16.9219,-14.5703,-18.7578,-12.8516
-16.8984,-14.5547,-18.7188,-12.7969
-16.9922,-14.5859,-18.6797,-12.8203
-16.9375,-14.6016,-18.7734,-12.8125
-16.9219,-14.5,-18.8203,-12.8359
-16.9688,-14.5859,-18.7656,-12.8594
-16.9922,-14.6094,-18.8203,-12.9297
-16.9531,-14.5938,-18.7266,-12.8828
-16.9844,-14.5312,-18.8438,-12.9141
-17.0312,-14.6562,-18.8516,-12.9531
-16.9688,-14.6094,-18.7422,-12.8828
-16.9609,-14.6016,-18.7969,-12.9688
-17.0391,-14.5938,-18.8359,-12.8594
-17.0,-14.6172,-18.8203,-12.9062
-17.0391,-14.6016,-18.8516,-12.9922
-17.0391,-14.5859,-18.8516,-12.9453
-17.0781,-14.6641,-18.875,-13.0078
-17.0859,-14.5938,-18.8438,-12.8906
-17.0312,-14.6094,-18.8984,-13.0156
-17.0156,-14.6953,-18.8438,-12.9688
-17.1328,-14.6172,-18.8438,-12.9531
-17.1094,-14.7031,-18.8438,-12.9766
-17.1484,-14.7266,-18.8906,-12.9375
-17.1172,-14.7266,-18.9219,-12.9766
-17.1484,-14.6641,-18.9609,-13.0625
-17.0703,-14.7266,-18.8672,-12.9453
-17.1562,-14.7266,-18.9531,-13.0156
-17.1484,-14.6719,-18.9688,-13.0391
-17.1797,-14.7188,-18.9375,-13.0781
-17.1641,-14.7891,-18.9531,-13.0547
-17.2031,-14.75,-19.0,-13.0234
-17.125,-14.7656,-18.8984,-13.0469
-17.2188,-14.7344,-18.9062,-13.0234
-17.1797,-14.8203,-19.0156,-13.1094
-17.2266,-14.7656,-19.0156,-13.0859
-17.1328,-14.8281,-18.9375,-13.125
-17.1953,-14.8203,-19.0234,-13.1016
-17.125,-14.7578,-18.9922,-13.0859
-17.1875,-14.7812,-19.0547,-13.0859
-17.2188,-14.8281,-19.0391,-13.0703
-17.1484,-14.7656,-19.0156,-13.1562
-17.2031,-14.7812,-18.9609,-13.1562
-17.2812,-14.8516,-19.0781,-13.1797
-17.1641,-14.7812,-19.0703,-13.1641
-17.1719,-14.8516,-19.0703,-13.1172
-17.1875,-14.8438,-19.0391,-13.1328
-17.2266,-14.875,-18.9844,-13.1562
-17.3047,-14.7891,-19.0156,-13.1094
-17.3125,-14.8672,-19.0078,-13.2188
-17.2578,-14.8359,-19.0156,-13.125
-17.2109,-14.8516,-19.0781,-13.1406
-17.2969,-14.8672,-19.0859,-13.2188
-17.3125,-14.8828,-19.0859,-13.1562
-17.3281,-14.8594,-19.0703,-13.2422
-17.25,-14.9141,-19.0547,-13.25
-17.3516,-14.8906,-19.1094,-13.1719
-17.25,-14.8594,-19.1094,-13.1875
-17.3047,-14.9609,-19.1328,-13.2031
-17.2891,-14.9609,-19.1328,-13.25
-17.2656,-14.9531,-19.1172,-13.2344
-17.3203,-14.9688,-19.0859,-13.1719
-17.3906,-15.0,-19.1562,-13.2656
-17.2969,-14.9219,-19.1328,-13.2344
-17.3672,-15.0,-19.1484,-13.2891
-17.2969,-14.8984,-19.1484,-13.2031
-17.3828,-14.8984,-19.125,-13.2109
-17.3906,-15.0,-19.1953,-13.2266
-17.4219,-15.0312,-19.1562,-13.3203
-17.3906,-15.0,-19.1328,-13.3359
-17.4062,-14.9766,-19.2188,-13.2344
-17.3516,-14.9609,-19.2422,-13.2891
-17.3359,-14.9766,-19.2578,-13.3359
-17.3984,-14.9688,-19.1953,-13.3594
-17.3906,-14.9453,-19.2188,-13.3281
-17.4453,-15.0703,-19.2656,-13.25
-17.4297,-14.9766,-19.2656,-13.3594
-17.3672,-15.0156,-19.1719,-13.3125
-17.4062,-14.9766,-19.2031,-13.2969
-17.4141,-15.0234,-19.2891,-13.2891
-17.4531,-15.0,-19.2891,-13.3984
-17.3828,-15.0,-19.1875,-13.3359
-17.5,-15.0938,-19.3047,-13.3984
-17.4141,-15.0,-19.2266,-13.3203
-17.5156,-15.0703,-19.2891,-13.3125
-17.4453,-15.0156,-19.3203,-13.3516
-17.5234,-15.0547,-19.2344,-13.3594
-17.5,-15.125,-19.2891,-13.3594
-17.4609,-15.0469,-19.3203,-13.3828
-17.4766,-15.0312,-19.3203,-13.4375
-17.5312,-15.1328,-19.2422,-13.4375
-17.4922,-15.1484,-19.2422,-13.3984
-17.4609,-15.1406,-19.2734,-13.4609
-17.4531,-15.0703,-19.25,-13.3906
-17.4844,-15.1484,-19.375,-13.3516
-17.5781,-15.0625,-19.3203,-13.4219
-17.5156,-15.0625,-19.3672,-13.4844
-17.5078,-15.1797,-19.3672,-13.4297
-17.5234,-15.1641,-19.3125,-13.4375
-17.4922,-15.1016,-19.3125,-13.3906
-17.6016,-15.1484,-19.3984,-13.3828
-17.6016,-15.1016,-19.2891,-13.4609
-17.5078,-15.2109,-19.3125,-13.5156
-17.5,-15.1484,-19.3984,-13.4219
-17.5234,-15.125,-19.3203,-13.4844
-17.5156,-15.2266,-19.3594,-13.5078
-17.5859,-15.125,-19.3359,-13.4453
-17.5859,-15.2422,-19.4375,-13.4922
-17.6406,-15.2422,-19.3828,-13.4531
-17.6016,-15.1562,-19.4453,-13.4844
-17.6016,-15.1953,-19.3594,-13.5547
-17.6562,-15.1484,-19.4375,-13.5
-17.6094,-15.1484,-19.375,-13.4609
-17.5469,-15.1875,-19.375,-13.4688
-17.6719,-15.2188,-19.4141,-13.4609
-17.5547,-15.2031,-19.4766,-13.5781
-17.6797,-15.1875,-19.3672,-13.5469
-17.6875,-15.2031,-19.4453,-13.5781
-17.6797,-15.2422,-19.3984,-13.5312
-17.6797,-15.2422,-19.4609,-13.5469
-17.5781,-15.2656,-19.3906,-13.5156
-17.6406,-15.25,-19.4609,-13.5938
-17.6797,-15.1875,-19.3828,-13.5156
-17.6641,-15.2891,-19.4141,-13.5938
-17.6953,-15.2344,-19.4766,-13.5781
-17.7188,-15.2422,-19.4688,-13.5625
-17.6641,-15.2344,-19.4375,-13.5859
-17.625,-15.2578,-19.5078,-13.5469
-17.6406,-15.3047,-19.4688,-13.5156
-17.6797,-15.3203,-19.4688,-13.5703
-17.6406,-15.3203,-19.5,-13.6094
-17.6953,-15.3125,-19.4766,-13.6484
-17.75,-15.2812,-19.4453,-13.5391
-17.7031,-15.3359,-19.5156,-13.5312
-17.6953,-15.2344,-19.5391,-13.6406
-17.7344,-15.3281,-19.4609,-13.6328
-17.7031,-15.3438,-19.4766,-13.6641
-17.6719,-15.2656,-19.5625,-13.5781
-17.6641,-15.3125,-19.5547,-13.5625
-17.6641,-15.2578,-19.5703,-13.6797
-17.75,-15.2578,-19.4688,-13.6094
-17.6641,-15.3281,-19.5859,-13.6406
-17.6719,-15.375,-19.5078,-13.6562
-17.7188,-15.3516,-19.5312,-13.6797
-17.7344,-15.2969,-19.4844,-13.5781
-17.75,-15.3203,-19.5312,-13.6406
-17.7344,-15.375,-19.5625,-13.6562
-17.7969,-15.3281,-19.5,-13.6641
-17.6875,-15.3281,-19.5938,-13.6797
-17.7031,-15.3125,-19.5938,-13.6641
-17.8047,-15.3047,-19.5156,-13.7109
-17.8125,-15.3906,-19.625,-13.7188
-17.7031,-15.4062,-19.5078,-13.6641
-17.8125,-15.375,-19.5312,-13.6875
-17.8203,-15.3203,-19.5547,-13.6484
-17.8047,-15.3281,-19.6094,-13.6953
-17.7969,-15.3359,-19.6172,-13.7188
-17.8125,-15.3906,-19.6328,-13.6719
-17.7344,-15.3359,-19.5781,-13.6875
-17.7656,-15.3828,-19.5469,-13.7266
-17.7656,-15.3594,-19.6094,-13.7031
-17.8594,-15.3359,-19.5938,-13.7578
-17.8281,-15.3359,-19.6328,-13.7578
-17.8359,-15.3828,-19.6562,-13.7109
-17.7734,-15.4062,-19.5625,-13.6875
-17.8125,-15.4375,-19.6172,-13.7656
-17.8516,-15.3594,-19.6016,-13.7188
-17.7969,-15.4531,-19.5938,-13.7422
-17.8672,-15.4062,-19.6172,-13.6797
-17.875,-15.3906,-19.6484,-13.7188
-17.8516,-15.4609,-19.6641,-13.7031
-17.8281,-15.3672,-19.6406,-13.7188
-17.8516,-15.4609,-19.6641,-13.7891
-17.8203,-15.4141,-19.5859,-13.75
-17.7891,-15.4297,-19.6094,-13.7578
-17.7891,-15.4375,-19.6797,-13.7891
-17.8828,-15.4062,-19.6406,-13.7109
-17.8359,-15.5078,-19.6875,-13.7891
-17.8984,-15.5078,-19.6562,-13.8047
-17.8125,-15.4375,-19.6797,-13.7578
-17.8125,-15.4922,-19.6875,-13.7344
-17.9062,-15.5078,-19.625,-13.8203
-17.8281,-15.5,-19.6172,-13.7812
-17.8594,-15.4531,-19.6797,-13.7109
-17.8984,-15.4766,-19.6953,-13.7578
-17.8906,-15.5,-19.7266,-13.7188
-17.8984,-15.4375,-19.6328,-13.7188
-17.9062,-15.5,-19.6953,-13.7344
-17.8672,-15.4219,-19.6953,-13.7578
-17.9062,-15.5078,-19.7109,-13.7344
-17.8203,-15.5312,-19.7109,-13.75
-17.8359,-15.5312,-19.6953,-13.8203
-17.9375,-15.4688,-19.6328,-13.7422
-17.8672,-15.5391,-19.7109,-13.8203
-17.8828,-15.4688,-19.6406,-13.8516
-17.9141,-15.4297,-19.6562,-13.75
-17.8516,-15.4375,-19.6328,-13.7578
-17.8672,-15.5078,-19.6406,-13.8359
-17.9375,-15.5312,-19.7109,-13.75
-17.8828,-15.5547,-19.6797,-13.7812
-17.8672,-15.5547,-19.7656,-13.8516
-17.9453,-15.5547,-19.6797,-13.8359
-17.8594,-15.5703,-19.6562,-13.8594
-17.9141,-15.5391,-19.7422,-13.7578
-17.9062,-15.5,-19.7422,-13.8203
-17.9141,-15.4844,-19.6562,-13.7891
-17.8594,-15.4609,-19.6562,-13.8594
-17.9531,-15.4766,-19.75,-13.8594
-17.8594,-15.5703,-19.7344,-13.875
-17.9062,-15.5234,-19.7109,-13.8828
-17.8672,-15.4922,-19.7656,-13.8281
-17.9453,-15.4688,-19.7656,-13.8203
-17.9375,-15.5703,-19.7422,-13.8906
-17.9297,-15.4922,-19.7031,-13.875
-17.9844,-15.4844,-19.75,-13.8906
-17.8984,-15.4766,-19.7188,-13.8438
-17.8906,-15.5,-19.7109,-13.7891
-17.8828,-15.5469,-19.7812,-13.8125
-18.0,-15.5938,-19.7422,-13.8516
-17.8828,-15.5859,-19.7031,-13.8047
-17.9219,-15.5156,-19.6953,-13.8984
-17.9062,-15.5625,-19.7656,-13.8594
-17.9688,-15.5469,-19.6875,-13.7891
-17.9609,-15.5078,-19.6875,-13.8203
-18.0078,-15.5625,-19.7188,-13.8828
-17.9766,-15.5312,-19.7734,-13.9141
-18.0078,-15.4922,-19.7969,-13.875
-17.8984,-15.6172,-19.7266,-13.9141
-17.9141,-15.5156,-19.7344,-13.8984
-17.9219,-15.5156,-19.6953,-13.8203
-18.0078,-15.6172,-19.7344,-13.8828
-18.0,-15.5625,-19.75,-13.9219
-17.9141,-15.5938,-19.75,-13.8438
-18.0234,-15.5156,-19.7812,-13.8438
-17.9141,-15.5781,-19.7734,-13.8438
-17.9062,-15.5391,-19.7109,-13.8672
-18.0078,-15.6016,-19.8203,-13.8125
-18.0234,-15.5391,-19.7266,-13.8828
-17.9141,-15.6016,-19.8281,-13.8828
-17.9297,-15.5547,-19.7891,-13.875
-17.9141,-15.5547,-19.7266,-13.8516
-17.9141,-15.5938,-19.7266,-13.9375
-17.9453,-15.6094,-19.7891,-13.9141
-18.0234,-15.5391,-19.7891,-13.9141
-18.0391,-15.6172,-19.8359,-13.8984
-17.9297,-15.5625,-19.7188,-13.8516
-18.0,-15.6016,-19.8125,-13.8906
-18.0234,-15.5312,-19.8047,-13.8281
-17.9922,-15.5391,-19.7188,-13.9219
-17.9922,-15.5703,-19.7969,-13.8672
-17.9219,-15.6406,-19.7969,-13.8281
-17.9766,-15.6016,-19.7422,-13.9453
-17.9375,-15.625,-19.7266,-13.8672
-18.0234,-15.6094,-19.7891,-13.9297
-17.9297,-15.5703,-19.8516,-13.8516
-18.0312,-15.5391,-19.8516,-13.8906
-17.9922,-15.6094,-19.7578,-13.9219
-17.9531,-15.6016,-19.7422,-13.8672
-17.9297,-15.5547,-19.7734,-13.9375
-17.9453,-15.6406,-19.7734,-13.9531
-17.9609,-15.6406,-19.8359,-13.9531
-18.0547,-15.5859,-19.8359,-13.8594
-18.0234,-15.5938,-19.8047,-13.8828
-18.0234,-15.5703,-19.7656,-13.8516
-17.9375,-15.6484,-19.8047,-13.9219
-17.9766,-15.6562,-19.7344,-13.9062
-17.9922,-15.5391,-19.7656,-13.9219
-17.9922,-15.5391,-19.8281,-13.9141
-18.0391,-15.6328,-19.75,-13.9531
-18.0,-15.5938,-19.8359,-13.9062
-17.9453,-15.5547,-19.8047,-13.9609
-18.0547,-15.6484,-19.8516,-13.8516
-17.9375,-15.6406,-19.8594,-13.9453
-17.9609,-15.6016,-19.7891,-13.8516
-18.0625,-15.6016,-19.8281,-13.8984
-17.9766,-15.6406,-19.7891,-13.9609
-18.0391,-15.6484,-19.8203,-13.9609
-17.9766,-15.6328,-19.8203,-13.8594
-17.9766,-15.6172,-19.7656,-13.9062
-17.9375,-15.5391,-19.8203,-13.9375
-17.9688,-15.5625,-19.7578,-13.9219
-18.0391,-15.5703,-19.8594,-13.8828
-18.0234,-15.6406,-19.8438,-13.9375
-17.9688,-15.5469,-19.8516,-13.8828
-17.9609,-15.6094,-19.8516,-13.9609
-17.9688,-15.6094,-19.7578,-13.8516
-18.0078,-15.5469,-19.8281,-13.9062
-17.9766,-15.5938,-19.7578,-13.8516
-18.0078,-15.6016,-19.75,-13.9062
-18.0234,-15.6016,-19.8125,-13.9531
-18.0078,-15.5625,-19.8125,-13.9609
-17.9922,-15.6562,-19.7578,-13.9375
-18.0625,-15.6094,-19.8203,-13.9062
-17.9375,-15.5391,-19.7422,-13.8672
-17.9766,-15.625,-19.8203,-13.9062
-18.0547,-15.5859,-19.8047,-13.8359
-17.9609,-15.5781,-19.7891,-13.9609
-17.9609,-15.5469,-19.7656,-13.9141
-17.9688,-15.5781,-19.7656,-13.8672
-18.0,-15.6406,-19.8594,-13.875
-17.9531,-15.5938,-19.8281,-13.8594
-18.0078,-15.6562,-19.7734,-13.9062
-18.0156,-15.5859,-19.8438,-13.875
-18.0078,-15.5391,-19.8047,-13.8672
-17.9766,-15.6484,-19.7422,-13.8828
-17.9609,-15.5625,-19.8359,-13.9375
-18.0312,-15.6562,-19.8125,-13.9219
-17.9609,-15.6016,-19.7891,-13.9453
-18.0391,-15.5391,-19.7344,-13.8594
-17.9688,-15.5625,-19.7422,-13.9453
-17.9531,-15.6484,-19.8203,-13.9219
-17.9609,-15.6172,-19.8125,-13.8984
-17.9531,-15.5391,-19.8125,-13.8828
-17.9453,-15.6406,-19.7266,-13.8281
-17.9297,-15.5469,-19.7656,-13.9062
-17.9609,-15.5703,-19.8047,-13.9297
-17.9688,-15.6094,-19.8047,-13.8672
-17.9922,-15.5859,-19.8281,-13.8984
-17.9375,-15.5859,-19.8359,-13.8516
-17.9531,-15.5703,-19.8047,-13.9375
-17.9844,-15.6016,-19.8047,-13.9062
-17.9844,-15.6016,-19.7578,-13.9453
-17.9531,-15.5234,-19.7969,-13.8906
-18.0312,-15.5234,-19.7812,-13.8672
-17.9922,-15.6172,-19.8047,-13.8594
-17.9297,-15.6406,-19.7188,-13.875
-17.9453,-15.5391,-19.7969,-13.8828
-18.0078,-15.5547,-19.8125,-13.8516
-17.9531,-15.5859,-19.8125,-13.875
-17.9141,-15.5859,-19.8203,-13.9062
-17.9297,-15.5703,-19.8125,-13.8281
-17.9297,-15.5469,-19.7578,-13.8984
-17.9297,-15.5703,-19.75,-13.8594
-17.9141,-15.5391,-19.75,-13.8516
-17.9453,-15.5469,-19.7734,-13.8672
-17.9922,-15.5938,-19.7031,-13.8828
-18.0234,-15.5547,-19.7266,-13.8516
-18.0156,-15.5703,-19.7031,-13.8438
-17.8984,-15.5938,-19.75,-13.8828
-17.9922,-15.5,-19.7656,-13.8516
-17.8984,-15.5859,-19.7812,-13.8359
-18.0078,-15.5078,-19.6953,-13.8047
-17.9453,-15.6172,-19.6953,-13.8516
-17.9141,-15.5,-19.7422,-13.8828
-17.9453,-15.5625,-19.7188,-13.8906
-17.9688,-15.5781,-19.7734,-13.8516
-17.9688,-15.5156,-19.8047,-13.7969
-17.9375,-15.5391,-19.6875,-13.8438
-17.9766,-15.5234,-19.6875,-13.8281
-17.9219,-15.6016,-19.7812,-13.8047
-17.9453,-15.5078,-19.7422,-13.8047
-17.9062,-15.5703,-19.7734,-13.7891
-17.9297,-15.4766,-19.7656,-13.8203
-17.9688,-15.5781,-19.7188,-13.875
-17.9609,-15.5547,-19.7734,-13.8672
-17.8906,-15.4844,-19.7109,-13.8125
-17.9922,-15.5234,-19.7109,-13.7969
-17.9062,-15.5781,-19.7109,-13.7812
-17.9531,-15.5391,-19.6641,-13.7734
-17.9609,-15.5078,-19.7734,-13.7969
-17.9609,-15.5234,-19.6953,-13.8594
-17.9141,-15.4766,-19.7812,-13.8672
-17.9062,-15.5391,-19.7656,-13.8359
-17.9375,-15.4688,-19.75,-13.8281
-17.8828,-15.4766,-19.6719,-13.8438
-17.8516,-15.4531,-19.6797,-13.875
-17.9297,-15.4609,-19.6797,-13.8516
-17.8906,-15.5547,-19.7656,-13.7969
-17.8438,-15.5078,-19.7422,-13.8047
-17.9062,-15.5234,-19.6641,-13.8047
-17.9531,-15.4531,-19.7578,-13.8125
-17.8672,-15.4766,-19.75,-13.75
-17.9453,-15.4531,-19.6562,-13.8281
-17.8438,-15.5312,-19.7266,-13.7969
-17.8516,-15.5547,-19.6641,-13.8516
-17.8672,-15.5,-19.7109,-13.7266
-17.8594,-15.5469,-19.6797,-13.8125
-17.8672,-15.5234,-19.6719,-13.8203
-17.8516,-15.4688,-19.6719,-13.7344
-17.8906,-15.5156,-19.6562,-13.7188
-17.8359,-15.4766,-19.625,-13.7969
-17.8672,-15.5312,-19.6641,-13.8125
-17.9297,-15.5234,-19.6719,-13.7344
-17.8672,-15.4922,-19.6172,-13.7266
-17.9062,-15.4062,-19.6094,-13.7656
-17.8594,-15.4922,-19.6328,-13.8203
-17.8594,-15.4219,-19.7188,-13.7422
-17.7969,-15.4766,-19.6641,-13.75
-17.875,-15.4375,-19.6484,-13.7344
-17.8594,-15.5156,-19.6328,-13.7031
-17.7891,-15.4688,-19.6797,-13.7422
-17.8047,-15.4531,-19.7031,-13.6875
-17.8125,-15.3828,-19.6328,-13.75
-17.7812,-15.4766,-19.6484,-13.7734
-17.7812,-15.3906,-19.625,-13.7812
-17.875,-15.4219,-19.6641,-13.7031
-17.8906,-15.4844,-19.5781,-13.7422
-17.8516,-15.4297,-19.6719,-13.6797
-17.8047,-15.3984,-19.6484,-13.6719
-17.8438,-15.4453,-19.6016,-13.7812
-17.7578,-15.4219,-19.6797,-13.7656
-17.7656,-15.4688,-19.5859,-13.7031
-17.8359,-15.3828,-19.6016,-13.7422
-17.8672,-15.4219,-19.5781,-13.7266
-17.7578,-15.4688,-19.5781,-13.7031
-17.8047,-15.4609,-19.625,-13.7344
-17.7422,-15.4609,-19.6172,-13.6406
-17.7578,-15.3984,-19.5703,-13.6797
-17.8047,-15.4531,-19.625,-13.6641
-17.7578,-15.4531,-19.5625,-13.6406
-17.8281,-15.3438,-19.6094,-13.7266
-17.8125,-15.3516,-19.5859,-13.625
-17.8125,-15.4375,-19.6172,-13.7188
-17.7969,-15.3672,-19.6094,-13.6641
-17.7969,-15.3906,-19.5234,-13.7031
-17.7188,-15.3281,-19.5781,-13.7188
-17.7031,-15.3594,-19.6094,-13.6328
-17.75,-15.3594,-19.5703,-13.6953
-17.7891,-15.3125,-19.5859,-13.625
-17.8047,-15.3672,-19.5156,-13.6875
-17.75,-15.3047,-19.5312,-13.6016
-17.7891,-15.3906,-19.5547,-13.6016
-17.7344,-15.375,-19.4922,-13.6172
-17.7578,-15.3281,-19.5312,-13.6328
-17.6875,-15.2891,-19.4844,-13.5859
-17.7266,-15.3516,-19.5,-13.5859
-17.7031,-15.2969,-19.5781,-13.6797
-17.6719,-15.3047,-19.5859,-13.6875
-17.7578,-15.375,-19.5781,-13.6016
-17.75,-15.2578,-19.4844,-13.5703
-17.7656,-15.3125,-19.4844,-13.6719
-17.7734,-15.3359,-19.5234,-13.5625
-17.7344,-15.3594,-19.4922,-13.5781
-17.6641,-15.3047,-19.4844,-13.6016
-17.6641,-15.2656,-19.4609,-13.5703
-17.7266,-15.3516,-19.4844,-13.6562
-17.6562,-15.2891,-19.4922,-13.5781
-17.7422,-15.2422,-19.5469,-13.5547
-17.7188,-15.25,-19.4922,-13.5391
-17.7266,-15.3047,-19.5312,-13.625
-17.6641,-15.3125,-19.4531,-13.5938
-17.6094,-15.3203,-19.5312,-13.5859
-17.6875,-15.2656,-19.4141,-13.5234
-17.6094,-15.2109,-19.4688,-13.6016
-17.6328,-15.2734,-19.4141,-13.5781
-17.6094,-15.2891,-19.4688,-13.5156
-17.625,-15.1875,-19.4609,-13.5391
-17.5859,-15.2109,-19.4766,-13.6016
-17.6562,-15.1953,-19.4453,-13.5781
-17.5781,-15.2812,-19.375,-13.5469
-17.6406,-15.1875,-19.4219,-13.5
-17.6719,-15.2344,-19.4453,-13.4922
-17.6641,-15.1641,-19.3594,-13.5547
-17.5703,-15.1641,-19.4375,-13.5078
-17.5547,-15.2031,-19.3594,-13.5547
-17.6562,-15.2656,-19.4453,-13.5469
-17.625,-15.2344,-19.3594,-13.5156
-17.5859,-15.1719,-19.3672,-13.5391
-17.5859,-15.25,-19.4531,-13.5
-17.5859,-15.1875,-19.3984,-13.5391
-17.5234,-15.2266,-19.3281,-13.4531
-17.5234,-15.2422,-19.3594,-13.4219
-17.5312,-15.1641,-19.4219,-13.4922
-17.5938,-15.1719,-19.3125,-13.4688
-17.6016,-15.2031,-19.3047,-13.4453
-17.5469,-15.1094,-19.3828,-13.5234
-17.5781,-15.1484,-19.4141,-13.4219
-17.5234,-15.1641,-19.3281,-13.4531
-17.4922,-15.1641,-19.3828,-13.4375
-17.5547,-15.1094,-19.3906,-13.3984
-17.5781,-15.0938,-19.3594,-13.4141
-17.5703,-15.1328,-19.3828,-13.4219
-17.5469,-15.0625,-19.3672,-13.4141
-17.5547,-15.0703,-19.2891,-13.4219
-17.4531,-15.1094,-19.3281,-13.3984
-17.5391,-15.0703,-19.3516,-13.3828
-17.5469,-15.125,-19.3359,-13.4453
-17.5312,-15.1016,-19.3125,-13.4297
-17.5391,-15.1172,-19.2578,-13.4141
-17.4531,-15.1172,-19.25,-13.3906
-17.4375,-15.1172,-19.2734,-13.3438
-17.4297,-15.0703,-19.3281,-13.4375
-17.4375,-15.0156,-19.2344,-13.3516
-17.5078,-15.0312,-19.3203,-13.3594
-17.4141,-15.0312,-19.3203,-13.3516
-17.5,-15.0859,-19.2812,-13.3594
-17.5156,-15.0547,-19.3047,-13.3828
-17.5,-15.1094,-19.2969,-13.3594
-17.3906,-15.0156,-19.2812,-13.3125
-17.3828,-15.0703,-19.2031,-13.2734
-17.4922,-15.0938,-19.1719,-13.3594
-17.4141,-15.0547,-19.1875,-13.3281
-17.4609,-15.0,-19.2734,-13.3516
-17.375,-15.0469,-19.1641,-13.3125
-17.4375,-14.9922,-19.2578,-13.2969
-17.3828,-14.9766,-19.2266,-13.3125
-17.3359,-14.9609,-19.2188,-13.2812
-17.4453,-14.9844,-19.1484,-13.2422
-17.4297,-14.9844,-19.1797,-13.3047
-17.3906,-15.0,-19.1406,-13.3203
-17.3438,-14.9375,-19.1953,-13.2656
-17.3672,-15.0,-19.1797,-13.2969
-17.375,-14.9062,-19.125,-13.3047
-17.3281,-15.0,-19.1484,-13.3203
-17.3203,-14.9531,-19.1641,-13.2188
-17.3047,-14.9844,-19.1641,-13.2188
-17.3359,-14.9062,-19.1484,-13.2734
-17.3906,-14.9453,-19.1641,-13.2812
-17.2969,-14.9609,-19.1094,-13.2656
-17.3828,-14.9141,-19.1484,-13.1641
-17.2891,-14.9141,-19.0938,-13.2734
-17.2578,-14.9219,-19.1172,-13.1797
-17.2422,-14.9453,-19.1406,-13.1562
-17.2578,-14.9062,-19.0938,-13.25
-17.3047,-14.8906,-19.0312,-13.1797
-17.2734,-14.8672,-19.1484,-13.2266
-17.3359,-14.8359,-19.0312,-13.2109
-17.2656,-14.9141,-19.1016,-13.2109
-17.25,-14.8047,-19.0703,-13.1094
-17.25,-14.8906,-19.0,-13.2188
-17.2969,-14.9141,-19.0156,-13.1562
-17.25,-14.7891,-19.0078,-13.1719
-17.3047,-14.8047,-19.0234,-13.1484
-17.2891,-14.8984,-19.0391,-13.1328
-17.1719,-14.8516,-19.0859,-13.1797
-17.2109,-14.7812,-19.0859,-13.1641
-17.1562,-14.7891,-18.9844,-13.1562
-17.2109,-14.8281,-18.9922,-13.1562
-17.1719,-14.7812,-19.0156,-13.0859
-17.2578,-14.75,-18.9766,-13.0469
-17.25,-14.7578,-18.9922,-13.0703
-17.125,-14.7969,-18.9609,-13.0703
-17.1562,-14.7344,-18.9688,-13.0547
-17.1172,-14.7812,-18.9922,-13.0078
-17.1641,-14.7656,-19.0156,-13.0859
-17.2109,-14.7188,-19.0,-13.1094
-17.1875,-14.7812,-18.9297,-13.1094
-17.1875,-14.7656,-18.9531,-13.0234
-17.125,-14.7031,-18.9531,-13.0547
-17.0938,-14.6797,-18.8828,-12.9688
-17.125,-14.7266,-18.875,-13.0156
-17.1641,-14.7031,-18.875,-12.9766
-17.1562,-14.7422,-18.9688,-13.0078
-17.1016,-14.6719,-18.9297,-13.0391
-17.1562,-14.6875,-18.9531,-12.9531
-17.0781,-14.6406,-18.8906,-13.0
-17.1328,-14.6328,-18.8828,-13.0234
-17.1172,-14.6562,-18.8438,-12.9531
-17.125,-14.6172,-18.8906,-12.9766
-17.0078,-14.6641,-18.8438,-12.9844
-17.0703,-14.7031,-18.8906,-12.9531
-17.0156,-14.5859,-18.8672,-12.9766
-17.0781,-14.6016,-18.7812,-12.9922
-17.0391,-14.6953,-18.8359,-12.9062
-17.0625,-14.6719,-18.8047,-12.8672
-17.0078,-14.5781,-18.8672,-12.9453
-16.9688,-14.5625,-18.7734,-12.9531
-17.0,-14.625,-18.8125,-12.8516
-17.0547,-14.5547,-18.8438,-12.9297
-16.9766,-14.6406,-18.7812,-12.8672
-16.9453,-14.6328,-18.8125,-12.9453
-17.0234,-14.5859,-18.8047,-12.8359
-16.9297,-14.5938,-18.7812,-12.8438
-17.0078,-14.5938,-18.7734,-12.9219
-17.0156,-14.5547,-18.7188,-12.7891
-16.9766,-14.5312,-18.7812,-12.8984
-16.9453,-14.5469,-18.7891,-12.8984
-16.9375,-14.4766,-18.7734,-12.8828
-16.9609,-14.4609,-18.6797,-12.8828
-16.9375,-14.5234,-18.6953,-12.8672
-16.9297,-14.5469,-18.6953,-12.7656
-16.9219,-14.4375,-18.6484,-12.8594
-16.8359,-14.5,-18.7188,-12.8047
-16.8828,-14.4531,-18.7109,-12.7266
-16.9297,-14.4844,-18.7188,-12.8359
-16.8984,-14.5,-18.7031,-12.7891
-16.8516,-14.5078,-18.7188,-12.7578
-16.8047,-14.4375,-18.625,-12.7734
-16.9062,-14.5078,-18.5938,-12.7969
-16.875,-14.4297,-18.6094,-12.7656
-16.8672,-14.3906,-18.6641,-12.6719
-16.7734,-14.375,-18.5625,-12.7422
-16.7812,-14.3984,-18.5859,-12.7344
-16.8281,-14.4531,-18.5547,-12.6562
-16.8516,-14.3672,-18.5703,-12.6953
-16.7578,-14.3984,-18.6484,-12.7422
-16.7734,-14.3594,-18.6016,-12.6797
-16.7188,-14.3281,-18.5938,-12.6562
-16.7578,-14.4062,-18.5234,-12.6875
-16.75,-14.4062,-18.5859,-12.6719
-16.8047,-14.3672,-18.5938,-12.6641
-16.7656,-14.3359,-18.5703,-12.5938
-16.7266,-14.2969,-18.4922,-12.6953
-16.7891,-14.2969,-18.5156,-12.5938
-16.6719,-14.2812,-18.5781,-12.625
-16.7266,-14.3203,-18.5469,-12.6094
-16.6953,-14.3438,-18.4531,-12.5391
-16.6562,-14.3359,-18.4922,-12.5547
-16.625,-14.3359,-18.4531,-12.5391
-16.6641,-14.2969,-18.5234,-12.6094
-16.6797,-14.2422,-18.4922,-12.5156
-16.6094,-14.2188,-18.5234,-12.5469
-16.6797,-14.2812,-18.4297,-12.5547
-16.6328,-14.2031,-18.4922,-12.5547
-16.6484,-14.2812,-18.4766,-12.5234
-16.6641,-14.2734,-18.375,-12.4688
-16.5859,-14.25,-18.4453,-12.5703
-16.5703,-14.2734,-18.4688,-12.5234
-16.6328,-14.2109,-18.3438,-12.4375
-16.6094,-14.1328,-18.4453,-12.4609
-16.6016,-14.1562,-18.4453,-12.5312
-16.6328,-14.125,-18.3281,-12.5156
-16.5781,-14.1562,-18.3359,-12.4844
-16.5156,-14.1172,-18.3516,-12.4219
-16.6094,-14.0859,-18.3906,-12.4375
-16.5078,-14.2031,-18.3516,-12.4375
-16.5938,-14.1953,-18.3516,-12.4844
-16.5547,-14.0938,-18.3047,-12.3594
-16.5078,-14.1562,-18.375,-12.4219
-16.5547,-14.1641,-18.2891,-12.4375
-16.5547,-14.0781,-18.3359,-12.4297
-16.4688,-14.1172,-18.3281,-12.4141
-16.5312,-14.1172,-18.2578,-12.4062
-16.4688,-14.1016,-18.2812,-12.3516
-16.4609,-14.125,-18.2812,-12.3438
-16.3906,-14.0625,-18.2109,-12.3828
-16.3828,-14.0859,-18.2656,-12.3906
-16.4922,-14.0312,-18.2422,-12.2812
-16.4531,-13.9766,-18.1641,-12.3438
-16.3594,-13.9531,-18.2578,-12.2969
-16.4375,-14.0391,-18.1797,-12.2891
-16.3594,-14.0547,-18.1484,-12.2812
-16.4062,-14.0469,-18.1719,-12.2969
-16.4062,-13.9375,-18.1328,-12.3359
-16.4141,-14.0078,-18.1641,-12.2812
-16.375,-13.8984,-18.1328,-12.2109
-16.375,-13.9297,-18.1328,-12.2422
-16.3047,-13.9609,-18.125,-12.1797
-16.3672,-13.9609,-18.1953,-12.2266
-16.2734,-13.9219,-18.1641,-12.1953
-16.3047,-13.9141,-18.1562,-12.2109
-16.3125,-13.9688,-18.0938,-12.2656
-16.3125,-13.8359,-18.1484,-12.2344
-16.25,-13.9297,-18.0391,-12.1953
-16.2188,-13.9141,-18.0703,-12.125
-16.3047,-13.8047,-18.0156,-12.1562
-16.25,-13.8984,-18.1016,-12.1484
-16.1953,-13.8984,-18.0,-12.0859
-16.2891,-13.7812,-17.9922,-12.1328
-16.25,-13.8516,-17.9922,-12.1484
-16.1719,-13.7891,-18.0781,-12.1328
-16.1484,-13.8672,-18.0391,-12.1484
-16.1406,-13.8047,-18.0391,-12.1016
-16.1797,-13.7812,-17.9531,-12.1406
-16.1719,-13.7344,-18.0,-12.1328
-16.1328,-13.8281,-17.9609,-12.125
-16.1016,-13.7656,-17.9844,-12.0625
-16.1797,-13.6953,-17.9219,-12.0391
-16.2031,-13.7188,-17.9453,-12.0625
-16.1562,-13.7656,-17.9922,-12.0156
-16.1641,-13.75,-17.875,-12.0
-16.1562,-13.7656,-17.9062,-12.0
-16.0625,-13.7344,-17.9609,-12.0625
-16.0625,-13.6641,-17.8828,-11.9453
-16.1172,-13.7266,-17.9453,-11.9609
-16.0938,-13.6797,-17.8359,-11.9141
-16.0859,-13.6641,-17.9219,-11.9766
-16.0469,-13.6016,-17.8438,-11.9609
-15.9922,-13.6016,-17.8516,-11.9219
-16.0312,-13.6719,-17.7812,-11.8828
-16.0469,-13.5859,-17.8125,-11.9766
-15.9609,-13.6094,-17.8125,-11.875
-16.0547,-13.5859,-17.8359,-11.9453
-16.0391,-13.5391,-17.8047,-11.9297
-15.9531,-13.5391,-17.8125,-11.8594
-16.0234,-13.5234,-17.7812,-11.8594
-15.9219,-13.625,-17.7734,-11.8516
-15.9219,-13.5781,-17.7812,-11.8438
-15.9453,-13.5625,-17.7344,-11.8906
-15.8906,-13.5547,-17.6797,-11.8047
-15.8984,-13.4688,-17.7812,-11.7891
-15.9297,-13.4688,-17.7188,-11.7969
-15.8906,-13.4688,-17.6875,-11.7734
-15.8438,-13.4297,-17.7188,-11.7422
-15.9297,-13.4219,-17.7031,-11.8359
-15.8906,-13.5,-17.6328,-11.7188
-15.8516,-13.4219,-17.6875,-11.7891
-15.7891,-13.4062,-17.7109,-11.7344
-15.8984,-13.5,-17.6406,-11.6953
-15.7891,-13.3906,-17.6172,-11.7188
-15.875,-13.3984,-17.5547,-11.7734
-15.7656,-13.4062,-17.5859,-11.6953
-15.8281,-13.3984,-17.6172,-11.6953
-15.8359,-13.3828,-17.5312,-11.7344
-15.7969,-13.4219,-17.6328,-11.6641
-15.7656,-13.3125,-17.5312,-11.6016
-15.7109,-13.3906,-17.5312,-11.625
-15.7891,-13.3047,-17.5391,-11.6719
-15.7188,-13.2812,-17.4844,-11.5703
-15.7031,-13.3516,-17.4922,-11.6172
-15.6797,-13.3203,-17.5469,-11.5859
-15.7422,-13.3359,-17.4766,-11.5625
-15.7266,-13.25,-17.5156,-11.6406
-15.7031,-13.3359,-17.5391,-11.5234
-15.7266,-13.2734,-17.5234,-11.5938
-15.7031,-13.3125,-17.4688,-11.5859
-15.6016,-13.2266,-17.4219,-11.5312
-15.6953,-13.2812,-17.4609,-11.5234
-15.6719,-13.25,-17.4141,-11.5156
-15.6719,-13.1875,-17.4219,-11.5234
-15.5391,-13.1484,-17.4531,-11.5625
-15.6094,-13.25,-17.3828,-11.5312
-15.6406,-13.2266,-17.3516,-11.4688
-15.6172,-13.1953,-17.3047,-11.4141
-15.5156,-13.1172,-17.3359,-11.4141
-15.5156,-13.2031,-17.3281,-11.5078
-15.4844,-13.0859,-17.375,-11.4297
-15.5625,-13.1719,-17.3516,-11.4844
-15.4609,-13.0781,-17.3125,-11.4219
-15.5312,-13.1406,-17.3203,-11.3906
-15.4453,-13.0312,-17.3281,-11.3281
-15.4688,-13.0391,-17.2266,-11.3672
-15.4688,-13.0078,-17.2578,-11.3672
-15.4453,-13.0234,-17.2266,-11.4062
-15.4609,-13.0625,-17.2109,-11.2812
-15.3828,-13.0234,-17.2578,-11.3594
-15.4531,-12.9766,-17.1562,-11.2578
-15.4688,-13.0391,-17.2422,-11.3125
-15.4609,-12.9688,-17.25,-11.3281
-15.4453,-12.9688,-17.1562,-11.2266
-15.3125,-12.9141,-17.1641,-11.3047
-15.3125,-12.9062,-17.2188,-11.25
-15.3281,-13.0,-17.1797,-11.3047
-15.3594,-12.9922,-17.1172,-11.2578
-15.2812,-12.9453,-17.1016,-11.2109
-15.3594,-12.9531,-17.0781,-11.2188
-15.2656,-12.8906,-17.1641,-11.1406
-15.3203,-12.8438,-17.1562,-11.2031
-15.2891,-12.8594,-17.0703,-11.1875
-15.3125,-12.8516,-17.0156,-11.1875
-15.25,-12.8672,-17.0859,-11.125
-15.2188,-12.9062,-17.0781,-11.125
-15.1875,-12.875,-17.0859,-11.0938
-15.1719,-12.8203,-16.9844,-11.0625
-15.2422,-12.7578,-16.9688,-11.0625
-15.2109,-12.7422,-16.9766,-11.1406
-15.1797,-12.8203,-16.9453,-11.0859
-15.1562,-12.7734,-16.9375,-11.1328
-15.1406,-12.7891,-16.9844,-11.0938
-15.2031,-12.7344,-16.9688,-10.9922
-15.1797,-12.7578,-16.9609,-11.0
-15.1094,-12.6641,-16.9062,-11.0703
-15.1172,-12.7734,-16.875,-10.9766
-15.1641,-12.7344,-16.9062,-11.0312
-15.1094,-12.6875,-16.8906,-11.0078
-15.1016,-12.625,-16.8906,-10.9375
-15.0391,-12.6562,-16.8281,-10.9062
-15.0938,-12.6953,-16.7969,-10.9766
-15.1016,-12.6328,-16.8516,-10.9688
-15.0391,-12.6484,-16.8594,-10.9219
-15.0703,-12.6172,-16.8672,-10.9297
-14.9922,-12.5625,-16.7812,-10.9219
-15.0,-12.6016,-16.8359,-10.9141
-14.9844,-12.5469,-16.75,-10.8594
-15.0312,-12.5781,-16.8203,-10.8516
-14.8984,-12.5781,-16.7969,-10.9062
-14.9609,-12.5938,-16.7969,-10.8516
-14.9844,-12.5781,-16.75,-10.8125
-14.8672,-12.5625,-16.6953,-10.7812
-14.8984,-12.5,-16.75,-10.7891
-14.9453,-12.4844,-16.7031,-10.8516
-14.8516,-12.4844,-16.6641,-10.8438
-14.9297,-12.4609,-16.7188,-10.7656
-14.8125,-12.4062,-16.6172,-10.8047
-14.7969,-12.4453,-16.6562,-10.7422
-14.8125,-12.3984,-16.5938,-10.7734
-14.8047,-12.3672,-16.5859,-10.7656
-14.7422,-12.4531,-16.6562,-10.6484
-14.8359,-12.3906,-16.5547,-10.6641
-14.8438,-12.4219,-16.5312,-10.6328
-14.7812,-12.4297,-16.5703,-10.6094
-14.7422,-12.4141,-16.5234,-10.6641
-14.7891,-12.3828,-16.5703,-10.5859
-14.7891,-12.3594,-16.5312,-10.6797
-14.7031,-12.2734,-16.5234,-10.6094
-14.6562,-12.2578,-16.4531,-10.5469
-14.7344,-12.25,-16.5391,-10.5625
-14.625,-12.2188,-16.5312,-10.5703
-14.7266,-12.2578,-16.4141,-10.5078
-14.6797,-12.2734,-16.4297,-10.5625
-14.6562,-12.25,-16.4766,-10.4766
-14.6172,-12.2344,-16.3672,-10.5781
-14.6719,-12.2109,-16.3516,-10.4844
-14.5625,-12.2109,-16.4375,-10.4688
-14.5312,-12.125,-16.4453,-10.5312
-14.5625,-12.1641,-16.3828,-10.4453
-14.5938,-12.2109,-16.3125,-10.5234
-14.6094,-12.1094,-16.3281,-10.5
-14.5625,-12.1562,-16.3438,-10.4688
-14.4609,-12.1719,-16.3516,-10.3984
-14.4688,-12.0625,-16.2656,-10.4297
-14.5469,-12.1328,-16.2344,-10.3359
-14.4844,-12.0234,-16.25,-10.3828
-14.5234,-12.0391,-16.2734,-10.4219
-14.5,-12.1094,-16.2969,-10.375
-14.4844,-12.0938,-16.2812,-10.3516
-14.3906,-12.0703,-16.2812,-10.2891
-14.3828,-12.0781,-16.2656,-10.2578
-14.3438,-11.9844,-16.1641,-10.3359
-14.3359,-12.0312,-16.1719,-10.2266
-14.3359,-11.9141,-16.1875,-10.2266
-14.3203,-11.9141,-16.1641,-10.2656
-14.3281,-11.9688,-16.1562,-10.2031
-14.2969,-11.9531,-16.1328,-10.2891
-14.3594,-11.9141,-16.1719,-10.25
-14.2891,-11.9609,-16.1406,-10.1562
-14.2578,-11.9062,-16.0781,-10.1328
-14.2734,-11.8516,-16.0938,-10.2422
-14.2969,-11.8203,-16.1016,-10.1094
-14.2188,-11.8516,-16.1172,-10.1875
-14.2812,-11.8828,-16.0703,-10.0781
-14.2188,-11.8203,-16.0859,-10.1562
-14.1641,-11.875,-15.9844,-10.0547
-14.1719,-11.8438,-15.9688,-10.0703
-14.2188,-11.7891,-16.0156,-10.1172
-14.1953,-11.7266,-16.0312,-10.0625
-14.1562,-11.7969,-15.9219,-10.0625
-14.125,-11.8047,-15.9219,-9.9844
-14.1484,-11.7031,-15.9141,-10.0156
-14.1562,-11.7266,-15.9297,-10.0312
-14.1406,-11.7031,-15.8672,-10.0078
-14.1094,-11.6719,-15.8828,-9.9922
-14.1328,-11.625,-15.8359,-10.0
-14.1016,-11.6016,-15.8125,-9.9219
-14.0469,-11.625,-15.8906,-9.9062
-14.0312,-11.6641,-15.8125,-9.9062
-14.0078,-11.6797,-15.7578,-9.9219
-14.0547,-11.5859,-15.8359,-9.9062
-13.9297,-11.5625,-15.8125,-9.9141
-13.9297,-11.5859,-15.8203,-9.875
-13.9766,-11.5938,-15.7734,-9.8359
-13.9922,-11.5312,-15.7031,-9.8672
-13.9375,-11.4766,-15.7969,-9.8203
-13.9531,-11.5859,-15.7344,-9.8125
-13.9375,-11.5156,-15.7656,-9.8359
-13.8438,-11.4844,-15.6562,-9.8516
-13.9297,-11.5078,-15.6172,-9.8125
-13.9219,-11.4844,-15.6641,-9.7734
-13.8203,-11.4922,-15.7109,-9.7891
-13.8438,-11.4297,-15.6172,-9.7188
-13.8594,-11.4219,-15.6562,-9.7109
-13.75,-11.4688,-15.625,-9.7109
-13.7734,-11.375,-15.5312,-9.6719
-13.8125,-11.3594,-15.5781,-9.6484
-13.8281,-11.375,-15.625,-9.6328
-13.8125,-11.375,-15.5781,-9.6094
-13.6875,-11.2891,-15.5391,-9.6953
-13.7656,-11.375,-15.4844,-9.6641
-13.6719,-11.3047,-15.4844,-9.6016
-13.6953,-11.3203,-15.4844,-9.625
-13.7422,-11.3281,-15.5391,-9.5312
-13.6562,-11.2656,-15.4062,-9.5469
-13.5938,-11.2812,-15.4609,-9.5078
-13.6562,-11.2734,-15.4375,-9.5547
-13.6016,-11.2031,-15.4844,-9.5234
-13.5625,-11.2188,-15.4453,-9.5078
-13.6406,-11.2422,-15.4297,-9.4609
-13.5391,-11.125,-15.3594,-9.4688
-13.5234,-11.1953,-15.4219,-9.5234
-13.6094,-11.1484,-15.4062,-9.4609
-13.5312,-11.0938,-15.3125,-9.3828
-13.5391,-11.1484,-15.3672,-9.375
-13.4922,-11.1328,-15.3203,-9.4375
-13.5,-11.1094,-15.3281,-9.4375
-13.5312,-11.0703,-15.2734,-9.3906
-13.5156,-11.0859,-15.2891,-9.3594
-13.4141,-11.1016,-15.2812,-9.3359
-13.4688,-11.0703,-15.1875,-9.2812
-13.375,-10.9609,-15.2656,-9.2969
-13.3984,-10.9922,-15.1484,-9.2891
-13.3672,-11.0469,-15.2344,-9.2422
-13.3438,-10.9219,-15.1719,-9.25
-13.3281,-10.9062,-15.1719,-9.2188
-13.3594,-10.9375,-15.1484,-9.2188
-13.2812,-10.9062,-15.1484,-9.1875
-13.2969,-10.8594,-15.1562,-9.2188
-13.2969,-10.8438,-15.0859,-9.1562
-13.2891,-10.8281,-15.0781,-9.2109
-13.2109,-10.9062,-15.0156,-9.1484
-13.2578,-10.8672,-15.1016,-9.0859
-13.2969,-10.8516,-14.9766,-9.1172
-13.2188,-10.7812,-15.0,-9.1484
-13.2422,-10.8438,-14.9766,-9.0469
-13.1719,-10.8359,-15.0312,-9.0391
-13.1875,-10.75,-15.0156,-9.125
-13.1797,-10.7109,-14.8984,-9.0
-13.1719,-10.7969,-14.9219,-9.0234
-13.1172,-10.6875,-14.8984,-9.0781
-13.0625,-10.7031,-14.9219,-8.9922
-13.125,-10.6875,-14.9297,-9.0469
-13.1328,-10.7344,-14.8594,-8.9219
-13.1172,-10.7188,-14.8438,-8.9766
-13.0938,-10.6016,-14.9141,-9.0
-13.0391,-10.6484,-14.8594,-8.9766
-13.0703,-10.6328,-14.7969,-8.9844
-13.0234,-10.6484,-14.8672,-8.9375
-12.9531,-10.5625,-14.7578,-8.8359
-12.9922,-10.5156,-14.7812,-8.875
-12.8984,-10.6094,-14.8125,-8.8672
-12.9609,-10.5,-14.7344,-8.8203
-12.9375,-10.5547,-14.75,-8.8047
-12.9141,-10.4609,-14.7188,-8.8359
-12.875,-10.4453,-14.7266,-8.7656
-12.8203,-10.5234,-14.6406,-8.8047
-12.8438,-10.4844,-14.6641,-8.7891
-12.7891,-10.4062,-14.6016,-8.7891
-12.8516,-10.4453,-14.6562,-8.7969
-12.8359,-10.4766,-14.5547,-8.6797
-12.8594,-10.4219,-14.6406,-8.6719
-12.8047,-10.3438,-14.5547,-8.6484
-12.7891,-10.4219,-14.5391,-8.7109
-12.7656,-10.3984,-14.5078,-8.6562
-12.7188,-10.3359,-14.5156,-8.6484
-12.7109,-10.3047,-14.4844,-8.5703
-12.7578,-10.2891,-14.5703,-8.6484
-12.7031,-10.2422,-14.5391,-8.5312
-12.625,-10.2266,-14.4766,-8.5156
-12.6484,-10.2734,-14.5078,-8.6172
-12.5859,-10.2734,-14.4609,-8.5234
-12.6094,-10.25,-14.4688,-8.5
-12.6562,-10.2656,-14.4453,-8.5312
-12.625,-10.1562,-14.3828,-8.4688
-12.5625,-10.1719,-14.3984,-8.4688
-12.5469,-10.1953,-14.4141,-8.4531
-12.5859,-10.1719,-14.3906,-8.5
-12.4844,-10.1797,-14.3828,-8.4922
-12.4766,-10.0781,-14.2969,-8.4062
-12.4531,-10.1094,-14.3594,-8.3438
-12.4453,-10.1172,-14.2578,-8.3828
-12.4766,-10.0547,-14.2656,-8.3203
-12.4922,-10.0312,-14.2812,-8.3125
-12.4062,-10.0625,-14.1875,-8.2734
-12.3984,-10.0078,-14.1562,-8.3359
-12.3438,-10.0,-14.2031,-8.3203
-12.3594,-9.9766,-14.1641,-8.2734
-12.3672,-9.9297,-14.1719,-8.2578
-12.4062,-9.9844,-14.125,-8.2344
-12.375,-9.8984,-14.1094,-8.1797
-12.3516,-9.9531,-14.0625,-8.2812
-12.3359,-9.9453,-14.0781,-8.2031
-12.3516,-9.9453,-14.1094,-8.1484
-12.2812,-9.8125,-14.0156,-8.1328
-12.2969,-9.8281,-14.1094,-8.1953
-12.2969,-9.8828,-14.0469,-8.1328
-12.2422,-9.8516,-14.0234,-8.1172
-12.2344,-9.75,-13.9531,-8.0703
-12.1875,-9.7891,-14.0312,-8.1406
-12.1719,-9.8359,-13.9609,-8.0703
-12.1953,-9.7188,-13.9609,-8.0859
-12.1641,-9.6875,-13.9688,-8.0
-12.1328,-9.7578,-13.875,-8.0547
-12.0781,-9.7109,-13.875,-8.0469
-12.125,-9.7109,-13.8984,-8.0
-12.1172,-9.6484,-13.9141,-7.9609
-12.0547,-9.6875,-13.8984,-8.0078
-12.0312,-9.5781,-13.8438,-7.9219
-11.9766,-9.6719,-13.8672,-7.9062
-11.9766,-9.6641,-13.7578,-7.8672
-11.9297,-9.5625,-13.8125,-7.8516
-12.0234,-9.5625,-13.7812,-7.9219
-11.9609,-9.5547,-13.7578,-7.8359
-11.9531,-9.5312,-13.7734,-7.8516
-11.8672,-9.5859,-13.6641,-7.8047
-11.9453,-9.4453,-13.6641,-7.8438
-11.8828,-9.5,-13.7109,-7.7578
-11.8906,-9.5156,-13.6875,-7.7344
-11.8594,-9.4062,-13.6797,-7.7891
-11.8516,-9.4766,-13.6328,-7.7734
-11.8828,-9.3828,-13.6641,-7.7109
-11.7578,-9.4375,-13.5781,-7.6797
-11.8203,-9.3594,-13.6406,-7.6797
-11.7422,-9.3203,-13.5859,-7.6719
-11.7031,-9.3516,-13.5156,-7.625
-11.7891,-9.2969,-13.5391,-7.6094
-11.6797,-9.3203,-13.5625,-7.6328
-11.6719,-9.2734,-13.4531,-7.6562
-11.6484,-9.2734,-13.5078,-7.5234
-11.7031,-9.2969,-13.4531,-7.6016
-11.5938,-9.3125,-13.4844,-7.5625
-11.6172,-9.2266,-13.4922,-7.5781
-11.625,-9.1719,-13.375,-7.5391
-11.6641,-9.2109,-13.4531,-7.5625
-11.5781,-9.2422,-13.4141,-7.4531
-11.5469,-9.125,-13.4297,-7.4844
-11.5625,-9.1016,-13.3203,-7.5078
-11.5312,-9.1641,-13.2891,-7.4141
-11.4766,-9.1016,-13.2656,-7.4453
-11.5391,-9.1406,-13.2344,-7.3906
-11.4922,-9.0625,-13.2344,-7.3984
-11.5234,-9.0312,-13.2734,-7.3125
-11.4766,-9.0391,-13.2969,-7.3672
-11.3984,-9.0078,-13.2188,-7.3594
-11.3828,-9.0625,-13.25,-7.3203
-11.3906,-8.9922,-13.1641,-7.3516
-11.3438,-9.0,-13.1953,-7.2969
-11.3984,-9.0078,-13.1484,-7.2656
-11.3438,-8.9453,-13.0938,-7.3047
-11.3438,-8.9531,-13.0625,-7.2422
-11.2734,-8.8594,-13.0703,-7.2188
-11.3359,-8.8672,-13.0391,-7.1406
-11.2734,-8.8203,-13.0156,-7.2188
-11.2734,-8.8828,-12.9922,-7.1719
-11.1875,-8.8594,-13.0391,-7.1094
-11.1719,-8.7969,-13.0391,-7.1016
-11.1953,-8.8047,-12.9688,-7.1406
-11.1406,-8.7812,-12.9844,-7.0234
-11.1328,-8.7031,-12.9844,-7.0391
-11.1484,-8.7812,-12.8984,-7.0703
-11.1172,-8.75,-12.9688,-7.0625
-11.0547,-8.7109,-12.8828,-7.0234
-11.0938,-8.7266,-12.9375,-7.0547
-11.0391,-8.6484,-12.8516,-7.0391
-11.1016,-8.6094,-12.8438,-7.0
-11.0,-8.5859,-12.8359,-6.9844
-10.9766,-8.5938,-12.7812,-6.8672
-11.0156,-8.6094,-12.7578,-6.8984
-10.9453,-8.5469,-12.7656,-6.8906
-10.9141,-8.6094,-12.8125,-6.9219
-10.9766,-8.5547,-12.7422,-6.875
-10.8984,-8.5938,-12.7422,-6.875
-10.9062,-8.5,-12.75,-6.8594
-10.9609,-8.5156,-12.6562,-6.8516
-10.875,-8.4297,-12.7031,-6.8281
-10.8516,-8.5,-12.7031,-6.8125
-10.8125,-8.4141,-12.6172,-6.7422
-10.7656,-8.375,-12.6094,-6.7891
-10.8672,-8.3828,-12.5703,-6.7266
-10.8047,-8.4219,-12.6328,-6.75
-10.8203,-8.3828,-12.5156,-6.6172
-10.7891,-8.2969,-12.5625,-6.6719
-10.7109,-8.3281,-12.5547,-6.5781
-10.7266,-8.3828,-12.4922,-6.5703
-10.7578,-8.3047,-12.5625,-6.5625
-10.625,-8.2812,-12.4297,-6.6016
-10.6562,-8.2969,-12.4844,-6.5625
-10.6797,-8.2578,-12.4141,-6.5234
-10.6484,-8.25,-12.4297,-6.5312
-10.6094,-8.1484,-12.4219,-6.4531
-10.5625,-8.2031,-12.375,-6.4609
-10.5156,-8.1172,-12.3672,-6.4922
-10.5391,-8.1641,-12.3047,-6.4297
-10.5078,-8.1172,-12.3281,-6.3906
-10.4609,-8.1797,-12.3281,-6.4219
-10.5625,-8.1172,-12.3438,-6.3594
-10.4531,-8.1094,-12.3359,-6.3516
-10.5078,-8.1172,-12.3047,-6.4062
-10.3984,-8.0391,-12.2031,-6.3828
-10.4766,-8.0547,-12.1875,-6.3281
-10.4609,-8.0469,-12.2109,-6.3125
-10.3516,-8.0,-12.2422,-6.2891
-10.4141,-7.9297,-12.1797,-6.3359
-10.3047,-7.9766,-12.125,-6.3047
-10.2891,-7.875,-12.1328,-6.2422
-10.375,-7.8906,-12.1641,-6.2656
-10.3594,-7.8594,-12.1484,-6.1406
-10.25,-7.8906,-12.1094,-6.1172
-10.2031,-7.8281,-12.0391,-6.1094
-10.2891,-7.8594,-12.0,-6.1641
-10.1719,-7.7656,-11.9766,-6.0781
-10.1562,-7.8438,-12.0234,-6.0938
-10.2266,-7.7266,-12.0234,-6.0938
-10.1094,-7.7266,-12.0156,-6.0156
-10.1562,-7.8125,-11.8984,-6.0859
-10.1016,-7.7734,-11.9922,-6.0703
-10.0703,-7.7734,-11.8516,-5.9922
-10.1562,-7.7109,-11.8359,-6.0
-10.0312,-7.6328,-11.8438,-5.9688
-10.1172,-7.6484,-11.9062,-5.9062
-10.0391,-7.6406,-11.8281,-5.9844
-10.0312,-7.6562,-11.8125,-5.8984
-10.0078,-7.5391,-11.7891,-5.9062
-9.9688,-7.6016,-11.8203,-5.8281
-9.9453,-7.5703,-11.7188,-5.8125
-9.9922,-7.6016,-11.7422,-5.8047
-9.9766,-7.5078,-11.7266,-5.8125
-9.8672,-7.5234,-11.6562,-5.8047
-9.8438,-7.4844,-11.7188,-5.75
-9.8359,-7.4609,-11.6719,-5.7109
-9.8125,-7.4219,-11.6328,-5.7109
-9.7734,-7.4297,-11.6484,-5.7734
-9.7734,-7.4688,-11.6406,-5.7734
-9.7734,-7.4453,-11.6328,-5.6328
-9.7812,-7.375,-11.625,-5.6797
-9.6953,-7.3359,-11.5547,-5.6172
-9.7969,-7.2891,-11.5234,-5.5859
-9.7578,-7.3438,-11.5547,-5.6641
-9.7266,-7.2344,-11.5547,-5.6094
-9.6172,-7.2656,-11.5312,-5.6172
-9.7188,-7.2578,-11.5,-5.5703
-9.6406,-7.2734,-11.4297,-5.5938
-9.6172,-7.1641,-11.3594,-5.5625
-9.5625,-7.2188,-11.4609,-5.4609
-9.6016,-7.2188,-11.3516,-5.5156
-9.5625,-7.1406,-11.4062,-5.4062
-9.6016,-7.1875,-11.3516,-5.4609
-9.5781,-7.1484,-11.3438,-5.375
-9.5234,-7.0938,-11.3594,-5.4688
-9.4297,-7.0781,-11.2891,-5.4297
-9.4453,-7.0156,-11.2344,-5.3047
-9.5,-7.0391,-11.2188,-5.3906
-9.3906,-7.0469,-11.1875,-5.2812
-9.3516,-7.0625,-11.2578,-5.3281
-9.3438,-7.0469,-11.1875,-5.25
-9.3438,-6.9219,-11.1172,-5.3047
-9.3594,-7.0,-11.1484,-5.1953
-9.2891,-6.8906,-11.125,-5.1719
-9.3438,-6.8906,-11.1016,-5.1719
-9.2422,-6.9297,-11.0625,-5.2109
-9.2422,-6.8125,-11.0156,-5.2266
-9.2578,-6.9141,-11.0547,-5.1719
-9.2031,-6.7969,-11.0625,-5.1328
-9.2031,-6.7891,-10.9766,-5.0547
-9.1797,-6.7734,-11.0391,-5.1094
-9.1484,-6.7344,-11.0,-5.0703
-9.1797,-6.7266,-10.9141,-5.1094
-9.1016,-6.7891,-10.9297,-5.1016
-9.1797,-6.7812,-10.9609,-5.0391
-9.0781,-6.75,-10.8672,-5.0078
-9.1094,-6.7188,-10.9297,-5.0312
-9.0,-6.6719,-10.8672,-4.9609
-9.0234,-6.5859,-10.8828,-4.9609
-8.9609,-6.5625,-10.8594,-4.9766
-8.9844,-6.6016,-10.8203,-4.8828
-9.0078,-6.5625,-10.8203,-4.8828
-8.9141,-6.5938,-10.7109,-4.8438
-8.9141,-6.5078,-10.7578,-4.7891
-8.8984,-6.5547,-10.75,-4.7812
-8.9609,-6.4453,-10.6953,-4.8594
-8.8906,-6.4922,-10.6328,-4.7422
-8.8438,-6.4609,-10.6719,-4.75
-8.9062,-6.3828,-10.625,-4.7266
-8.875,-6.3828,-10.6719,-4.6641
-8.8125,-6.375,-10.6016,-4.7422
-8.7266,-6.4453,-10.5703,-4.6328
-8.8125,-6.3359,-10.5469,-4.7031
-8.7422,-6.3359,-10.5312,-4.5938
-8.7109,-6.3203,-10.4922,-4.5703
-8.7344,-6.2422,-10.5547,-4.5703
-8.6953,-6.2812,-10.5469,-4.5625
-8.625,-6.2422,-10.5234,-4.5859
-8.6016,-6.2656,-10.4453,-4.5078
-8.6562,-6.2344,-10.4766,-4.5469
-8.6641,-6.1406,-10.3516,-4.5312
-8.6328,-6.1406,-10.4141,-4.4766
-8.5859,-6.2031,-10.3906,-4.4375
-8.4922,-6.1641,-10.3516,-4.4453
-8.5781,-6.0859,-10.2656,-4.4375
-8.5156,-6.0938,-10.2969,-4.3438
-8.4375,-6.0312,-10.2812,-4.3438
-8.4766,-6.0859,-10.2109,-4.4062
-8.4766,-6.0469,-10.2734,-4.3125
-8.3672,-5.9766,-10.2266,-4.2734
-8.4375,-5.9531,-10.1953,-4.3047
-8.3203,-6.0312,-10.1562,-4.2656
-8.3047,-5.9062,-10.1562,-4.2422
-8.3672,-5.9531,-10.1875,-4.2969
-8.2969,-5.9844,-10.1562,-4.1953
-8.3359,-5.875,-10.1562,-4.1562
-8.3438,-5.8828,-10.0938,-4.2344
-8.3203,-5.8828,-10.0234,-4.1953
-8.25,-5.8516,-10.0938,-4.1797
-8.2734,-5.8828,-10.0234,-4.1562
-8.2109,-5.7656,-10.0156,-4.0859
-8.125,-5.7734,-9.9453,-4.1016
-8.1953,-5.7734,-9.9453,-4.0781
-8.1797,-5.7891,-9.9688,-4.0
-8.1719,-5.6641,-9.9609,-3.9688
-8.1094,-5.7422,-9.8828,-4.0625
-8.0312,-5.6484,-9.8906,-3.9219
-8.0,-5.6719,-9.9219,-3.9766
-8.0234,-5.6797,-9.8203,-4.0
-8.0078,-5.6094,-9.7891,-3.9219
-7.9609,-5.6172,-9.7422,-3.8984
-7.9609,-5.5469,-9.7578,-3.9062
-7.8984,-5.5859,-9.7969,-3.8281
-7.9062,-5.5703,-9.6875,-3.8594
-7.9062,-5.5,-9.75,-3.7734
-7.875,-5.4453,-9.7344,-3.8047
-7.8828,-5.5391,-9.6328,-3.7422
-7.8281,-5.4688,-9.6875,-3.7188
-7.875,-5.3984,-9.625,-3.7188
-7.875,-5.4531,-9.6328,-3.7422
-7.7578,-5.4531,-9.6562,-3.6875
-7.7969,-5.4141,-9.5156,-3.6953
-7.8125,-5.3047,-9.5312,-3.6562
-7.7109,-5.3047,-9.5156,-3.6641
-7.75,-5.25,-9.5312,-3.6328
-7.7422,-5.3047,-9.4844,-3.5938
-7.6875,-5.2266,-9.4688,-3.5469
-7.6484,-5.2969,-9.4297,-3.6016
-7.5781,-5.2188,-9.4453,-3.4922
-7.6484,-5.2188,-9.3906,-3.4922
-7.6094,-5.1406,-9.375,-3.4297
-7.5156,-5.1797,-9.3984,-3.5
-7.5156,-5.1641,-9.375,-3.4844
-7.5234,-5.1562,-9.375,-3.4453
-7.5156,-5.1016,-9.2812,-3.4062
-7.4766,-5.0547,-9.2578,-3.3359
-7.4766,-5.0,-9.3047,-3.3125
-7.4844,-5.0938,-9.2891,-3.4062
-7.3828,-4.9922,-9.1719,-3.2812
-7.4219,-5.0625,-9.1875,-3.3125
-7.4297,-5.0312,-9.2266,-3.2812
-7.3516,-4.9766,-9.2188,-3.3125
-7.2891,-4.8984,-9.1719,-3.1797
-7.2734,-4.8594,-9.1484,-3.2188
-7.3281,-4.8672,-9.0391,-3.1953
-7.2188,-4.9375,-9.0859,-3.125
-7.3047,-4.8047,-9.0469,-3.1328
-7.1875,-4.8047,-8.9766,-3.1953
-7.2109,-4.7812,-8.9609,-3.0938
-7.25,-4.8203,-9.0156,-3.0391
-7.2344,-4.7109,-8.9219,-3.1016
-7.1562,-4.7969,-8.8984,-3.1094
-7.1094,-4.7812,-8.9375,-3.0
-7.1641,-4.7578,-8.9375,-3.0312
-7.125,-4.6484,-8.9375,-2.9453
-7.0469,-4.6875,-8.8125,-3.0078
-7.0078,-4.6016,-8.8438,-3.0078
-7.0234,-4.6328,-8.7812,-2.9531
-6.9844,-4.5625,-8.8047,-2.8594
-7.0234,-4.6328,-8.8203,-2.9219
-6.9219,-4.5234,-8.7188,-2.7969
-6.9062,-4.5078,-8.7891,-2.8516
-6.9609,-4.5781,-8.6719,-2.7656
-6.9297,-4.4766,-8.6953,-2.8594
-6.8594,-4.4219,-8.6562,-2.7266
-6.8125,-4.4219,-8.7109,-2.7109
-6.8672,-4.4453,-8.5938,-2.7812
-6.7656,-4.3516,-8.625,-2.6953
-6.75,-4.3672,-8.6016,-2.7031
-6.7891,-4.4297,-8.5391,-2.7188
-6.7969,-4.2969,-8.5078,-2.6719
-6.6875,-4.2969,-8.5156,-2.6641
-6.7344,-4.2578,-8.5547,-2.5469
-6.7422,-4.3047,-8.4844,-2.5234
-6.6562,-4.3203,-8.5234,-2.5469
-6.6484,-4.2109,-8.5,-2.5156
-6.5938,-4.25,-8.3828,-2.5391
-6.5469,-4.1719,-8.3359,-2.4688
-6.5469,-4.1719,-8.3984,-2.4609
-6.5156,-4.125,-8.3672,-2.5156
-6.5156,-4.0938,-8.3281,-2.3828
-6.5234,-4.0703,-8.3516,-2.3516
-6.4922,-4.0312,-8.3359,-2.4531
-6.5234,-4.1328,-8.3281,-2.3828
-6.5078,-4.0703,-8.3125,-2.3984
-6.3906,-4.0547,-8.2422,-2.3047
-6.3438,-3.9766,-8.1797,-2.2656
-6.3359,-3.9219,-8.1875,-2.2734
-6.3516,-3.9141,-8.2031,-2.2734
-6.3828,-3.9219,-8.0859,-2.25
-6.3125,-3.8984,-8.1094,-2.2734
-6.2812,-3.9219,-8.0781,-2.1797
-6.2188,-3.9141,-8.0703,-2.125
-6.2266,-3.8125,-8.0625,-2.2031
-6.2734,-3.875,-7.9844,-2.1016
-6.2031,-3.7656,-8.0156,-2.0859
-6.2422,-3.7422,-8.0,-2.1406
-6.2031,-3.7188,-8.0078,-2.0078
-6.1406,-3.7109,-7.9219,-2.0781
-6.1484,-3.7344,-7.9375,-2.0703
-6.0938,-3.6875,-7.9219,-2.0625
-6.0625,-3.6562,-7.9453,-1.9453
-6.1016,-3.7109,-7.8438,-1.9453
-6.0391,-3.5938,-7.8984,-1.9219
-5.9609,-3.5703,-7.8359,-1.9453
-6.0469,-3.5859,-7.8047,-1.9531
-5.9375,-3.5938,-7.7969,-1.8281
-5.9922,-3.5703,-7.75,-1.9062
-5.9688,-3.5312,-7.7422,-1.8438
-5.8672,-3.5234,-7.7422,-1.7578
-5.8594,-3.5,-7.6875,-1.7266
-5.8984,-3.5234,-7.7031,-1.7266
-5.8125,-3.4141,-7.5859,-1.7812
-5.8359,-3.4219,-7.6016,-1.6719
-5.7578,-3.4219,-7.6641,-1.6875
-5.8281,-3.3906,-7.5625,-1.6562
-5.7188,-3.3047,-7.6172,-1.6641
-5.7422,-3.375,-7.4766,-1.5781
-5.6641,-3.25,-7.5703,-1.625
-5.6484,-3.3516,-7.5312,-1.6406
-5.6797,-3.3203,-7.4375,-1.6328
-5.6406,-3.25,-7.4375,-1.5547
-5.6484,-3.2734,-7.4844,-1.5547
-5.5781,-3.2031,-7.4375,-1.4609
-5.5547,-3.1562,-7.3516,-1.5312
-5.6172,-3.2109,-7.3672,-1.5
-5.5078,-3.1875,-7.3516,-1.3906
-5.4688,-3.0547,-7.2656,-1.4375
-5.5078,-3.0312,-7.3359,-1.4219
-5.5234,-3.1016,-7.25,-1.3125
-5.4297,-3.0,-7.2578,-1.3672
-5.4453,-3.0703,-7.1797,-1.2891
-5.4453,-2.9453,-7.2266,-1.2734
-5.375,-3.0469,-7.1484,-1.3047
-5.3047,-3.0,-7.1406,-1.2031
-5.2969,-2.8906,-7.1719,-1.2578
-5.3594,-2.8672,-7.1172,-1.2266
-5.3281,-2.8594,-7.1562,-1.1875
-5.2734,-2.8516,-7.1172,-1.1328
-5.2109,-2.7891,-7.0156,-1.1406
-5.25,-2.8906,-7.0625,-1.1797
-5.1797,-2.8359,-7.0547,-1.1094
-5.1797,-2.8438,-7.0391,-1.0625
-5.1406,-2.7031,-6.9219,-1.0859
-5.0781,-2.8047,-6.9219,-1.0547
-5.0859,-2.7812,-6.8594,-1.0312
-5.125,-2.7344,-6.8359,-0.9844
-5.0469,-2.7266,-6.8281,-0.9453
-5.0,-2.6641,-6.8906,-0.9922
-4.9922,-2.6094,-6.8828,-0.9141
-4.9922,-2.5625,-6.7578,-0.9688
-5.0156,-2.6094,-6.7891,-0.9375
-4.9375,-2.5938,-6.8047,-0.8281
-5.0,-2.5,-6.7188,-0.875
-4.8672,-2.4688,-6.7578,-0.8359
-4.8359,-2.5156,-6.6406,-0.8203
-4.9375,-2.4219,-6.7344,-0.7969
-4.8125,-2.5,-6.6719,-0.7734
-4.7891,-2.4297,-6.6875,-0.7344
-4.8359,-2.3594,-6.6484,-0.7109
-4.7422,-2.3281,-6.6484,-0.6797
-4.7812,-2.3047,-6.5469,-0.6172
-4.7422,-2.3438,-6.4922,-0.6797
-4.6562,-2.3828,-6.5,-0.6328
-4.6797,-2.3438,-6.4766,-0.6172
-4.6172,-2.2578,-6.4844,-0.5703
-4.7031,-2.2031,-6.3906,-0.5781
-4.5703,-2.2188,-6.3984,-0.5781
-4.6484,-2.1953,-6.4375,-0.5547
-4.5312,-2.1641,-6.3281,-0.5469
-4.5,-2.1641,-6.375,-0.3984
-4.6016,-2.1094,-6.2891,-0.4688
-4.5234,-2.1406,-6.3594,-0.4766
-4.4453,-2.0312,-6.2656,-0.4531
-4.5156,-2.0391,-6.2344,-0.3594
-4.4531,-1.9922,-6.2969,-0.3438
-4.3906,-2.0,-6.1641,-0.3281
-4.375,-2.0625,-6.2031,-0.2812
-4.4219,-1.9688,-6.1797,-0.3359
-4.3516,-1.9297,-6.1719,-0.2891
-4.2969,-2.0,-6.1562,-0.1953
-4.2656,-1.8984,-6.0938,-0.1719
-4.2891,-1.8359,-6.0391,-0.1797
-4.2734,-1.8594,-6.0781,-0.2031
-4.2188,-1.8906,-6.0938,-0.1875
-4.2734,-1.8438,-6.0234,-0.0938
-4.1797,-1.8594,-6.0,-0.0391
-4.1797,-1.8125,-5.9922,-0.0312
-4.1094,-1.7188,-5.9375,-0.0469
-4.0938,-1.6953,-5.9766,-0.0312
-4.0703,-1.7109,-5.9609,-0.0234
-4.1406,-1.7109,-5.9375,0.0625
-4.0625,-1.6953,-5.8438,0.0547
-4.0547,-1.6953,-5.8672,0.0469
-3.9844,-1.6094,-5.8281,0.1172
-4.0547,-1.6406,-5.7344,0.0391
-3.9219,-1.625,-5.7422,0.1875
-3.9531,-1.5312,-5.7109,0.2109
-3.9609,-1.5,-5.7109,0.2031
-3.8906,-1.5,-5.6641,0.2422
-3.8438,-1.4609,-5.7031,0.2656
-3.9219,-1.4453,-5.6719,0.2969
-3.8516,-1.4609,-5.6172,0.2734
-3.8047,-1.4062,-5.6797,0.2734
-3.7344,-1.4297,-5.6562,0.25
-3.8203,-1.3906,-5.5703,0.3906
-3.7812,-1.2969,-5.5078,0.4141
-3.7188,-1.375,-5.4766,0.3672
-3.7656,-1.2422,-5.4453,0.4062
-3.6172,-1.2891,-5.4219,0.3672
-3.7188,-1.3203,-5.4062,0.4922
-3.6016,-1.2422,-5.3906,0.4141
-3.6094,-1.1484,-5.4531,0.4297
-3.6172,-1.1719,-5.3672,0.4844
-3.5078,-1.1719,-5.3281,0.5234
-3.5625,-1.1562,-5.3438,0.5078
-3.5469,-1.1328,-5.3516,0.6094
-3.5234,-1.1328,-5.3203,0.6172
-3.4141,-1.125,-5.2266,0.6484
-3.4297,-1.0625,-5.25,0.6484
-3.4609,-0.9688,-5.1953,0.7109
-3.4688,-1.0312,-5.1719,0.6328
-3.375,-0.9844,-5.1719,0.7109
-3.3828,-0.8984,-5.1797,0.75
-3.3672,-0.8984,-5.1641,0.7344
-3.375,-0.9141,-5.0938,0.8359
-3.3125,-0.9531,-5.1328,0.8125
-3.2578,-0.8672,-5.1094,0.7891
-3.1875,-0.8281,-5.0859,0.8984
-3.2188,-0.8828,-5.0391,0.8594
-3.1406,-0.8281,-5.0156,0.9531
-3.1641,-0.7578,-5.0234,0.9531
-3.1953,-0.7109,-4.9453,0.8984
-3.1328,-0.6719,-4.8906,0.9688
-3.1562,-0.6641,-4.8438,0.9922
-3.0547,-0.6719,-4.9219,0.9531
-3.0,-0.6094,-4.7969,1.0703
-3.0938,-0.5859,-4.7969,1.1094
-2.9922,-0.6328,-4.875,1.1328
-3.0312,-0.5938,-4.8047,1.1328
-2.9141,-0.5078,-4.7969,1.1719
-3.0078,-0.5547,-4.7422,1.0938
-2.9219,-0.5391,-4.6797,1.2266
-2.8516,-0.5,-4.6953,1.2031
-2.8828,-0.5078,-4.7266,1.1875
-2.9141,-0.3906,-4.6484,1.1875
-2.8828,-0.3672,-4.6797,1.2734
-2.8594,-0.375,-4.5781,1.3203
-2.75,-0.3203,-4.6406,1.2812
-2.7031,-0.3828,-4.5703,1.3984
-2.7344,-0.3281,-4.5156,1.3672
-2.6719,-0.2734,-4.5625,1.3359
-2.6406,-0.2969,-4.5391,1.3828
-2.6953,-0.2891,-4.5,1.4062
-2.5938,-0.2656,-4.4766,1.4141
-2.6172,-0.2188,-4.4219,1.5078
-2.6562,-0.25,-4.3438,1.5312
-2.5859,-0.2109,-4.3516,1.5625
-2.5703,-0.1484,-4.3125,1.5156
-2.4688,-0.0938,-4.2734,1.6016
-2.4922,-0.1641,-4.3516,1.6562
-2.4922,-0.0703,-4.2812,1.6484
-2.4297,-0.0859,-4.25,1.6797
-2.4375,-0.0703,-4.1953,1.6094
-2.4609,-0.0703,-4.25,1.6719
-2.3984,0.0703,-4.1797,1.7422
-2.3125,-0.0078,-4.1328,1.6719
-2.3828,0.0312,-4.1094,1.7188
-2.2578,0.0938,-4.1406,1.8438
-2.2734,0.0938,-4.125,1.8672
-2.2578,0.1406,-4.0703,1.8203
-2.1953,0.1094,-4.0703,1.8906
-2.1953,0.2031,-4.0625,1.8125
-2.1719,0.2109,-3.9844,1.9297
-2.1953,0.1719,-3.9297,1.9609
-2.2109,0.2266,-4.0156,1.9297
-2.1875,0.2812,-3.9688,2.0156
-2.1406,0.2734,-3.8672,1.9922
-2.0234,0.2734,-3.8359,1.9688
-2.1016,0.3203,-3.8672,1.9766
-2.0469,0.3203,-3.7734,2.0391
-1.9922,0.3281,-3.75,2.1328
-1.9297,0.3984,-3.75,2.1172
-1.9141,0.4844,-3.7031,2.1406
-1.9609,0.4297,-3.7656,2.1797
-1.9531,0.4531,-3.6719,2.1719
-1.875,0.5156,-3.6797,2.1953
-1.8125,0.5156,-3.6719,2.2031
-1.8203,0.5938,-3.6875,2.2031
-1.7656,0.5156,-3.6484,2.2734
-1.7812,0.6094,-3.6562,2.3438
-1.75,0.6172,-3.6094,2.2891
-1.6953,0.6875,-3.4922,2.3281
-1.6719,0.6953,-3.4688,2.3359
-1.7578,0.7109,-3.5625,2.4141
-1.7188,0.7266,-3.5312,2.4219
-1.7031,0.6797,-3.4219,2.375
-1.6484,0.7188,-3.4766,2.4844
-1.5938,0.7891,-3.4531,2.4219
-1.5938,0.7969,-3.3438,2.5156
-1.5781,0.7891,-3.3906,2.5703
-1.5703,0.8594,-3.3828,2.6094
-1.5391,0.9062,-3.2969,2.5234
-1.5469,0.9297,-3.2578,2.5547
-1.4844,0.9141,-3.2344,2.6172
-1.4531,0.9297,-3.2656,2.6719
-1.4844,1.0312,-3.2422,2.6719
-1.4453,1.0312,-3.1641,2.7578
-1.3672,0.9844,-3.1484,2.6797
-1.3047,1.0859,-3.1328,2.7578
-1.3594,1.0469,-3.0781,2.7188
-1.3516,1.1016,-3.1172,2.8438
-1.2422,1.1797,-3.0547,2.8594
-1.3203,1.0859,-3.0391,2.8828
-1.2188,1.2266,-3.0,2.9219
-1.1562,1.1953,-3.0625,2.9375
-1.1719,1.1875,-2.9922,2.9609
-1.1797,1.2031,-3.0078,2.9609
-1.1719,1.2656,-2.8906,3.0156
-1.0703,1.2812,-2.9766,3.0078
-1.0859,1.3438,-2.875,3.0547
-1.0234,1.2891,-2.9219,3.0469
-1.0156,1.375,-2.8984,3.0938
-1.0625,1.4062,-2.8203,3.1172
-1.0234,1.4062,-2.8594,3.1172
-1.0156,1.3672,-2.8281,3.1562
-0.9609,1.5,-2.8047,3.0859
-0.9922,1.5,-2.75,3.2109
-0.8672,1.5469,-2.6875,3.2578
-0.875,1.5078,-2.7031,3.2656
-0.875,1.5625,-2.6094,3.1797
-0.7734,1.5547,-2.6953,3.2344
-0.7734,1.5469,-2.6172,3.3281
-0.7344,1.6562,-2.5547,3.2812
-0.7422,1.6875,-2.5625,3.3281
-0.7109,1.7109,-2.5625,3.3516
-0.7344,1.7422,-2.5156,3.3984
-0.6641,1.7188,-2.5312,3.3906
-0.6172,1.7656,-2.5312,3.4922
-0.625,1.7188,-2.4922,3.4531
-0.6094,1.7734,-2.4219,3.5234
-0.5938,1.7578,-2.3359,3.5625
-0.625,1.8516,-2.3516,3.4766
-0.6016,1.8984,-2.3047,3.5938
-0.4844,1.8828,-2.3828,3.5156
-0.4609,1.9375,-2.3516,3.5703
-0.4297,1.9609,-2.2578,3.6328
-0.5156,1.9141,-2.2422,3.5938
-0.3906,1.9531,-2.1719,3.6719
-0.4219,1.9453,-2.2266,3.7031
-0.4219,1.9766,-2.1641,3.7188
-0.3984,2.0391,-2.1641,3.7031
-0.2812,2.0234,-2.125,3.7969
-0.2812,2.0391,-2.1016,3.7266
-0.2578,2.0547,-2.1094,3.7578
-0.3125,2.0781,-2.1016,3.8906
-0.1797,2.1406,-2.0391,3.8281
-0.1719,2.2266,-2.0469,3.8359
-0.1875,2.25,-2.0,3.9062
-0.1641,2.1875,-2.0078,3.9219
-0.2031,2.3047,-1.8828,4.0156
-0.125,2.2812,-1.8672,3.9688
-0.1484,2.3047,-1.8438,3.9922
-0.1328,2.3125,-1.8828,3.9922
-0.0859,2.3203,-1.8047,4.0156
-0.0312,2.3594,-1.875,4.0234
0.0234,2.3594,-1.7578,4.0391
0.0312,2.4141,-1.7266,4.1562
0.0391,2.3984,-1.7344,4.0859
0.0234,2.5156,-1.7656,4.1562
0.1094,2.4453,-1.7031,4.2188
0.1094,2.5781,-1.7188,4.2578
0.1719,2.5312,-1.6875,4.2266
0.1875,2.6172,-1.6094,4.2812
0.2031,2.5703,-1.6562,4.3203
0.2656,2.5547,-1.5859,4.3203
0.3047,2.6719,-1.6016,4.3047
0.2969,2.7031,-1.5234,4.4219
0.2891,2.6875,-1.5,4.4219
0.3516,2.7656,-1.5469,4.3594
0.3906,2.7266,-1.4766,4.4062
0.3594,2.7578,-1.4453,4.5234
0.3984,2.7578,-1.3828,4.5234
0.3672,2.7969,-1.3516,4.5469
0.4609,2.8828,-1.3438,4.5312
0.4688,2.8984,-1.3438,4.5469
0.4844,2.8438,-1.3594,4.6016
0.5469,2.8672,-1.2812,4.6328
0.5391,2.8906,-1.25,4.6484
0.5234,2.9062,-1.2266,4.6562
0.5469,2.9297,-1.2031,4.7188
0.5703,3.0234,-1.1719,4.7578
0.6172,3.0625,-1.2109,4.7656
0.7031,3.1094,-1.1328,4.7422
0.625,3.0469,-1.1328,4.8047
0.6641,3.0859,-1.1094,4.8047
0.6797,3.1016,-1.0156,4.8828
0.7734,3.0859,-1.0312,4.8594
0.8281,3.1406,-1.0,4.9297
0.8203,3.1406,-0.9453,4.9219
0.7891,3.2266,-0.9531,4.9453
0.8125,3.2734,-0.9766,5.0
0.9062,3.3047,-0.8828,4.9688
0.8672,3.3438,-0.8984,4.9922
0.9531,3.3125,-0.9453,5.0156
0.9688,3.375,-0.8906,5.0078
0.9844,3.3047,-0.8281,5.0312
0.9766,3.3906,-0.875,5.1484
0.9844,3.3906,-0.7578,5.1484
1.0234,3.4922,-0.7969,5.1484
1.0391,3.4219,-0.6875,5.1172
1.0234,3.5156,-0.6797,5.1719
1.0469,3.4766,-0.6562,5.2188
1.0938,3.5312,-0.6719,5.2109
1.1641,3.5547,-0.6562,5.3047
1.2422,3.5781,-0.5625,5.3281
1.1875,3.5703,-0.5625,5.3672
1.2891,3.6875,-0.6328,5.3359
1.2031,3.6016,-0.4844,5.3359
1.2344,3.7266,-0.5469,5.3438
1.3594,3.6406,-0.5391,5.3516
1.3281,3.7422,-0.4922,5.4766
1.3203,3.75,-0.5078,5.4766
1.3203,3.7969,-0.375,5.4844
1.3594,3.75,-0.4062,5.4453
1.3594,3.8516,-0.3281,5.5234
1.3828,3.7969,-0.3359,5.5938
1.5312,3.9297,-0.3281,5.5312
1.4922,3.9141,-0.2969,5.5938
1.5547,3.8672,-0.2188,5.6484
1.5938,3.9062,-0.2266,5.6406
1.5234,3.9688,-0.2109,5.7266
1.5391,4.0234,-0.2188,5.7188
1.6719,4.0312,-0.2344,5.7344
1.6875,4.0156,-0.1875,5.7812
1.6562,4.0312,-0.1875,5.8203
1.75,4.0469,-0.0547,5.75
1.7656,4.1406,-0.1094,5.8516
1.7578,4.1172,-0.0938,5.8828
1.8125,4.1328,-0.0391,5.8828
1.8438,4.2109,0.0469,5.8359
1.8281,4.2422,0.0703,5.9609
1.8594,4.2812,-0.0078,5.9531
1.9141,4.2656,0.0391,5.9609
1.9297,4.2812,0.1016,5.9297
1.9375,4.3281,0.0781,6.0234
1.9297,4.3828,0.1406,6.0781
2.0156,4.375,0.1406,6.1172
2.0156,4.4297,0.2188,6.0703
1.9922,4.3828,0.1406,6.125
2.0781,4.4844,0.2891,6.1172
2.0,4.4609,0.1875,6.1797
2.0156,4.4219,0.2656,6.1562
2.0703,4.5312,0.3281,6.2578
2.0938,4.5625,0.3125,6.2734
2.1797,4.5312,0.2891,6.2891
2.2344,4.5312,0.4297,6.2656
2.1953,4.5469,0.3438,6.2891
2.1641,4.6016,0.4531,6.3203
2.1953,4.6094,0.4219,6.3047
2.2109,4.6094,0.5234,6.3125
2.3047,4.7266,0.5156,6.3828
2.3047,4.6875,0.5156,6.4375
2.3359,4.7422,0.5547,6.4531
2.3047,4.7031,0.6172,6.4141
2.3906,4.75,0.5391,6.4297
2.3594,4.8359,0.6328,6.5469
2.3828,4.8906,0.6094,6.5781
2.4531,4.9062,0.625,6.5547
2.4375,4.8359,0.6484,6.6406
2.5391,4.9219,0.7188,6.6328
2.5078,4.9375,0.6953,6.5938
2.5078,4.9844,0.7188,6.6484
2.6328,5.0234,0.8359,6.7344
2.6484,5.0312,0.7891,6.6562
2.6641,5.0625,0.7812,6.7109
2.6562,5.1172,0.875,6.75
2.7109,5.0312,0.9141,6.7344
2.6875,5.1484,0.9453,6.8672
2.7734,5.1484,0.8828,6.7812
2.7344,5.1875,0.9141,6.8984
2.7891,5.1172,0.9219,6.8516
2.8359,5.2109,1.0312,6.8438
2.8672,5.1797,1.0156,6.9062
2.8906,5.2656,1.1016,6.9531
2.8203,5.25,1.0703,6.9844
2.8516,5.3438,1.1406,7.0
2.9453,5.3828,1.0938,6.9922
2.9297,5.4141,1.1797,7.1016
2.9531,5.3438,1.1641,7.1172
2.9766,5.3672,1.1875,7.0703
2.9766,5.3828,1.2031,7.0938
3.1094,5.3906,1.2578,7.0859
3.0391,5.4297,1.2656,7.1484
3.0391,5.5,1.2656,7.1484
3.0938,5.5391,1.2578,7.1875
3.1172,5.4844,1.3438,7.2188
3.1562,5.5156,1.3984,7.2812
3.2344,5.625,1.4219,7.3359
3.2266,5.5781,1.3984,7.3672
3.1797,5.6328,1.5,7.2891
3.2891,5.6484,1.4531,7.3203
3.2344,5.7109,1.5,7.4297
3.3672,5.6641,1.5156,7.4219
3.3594,5.6875,1.5,7.4688
3.3906,5.7266,1.5547,7.4766
3.3672,5.8281,1.5312,7.4297
3.3594,5.7656,1.6406,7.4766
3.5,5.8984,1.5938,7.5781
3.5078,5.8906,1.6719,7.5234
3.5391,5.8828,1.7188,7.5234
3.5078,5.8906,1.7188,7.6406
3.5547,5.875,1.7578,7.6953
3.5859,6.0156,1.7266,7.6719
3.5938,5.9609,1.8203,7.6562
3.6172,5.9609,1.7578,7.7578
3.625,6.0703,1.8828,7.7031
3.6484,6.0156,1.8984,7.7969
3.6875,6.1016,1.8672,7.8203
3.7422,6.1484,1.9453,7.7656
3.7656,6.1875,1.9219,7.8281
3.8125,6.1719,1.9141,7.8828
3.8203,6.1172,1.9375,7.8672
3.7812,6.1406,2.0234,7.8828
3.8828,6.1797,2.0703,7.9766
3.8047,6.2891,2.0078,7.9531
3.8359,6.3047,2.1172,7.9219
3.8516,6.2812,2.1016,7.9531
3.9609,6.3516,2.1641,8.0547
3.9297,6.3047,2.1562,8.0703
3.9922,6.375,2.1953,8.0312
4.0,6.3438,2.1406,8.0938
4.0703,6.4531,2.2422,8.1641
3.9844,6.4141,2.2891,8.1641
4.0234,6.4766,2.2188,8.1406
4.0938,6.4453,2.2422,8.1406
4.1016,6.5,2.2812,8.2266
4.1562,6.5547,2.3359,8.1953
4.1172,6.5391,2.4062,8.2188
4.1719,6.5938,2.4453,8.3516
4.1562,6.5938,2.4453,8.3672
4.25,6.5781,2.4219,8.3203
4.3125,6.7266,2.4688,8.3438
4.2656,6.6328,2.5391,8.3828
4.2734,6.7109,2.4766,8.4141
4.3203,6.75,2.4844,8.4297
4.3828,6.7109,2.5938,8.4062
4.4375,6.8281,2.5547,8.5469
4.3516,6.7734,2.6484,8.4844
4.4531,6.8281,2.625,8.5625
4.4609,6.8359,2.6094,8.5703
4.4766,6.9062,2.625,8.625
4.4453,6.8984,2.7266,8.5547
4.5156,6.9141,2.7891,8.6953
4.5781,6.9297,2.8203,8.6875
4.5234,6.9531,2.8125,8.625
4.5625,7.0078,2.8125,8.7578
4.6172,7.0703,2.7891,8.7891
4.6641,7.0781,2.8828,8.7344
4.6953,7.0156,2.9375,8.8359
4.7031,7.1406,2.875,8.7812
4.6875,7.0938,2.875,8.8047
4.75,7.2031,2.9531,8.875
4.7266,7.1641,3.0156,8.8828
4.8516,7.2422,3.0,8.8906
4.7969,7.1719,3.0078,8.9688
4.8906,7.2656,3.1094,8.8906
4.8203,7.2422,3.1328,9.0312
4.9375,7.2344,3.125,9.0469
4.8828,7.3359,3.1719,9.0859
4.9844,7.3047,3.0859,9.0547
5.0234,7.3906,3.1797,9.1094
5.0547,7.4375,3.2031,9.0469
5.0,7.4219,3.2109,9.1016
5.1016,7.4844,3.2812,9.2031
5.0469,7.4375,3.25,9.1094
5.0703,7.5547,3.2656,9.1953
5.0938,7.5469,3.3672,9.1797
5.2031,7.5078,3.3984,9.2188
5.1641,7.5469,3.3125,9.2422
5.2422,7.6172,3.3594,9.25
5.2578,7.6406,3.3516,9.2734
5.2969,7.6016,3.375,9.3047
5.2266,7.6641,3.5156,9.3438
5.3203,7.7266,3.5234,9.375
5.25,7.7109,3.5312,9.4688
5.3359,7.7578,3.4922,9.4375
5.2969,7.7031,3.5781,9.5234
5.4219,7.8047,3.5938,9.4922
5.3906,7.8281,3.5703,9.5469
5.4141,7.7891,3.6641,9.5625
5.5078,7.8203,3.7188,9.5156
5.5234,7.9453,3.7031,9.625
5.4922,7.8594,3.6562,9.6172
5.5,7.9766,3.7266,9.6562
5.6016,7.9375,3.7656,9.6719
5.6406,7.9453,3.7422,9.6484
5.6562,7.9531,3.7812,9.6406
5.5703,8.0859,3.8281,9.7188
5.6484,8.0703,3.8984,9.7891
5.6484,8.0391,3.9141,9.8281
5.75,8.1172,3.9375,9.8438
5.7031,8.1875,3.9766,9.7969
5.7891,8.1172,3.9609,9.8672
5.7344,8.1328,3.9609,9.9219
5.8438,8.1953,3.9844,9.8906
5.7578,8.1953,4.0312,9.8594
5.8828,8.2578,4.0156,9.8984
5.9062,8.2578,4.0938,9.9062
5.9219,8.3281,4.1328,10.0234
5.9219,8.2969,4.125,10.0078
5.9453,8.3438,4.2031,10.0234
6.0234,8.3594,4.2109,10.125
6.0391,8.3828,4.1641,10.0703
5.9844,8.4219,4.2266,10.0781
6.0781,8.3906,4.2031,10.0859
6.0547,8.4062,4.2734,10.1016
6.1484,8.4297,4.3047,10.1875
6.0625,8.4922,4.3203,10.2031
6.0938,8.5859,4.3438,10.25
6.1484,8.5781,4.3438,10.2031
6.2031,8.6484,4.3359,10.3047
6.2656,8.6328,4.4375,10.2891
6.25,8.5703,4.4609,10.2734
6.2578,8.6875,4.4766,10.375
6.2812,8.6719,4.5156,10.3828
6.2656,8.7188,4.5391,10.375
6.3125,8.7734,4.5391,10.4297
6.3672,8.7656,4.5859,10.4922
6.4297,8.75,4.5703,10.4766
6.3828,8.75,4.6094,10.4609
6.4375,8.8359,4.5781,10.4766
6.4141,8.8125,4.625,10.5312
6.4531,8.8359,4.6562,10.6328
6.5391,8.8828,4.7031,10.5781
6.4766,8.9766,4.6719,10.6406
6.5859,9.0078,4.7891,10.6016
6.5625,8.9531,4.7109,10.6406
6.6172,9.0469,4.8203,10.6875
6.6172,8.9922,4.7891,10.7578
6.6172,9.0547,4.8281,10.7031
6.6094,9.0078,4.8672,10.8281
6.6641,9.1562,4.9141,10.7969
6.7109,9.0781,4.9688,10.7969
6.7734,9.1953,4.9844,10.8594
6.7188,9.1562,5.0156,10.8359
6.7734,9.2188,5.0078,10.8438
6.7656,9.1953,4.9609,10.9453
6.8203,9.1953,5.0781,10.9219
6.9141,9.2812,5.1016,10.9844
6.8672,9.2578,5.0938,10.9688
6.8984,9.3281,5.0781,11.0078
6.9844,9.3672,5.0859,11.0938
6.9297,9.3203,5.1953,11.1172
6.9766,9.4219,5.125,11.0859
7.0469,9.4141,5.2188,11.125
7.0703,9.4922,5.1953,11.125
7.0547,9.4219,5.2422,11.1562
7.1016,9.5234,5.2188,11.2188
7.0938,9.4766,5.2734,11.2031
7.1797,9.5781,5.3594,11.1875
7.2109,9.5312,5.3828,11.2031
7.1641,9.5156,5.4141,11.25
7.1406,9.6328,5.3438,11.3203
7.2734,9.625,5.4766,11.2812
7.2578,9.6875,5.3906,11.3047
7.3203,9.625,5.5,11.4297
7.2578,9.6797,5.4453,11.4297
7.3828,9.6797,5.4688,11.3672
7.3438,9.7422,5.6016,11.4453
7.4297,9.8203,5.5078,11.5
7.4219,9.7812,5.6016,11.4844
7.4141,9.7578,5.6797,11.4766
7.4688,9.8984,5.6172,11.5938
7.4688,9.8672,5.6328,11.5312
7.4609,9.9375,5.7266,11.5781
7.5703,9.9453,5.6719,11.5547
7.5938,9.8906,5.7188,11.5859
7.5625,9.9141,5.7812,11.7188
7.5781,10.0234,5.8281,11.6641
7.6562,10.0312,5.8516,11.7188
7.6016,10.0156,5.8125,11.75
7.625,10.0938,5.8906,11.8047
7.625,10.1016,5.8281,11.7891
7.6641,10.0547,5.8516,11.7969
7.7266,10.1719,5.9297,11.8281
7.8047,10.1406,5.9219,11.8359
7.7656,10.1562,6.0156,11.8594
7.8594,10.2188,5.9844,11.9531
7.7734,10.2188,6.0781,11.9062
7.8906,10.2188,6.0078,12.0078
7.8828,10.2656,6.0859,11.9297
7.9453,10.2344,6.1406,12.0156
7.9688,10.3438,6.1406,12.0703
7.9766,10.3125,6.1719,12.0156
8.0,10.3984,6.2109,12.1328
7.9844,10.4062,6.1797,12.0547
8.0469,10.4297,6.1562,12.1562
8.1016,10.4688,6.25,12.1875
8.0469,10.4688,6.2188,12.1172
8.1016,10.4297,6.2266,12.2266
8.0703,10.4531,6.25,12.1562
8.1172,10.5,6.3281,12.2266
8.1016,10.5,6.3516,12.3125
8.2109,10.625,6.3359,12.3047
8.1953,10.6719,6.4219,12.3672
8.2734,10.6953,6.3906,12.3047
8.3047,10.625,6.4375,12.2969
8.2734,10.7031,6.4766,12.3438
8.2422,10.7109,6.5469,12.3672
8.2656,10.6797,6.4688,12.4766
8.3125,10.8125,6.5156,12.4609
8.3438,10.7422,6.625,12.4453
8.3906,10.8203,6.6484,12.4688
8.375,10.8672,6.5625,12.4609
8.5078,10.8594,6.6953,12.4844
8.4688,10.8516,6.6875,12.5234
8.5312,10.875,6.7578,12.6016
8.4688,10.9609,6.7812,12.6719
8.5391,11.0,6.6797,12.6719
8.5781,11.0,6.7031,12.6641
8.6328,11.0312,6.7812,12.7188
8.5938,10.9844,6.875,12.7344
8.6875,11.0469,6.8047,12.6953
8.6641,11.0078,6.8203,12.75
8.7266,11.0391,6.8594,12.7266
8.6562,11.0469,6.8906,12.7656
8.7969,11.1406,6.9531,12.875
8.6953,11.1641,7.0156,12.9062
8.7344,11.1875,7.0312,12.8516
8.7969,11.2578,6.9766,12.8516
8.7812,11.2344,7.0312,12.8984
8.8047,11.2891,7.0703,12.9453
8.8281,11.2656,7.0859,12.9141
8.8359,11.25,7.1094,13.0
8.9453,11.2656,7.1797,13.0469
8.9062,11.3984,7.1797,13.0234
8.9375,11.4297,7.1484,13.0938
8.9766,11.4062,7.2266,13.1562
9.0703,11.3906,7.2266,13.1172
9.0703,11.4609,7.2656,13.1484
9.0469,11.4453,7.2344,13.1719
9.0625,11.5,7.3125,13.1875
9.0625,11.4609,7.25,13.25
9.1328,11.5469,7.375,13.1875
9.1172,11.5625,7.3906,13.2891
9.1328,11.6016,7.4453,13.3359
9.2188,11.6094,7.4609,13.2656
9.1719,11.5703,7.4922,13.3047
9.2266,11.7109,7.4844,13.3984
9.2969,11.6875,7.4766,13.3359
9.3594,11.7031,7.5156,13.375
9.2656,11.7188,7.4766,13.4219
9.3359,11.75,7.5391,13.4766
9.3125,11.75,7.5625,13.5312
9.4375,11.7891,7.6484,13.5
9.4531,11.7578,7.6484,13.5703
9.4844,11.8125,7.6016,13.4844
9.4297,11.8594,7.6172,13.5469
9.4297,11.9297,7.7422,13.6094
9.4766,11.9062,7.7656,13.5781
9.5469,11.9453,7.6875,13.6484
9.5625,11.9219,7.7578,13.6719
9.5547,12.0391,7.8438,13.7266
9.6484,11.9766,7.7578,13.6719
9.5703,12.0234,7.8047,13.7031
9.6797,12.0234,7.875,13.7734
9.6484,12.0156,7.8516,13.7578
9.7266,12.1406,7.9062,13.8125
9.75,12.0781,7.9141,13.875
9.7891,12.1562,7.8984,13.8984
9.8203,12.1641,7.9297,13.875
9.8594,12.1406,7.9766,13.9375
9.7812,12.1875,8.0234,13.9375
9.8047,12.2109,8.0625,13.9531
9.8359,12.2344,8.0781,13.9141
9.8672,12.2891,8.0547,14.0234
9.9062,12.3047,8.1328,14.0312
9.9375,12.3359,8.1562,14.1016
9.9297,12.4141,8.1406,14.0
9.9219,12.3281,8.1562,14.0469
10.0078,12.3594,8.2656,14.1562
10.0625,12.4844,8.1953,14.0703
10.0859,12.4453,8.2734,14.1875
10.0781,12.4219,8.2812,14.2109
10.1484,12.5625,8.2891,14.1953
10.1328,12.4844,8.3359,14.1719
10.1016,12.5469,8.4062,14.2266
10.1953,12.5391,8.4141,14.2344
10.1484,12.5938,8.375,14.3047
10.1875,12.5703,8.4453,14.2656
10.2109,12.6016,8.4688,14.3047
10.2188,12.6641,8.4844,14.3047
10.3359,12.6797,8.4688,14.3672
10.25,12.6719,8.5,14.4219
10.375,12.7188,8.5547,14.4219
10.375,12.6953,8.5859,14.5078
10.4219,12.8281,8.5547,14.4922
10.4375,12.7422,8.6328,14.4688
10.4062,12.8125,8.5703,14.4766
10.3906,12.8047,8.6406,14.6094
10.4219,12.8828,8.6953,14.5234
10.5469,12.8672,8.6875,14.625
10.5391,12.9141,8.7344,14.6094
10.4922,12.9844,8.8047,14.5859
10.5312,12.9844,8.7266,14.7188
10.5625,12.9297,8.75,14.7422
10.6016,12.9766,8.8438,14.6641
10.625,13.0703,8.8594,14.6875
10.6875,13.125,8.9141,14.7891
10.6719,13.0469,8.8828,14.8359
10.6641,13.1094,8.8438,14.7891
10.7344,13.0703,8.9609,14.8125
10.7656,13.1016,8.8906,14.8672
10.8359,13.2109,8.9297,14.9141
10.7578,13.2422,8.9766,14.8438
10.7734,13.2422,9.0156,14.9766
10.8281,13.2891,9.0469,15.0078
10.8203,13.2812,9.1016,15.0078
10.8359,13.2812,9.0859,14.9922
10.9062,13.2969,9.0938,15.0625
10.9688,13.3906,9.1094,15.0078
10.9219,13.375,9.1797,15.125
10.9766,13.4219,9.2188,15.0234
10.9453,13.4609,9.1953,15.1094
10.9922,13.375,9.2422,15.1641
11.0859,13.3906,9.2422,15.1562
11.0781,13.5156,9.3203,15.1953
11.0781,13.5469,9.3125,15.2188
11.1016,13.5312,9.3672,15.1953
11.1953,13.5703,9.2969,15.25
11.2031,13.6094,9.4297,15.2422
11.2422,13.5391,9.3516,15.3125
11.2266,13.6328,9.4219,15.3125
11.2969,13.6484,9.4609,15.375
11.25,13.6797,9.4219,15.4141
11.3438,13.7109,9.4922,15.3828
11.3594,13.7188,9.4688,15.4609
11.3594,13.6797,9.5078,15.3984
11.3359,13.7812,9.5859,15.4062
11.3984,13.7734,9.5781,15.5391
11.4297,13.7578,9.6406,15.5625
11.3828,13.8359,9.5703,15.5312
11.3984,13.7969,9.625,15.4922
11.4219,13.9062,9.625,15.5312
11.4688,13.8828,9.6641,15.6016
11.5547,13.9141,9.7109,15.625
11.5391,13.8906,9.7266,15.5938
11.6016,13.9922,9.8203,15.6797
11.5547,13.9531,9.7891,15.7109
11.5859,14.0156,9.7891,15.7656
11.6719,14.0078,9.8516,15.6797
11.6641,14.1094,9.8047,15.7031
11.6719,14.0547,9.9062,15.8203
11.6562,14.0469,9.8906,15.8359
11.6562,14.1328,9.8672,15.8672
11.7656,14.1094,10.0,15.8359
11.8281,14.2188,9.9219,15.8828
11.7891,14.125,9.9688,15.8906
11.8125,14.2734,9.9609,15.9141
11.8438,14.2422,10.0547,15.875
11.875,14.2344,10.0078,15.9453
11.8516,14.3281,10.0781,16.0
11.8906,14.3516,10.125,15.9453
11.9141,14.2812,10.1719,15.9922
12.0078,14.375,10.1094,16.0781
12.0,14.3281,10.1797,16.0234
12.0312,14.3594,10.25,16.0312
11.9766,14.375,10.2031,16.1016
12.0547,14.4297,10.2109,16.1875
12.0,14.5234,10.2812,16.1875
12.1328,14.5156,10.3359,16.2109
12.0469,14.5391,10.3672,16.1953
12.1172,14.5,10.3594,16.2109
12.2031,14.5625,10.3438,16.2031
12.1953,14.5859,10.3125,16.3125
12.1875,14.625,10.3594,16.25
12.1953,14.6562,10.4766,16.3516
12.1953,14.6328,10.4531,16.3125
12.2266,14.7266,10.4766,16.4141
12.2656,14.6641,10.4688,16.3281
12.2969,14.6484,10.5703,16.3594
12.375,14.7422,10.5312,16.4453
12.3906,14.7656,10.5859,16.4219
12.4375,14.8047,10.5703,16.5
12.3828,14.75,10.6562,16.4922
12.3828,14.8203,10.6328,16.5156
12.4453,14.8438,10.6328,16.5625
12.4766,14.8438,10.6953,16.6172
12.4531,14.9297,10.7422,16.5859
12.5625,14.875,10.7031,16.625
12.5938,14.9062,10.7578,16.5781
12.5781,14.9453,10.8047,16.6641
12.5312,15.0156,10.7891,16.7266
12.5703,15.0234,10.8047,16.7422
12.6719,14.9609,10.8516,16.6953
12.6172,15.0,10.875,16.75
12.625,15.0469,10.875,16.8203
12.7109,15.0703,10.9297,16.8047
12.6719,15.0703,10.8672,16.7812
12.7344,15.1562,10.9297,16.875
12.7969,15.1016,10.9453,16.8281
12.7344,15.1484,11.0391,16.8203
12.7422,15.2109,11.0,16.9297
12.8281,15.2031,10.9844,16.8984
12.8438,15.2109,11.0547,16.9844
12.8984,15.2266,11.0625,16.9219
12.8906,15.2812,11.125,17.0
12.8516,15.2656,11.1719,16.9609
12.8984,15.3594,11.1797,17.0938
12.9688,15.3516,11.1016,17.0625
12.9219,15.3906,11.125,17.1328
12.9531,15.3906,11.25,17.1562
13.0859,15.4531,11.2891,17.0859
13.0781,15.4609,11.3047,17.1094
13.1328,15.5234,11.2812,17.2109
13.0703,15.4531,11.3203,17.1328
13.1562,15.5234,11.2656,17.2422
13.1562,15.5391,11.375,17.2578
13.1953,15.5859,11.3359,17.1953
13.2031,15.5781,11.4141,17.2812
13.1797,15.6406,11.3828,17.3125
13.2578,15.6328,11.3984,17.2812
13.2188,15.6797,11.4453,17.2969
13.2656,15.7266,11.5156,17.3828
13.2344,15.7109,11.5391,17.3906
13.3203,15.75,11.4766,17.4766
13.2734,15.6719,11.5938,17.4375
13.3594,15.6953,11.5938,17.3984
13.3906,15.75,11.5391,17.4531
13.4219,15.8047,11.5391,17.4531
13.3906,15.7656,11.6328,17.5156
13.4531,15.8828,11.6094,17.5781
13.4062,15.8438,11.6953,17.5703
13.4375,15.8828,11.6484,17.5625
13.5234,15.9609,11.6953,17.6641
13.5,15.9453,11.7656,17.5859
13.5625,15.9844,11.7188,17.6875
13.5156,16.0156,11.7188,17.6562
13.6172,15.9609,11.8594,17.7109
13.6406,15.9922,11.7578,17.7812
13.5859,16.1016,11.8828,17.7734
13.6562,16.0234,11.8672,17.7188
13.6641,16.1172,11.9375,17.8359
13.7422,16.0469,11.8672,17.7891
13.7031,16.1172,11.9766,17.8594
13.7031,16.1953,11.9922,17.9141
13.7344,16.1641,11.9375,17.9219
13.7734,16.2344,12.0391,17.9453
13.8047,16.2812,12.0547,17.9062
13.8984,16.2891,12.0,17.9062
13.875,16.2344,12.0625,18.0234
13.8906,16.2266,12.0625,18.0156
13.9375,16.3047,12.0938,17.9453
13.9297,16.3672,12.1172,18.0781
13.9297,16.3203,12.1562,18.0859
13.9609,16.3984,12.2031,18.1016
14.0078,16.4297,12.2422,18.0625
13.9844,16.3516,12.1797,18.1641
13.9922,16.4453,12.1875,18.1953
14.0156,16.3984,12.2656,18.1172
14.0156,16.5,12.2578,18.125
14.0781,16.5469,12.3516,18.2031
14.0781,16.5781,12.3125,18.1953
14.0938,16.4844,12.3594,18.1953
14.1875,16.5781,12.3125,18.3047
14.1641,16.5391,12.3438,18.3047
14.2656,16.6562,12.4375,18.2578
14.2422,16.6094,12.3984,18.3359
14.2891,16.6406,12.4922,18.3984
14.2266,16.7344,12.4766,18.4297
14.3516,16.6328,12.4375,18.4531
14.2656,16.7578,12.5156,18.4453
14.3906,16.7969,12.5,18.4766
14.3672,16.7969,12.5703,18.4922
14.3281,16.7188,12.5391,18.5
14.3828,16.8125,12.5547,18.4453
14.4453,16.7969,12.6641,18.5469
14.4609,16.8828,12.6875,18.5625
14.4141,16.8984,12.6172,18.5859
14.4453,16.9297,12.7266,18.6094
14.4922,16.8516,12.7188,18.5469
14.5625,16.8672,12.75,18.6719
14.5,16.8984,12.7109,18.6328
14.5547,17.0156,12.7109,18.625
14.5469,16.9766,12.8047,18.6562
14.6562,17.0547,12.7969,18.6641
14.6094,17.0234,12.8047,18.7891
14.6875,17.0859,12.875,18.75
14.6172,17.1016,12.9375,18.7266
14.7578,17.1406,12.9219,18.8516
14.7812,17.1094,12.9531,18.7812
14.7656,17.1641,12.9609,18.8125
14.8047,17.125,12.9844,18.8359
14.7656,17.1484,12.9297,18.9141
14.8438,17.1641,12.9844,18.9453
14.8047,17.2812,13.0469,18.9922
14.8984,17.3125,13.0469,18.8984
14.8438,17.2188,13.1016,19.0234
14.9297,17.25,13.1328,18.9453
14.9141,17.3516,13.1562,19.0
14.9922,17.2969,13.1406,19.0938
14.9062,17.4062,13.1172,19.0781
15.0078,17.4297,13.2266,19.0859
14.9766,17.4297,13.2344,19.0391
15.0078,17.3906,13.2578,19.1797
15.0469,17.4766,13.1797,19.1484
15.0938,17.4141,13.2734,19.1719
15.0234,17.5312,13.3203,19.1484
15.1562,17.5547,13.3438,19.2109
15.1875,17.5312,13.3047,19.1875
15.0938,17.4844,13.3281,19.1953
15.1484,17.5547,13.3984,19.2969
15.1797,17.6172,13.3438,19.3281
15.2578,17.5781,13.375,19.3203
15.1719,17.5703,13.4062,19.3281
15.2578,17.6172,13.5078,19.3125
15.3281,17.7188,13.4609,19.3281
15.3047,17.6719,13.4453,19.4297
15.3516,17.6797,13.5156,19.4219
15.3828,17.7812,13.4844,19.4609
15.4141,17.7109,13.5469,19.4844
15.3281,17.7422,13.5469,19.4531
15.3359,17.8281,13.5547,19.5078
15.4688,17.8203,13.6641,19.4844
15.5,17.8203,13.5781,19.4844
15.4062,17.8672,13.6484,19.6172
15.5156,17.8672,13.6328,19.5312
15.5469,17.8828,13.6484,19.5703
15.5078,17.8672,13.7109,19.6172
15.5625,17.9375,13.7109,19.625
15.5781,17.8984,13.8125,19.6406
15.5938,17.9609,13.7266,19.7031
15.5859,17.9922,13.8672,19.7344
15.5703,18.0156,13.8047,19.7344
15.6016,18.0938,13.8438,19.7734
15.6719,18.0156,13.9062,19.8047
15.6797,18.1328,13.8438,19.8125
15.7188,18.125,13.9688,19.8672
15.6875,18.0859,13.9453,19.7734
15.7109,18.1172,13.9844,19.7969
15.7891,18.2266,14.0078,19.9219
15.7266,18.2188,14.0156,19.8359
15.8594,18.2188,14.0312,19.9219
15.8438,18.2266,14.0312,19.9297
15.9141,18.2422,14.0078,19.9141
15.8125,18.3281,14.0781,19.9375
15.9219,18.3047,14.0781,19.9531
15.8594,18.3125,14.125,19.9922
15.9453,18.375,14.1094,20.0859
15.9922,18.3203,14.0938,20.0312
16.0156,18.3125,14.1953,20.0469
16.0469,18.4375,14.1719,20.125
15.9844,18.4609,14.2734,20.1016
16.0547,18.4219,14.2656,20.1328
16.1172,18.3984,14.2422,20.1484
16.0391,18.4844,14.3281,20.2266
16.1094,18.5391,14.3125,20.2344
16.1484,18.4688,14.375,20.1875
16.1875,18.5,14.3438,20.1953
16.125,18.5469,14.3359,20.2578
16.1484,18.5391,14.4062,20.3203
16.1641,18.6484,14.4297,20.2969
16.1641,18.6641,14.4453,20.3203
16.2266,18.625,14.5,20.2891
16.2578,18.6562,14.5156,20.3359
16.3359,18.625,14.4219,20.3203
16.2812,18.7422,14.4453,20.4062
16.3359,18.6797,14.5625,20.4219
16.3594,18.7422,14.4922,20.4453
16.3828,18.7266,14.5078,20.4062
16.4062,18.7266,14.6172,20.4297
16.4297,18.8125,14.6328,20.4531
16.4375,18.8359,14.6562,20.4609
16.4062,18.8359,14.5781,20.5469
16.4922,18.8125,14.6797,20.6094
16.5,18.8594,14.6172,20.5234
16.4375,18.9609,14.7109,20.5625
16.5234,18.9219,14.7422,20.6562
16.5234,18.9609,14.75,20.6016
16.6172,18.9219,14.7734,20.6328
16.6172,18.9219,14.7812,20.6328
16.5781,19.0625,14.7891,20.7109
16.5703,19.0625,14.8125,20.7266
16.6172,19.0859,14.8984,20.75
16.6016,19.0078,14.8906,20.7422
16.6172,19.1172,14.8984,20.8125
16.7422,19.1328,14.8672,20.7891
16.6797,19.0703,14.9219,20.8359
16.7969,19.1172,14.9453,20.8203
16.7656,19.1406,14.9375,20.9219
16.8203,19.2266,14.9688,20.9219
16.7812,19.1719,14.9688,20.8672
16.7891,19.2656,15.0781,20.9375
16.8672,19.2969,15.1016,20.9297
16.8984,19.2812,15.1016,21.0156
16.8438,19.2812,15.0859,20.9766
16.8438,19.3047,15.125,20.9844
16.9688,19.2578,15.1562,21.0781
16.8906,19.3359,15.0781,21.0391
16.9844,19.3828,15.1172,21.0078
16.9688,19.3438,15.1641,21.0391
16.9922,19.375,15.1953,21.1328
17.0234,19.3828,15.1875,21.0859
17.0781,19.4922,15.1875,21.1562
17.0312,19.5156,15.2656,21.1328
17.1328,19.4453,15.3047,21.1953
17.0469,19.5312,15.3203,21.1328
17.1016,19.5156,15.375,21.2734
17.0703,19.4844,15.375,21.2344
17.1641,19.5,15.375,21.2891
17.1953,19.5312,15.3125,21.2109
17.2344,19.6406,15.4531,21.3516
17.2344,19.5703,15.3828,21.2734
17.2734,19.5938,15.3828,21.3828
17.2031,19.6797,15.4688,21.3984
17.2188,19.6406,15.4766,21.3672
17.2578,19.6875,15.4922,21.4453
17.2656,19.7188,15.4688,21.4688
17.3203,19.7109,15.5781,21.3984
17.3984,19.7188,15.5547,21.4375
17.3281,19.7031,15.6172,21.4062
17.375,19.7656,15.5938,21.4844
17.4141,19.8281,15.6328,21.5625
17.375,19.8672,15.5938,21.5156
17.3906,19.8906,15.5859,21.5547
17.5,19.875,15.6094,21.5938
17.4844,19.9141,15.6641,21.6016
17.4375,19.8438,15.7578,21.5547
17.5234,19.9297,15.7188,21.6172
17.5859,19.9766,15.6875,21.6094
17.5312,19.9453,15.7969,21.6172
17.5312,19.9219,15.7891,21.6953
17.5547,20.0078,15.8203,21.7188
17.5859,19.9844,15.8672,21.7578
17.6328,20.0859,15.7969,21.7891
17.5938,20.1172,15.875,21.8125
17.6172,20.0156,15.8906,21.7734
17.6797,20.1406,15.8828,21.8438
17.6719,20.1406,15.8516,21.8047
17.6875,20.1406,15.9219,21.8203
17.7578,20.2031,15.9688,21.8984
17.7891,20.1484,15.9453,21.8281
17.7344,20.125,16.0391,21.8984
17.7734,20.2344,15.9688,21.9688
17.8281,20.2422,16.0625,21.9688
17.8125,20.2812,16.0078,21.9453
17.8047,20.25,16.0859,21.9922
17.9453,20.3047,16.0625,21.9531
17.8984,20.3047,16.1641,21.9688
17.9375,20.2734,16.1172,21.9688
17.9453,20.3125,16.1172,22.0781
17.9453,20.3672,16.1484,22.0312
17.9844,20.4375,16.125,22.0156
17.9531,20.4219,16.2578,22.1562
18.0234,20.375,16.1953,22.0781
17.9844,20.3828,16.1719,22.1562
18.0781,20.4141,16.2109,22.125
18.0703,20.5234,16.2812,22.1484
18.0781,20.4531,16.3359,22.2266
18.1172,20.4453,16.3359,22.1953
18.0859,20.4766,16.3828,22.2578
18.1562,20.4844,16.3438,22.2266
18.2266,20.6172,16.4062,22.3203
18.125,20.5938,16.375,22.3125
18.2578,20.5938,16.4609,22.3125
18.2578,20.6719,16.4375,22.2578
18.2422,20.5781,16.4219,22.3047
18.2969,20.6641,16.4688,22.3438
18.2578,20.6641,16.4141,22.3828
18.3516,20.6406,16.5156,22.3516
18.2656,20.6797,16.5234,22.3516
18.3281,20.6797,16.5938,22.4141
18.3359,20.7422,16.4922,22.4219
18.375,20.7344,16.5469,22.5078
18.3672,20.8281,16.6094,22.4844
18.4141,20.8047,16.5938,22.4609
18.375,20.8047,16.6797,22.4766
18.4688,20.875,16.5781,22.5078
18.4375,20.8516,16.6094,22.5703
18.4688,20.8594,16.7188,22.6094
18.5469,20.8672,16.75,22.5703
18.5078,20.875,16.7656,22.5547
18.5234,20.9609,16.7969,22.5703
18.5781,20.9531,16.7422,22.6406
18.5781,21.0,16.7812,22.6484
18.5469,21.0391,16.7812,22.625
18.5625,21.0391,16.8438,22.7031
18.6406,21.0547,16.7812,22.6641
18.6016,21.0703,16.7812,22.7422
18.6797,21.1094,16.9219,22.7969
18.7109,21.1016,16.8516,22.7578
18.6484,21.1094,16.8359,22.7656
18.7344,21.0781,16.9688,22.875
18.6719,21.1328,16.9219,22.8203
18.7578,21.1406,16.9531,22.8906
18.8203,21.1562,16.9766,22.9062
18.7656,21.1797,16.9453,22.8281
18.8125,21.2344,16.9844,22.9453
18.8203,21.2734,17.0,22.9297
18.8828,21.2578,17.0,22.8906
18.8828,21.25,17.0,22.9766
18.875,21.2891,17.0156,23.0
18.9453,21.2969,17.1484,23.0469
18.9531,21.375,17.0859,23.0625
18.8984,21.3047,17.1094,23.0703
18.9297,21.3984,17.1562,23.0
18.9453,21.3359,17.2031,23.0547
19.0156,21.3984,17.2422,23.1172
19.0234,21.3438,17.1719,23.0859
19.0078,21.4141,17.1797,23.1172
19.0312,21.3906,17.2969,23.1797
19.0625,21.4844,17.2578,23.1484
19.1172,21.4766,17.2734,23.125
19.0703,21.4609,17.3125,23.1406
19.1016,21.5078,17.3516,23.25
19.1172,21.5234,17.3359,23.2891
19.1562,21.5625,17.4062,23.2969
19.1406,21.6094,17.3047,23.3203
19.1719,21.5469,17.3906,23.2891
19.2344,21.6562,17.4141,23.2656
19.2578,21.6719,17.375,23.3047
19.2734,21.6406,17.4453,23.3906
19.2891,21.6016,17.4766,23.4062
19.2578,21.7109,17.4766,23.3984
19.3359,21.7422,17.5469,23.3281
19.3438,21.6797,17.4844,23.3906
19.3516,21.7578,17.5391,23.4766
19.3672,21.6953,17.5,23.4375
19.3047,21.7344,17.5938,23.4922
19.375,21.7891,17.5547,23.4531
19.4219,21.8125,17.5312,23.4688
19.4062,21.7656,17.6094,23.5469
19.3984,21.8047,17.6875,23.5547
19.4297,21.8594,17.5781,23.5312
19.4375,21.8906,17.7109,23.6016
19.5391,21.8984,17.625,23.5859
19.4453,21.8828,17.6406,23.5859
19.5391,21.9141,17.7734,23.6641
19.5547,21.9453,17.6953,23.6875
19.5469,21.9219,17.7969,23.6328
19.5625,22.0,17.7109,23.6797
19.5703,22.0078,17.7734,23.7109
19.625,22.0391,17.7578,23.7578
19.5938,21.9531,17.8281,23.7031
19.6641,22.0234,17.8438,23.75
19.6797,22.0391,17.8984,23.7891
19.6328,22.0938,17.9141,23.7578
19.7266,22.1406,17.9297,23.8438
19.6406,22.1562,17.8438,23.8516
19.6797,22.1562,17.8672,23.7656
19.7422,22.1562,17.8828,23.8203
19.75,22.2109,18.0078,23.9141
19.8203,22.1953,17.9766,23.8906
19.7734,22.1562,18.0234,23.9219
19.8281,22.1953,17.9609,23.8438
19.8516,22.2578,18.0078,23.8984
19.875,22.2344,18.0859,23.9141
19.9062,22.2109,18.0234,23.9609
19.9297,22.2969,18.1172,23.9688
19.8984,22.2734,18.1328,23.9297
19.9062,22.3672,18.1328,23.9453
19.9375,22.2891,18.1797,23.9922
19.9688,22.2969,18.1641,24.0859
19.9922,22.4062,18.1719,24.0156
20.0234,22.4219,18.2109,24.0703
20.0078,22.4062,18.1797,24.125
20.0156,22.3828,18.1641,24.0938
19.9688,22.4219,18.2109,24.1094
19.9766,22.5,18.2969,24.1641
20.0547,22.4609,18.2578,24.2109
20.0078,22.4531,18.2969,24.1328
20.1172,22.4844,18.25,24.1797
20.0938,22.5156,18.3125,24.1562
20.1484,22.5391,18.3125,24.2578
20.0781,22.5391,18.2969,24.2188
20.125,22.5938,18.3516,24.25
20.2188,22.6172,18.3672,24.2188
20.2031,22.5391,18.3438,24.25
20.2422,22.6641,18.3906,24.3594
20.2422,22.6328,18.4531,24.3203
20.2734,22.6953,18.375,24.3047
20.3125,22.6016,18.5,24.3594
20.2969,22.6172,18.5,24.4062
20.2734,22.6562,18.4531,24.3828
20.3438,22.6406,18.5312,24.3594
20.2969,22.7188,18.5781,24.3906
20.3906,22.7266,18.5234,24.4453
20.2891,22.6875,18.6016,24.4922
20.3359,22.7188,18.5938,24.4766
20.3906,22.7422,18.5547,24.5469
20.3828,22.8594,18.6328,24.5391
20.3984,22.8281,18.625,24.4688
20.3984,22.8125,18.5938,24.4844
20.4688,22.8672,18.6875,24.5859
20.4375,22.8047,18.6719,24.6172
20.4297,22.8516,18.6328,24.5469
20.5547,22.875,18.7578,24.6562
20.5391,22.8516,18.6719,24.6562
20.5156,22.875,18.7578,24.6172
20.5078,22.8828,18.7969,24.6172
20.5234,22.9688,18.7344,24.6016
20.5234,22.9141,18.8047,24.6328
20.5312,22.9453,18.7422,24.7422
20.6172,23.0078,18.7969,24.7188
20.625,22.9609,18.8125,24.7656
20.6016,23.0078,18.8828,24.6875
20.6172,23.0234,18.875,24.7344
20.6953,23.1016,18.9219,24.75
20.75,23.0547,18.9297,24.7578
20.7656,23.1562,18.9062,24.7578
20.75,23.0938,18.8906,24.7969
20.7188,23.1172,18.9766,24.8281
20.7188,23.1641,18.9297,24.875
20.75,23.1406,19.0,24.9141
20.8047,23.125,18.9922,24.8359
20.8125,23.1484,19.0156,24.9609
20.7656,23.1875,19.0234,24.9141
20.7891,23.2031,19.0938,24.9141
20.7891,23.2266,19.0156,24.8984
20.8984,23.3125,19.1094,25.0234
20.8359,23.3203,19.0234,24.9766
20.8516,23.3047,19.1406,24.9609
20.9453,23.2969,19.1562,24.9688
20.9531,23.2812,19.125,25.0312
20.9531,23.3203,19.0781,25.0312
20.9219,23.3281,19.1328,25.0469
20.9219,23.4297,19.2344,25.0391
21.0469,23.3594,19.1562,25.1328
20.9531,23.3516,19.2422,25.1406
21.0391,23.3594,19.1953,25.0859
21.0312,23.4531,19.25,25.0938
21.0312,23.5078,19.2656,25.1406
21.1016,23.5156,19.25,25.1641
21.0781,23.4766,19.2266,25.1797
21.0859,23.5156,19.3359,25.2422
21.0781,23.5312,19.3672,25.1797
21.1016,23.5547,19.3281,25.2812
21.1797,23.5078,19.3516,25.2578
21.1016,23.5781,19.4141,25.2188
21.1875,23.5703,19.3125,25.2812
21.2422,23.5469,19.375,25.2734
21.2188,23.6172,19.4531,25.2578
21.2656,23.5938,19.4766,25.3594
21.1797,23.5703,19.4219,25.2891
21.1875,23.5859,19.4688,25.375
21.25,23.625,19.4844,25.3984
21.3281,23.6328,19.5234,25.4141
21.2422,23.75,19.5312,25.4531
21.2734,23.7578,19.5,25.3672
21.3125,23.6797,19.4844,25.3828
21.2891,23.7031,19.5859,25.375
21.3047,23.6953,19.5078,25.4922
21.3281,23.7266,19.5234,25.4375
21.3828,23.7188,19.6328,25.4609
21.3359,23.8281,19.6484,25.4844
21.4609,23.75,19.5625,25.5625
21.4062,23.8594,19.6484,25.4766
21.4609,23.8047,19.6016,25.6016
21.4531,23.8281,19.6953,25.5469
21.4219,23.9297,19.6406,25.5078
21.4453,23.8359,19.6719,25.5391
21.5,23.9219,19.75,25.5391
21.4922,23.9141,19.7266,25.6641
21.5234,23.9375,19.7266,25.5703
21.6016,23.8906,19.7422,25.625
21.6172,24.0078,19.7266,25.6016
21.5938,23.9531,19.7344,25.6719
21.5781,24.0391,19.7656,25.7188
21.6094,23.9453,19.8125,25.7109
21.6641,24.0547,19.875,25.7109
21.5781,23.9922,19.8906,25.7344
21.6797,24.0,19.8984,25.6953
21.7109,24.0391,19.875,25.7188
